
  .   ____          _            __ _ _
 /\\ / ___'_ __ _ _(_)_ __  __ _ \ \ \ \
( ( )\___ | '_ | '_| | '_ \/ _` | \ \ \ \
 \\/  ___)| |_)| | | | | || (_| |  ) ) ) )
  '  |____| .__|_| |_|_| |_\__, | / / / /
 =========|_|==============|___/=/_/_/_/
 :: Spring Boot ::                (v3.2.0)

2026-07-18 20:06:05.547 [background-preinit] INFO  org.hibernate.validator.internal.util.Version [guid=] - HV000001: Hibernate Validator 8.0.1.Final
2026-07-18 20:06:05.613 [main] INFO  cn.yanque.YanqueApplication [guid=] - Starting YanqueApplication v1.0-SNAPSHOT using Java 17.0.17 with PID 5548 (D:\Java\code\yq\YanQue-Admin\target\YanQue-Admin-1.0-SNAPSHOT.jar started by q1571 in D:\Java\code\yq\YanQue-Admin)
2026-07-18 20:06:05.614 [main] INFO  cn.yanque.YanqueApplication [guid=] - The following 1 profile is active: "dev"
2026-07-18 20:06:06.883 [main] INFO  o.s.d.r.config.RepositoryConfigurationDelegate [guid=] - Multiple Spring Data modules found, entering strict repository configuration mode
2026-07-18 20:06:06.886 [main] INFO  o.s.d.r.config.RepositoryConfigurationDelegate [guid=] - Bootstrapping Spring Data Redis repositories in DEFAULT mode.
2026-07-18 20:06:06.927 [main] INFO  o.s.d.r.config.RepositoryConfigurationDelegate [guid=] - Finished Spring Data repository scanning in 24 ms. Found 0 Redis repository interfaces.
2026-07-18 20:06:07.860 [main] INFO  o.s.boot.web.embedded.tomcat.TomcatWebServer [guid=] - Tomcat initialized with port 8080 (http)
2026-07-18 20:06:07.872 [main] INFO  org.apache.coyote.http11.Http11NioProtocol [guid=] - Initializing ProtocolHandler ["http-nio-8080"]
2026-07-18 20:06:07.875 [main] INFO  org.apache.catalina.core.StandardService [guid=] - Starting service [Tomcat]
2026-07-18 20:06:07.875 [main] INFO  org.apache.catalina.core.StandardEngine [guid=] - Starting Servlet engine: [Apache Tomcat/10.1.16]
2026-07-18 20:06:07.935 [main] INFO  o.a.c.c.C.[Tomcat].[localhost].[/yq-admin] [guid=] - Initializing Spring embedded WebApplicationContext
2026-07-18 20:06:07.937 [main] INFO  o.s.b.w.s.c.ServletWebServerApplicationContext [guid=] - Root WebApplicationContext: initialization completed in 2237 ms
2026-07-18 20:06:10.325 [main] INFO  org.apache.coyote.http11.Http11NioProtocol [guid=] - Starting ProtocolHandler ["http-nio-8080"]
2026-07-18 20:06:10.357 [main] INFO  o.s.boot.web.embedded.tomcat.TomcatWebServer [guid=] - Tomcat started on port 8080 (http) with context path '/yq-admin'
2026-07-18 20:06:10.387 [main] INFO  cn.yanque.YanqueApplication [guid=] - Started YanqueApplication in 5.32 seconds (process running for 5.805)
2026-07-18 20:06:30.290 [http-nio-8080-exec-1] INFO  o.a.c.c.C.[Tomcat].[localhost].[/yq-admin] [guid=] - Initializing Spring DispatcherServlet 'dispatcherServlet'
2026-07-18 20:06:30.325 [http-nio-8080-exec-1] ERROR cn.yanque.common.exception.GlobalExceptionHandler [guid=91fd6209dd8d4ea7a119f0e6b853640e] - 业务异常: code=401, message=未登录或Token缺失
cn.yanque.common.exception.BusinessException: 未登录或Token缺失
	at cn.yanque.models.auth.interceptor.JwtAuthInterceptor.preHandle(JwtAuthInterceptor.java:39)
	at org.springframework.web.servlet.HandlerExecutionChain.applyPreHandle(HandlerExecutionChain.java:146)
	at org.springframework.web.servlet.DispatcherServlet.doDispatch(DispatcherServlet.java:1084)
	at org.springframework.web.servlet.DispatcherServlet.doService(DispatcherServlet.java:979)
	at org.springframework.web.servlet.FrameworkServlet.processRequest(FrameworkServlet.java:1014)
	at org.springframework.web.servlet.FrameworkServlet.doGet(FrameworkServlet.java:903)
	at jakarta.servlet.http.HttpServlet.service(HttpServlet.java:564)
	at org.springframework.web.servlet.FrameworkServlet.service(FrameworkServlet.java:885)
	at jakarta.servlet.http.HttpServlet.service(HttpServlet.java:658)
	at org.apache.catalina.core.ApplicationFilterChain.internalDoFilter(ApplicationFilterChain.java:205)
	at org.apache.catalina.core.ApplicationFilterChain.doFilter(ApplicationFilterChain.java:149)
	at org.apache.tomcat.websocket.server.WsFilter.doFilter(WsFilter.java:51)
	at org.apache.catalina.core.ApplicationFilterChain.internalDoFilter(ApplicationFilterChain.java:174)
	at org.apache.catalina.core.ApplicationFilterChain.doFilter(ApplicationFilterChain.java:149)
	at org.springframework.web.filter.RequestContextFilter.doFilterInternal(RequestContextFilter.java:100)
	at org.springframework.web.filter.OncePerRequestFilter.doFilter(OncePerRequestFilter.java:116)
	at org.apache.catalina.core.ApplicationFilterChain.internalDoFilter(ApplicationFilterChain.java:174)
	at org.apache.catalina.core.ApplicationFilterChain.doFilter(ApplicationFilterChain.java:149)
	at org.springframework.web.filter.FormContentFilter.doFilterInternal(FormContentFilter.java:93)
	at org.springframework.web.filter.OncePerRequestFilter.doFilter(OncePerRequestFilter.java:116)
	at org.apache.catalina.core.ApplicationFilterChain.internalDoFilter(ApplicationFilterChain.java:174)
	at org.apache.catalina.core.ApplicationFilterChain.doFilter(ApplicationFilterChain.java:149)
	at org.springframework.web.filter.CharacterEncodingFilter.doFilterInternal(CharacterEncodingFilter.java:201)
	at org.springframework.web.filter.OncePerRequestFilter.doFilter(OncePerRequestFilter.java:116)
	at org.apache.catalina.core.ApplicationFilterChain.internalDoFilter(ApplicationFilterChain.java:174)
	at org.apache.catalina.core.ApplicationFilterChain.doFilter(ApplicationFilterChain.java:149)
	at cn.yanque.config.RequestGuidFilter.doFilterInternal(RequestGuidFilter.java:37)
	at org.springframework.web.filter.OncePerRequestFilter.doFilter(OncePerRequestFilter.java:116)
	at org.apache.catalina.core.ApplicationFilterChain.internalDoFilter(ApplicationFilterChain.java:174)
	at org.apache.catalina.core.ApplicationFilterChain.doFilter(ApplicationFilterChain.java:149)
	at org.apache.catalina.core.StandardWrapperValve.invoke(StandardWrapperValve.java:167)
	at org.apache.catalina.core.StandardContextValve.invoke(StandardContextValve.java:90)
	at org.apache.catalina.authenticator.AuthenticatorBase.invoke(AuthenticatorBase.java:482)
	at org.apache.catalina.core.StandardHostValve.invoke(StandardHostValve.java:115)
	at org.apache.catalina.valves.ErrorReportValve.invoke(ErrorReportValve.java:93)
	at org.apache.catalina.core.StandardEngineValve.invoke(StandardEngineValve.java:74)
	at org.apache.catalina.connector.CoyoteAdapter.service(CoyoteAdapter.java:340)
	at org.apache.coyote.http11.Http11Processor.service(Http11Processor.java:391)
	at org.apache.coyote.AbstractProcessorLight.process(AbstractProcessorLight.java:63)
	at org.apache.coyote.AbstractProtocol$ConnectionHandler.process(AbstractProtocol.java:896)
	at org.apache.tomcat.util.net.NioEndpoint$SocketProcessor.doRun(NioEndpoint.java:1744)
	at org.apache.tomcat.util.net.SocketProcessorBase.run(SocketProcessorBase.java:52)
	at org.apache.tomcat.util.threads.ThreadPoolExecutor.runWorker(ThreadPoolExecutor.java:1191)
	at org.apache.tomcat.util.threads.ThreadPoolExecutor$Worker.run(ThreadPoolExecutor.java:659)
	at org.apache.tomcat.util.threads.TaskThread$WrappingRunnable.run(TaskThread.java:61)
	at java.base/java.lang.Thread.run(Thread.java:840)
2026-07-18 20:08:42.208 [http-nio-8080-exec-3] ERROR cn.yanque.common.exception.GlobalExceptionHandler [guid=d16be0f507ca4a89a32dc46cdebe1526] - 业务异常: code=401, message=签名参数缺失
cn.yanque.common.exception.BusinessException: 签名参数缺失
	at cn.yanque.models.auth.interceptor.SignInterceptor.preHandle(SignInterceptor.java:49)
	at org.springframework.web.servlet.HandlerExecutionChain.applyPreHandle(HandlerExecutionChain.java:146)
	at org.springframework.web.servlet.DispatcherServlet.doDispatch(DispatcherServlet.java:1084)
	at org.springframework.web.servlet.DispatcherServlet.doService(DispatcherServlet.java:979)
	at org.springframework.web.servlet.FrameworkServlet.processRequest(FrameworkServlet.java:1014)
	at org.springframework.web.servlet.FrameworkServlet.doPost(FrameworkServlet.java:914)
	at jakarta.servlet.http.HttpServlet.service(HttpServlet.java:590)
	at org.springframework.web.servlet.FrameworkServlet.service(FrameworkServlet.java:885)
	at jakarta.servlet.http.HttpServlet.service(HttpServlet.java:658)
	at org.apache.catalina.core.ApplicationFilterChain.internalDoFilter(ApplicationFilterChain.java:205)
	at org.apache.catalina.core.ApplicationFilterChain.doFilter(ApplicationFilterChain.java:149)
	at org.apache.tomcat.websocket.server.WsFilter.doFilter(WsFilter.java:51)
	at org.apache.catalina.core.ApplicationFilterChain.internalDoFilter(ApplicationFilterChain.java:174)
	at org.apache.catalina.core.ApplicationFilterChain.doFilter(ApplicationFilterChain.java:149)
	at org.springframework.web.filter.RequestContextFilter.doFilterInternal(RequestContextFilter.java:100)
	at org.springframework.web.filter.OncePerRequestFilter.doFilter(OncePerRequestFilter.java:116)
	at org.apache.catalina.core.ApplicationFilterChain.internalDoFilter(ApplicationFilterChain.java:174)
	at org.apache.catalina.core.ApplicationFilterChain.doFilter(ApplicationFilterChain.java:149)
	at org.springframework.web.filter.FormContentFilter.doFilterInternal(FormContentFilter.java:93)
	at org.springframework.web.filter.OncePerRequestFilter.doFilter(OncePerRequestFilter.java:116)
	at org.apache.catalina.core.ApplicationFilterChain.internalDoFilter(ApplicationFilterChain.java:174)
	at org.apache.catalina.core.ApplicationFilterChain.doFilter(ApplicationFilterChain.java:149)
	at org.springframework.web.filter.CharacterEncodingFilter.doFilterInternal(CharacterEncodingFilter.java:201)
	at org.springframework.web.filter.OncePerRequestFilter.doFilter(OncePerRequestFilter.java:116)
	at org.apache.catalina.core.ApplicationFilterChain.internalDoFilter(ApplicationFilterChain.java:174)
	at org.apache.catalina.core.ApplicationFilterChain.doFilter(ApplicationFilterChain.java:149)
	at cn.yanque.config.RequestGuidFilter.doFilterInternal(RequestGuidFilter.java:37)
	at org.springframework.web.filter.OncePerRequestFilter.doFilter(OncePerRequestFilter.java:116)
	at org.apache.catalina.core.ApplicationFilterChain.internalDoFilter(ApplicationFilterChain.java:174)
	at org.apache.catalina.core.ApplicationFilterChain.doFilter(ApplicationFilterChain.java:149)
	at org.apache.catalina.core.StandardWrapperValve.invoke(StandardWrapperValve.java:167)
	at org.apache.catalina.core.StandardContextValve.invoke(StandardContextValve.java:90)
	at org.apache.catalina.authenticator.AuthenticatorBase.invoke(AuthenticatorBase.java:482)
	at org.apache.catalina.core.StandardHostValve.invoke(StandardHostValve.java:115)
	at org.apache.catalina.valves.ErrorReportValve.invoke(ErrorReportValve.java:93)
	at org.apache.catalina.core.StandardEngineValve.invoke(StandardEngineValve.java:74)
	at org.apache.catalina.connector.CoyoteAdapter.service(CoyoteAdapter.java:340)
	at org.apache.coyote.http11.Http11Processor.service(Http11Processor.java:391)
	at org.apache.coyote.AbstractProcessorLight.process(AbstractProcessorLight.java:63)
	at org.apache.coyote.AbstractProtocol$ConnectionHandler.process(AbstractProtocol.java:896)
	at org.apache.tomcat.util.net.NioEndpoint$SocketProcessor.doRun(NioEndpoint.java:1744)
	at org.apache.tomcat.util.net.SocketProcessorBase.run(SocketProcessorBase.java:52)
	at org.apache.tomcat.util.threads.ThreadPoolExecutor.runWorker(ThreadPoolExecutor.java:1191)
	at org.apache.tomcat.util.threads.ThreadPoolExecutor$Worker.run(ThreadPoolExecutor.java:659)
	at org.apache.tomcat.util.threads.TaskThread$WrappingRunnable.run(TaskThread.java:61)
	at java.base/java.lang.Thread.run(Thread.java:840)
2026-07-18 20:11:22.430 [http-nio-8080-exec-5] INFO  cn.yanque.common.aop.ControllerLogAspect [guid=5a3b6d5e9998484bb68a25ca2e682f16] - 接口开始: uri=/yq-admin/api/interview-questions/reviews/2/process, httpMethod=POST, controller=InterviewQuestionController#process, args=[{"name":"reviewId","value":2}]
2026-07-18 20:13:55.775 [http-nio-8080-exec-5] INFO  cn.yanque.common.aop.ControllerLogAspect [guid=5a3b6d5e9998484bb68a25ca2e682f16] - 接口结束: uri=/yq-admin/api/interview-questions/reviews/2/process, controller=InterviewQuestionController#process, cost=153454ms, result={"code":200,"message":"success"}
2026-07-18 20:14:45.400 [http-nio-8080-exec-7] INFO  cn.yanque.common.aop.ControllerLogAspect [guid=3616b8a9ce5a4676b2bfda7fd47c4471] - 接口开始: uri=/yq-admin/api/interview-questions, httpMethod=GET, controller=InterviewQuestionController#page, args=[{"name":"req","value":{"pageNum":1,"pageSize":5}}]
2026-07-18 20:14:45.457 [http-nio-8080-exec-7] INFO  cn.yanque.common.aop.ControllerLogAspect [guid=3616b8a9ce5a4676b2bfda7fd47c4471] - 接口结束: uri=/yq-admin/api/interview-questions, controller=InterviewQuestionController#page, cost=56ms, result={"code":200,"message":"success","data":{"total":25,"pageNum":1,"pageSize":5,"records":[{"id":42,"normalizedQuestion":"请对比消息队列与定时任务的核心差异，并说明在医疗AI系统中的典型应用模式。","category":"系统设计","tags":"[\"消息队列\",\"定时任务\",\"架构选型\",\"医疗AI\"]","standardAnswer":"消息队列适用于异步解耦（如订单创建后发消息触发库存扣减）、削峰填谷（如AI报告生成积压）、事件驱动（如患者档案变更广播）；定时任务适用于周期性确定性任务（如每日凌晨生成处方统计报表、每周同步医保目录）。医疗AI中：WMS库存变更通过RocketMQ通知AI助手更新缓存；处方统计报表用XXL-JOB定时生成，避免实时查询压力。","shortAnswer":"消息队列：异步解耦/削峰填谷/事件驱动（如库存变更通知）；定时任务：周期性确定任务（如日报生成）；医疗AI：库存用MQ，报表用定时任务。","followUpQuestions":"[\"消息队列如何保证医疗事件100%投递？是否用事务消息？\",\"定时任务在分布式环境下如何避免重复执行？\",\"AI报告生成积压时，如何动态扩容消费者？\"]","pitfalls":"[\"仅泛泛而谈‘解耦’‘周期性’，未举医疗实例\",\"未说明技术选型（RocketMQ/XXL-JOB）\",\"忽略可靠性保障\"]","sourceCount":1,"auditStatus":"PENDING","vectorStatus":"INDEXED","confidence":0.9000,"firstSeenAt":"Sat Jul 18 20:11:22 CST 2026","lastSeenAt":"Sat Jul 18 20:11:22 CST 2026","lastSourceReviewId":2,"createdAt":"Sat Jul 18 20:11:22 CST 2026","updatedAt":"Sat Jul 18 20:13:55 CST 2026"},{"id":41,"normalizedQuestion":"请说明Git版本回滚的工程化实践，包括命令选择、影响评估、协作规范与合规审计要求。","category":"计算机基础","tags":"[\"Git\",\"版本控制\",\"工程规范\",\"合规\"]","standardAnswer":"优先用git revert生成反向commit，保障操作可审计（符合医疗等保三级要求）；若模块二三含数据库变更，需协同DBA执行schema回滚脚本；回滚后触发自动化回归测试，并在预发环境灰度验证；所有操作同步更新Confluence，记录commit hash、影响范围、验证结果及负责人。禁用git reset，因其会丢弃历史违反审计要求。","shortAnswer":"git revert（可审计）→DBA协同schema回滚→自动化回归测试→预发灰度→Confluence记录；禁用git reset。","followUpQuestions":"[\"git revert与git reset在Git内部对象模型上有何本质区别？\",\"schema回滚脚本如何保证幂等性？\",\"灰度验证的核心路径有哪些？如何设计冒烟测试用例？\"]","pitfalls":"[\"仅说‘回退到上线前commit’，未区分revert/reset\",\"忽略数据库变更协同\",\"未提合规审计要求\"]","sourceCount":1,"auditStatus":"PENDING","vectorStatus":"INDEXED","confidence":0.9200,"firstSeenAt":"Sat Jul 18 20:11:22 CST 2026","lastSeenAt":"Sat Jul 18 20:11:22 CST 2026","lastSourceReviewId":2,"createdAt":"Sat Jul 18 20:11:22 CST 2026","updatedAt":"Sat Jul 18 20:13:55 CST 2026"},{"id":40,"normalizedQuestion":"请说明AI开发工具中定时任务的可靠性保障机制，包括调度策略、失败处理与可观测性设计。","category":"其他","tags":"[\"AI工具\",\"定时任务\",\"可靠性\",\"可观测性\"]","standardAnswer":"CodeX定时任务采用Cron表达式（如'0 0 * * 1'每周一0点），通过Webhook接入BI系统获取数据源；可靠性保障：1）幂等设计：用Redis分布式锁防止重复执行；2）失败重试：3次指数退避重试+企业微信告警；3）可观测性：所有任务日志接入ELK，支持trace_id全链路追踪，执行耗时、状态、错误堆栈可监控；医疗周报任务SLA为99.99%，平均执行耗时<8s。","shortAnswer":"Cron调度+Webhook数据源；可靠性：Redis分布式锁+3次重试+告警；可观测：ELK日志+trace_id追踪；SLA 99.99%，耗时<8s。","followUpQuestions":"[\"Redis分布式锁如何避免死锁？是否用Redlock算法？\",\"Cron表达式在分布式环境下如何避免多实例重复触发？\",\"trace_id如何在CodeX任务中注入并传递？\"]","pitfalls":"[\"仅说‘用过’，未提技术实现\",\"忽略幂等性与失败重试\",\"未说明可观测性设计\"]","sourceCount":1,"auditStatus":"PENDING","vectorStatus":"INDEXED","confidence":0.8900,"firstSeenAt":"Sat Jul 18 20:11:22 CST 2026","lastSeenAt":"Sat Jul 18 20:11:22 CST 2026","lastSourceReviewId":2,"createdAt":"Sat Jul 18 20:11:22 CST 2026","updatedAt":"Sat Jul 18 20:13:54 CST 2026"},{"id":39,"normalizedQuestion":"请用STAR法则描述一个技术难点，重点说明问题根因、解决方案的技术原理及可验证结果。","category":"项目经历","tags":"[\"STAR\",\"问题解决\",\"技术深度\",\"结果导向\"]","standardAnswer":"S（情境）：退货政策从15天改为7天无理由退货，但AI持续回复15天，客户投诉率上升15%；T（任务）：确保政策类知识100%实时准确；A（行动）：根因分析发现旧数据因召回频次高权重更大，遂在向量入库时增加effective_time字段，并设计时间衰减权重算法（weight = base_weight × e^(-λ×(now-effective_time))），同时在检索层加入生效时间过滤；R（结果）：上线后纠错率归零，客户满意度回升至98%，RAG召回率提升17个百分点。","shortAnswer":"S：政策变更后AI仍答旧规则；T：保障知识实时性；A：增加effective_time元数据+时间衰减权重算法+生效时间过滤；R：纠错率归零，召回率↑17%。","followUpQuestions":"[\"时间衰减公式中λ参数如何确定？是否做过A/B测试？\",\"生效时间过滤如何避免漏检（如未来生效的政策）？\",\"该方案是否推广至其他时效性知识（如价格政策）？\"]","pitfalls":"[\"仅描述现象，未深挖根因\",\"未说明解决方案的技术原理\",\"缺乏量化结果\"]","sourceCount":1,"auditStatus":"PENDING","vectorStatus":"INDEXED","confidence":0.9500,"firstSeenAt":"Sat Jul 18 20:11:22 CST 2026","lastSeenAt":"Sat Jul 18 20:11:22 CST 2026","lastSourceReviewId":2,"createdAt":"Sat Jul 18 20:11:22 CST 2026","updatedAt":"Sat Jul 18 20:13:54 CST 2026"},{"id":38,"normalizedQuestion":"请说明MySQL中binlog、redolog、undolog的核心作用、存储位置及故障恢复流程。","category":"数据库","tags":"[\"MySQL日志\",\"事务\",\"崩溃恢复\",\"主从复制\"]","standardAnswer":"binlog：Server层日志，记录逻辑SQL（STATEMENT）或行变更（ROW），用于主从复制与基于时间点的数据恢复；redolog：InnoDB层物理日志，记录页修改（如‘page 123 offset 456 value 78...(truncated)
2026-07-18 20:15:00.174 [http-nio-8080-exec-9] INFO  cn.yanque.common.aop.ControllerLogAspect [guid=ed17462d3273421db28eb2438c3a8dcd] - 接口开始: uri=/yq-admin/api/interview-questions, httpMethod=GET, controller=InterviewQuestionController#page, args=[{"name":"req","value":{"pageNum":1,"pageSize":5}}]
2026-07-18 20:15:00.180 [http-nio-8080-exec-9] INFO  cn.yanque.common.aop.ControllerLogAspect [guid=ed17462d3273421db28eb2438c3a8dcd] - 接口结束: uri=/yq-admin/api/interview-questions, controller=InterviewQuestionController#page, cost=6ms, result={"code":200,"message":"success","data":{"total":25,"pageNum":1,"pageSize":5,"records":[{"id":42,"normalizedQuestion":"请对比消息队列与定时任务的核心差异，并说明在医疗AI系统中的典型应用模式。","category":"系统设计","tags":"[\"消息队列\",\"定时任务\",\"架构选型\",\"医疗AI\"]","standardAnswer":"消息队列适用于异步解耦（如订单创建后发消息触发库存扣减）、削峰填谷（如AI报告生成积压）、事件驱动（如患者档案变更广播）；定时任务适用于周期性确定性任务（如每日凌晨生成处方统计报表、每周同步医保目录）。医疗AI中：WMS库存变更通过RocketMQ通知AI助手更新缓存；处方统计报表用XXL-JOB定时生成，避免实时查询压力。","shortAnswer":"消息队列：异步解耦/削峰填谷/事件驱动（如库存变更通知）；定时任务：周期性确定任务（如日报生成）；医疗AI：库存用MQ，报表用定时任务。","followUpQuestions":"[\"消息队列如何保证医疗事件100%投递？是否用事务消息？\",\"定时任务在分布式环境下如何避免重复执行？\",\"AI报告生成积压时，如何动态扩容消费者？\"]","pitfalls":"[\"仅泛泛而谈‘解耦’‘周期性’，未举医疗实例\",\"未说明技术选型（RocketMQ/XXL-JOB）\",\"忽略可靠性保障\"]","sourceCount":1,"auditStatus":"PENDING","vectorStatus":"INDEXED","confidence":0.9000,"firstSeenAt":"Sat Jul 18 20:11:22 CST 2026","lastSeenAt":"Sat Jul 18 20:11:22 CST 2026","lastSourceReviewId":2,"createdAt":"Sat Jul 18 20:11:22 CST 2026","updatedAt":"Sat Jul 18 20:13:55 CST 2026"},{"id":41,"normalizedQuestion":"请说明Git版本回滚的工程化实践，包括命令选择、影响评估、协作规范与合规审计要求。","category":"计算机基础","tags":"[\"Git\",\"版本控制\",\"工程规范\",\"合规\"]","standardAnswer":"优先用git revert生成反向commit，保障操作可审计（符合医疗等保三级要求）；若模块二三含数据库变更，需协同DBA执行schema回滚脚本；回滚后触发自动化回归测试，并在预发环境灰度验证；所有操作同步更新Confluence，记录commit hash、影响范围、验证结果及负责人。禁用git reset，因其会丢弃历史违反审计要求。","shortAnswer":"git revert（可审计）→DBA协同schema回滚→自动化回归测试→预发灰度→Confluence记录；禁用git reset。","followUpQuestions":"[\"git revert与git reset在Git内部对象模型上有何本质区别？\",\"schema回滚脚本如何保证幂等性？\",\"灰度验证的核心路径有哪些？如何设计冒烟测试用例？\"]","pitfalls":"[\"仅说‘回退到上线前commit’，未区分revert/reset\",\"忽略数据库变更协同\",\"未提合规审计要求\"]","sourceCount":1,"auditStatus":"PENDING","vectorStatus":"INDEXED","confidence":0.9200,"firstSeenAt":"Sat Jul 18 20:11:22 CST 2026","lastSeenAt":"Sat Jul 18 20:11:22 CST 2026","lastSourceReviewId":2,"createdAt":"Sat Jul 18 20:11:22 CST 2026","updatedAt":"Sat Jul 18 20:13:55 CST 2026"},{"id":40,"normalizedQuestion":"请说明AI开发工具中定时任务的可靠性保障机制，包括调度策略、失败处理与可观测性设计。","category":"其他","tags":"[\"AI工具\",\"定时任务\",\"可靠性\",\"可观测性\"]","standardAnswer":"CodeX定时任务采用Cron表达式（如'0 0 * * 1'每周一0点），通过Webhook接入BI系统获取数据源；可靠性保障：1）幂等设计：用Redis分布式锁防止重复执行；2）失败重试：3次指数退避重试+企业微信告警；3）可观测性：所有任务日志接入ELK，支持trace_id全链路追踪，执行耗时、状态、错误堆栈可监控；医疗周报任务SLA为99.99%，平均执行耗时<8s。","shortAnswer":"Cron调度+Webhook数据源；可靠性：Redis分布式锁+3次重试+告警；可观测：ELK日志+trace_id追踪；SLA 99.99%，耗时<8s。","followUpQuestions":"[\"Redis分布式锁如何避免死锁？是否用Redlock算法？\",\"Cron表达式在分布式环境下如何避免多实例重复触发？\",\"trace_id如何在CodeX任务中注入并传递？\"]","pitfalls":"[\"仅说‘用过’，未提技术实现\",\"忽略幂等性与失败重试\",\"未说明可观测性设计\"]","sourceCount":1,"auditStatus":"PENDING","vectorStatus":"INDEXED","confidence":0.8900,"firstSeenAt":"Sat Jul 18 20:11:22 CST 2026","lastSeenAt":"Sat Jul 18 20:11:22 CST 2026","lastSourceReviewId":2,"createdAt":"Sat Jul 18 20:11:22 CST 2026","updatedAt":"Sat Jul 18 20:13:54 CST 2026"},{"id":39,"normalizedQuestion":"请用STAR法则描述一个技术难点，重点说明问题根因、解决方案的技术原理及可验证结果。","category":"项目经历","tags":"[\"STAR\",\"问题解决\",\"技术深度\",\"结果导向\"]","standardAnswer":"S（情境）：退货政策从15天改为7天无理由退货，但AI持续回复15天，客户投诉率上升15%；T（任务）：确保政策类知识100%实时准确；A（行动）：根因分析发现旧数据因召回频次高权重更大，遂在向量入库时增加effective_time字段，并设计时间衰减权重算法（weight = base_weight × e^(-λ×(now-effective_time))），同时在检索层加入生效时间过滤；R（结果）：上线后纠错率归零，客户满意度回升至98%，RAG召回率提升17个百分点。","shortAnswer":"S：政策变更后AI仍答旧规则；T：保障知识实时性；A：增加effective_time元数据+时间衰减权重算法+生效时间过滤；R：纠错率归零，召回率↑17%。","followUpQuestions":"[\"时间衰减公式中λ参数如何确定？是否做过A/B测试？\",\"生效时间过滤如何避免漏检（如未来生效的政策）？\",\"该方案是否推广至其他时效性知识（如价格政策）？\"]","pitfalls":"[\"仅描述现象，未深挖根因\",\"未说明解决方案的技术原理\",\"缺乏量化结果\"]","sourceCount":1,"auditStatus":"PENDING","vectorStatus":"INDEXED","confidence":0.9500,"firstSeenAt":"Sat Jul 18 20:11:22 CST 2026","lastSeenAt":"Sat Jul 18 20:11:22 CST 2026","lastSourceReviewId":2,"createdAt":"Sat Jul 18 20:11:22 CST 2026","updatedAt":"Sat Jul 18 20:13:54 CST 2026"},{"id":38,"normalizedQuestion":"请说明MySQL中binlog、redolog、undolog的核心作用、存储位置及故障恢复流程。","category":"数据库","tags":"[\"MySQL日志\",\"事务\",\"崩溃恢复\",\"主从复制\"]","standardAnswer":"binlog：Server层日志，记录逻辑SQL（STATEMENT）或行变更（ROW），用于主从复制与基于时间点的数据恢复；redolog：InnoDB层物理日志，记录页修改（如‘page 123 offset 456 value 78...(truncated)
2026-07-18 20:22:06.124 [http-nio-8080-exec-1] ERROR cn.yanque.common.exception.GlobalExceptionHandler [guid=f36fe2136a194b7dbd5799d92540a8b9] - 业务异常: code=401, message=签名密钥不存在，请重新登录
cn.yanque.common.exception.BusinessException: 签名密钥不存在，请重新登录
	at cn.yanque.models.auth.interceptor.SignInterceptor.preHandle(SignInterceptor.java:78)
	at org.springframework.web.servlet.HandlerExecutionChain.applyPreHandle(HandlerExecutionChain.java:146)
	at org.springframework.web.servlet.DispatcherServlet.doDispatch(DispatcherServlet.java:1084)
	at org.springframework.web.servlet.DispatcherServlet.doService(DispatcherServlet.java:979)
	at org.springframework.web.servlet.FrameworkServlet.processRequest(FrameworkServlet.java:1014)
	at org.springframework.web.servlet.FrameworkServlet.doGet(FrameworkServlet.java:903)
	at jakarta.servlet.http.HttpServlet.service(HttpServlet.java:564)
	at org.springframework.web.servlet.FrameworkServlet.service(FrameworkServlet.java:885)
	at jakarta.servlet.http.HttpServlet.service(HttpServlet.java:658)
	at org.apache.catalina.core.ApplicationFilterChain.internalDoFilter(ApplicationFilterChain.java:205)
	at org.apache.catalina.core.ApplicationFilterChain.doFilter(ApplicationFilterChain.java:149)
	at org.apache.tomcat.websocket.server.WsFilter.doFilter(WsFilter.java:51)
	at org.apache.catalina.core.ApplicationFilterChain.internalDoFilter(ApplicationFilterChain.java:174)
	at org.apache.catalina.core.ApplicationFilterChain.doFilter(ApplicationFilterChain.java:149)
	at org.springframework.web.filter.RequestContextFilter.doFilterInternal(RequestContextFilter.java:100)
	at org.springframework.web.filter.OncePerRequestFilter.doFilter(OncePerRequestFilter.java:116)
	at org.apache.catalina.core.ApplicationFilterChain.internalDoFilter(ApplicationFilterChain.java:174)
	at org.apache.catalina.core.ApplicationFilterChain.doFilter(ApplicationFilterChain.java:149)
	at org.springframework.web.filter.FormContentFilter.doFilterInternal(FormContentFilter.java:93)
	at org.springframework.web.filter.OncePerRequestFilter.doFilter(OncePerRequestFilter.java:116)
	at org.apache.catalina.core.ApplicationFilterChain.internalDoFilter(ApplicationFilterChain.java:174)
	at org.apache.catalina.core.ApplicationFilterChain.doFilter(ApplicationFilterChain.java:149)
	at org.springframework.web.filter.CharacterEncodingFilter.doFilterInternal(CharacterEncodingFilter.java:201)
	at org.springframework.web.filter.OncePerRequestFilter.doFilter(OncePerRequestFilter.java:116)
	at org.apache.catalina.core.ApplicationFilterChain.internalDoFilter(ApplicationFilterChain.java:174)
	at org.apache.catalina.core.ApplicationFilterChain.doFilter(ApplicationFilterChain.java:149)
	at cn.yanque.config.RequestGuidFilter.doFilterInternal(RequestGuidFilter.java:37)
	at org.springframework.web.filter.OncePerRequestFilter.doFilter(OncePerRequestFilter.java:116)
	at org.apache.catalina.core.ApplicationFilterChain.internalDoFilter(ApplicationFilterChain.java:174)
	at org.apache.catalina.core.ApplicationFilterChain.doFilter(ApplicationFilterChain.java:149)
	at org.apache.catalina.core.StandardWrapperValve.invoke(StandardWrapperValve.java:167)
	at org.apache.catalina.core.StandardContextValve.invoke(StandardContextValve.java:90)
	at org.apache.catalina.authenticator.AuthenticatorBase.invoke(AuthenticatorBase.java:482)
	at org.apache.catalina.core.StandardHostValve.invoke(StandardHostValve.java:115)
	at org.apache.catalina.valves.ErrorReportValve.invoke(ErrorReportValve.java:93)
	at org.apache.catalina.core.StandardEngineValve.invoke(StandardEngineValve.java:74)
	at org.apache.catalina.connector.CoyoteAdapter.service(CoyoteAdapter.java:340)
	at org.apache.coyote.http11.Http11Processor.service(Http11Processor.java:391)
	at org.apache.coyote.AbstractProcessorLight.process(AbstractProcessorLight.java:63)
	at org.apache.coyote.AbstractProtocol$ConnectionHandler.process(AbstractProtocol.java:896)
	at org.apache.tomcat.util.net.NioEndpoint$SocketProcessor.doRun(NioEndpoint.java:1744)
	at org.apache.tomcat.util.net.SocketProcessorBase.run(SocketProcessorBase.java:52)
	at org.apache.tomcat.util.threads.ThreadPoolExecutor.runWorker(ThreadPoolExecutor.java:1191)
	at org.apache.tomcat.util.threads.ThreadPoolExecutor$Worker.run(ThreadPoolExecutor.java:659)
	at org.apache.tomcat.util.threads.TaskThread$WrappingRunnable.run(TaskThread.java:61)
	at java.base/java.lang.Thread.run(Thread.java:840)
2026-07-18 20:22:07.180 [http-nio-8080-exec-2] INFO  cn.yanque.common.aop.ControllerLogAspect [guid=b641cfc5ff0249618986ba10681b90ce] - 接口开始: uri=/yq-admin/api/sysUser/login, httpMethod=POST, controller=SysUserController#login, args=[{"name":"req","value":{"username":"admin","password":"****"}}]
2026-07-18 20:22:07.228 [http-nio-8080-exec-2] INFO  cn.yanque.common.aop.ControllerLogAspect [guid=b641cfc5ff0249618986ba10681b90ce] - 接口结束: uri=/yq-admin/api/sysUser/login, controller=SysUserController#login, cost=47ms, result={"code":200,"message":"success","data":{"token":"ey****Ww","signSecret":"7X****IQ","userDetailRes":{"id":1,"username":"admin","nickname":"系统管理员","realName":"超级管理员","phone":"13800000000","email":"admin@yq.com","unionId":"on_8dc4e328a2870919088b018841458703","status":"ACTIVE","createdAt":"Thu Apr 09 20:50:39 CST 2026","updatedAt":"Wed Jun 10 20:14:33 CST 2026"},"roleDetailResList":[{"id":1,"roleCode":"SUPER_ADMIN","roleName":"超级管理员","description":"拥有全部后台权限","status":"ACTIVE","createdAt":"Thu Apr 09 20:50:38 CST 2026","updatedAt":"Wed Jun 10 20:13:59 CST 2026"}],"permissionDetailResList":[{"id":101,"parentId":0,"permissionName":"系统配置","permissionType":"MENU","permissionCode":"menu:system","sortNum":1,"status":"ACTIVE","description":"左侧导航中的系统配置父级菜单","createdAt":"Thu Apr 09 21:22:28 CST 2026","updatedAt":"Fri Jun 12 16:43:31 CST 2026"},{"id":106,"parentId":0,"permissionName":"教学管理","permissionType":"MENU","permissionCode":"menu:teaching","sortNum":2,"status":"ACTIVE","description":"左侧导航中的教学管理父级菜单","createdAt":"Sat Apr 11 15:49:16 CST 2026","updatedAt":"Thu Jun 11 19:21:10 CST 2026"},{"id":113,"parentId":0,"permissionName":"销售管理","permissionType":"MENU","permissionCode":"menu:sales","sortNum":3,"status":"ACTIVE","description":"左侧导航中的销售管理父级菜单","createdAt":"Sun Apr 12 14:19:04 CST 2026","updatedAt":"Thu Jun 11 19:21:13 CST 2026"},{"id":117,"parentId":0,"permissionName":"学员管理","permissionType":"MENU","permissionCode":"menu:student","sortNum":4,"status":"ACTIVE","description":"左侧导航中的学员管理父级菜单","createdAt":"Sun Apr 19 23:54:31 CST 2026","updatedAt":"Thu Jun 11 19:21:15 CST 2026"},{"id":321,"parentId":106,"permissionName":"考试管理","permissionType":"MENU","permissionCode":"menu:teaching:exam","sortNum":8,"status":"1","description":"教学管理下的考试管理菜单","createdAt":"Wed Jun 24 18:15:55 CST 2026","updatedAt":"Wed Jun 24 18:15:55 CST 2026"},{"id":322,"parentId":321,"permissionName":"查看考试","permissionType":"API","permissionCode":"exam:view","apiPath":"/api/exams/**","sortNum":1,"status":"1","description":"查看题库、试卷、考试与阅卷数据","createdAt":"Wed Jun 24 18:15:55 CST 2026","updatedAt":"Wed Jun 24 18:15:55 CST 2026"},{"id":323,"parentId":321,"permissionName":"管理考试","permissionType":"API","permissionCode":"exam:manage","apiPath":"/api/exams/**","sortNum":2,"status":"1","description":"维护题库、试卷、考试发布和阅卷","createdAt":"Wed Jun 24 18:15:55 CST 2026","updatedAt":"Wed Jun 24 18:15:55 CST 2026"},{"id":324,"parentId":321,"permissionName":"新增考试内容按钮","permissionType":"BUTTON","permissionCode":"button:exam:create","sortNum":1,"status":"1","description":"新增题目、试卷和考试按钮","createdAt":"Wed Jun 24 18:15:55 CST 2026","updatedAt":"Wed Jun 24 18:15:55 CST 2026"},{"id":325,"parentId":321,"permissionName":"编辑考试内容按钮","permissionType":"BUTTON","permissionCode":"button:exam:update","sortNum":2,"status":"1","description":"编辑题目、试卷和考试按钮","createdAt":"Wed Jun 24 18:15:55 CST 2026","updatedAt":"Wed Jun 24 18:15:55 CST 2026"},{"id":326,"parentId":321,"permissionName":"考试阅卷按钮","permissionType":"BUTTON","permissionCode":"button:exam:review","sortNum":3,"status":"1","description":"查看考试记录、批改主观题和发布答案","createdAt":"Wed Jun 24 18:15:55 CST 2026","updatedAt":"Wed Jun 24 18:15:55 CST 2026"},{"id":349,"parentId":0,"permissionName":"提示词管理","permissionType":"MENU","permissionCode":"menu:ai:prompt","apiPath":"/yq-admin/api/promptTemplates/**","sortNum":652,"status":"ACTIVE","description":"管理 AI 提示词及版本","createdAt":"Wed Jul 15 20:20:22 CST 2026","updatedAt":"Wed Jul 15 20:20:22 CST 2026"},{"id":350,"parentId":0,"permissionName":"面试复盘","permissionType":"MENU","permissionCode":"menu:interview-review","sortNum":450,"status":"ACTIVE","description":"面试录音与 AI 复盘管理","createdAt":"Sat Jul 18 15:30:46 CST 2026","updatedAt":"Sat Jul 18 15:30:46 CST 2026"},{"id":351,"parentId":350,"permissionName":"查看面试复盘","permissionType":"API","permissionCode":"interview-review:view","apiPath":"/api/interview-reviews","sortNum":1,"status":"ACTIVE","description":"分页和详情查询","createdAt":"Sat Jul 18 15:30:46 CST 2026","updatedAt":"Sat Jul 18 1...(truncated)
2026-07-18 20:22:07.331 [http-nio-8080-exec-3] INFO  cn.yanque.common.aop.ControllerLogAspect [guid=c4604efc4fa649c8b6c10f4a2be4f9e8] - 接口开始: uri=/yq-admin/api/sysUser, httpMethod=GET, controller=SysUserController#pageUser, args=[{"name":"req","value":{"pageNum":1,"pageSize":10}}]
2026-07-18 20:22:07.339 [http-nio-8080-exec-3] INFO  cn.yanque.common.aop.ControllerLogAspect [guid=c4604efc4fa649c8b6c10f4a2be4f9e8] - 接口结束: uri=/yq-admin/api/sysUser, controller=SysUserController#pageUser, cost=8ms, result={"code":200,"message":"success","data":{"total":6,"pageNum":1,"pageSize":10,"records":[{"id":6,"username":"haha","nickname":"哈哈哈","realName":"哈哈","phone":"15118191032","email":"913038933@qq.com","status":"ACTIVE","createdAt":"Fri Apr 17 15:54:46 CST 2026"},{"id":5,"username":"laoshi2","nickname":"老师2","realName":"老师2","phone":"13762922584","status":"ACTIVE","createdAt":"Sun Apr 12 01:48:55 CST 2026"},{"id":4,"username":"laoshi1","nickname":"老师1","realName":"老师1","phone":"13273576020","status":"ACTIVE","createdAt":"Sun Apr 12 01:48:37 CST 2026"},{"id":3,"username":"banzhuren","nickname":"班主任老师","realName":"班主任老师","phone":"15118191032","status":"ACTIVE","createdAt":"Sat Apr 11 17:06:53 CST 2026"},{"id":2,"username":"huangjin","nickname":"黄瑾","realName":"黄瑾","phone":"13273672819","email":"913038933@qq.com","status":"ACTIVE","createdAt":"Thu Apr 09 22:04:43 CST 2026"},{"id":1,"username":"admin","nickname":"系统管理员","realName":"超级管理员","phone":"13800000000","email":"admin@yq.com","status":"ACTIVE","createdAt":"Thu Apr 09 20:50:39 CST 2026"}]}}
2026-07-18 20:22:13.054 [http-nio-8080-exec-4] INFO  cn.yanque.common.aop.ControllerLogAspect [guid=02743ea57e944f429f3116fc098fbf25] - 接口开始: uri=/yq-admin/api/interview-questions, httpMethod=GET, controller=InterviewQuestionController#page, args=[{"name":"req","value":{"pageNum":1,"pageSize":20}}]
2026-07-18 20:22:13.072 [http-nio-8080-exec-4] INFO  cn.yanque.common.aop.ControllerLogAspect [guid=02743ea57e944f429f3116fc098fbf25] - 接口结束: uri=/yq-admin/api/interview-questions, controller=InterviewQuestionController#page, cost=16ms, result={"code":200,"message":"success","data":{"total":25,"pageNum":1,"pageSize":20,"records":[{"id":42,"normalizedQuestion":"请对比消息队列与定时任务的核心差异，并说明在医疗AI系统中的典型应用模式。","category":"系统设计","tags":"[\"消息队列\",\"定时任务\",\"架构选型\",\"医疗AI\"]","standardAnswer":"消息队列适用于异步解耦（如订单创建后发消息触发库存扣减）、削峰填谷（如AI报告生成积压）、事件驱动（如患者档案变更广播）；定时任务适用于周期性确定性任务（如每日凌晨生成处方统计报表、每周同步医保目录）。医疗AI中：WMS库存变更通过RocketMQ通知AI助手更新缓存；处方统计报表用XXL-JOB定时生成，避免实时查询压力。","shortAnswer":"消息队列：异步解耦/削峰填谷/事件驱动（如库存变更通知）；定时任务：周期性确定任务（如日报生成）；医疗AI：库存用MQ，报表用定时任务。","followUpQuestions":"[\"消息队列如何保证医疗事件100%投递？是否用事务消息？\",\"定时任务在分布式环境下如何避免重复执行？\",\"AI报告生成积压时，如何动态扩容消费者？\"]","pitfalls":"[\"仅泛泛而谈‘解耦’‘周期性’，未举医疗实例\",\"未说明技术选型（RocketMQ/XXL-JOB）\",\"忽略可靠性保障\"]","sourceCount":1,"auditStatus":"PENDING","vectorStatus":"INDEXED","confidence":0.9000,"firstSeenAt":"Sat Jul 18 20:11:22 CST 2026","lastSeenAt":"Sat Jul 18 20:11:22 CST 2026","lastSourceReviewId":2,"createdAt":"Sat Jul 18 20:11:22 CST 2026","updatedAt":"Sat Jul 18 20:13:55 CST 2026"},{"id":41,"normalizedQuestion":"请说明Git版本回滚的工程化实践，包括命令选择、影响评估、协作规范与合规审计要求。","category":"计算机基础","tags":"[\"Git\",\"版本控制\",\"工程规范\",\"合规\"]","standardAnswer":"优先用git revert生成反向commit，保障操作可审计（符合医疗等保三级要求）；若模块二三含数据库变更，需协同DBA执行schema回滚脚本；回滚后触发自动化回归测试，并在预发环境灰度验证；所有操作同步更新Confluence，记录commit hash、影响范围、验证结果及负责人。禁用git reset，因其会丢弃历史违反审计要求。","shortAnswer":"git revert（可审计）→DBA协同schema回滚→自动化回归测试→预发灰度→Confluence记录；禁用git reset。","followUpQuestions":"[\"git revert与git reset在Git内部对象模型上有何本质区别？\",\"schema回滚脚本如何保证幂等性？\",\"灰度验证的核心路径有哪些？如何设计冒烟测试用例？\"]","pitfalls":"[\"仅说‘回退到上线前commit’，未区分revert/reset\",\"忽略数据库变更协同\",\"未提合规审计要求\"]","sourceCount":1,"auditStatus":"PENDING","vectorStatus":"INDEXED","confidence":0.9200,"firstSeenAt":"Sat Jul 18 20:11:22 CST 2026","lastSeenAt":"Sat Jul 18 20:11:22 CST 2026","lastSourceReviewId":2,"createdAt":"Sat Jul 18 20:11:22 CST 2026","updatedAt":"Sat Jul 18 20:13:55 CST 2026"},{"id":40,"normalizedQuestion":"请说明AI开发工具中定时任务的可靠性保障机制，包括调度策略、失败处理与可观测性设计。","category":"其他","tags":"[\"AI工具\",\"定时任务\",\"可靠性\",\"可观测性\"]","standardAnswer":"CodeX定时任务采用Cron表达式（如'0 0 * * 1'每周一0点），通过Webhook接入BI系统获取数据源；可靠性保障：1）幂等设计：用Redis分布式锁防止重复执行；2）失败重试：3次指数退避重试+企业微信告警；3）可观测性：所有任务日志接入ELK，支持trace_id全链路追踪，执行耗时、状态、错误堆栈可监控；医疗周报任务SLA为99.99%，平均执行耗时<8s。","shortAnswer":"Cron调度+Webhook数据源；可靠性：Redis分布式锁+3次重试+告警；可观测：ELK日志+trace_id追踪；SLA 99.99%，耗时<8s。","followUpQuestions":"[\"Redis分布式锁如何避免死锁？是否用Redlock算法？\",\"Cron表达式在分布式环境下如何避免多实例重复触发？\",\"trace_id如何在CodeX任务中注入并传递？\"]","pitfalls":"[\"仅说‘用过’，未提技术实现\",\"忽略幂等性与失败重试\",\"未说明可观测性设计\"]","sourceCount":1,"auditStatus":"PENDING","vectorStatus":"INDEXED","confidence":0.8900,"firstSeenAt":"Sat Jul 18 20:11:22 CST 2026","lastSeenAt":"Sat Jul 18 20:11:22 CST 2026","lastSourceReviewId":2,"createdAt":"Sat Jul 18 20:11:22 CST 2026","updatedAt":"Sat Jul 18 20:13:54 CST 2026"},{"id":39,"normalizedQuestion":"请用STAR法则描述一个技术难点，重点说明问题根因、解决方案的技术原理及可验证结果。","category":"项目经历","tags":"[\"STAR\",\"问题解决\",\"技术深度\",\"结果导向\"]","standardAnswer":"S（情境）：退货政策从15天改为7天无理由退货，但AI持续回复15天，客户投诉率上升15%；T（任务）：确保政策类知识100%实时准确；A（行动）：根因分析发现旧数据因召回频次高权重更大，遂在向量入库时增加effective_time字段，并设计时间衰减权重算法（weight = base_weight × e^(-λ×(now-effective_time))），同时在检索层加入生效时间过滤；R（结果）：上线后纠错率归零，客户满意度回升至98%，RAG召回率提升17个百分点。","shortAnswer":"S：政策变更后AI仍答旧规则；T：保障知识实时性；A：增加effective_time元数据+时间衰减权重算法+生效时间过滤；R：纠错率归零，召回率↑17%。","followUpQuestions":"[\"时间衰减公式中λ参数如何确定？是否做过A/B测试？\",\"生效时间过滤如何避免漏检（如未来生效的政策）？\",\"该方案是否推广至其他时效性知识（如价格政策）？\"]","pitfalls":"[\"仅描述现象，未深挖根因\",\"未说明解决方案的技术原理\",\"缺乏量化结果\"]","sourceCount":1,"auditStatus":"PENDING","vectorStatus":"INDEXED","confidence":0.9500,"firstSeenAt":"Sat Jul 18 20:11:22 CST 2026","lastSeenAt":"Sat Jul 18 20:11:22 CST 2026","lastSourceReviewId":2,"createdAt":"Sat Jul 18 20:11:22 CST 2026","updatedAt":"Sat Jul 18 20:13:54 CST 2026"},{"id":38,"normalizedQuestion":"请说明MySQL中binlog、redolog、undolog的核心作用、存储位置及故障恢复流程。","category":"数据库","tags":"[\"MySQL日志\",\"事务\",\"崩溃恢复\",\"主从复制\"]","standardAnswer":"binlog：Server层日志，记录逻辑SQL（STATEMENT）或行变更（ROW），用于主从复制与基于时间点的数据恢复；redolog：InnoDB层物理日志，记录页修改（如‘page 123 offset 456 value 7...(truncated)
2026-07-18 20:22:24.878 [http-nio-8080-exec-5] INFO  cn.yanque.common.aop.ControllerLogAspect [guid=15097eb2bcf041a584af702a92383aa2] - 接口开始: uri=/yq-admin/api/interview-questions/27/publish-exam, httpMethod=POST, controller=InterviewQuestionController#publishExam, args=[{"name":"id","value":27}]
2026-07-18 20:22:24.889 [http-nio-8080-exec-5] INFO  cn.yanque.common.aop.ControllerLogAspect [guid=15097eb2bcf041a584af702a92383aa2] - 接口结束: uri=/yq-admin/api/interview-questions/27/publish-exam, controller=InterviewQuestionController#publishExam, cost=11ms, result={"code":200,"message":"success","data":7}
2026-07-18 20:22:24.905 [http-nio-8080-exec-6] INFO  cn.yanque.common.aop.ControllerLogAspect [guid=1db6bc87466f40d8822c63f43c0443bf] - 接口开始: uri=/yq-admin/api/interview-questions, httpMethod=GET, controller=InterviewQuestionController#page, args=[{"name":"req","value":{"pageNum":1,"pageSize":20}}]
2026-07-18 20:22:24.913 [http-nio-8080-exec-6] INFO  cn.yanque.common.aop.ControllerLogAspect [guid=1db6bc87466f40d8822c63f43c0443bf] - 接口结束: uri=/yq-admin/api/interview-questions, controller=InterviewQuestionController#page, cost=7ms, result={"code":200,"message":"success","data":{"total":25,"pageNum":1,"pageSize":20,"records":[{"id":42,"normalizedQuestion":"请对比消息队列与定时任务的核心差异，并说明在医疗AI系统中的典型应用模式。","category":"系统设计","tags":"[\"消息队列\",\"定时任务\",\"架构选型\",\"医疗AI\"]","standardAnswer":"消息队列适用于异步解耦（如订单创建后发消息触发库存扣减）、削峰填谷（如AI报告生成积压）、事件驱动（如患者档案变更广播）；定时任务适用于周期性确定性任务（如每日凌晨生成处方统计报表、每周同步医保目录）。医疗AI中：WMS库存变更通过RocketMQ通知AI助手更新缓存；处方统计报表用XXL-JOB定时生成，避免实时查询压力。","shortAnswer":"消息队列：异步解耦/削峰填谷/事件驱动（如库存变更通知）；定时任务：周期性确定任务（如日报生成）；医疗AI：库存用MQ，报表用定时任务。","followUpQuestions":"[\"消息队列如何保证医疗事件100%投递？是否用事务消息？\",\"定时任务在分布式环境下如何避免重复执行？\",\"AI报告生成积压时，如何动态扩容消费者？\"]","pitfalls":"[\"仅泛泛而谈‘解耦’‘周期性’，未举医疗实例\",\"未说明技术选型（RocketMQ/XXL-JOB）\",\"忽略可靠性保障\"]","sourceCount":1,"auditStatus":"PENDING","vectorStatus":"INDEXED","confidence":0.9000,"firstSeenAt":"Sat Jul 18 20:11:22 CST 2026","lastSeenAt":"Sat Jul 18 20:11:22 CST 2026","lastSourceReviewId":2,"createdAt":"Sat Jul 18 20:11:22 CST 2026","updatedAt":"Sat Jul 18 20:13:55 CST 2026"},{"id":41,"normalizedQuestion":"请说明Git版本回滚的工程化实践，包括命令选择、影响评估、协作规范与合规审计要求。","category":"计算机基础","tags":"[\"Git\",\"版本控制\",\"工程规范\",\"合规\"]","standardAnswer":"优先用git revert生成反向commit，保障操作可审计（符合医疗等保三级要求）；若模块二三含数据库变更，需协同DBA执行schema回滚脚本；回滚后触发自动化回归测试，并在预发环境灰度验证；所有操作同步更新Confluence，记录commit hash、影响范围、验证结果及负责人。禁用git reset，因其会丢弃历史违反审计要求。","shortAnswer":"git revert（可审计）→DBA协同schema回滚→自动化回归测试→预发灰度→Confluence记录；禁用git reset。","followUpQuestions":"[\"git revert与git reset在Git内部对象模型上有何本质区别？\",\"schema回滚脚本如何保证幂等性？\",\"灰度验证的核心路径有哪些？如何设计冒烟测试用例？\"]","pitfalls":"[\"仅说‘回退到上线前commit’，未区分revert/reset\",\"忽略数据库变更协同\",\"未提合规审计要求\"]","sourceCount":1,"auditStatus":"PENDING","vectorStatus":"INDEXED","confidence":0.9200,"firstSeenAt":"Sat Jul 18 20:11:22 CST 2026","lastSeenAt":"Sat Jul 18 20:11:22 CST 2026","lastSourceReviewId":2,"createdAt":"Sat Jul 18 20:11:22 CST 2026","updatedAt":"Sat Jul 18 20:13:55 CST 2026"},{"id":40,"normalizedQuestion":"请说明AI开发工具中定时任务的可靠性保障机制，包括调度策略、失败处理与可观测性设计。","category":"其他","tags":"[\"AI工具\",\"定时任务\",\"可靠性\",\"可观测性\"]","standardAnswer":"CodeX定时任务采用Cron表达式（如'0 0 * * 1'每周一0点），通过Webhook接入BI系统获取数据源；可靠性保障：1）幂等设计：用Redis分布式锁防止重复执行；2）失败重试：3次指数退避重试+企业微信告警；3）可观测性：所有任务日志接入ELK，支持trace_id全链路追踪，执行耗时、状态、错误堆栈可监控；医疗周报任务SLA为99.99%，平均执行耗时<8s。","shortAnswer":"Cron调度+Webhook数据源；可靠性：Redis分布式锁+3次重试+告警；可观测：ELK日志+trace_id追踪；SLA 99.99%，耗时<8s。","followUpQuestions":"[\"Redis分布式锁如何避免死锁？是否用Redlock算法？\",\"Cron表达式在分布式环境下如何避免多实例重复触发？\",\"trace_id如何在CodeX任务中注入并传递？\"]","pitfalls":"[\"仅说‘用过’，未提技术实现\",\"忽略幂等性与失败重试\",\"未说明可观测性设计\"]","sourceCount":1,"auditStatus":"PENDING","vectorStatus":"INDEXED","confidence":0.8900,"firstSeenAt":"Sat Jul 18 20:11:22 CST 2026","lastSeenAt":"Sat Jul 18 20:11:22 CST 2026","lastSourceReviewId":2,"createdAt":"Sat Jul 18 20:11:22 CST 2026","updatedAt":"Sat Jul 18 20:13:54 CST 2026"},{"id":39,"normalizedQuestion":"请用STAR法则描述一个技术难点，重点说明问题根因、解决方案的技术原理及可验证结果。","category":"项目经历","tags":"[\"STAR\",\"问题解决\",\"技术深度\",\"结果导向\"]","standardAnswer":"S（情境）：退货政策从15天改为7天无理由退货，但AI持续回复15天，客户投诉率上升15%；T（任务）：确保政策类知识100%实时准确；A（行动）：根因分析发现旧数据因召回频次高权重更大，遂在向量入库时增加effective_time字段，并设计时间衰减权重算法（weight = base_weight × e^(-λ×(now-effective_time))），同时在检索层加入生效时间过滤；R（结果）：上线后纠错率归零，客户满意度回升至98%，RAG召回率提升17个百分点。","shortAnswer":"S：政策变更后AI仍答旧规则；T：保障知识实时性；A：增加effective_time元数据+时间衰减权重算法+生效时间过滤；R：纠错率归零，召回率↑17%。","followUpQuestions":"[\"时间衰减公式中λ参数如何确定？是否做过A/B测试？\",\"生效时间过滤如何避免漏检（如未来生效的政策）？\",\"该方案是否推广至其他时效性知识（如价格政策）？\"]","pitfalls":"[\"仅描述现象，未深挖根因\",\"未说明解决方案的技术原理\",\"缺乏量化结果\"]","sourceCount":1,"auditStatus":"PENDING","vectorStatus":"INDEXED","confidence":0.9500,"firstSeenAt":"Sat Jul 18 20:11:22 CST 2026","lastSeenAt":"Sat Jul 18 20:11:22 CST 2026","lastSourceReviewId":2,"createdAt":"Sat Jul 18 20:11:22 CST 2026","updatedAt":"Sat Jul 18 20:13:54 CST 2026"},{"id":38,"normalizedQuestion":"请说明MySQL中binlog、redolog、undolog的核心作用、存储位置及故障恢复流程。","category":"数据库","tags":"[\"MySQL日志\",\"事务\",\"崩溃恢复\",\"主从复制\"]","standardAnswer":"binlog：Server层日志，记录逻辑SQL（STATEMENT）或行变更（ROW），用于主从复制与基于时间点的数据恢复；redolog：InnoDB层物理日志，记录页修改（如‘page 123 offset 456 value 7...(truncated)
2026-07-18 20:22:30.656 [http-nio-8080-exec-7] INFO  cn.yanque.common.aop.ControllerLogAspect [guid=432436150244489483b4152d346fe103] - 接口开始: uri=/yq-admin/api/interview-questions/27, httpMethod=GET, controller=InterviewQuestionController#detail, args=[{"name":"id","value":27}]
2026-07-18 20:22:30.660 [http-nio-8080-exec-7] INFO  cn.yanque.common.aop.ControllerLogAspect [guid=432436150244489483b4152d346fe103] - 接口结束: uri=/yq-admin/api/interview-questions/27, controller=InterviewQuestionController#detail, cost=4ms, result={"code":200,"message":"success","data":{"question":{"id":27,"normalizedQuestion":"在AI Agent系统中，如何设计兼顾短期交互连贯性与长期记忆演化的上下文管理机制？","category":"系统设计","tags":"[\"Agent\",\"上下文管理\",\"记忆机制\",\"LangGraph\"]","standardAnswer":"上下文管理需分层设计：状态层使用LangGraph的StateGraph实现有向无环图编排，每个节点封装确定性逻辑（如意图识别、工具调用），状态对象持久化存储关键上下文（如用户ID、对话ID、当前任务栈）；记忆层分为短期记忆（滑动窗口保留最近N轮对话，防止上下文爆炸）和长期记忆（对历史对话做摘要压缩，存入向量库并关联用户画像标签）；同时引入结构化插槽（slot-filling）管理用户偏好与实体约束（如‘租户ID=XYZ’‘语言=en’），确保跨轮次信息一致性。所有记忆操作需通过统一MemoryManager接口，支持审计日志与GxP合规追溯。","shortAnswer":"状态用LangGraph StateGraph编排+持久化；记忆分短期（滑动窗口）和长期（摘要压缩+向量存储）；用户偏好用结构化插槽管理；统一MemoryManager接口保障可审计。","followUpQuestions":"[\"滑动窗口大小如何确定？是否支持动态伸缩？\",\"长期记忆摘要如何保证关键信息不丢失？是否有人工审核机制？\",\"插槽填充如何应对模糊或冲突输入（如用户先后说‘我要中文’‘切换英文’）？\"]","pitfalls":"[\"将上下文简单等同于history列表\",\"未区分状态（state）与记忆（memory）的职责边界\",\"忽略医疗场景对记忆审计与合规的要求\"]","sourceCount":1,"auditStatus":"PUBLISHED","vectorStatus":"INDEXED","confidence":0.9600,"firstSeenAt":"Sat Jul 18 20:11:22 CST 2026","lastSeenAt":"Sat Jul 18 20:11:22 CST 2026","lastSourceReviewId":2,"examQuestionId":7,"createdAt":"Sat Jul 18 20:11:22 CST 2026","updatedAt":"Sat Jul 18 20:22:24 CST 2026"},"sources":[{"id":27,"reviewRecordId":2,"originalQuestion":"你们的上下文会话管理怎么做的？","answerContext":"学生明确区分状态（LangGraph编排）与记忆（短期滑动窗口+长期压缩摘要），提及用户偏好与结构化插槽，体现分层设计意识。","studentAnswerQuality":"GOOD","studentAnswerScore":85,"studentAnswerAnalysis":"准确指出LangGraph状态管理与短期/长期记忆分离，结构化插槽处理用户画像，符合生产系统复杂度要求。","improvementSuggestion":"补充StateGraph状态持久化方案（Redis/PostgreSQL）、长期摘要生成模型（如BART摘要微调）、插槽冲突解决策略（最后写入胜出/人工干预兜底）。","confidence":0.9600,"interviewTime":"Sat Jul 18 16:29:47 CST 2026","createdAt":"Sat Jul 18 20:11:22 CST 2026"}]}}
2026-07-18 20:22:55.844 [http-nio-8080-exec-8] INFO  cn.yanque.common.aop.ControllerLogAspect [guid=a2ddd3155895498c8c0a7cdd237d8f05] - 接口开始: uri=/yq-admin/api/interview-questions, httpMethod=GET, controller=InterviewQuestionController#page, args=[{"name":"req","value":{"pageNum":2,"pageSize":20}}]
2026-07-18 20:22:55.849 [http-nio-8080-exec-8] INFO  cn.yanque.common.aop.ControllerLogAspect [guid=a2ddd3155895498c8c0a7cdd237d8f05] - 接口结束: uri=/yq-admin/api/interview-questions, controller=InterviewQuestionController#page, cost=5ms, result={"code":200,"message":"success","data":{"total":25,"pageNum":2,"pageSize":20,"records":[{"id":5,"normalizedQuestion":"在垂直领域风格化生成场景中，如何进行数据清洗、结构化打标及微调准备？","category":"AI/Model","tags":"[\"数据工程\",\"模型微调\",\"数据清洗\",\"非结构化数据处理\"]","standardAnswer":"在自媒体风格化生成项目中，我主要负责高质量微调数据集的构建：\n1. **数据采集与预处理**：使用 FFmpeg 从直播流中提取音频并转为文本逐字稿，去除无意义语气词和噪音。\n2. **LLM 辅助结构化打标**：设计专用 Prompt，调用 LLM 对非结构化文本进行多维度标注，包括：\n   - **内容维度**：所属行业、讨论话题、核心观点。\n   - **风格维度**：语境情绪（亢奋/平和）、表达技巧、互动方式。\n   - **来源维度**：直播平台、主播特征。\n3. **数据清洗与筛选**：利用 LLM 批量评估数据质量，剔除低信息密度或与目标风格不符的样本。建立“输入-期望输出”配对数据，确保微调数据的一致性。\n4. **微调准备**：将清洗后的数据转换为标准格式（如 JSONL），上传至云端训练平台。虽然模型训练由平台托管，但我参与了效果评估指标的制定，通过对比生成内容与原始风格的相似度来迭代数据质量。\n这一流程确保了模型能学习到特定主播的细微话术特征，而非通用泛化内容。","shortAnswer":"负责微调数据工程。利用 FFmpeg 提取直播文本，通过 LLM 进行多维度（行业、情绪、话题）结构化打标。借助 LLM 批量清洗低质数据，构建高质量的“输入-输出”配对数据集，用于云端模型的风格化微调。","followUpQuestions":"[\"如何评估打标数据的准确性？有人工抽检吗？\",\"在数据量很大时，如何优化 LLM 打标的成本和速度？\"]","pitfalls":"[\"混淆数据预处理与模型训练的职责\",\"未提及具体的打标维度和清洗标准\"]","sourceCount":1,"auditStatus":"PUBLISHED","vectorStatus":"INDEXED","createdAt":"Thu May 21 21:57:54 CST 2026","updatedAt":"Sat Jul 18 20:06:58 CST 2026"},{"id":4,"normalizedQuestion":"在 text-to-sql 场景中，如何优化 sql 生成准确率并处理多库查询与权限控制？","category":"AI/Agent","tags":"[\"Text-to-SQL\",\"SQL优化\",\"权限控制\",\"多库查询\"]","standardAnswer":"在 Text-to-SQL 模块中，我通过以下手段提升准确率与安全性：\n1. **分层 Schema 注入**：避免一次性传入所有表结构。第一步仅传入表名及简要描述供 LLM 选表；第二步仅注入选中表的详细 DDL、字段注释及预定义的“业务指标元数据”（如同环比计算逻辑），减少噪声。\n2. **多库查询编排**：在 Prompt 中明确标注表所属的物理库。若涉及跨库查询，引导 LLM 生成拆分的子查询或在应用层进行数据聚合，而非依赖不支持跨库 join 的底层数据库。\n3. **双重权限控制**：\n   - **Prompt 层**：在 System Prompt 中注入当前用户的角色权限规则，限制其可访问的数据范围。\n   - **代码层**：在 Java 后端执行 SQL 前，解析 SQL 语句，校验所涉表和字段是否在用户权限白名单内，并对敏感字段（如手机号）强制添加脱敏函数或拦截查询，确保数据安全。\n4. **结果可视化**：LLM 不仅生成 SQL，还根据数据类型推荐图表类型（如趋势用折线图，占比用饼图），前端据此渲染。","shortAnswer":"采用分层 Schema 注入策略，先选表后注入详细 DDL 与指标定义。多库查询由 LLM 拆解或应用层聚合。安全上实行“Prompt 约束+Java 层 SQL 解析校验”的双重权限控制，确保数据不越权、不泄露。","followUpQuestions":"[\"如何防止 LLM 生成 DELETE/UPDATE 等危险语句？\",\"如果生成的 SQL 执行报错，有什么重试或修正机制？\"]","pitfalls":"[\"仅依赖 Prompt 做权限控制，存在被绕过风险\",\"未考虑多库环境下的物理隔离问题\"]","sourceCount":1,"auditStatus":"PUBLISHED","vectorStatus":"INDEXED","createdAt":"Thu May 21 21:57:54 CST 2026","updatedAt":"Sat Jul 18 20:06:57 CST 2026"},{"id":3,"normalizedQuestion":"请详细描述 agent 长对话中的上下文管理策略及最终 prompt 的结构组成","category":"AI/Agent","tags":"[\"上下文管理\",\"Token优化\",\"记忆压缩\",\"Prompt结构\"]","standardAnswer":"为解决长对话导致的 Context Window 溢出和高成本问题，我设计了基于“滑动窗口+摘要压缩”的上下文管理策略：\n1. **存储与追踪**：使用 MySQL 存储对话明细，实时累计未压缩 Token 数量。\n2. **触发机制**：当未压缩 Token 超过阈值（如 4k）或对话轮数超过设定值（如 10 轮）时，触发异步压缩任务。\n3. **压缩算法**：\n   - **摘要生成**：调用 LLM 将超出窗口的历史对话压缩为一段精简的“全局摘要”，保留关键事实和用户偏好。\n   - **滑动窗口**：保留最近 N 轮（如 5 轮）的原始对话，确保近期交互的精确性。\n4. **最终 Prompt 结构**：\n   - **System Prompt**：固定的角色设定与业务规则。\n   - **Compressed History**：历史对话的全局摘要。\n   - **Recent Context**：最近 N 轮的完整原始对话。\n   - **Current Query**：用户当前输入。\n这种结构既保证了长期记忆的连贯性，又控制了 Token 消耗，同时避免了因全量压缩导致的细节丢失幻觉。","shortAnswer":"采用“摘要+滑动窗口”策略。当 Token 或轮数超标时，将早期对话压缩为全局摘要，保留最近 N 轮原始对话。最终 Prompt 由 System Prompt、历史摘要、近期原始对话和当前问题组成，兼顾记忆完整性与成本。","followUpQuestions":"[\"摘要压缩过程中如何保证关键信息不丢失？\",\"异步压缩时的并发控制如何处理？\",\"如果用户突然切换话题，之前的摘要是否会干扰新话题？\"]","pitfalls":"[\"未提及保留最近原始对话的重要性，导致上下文断裂\",\"忽略 System Prompt 在结构中的位置和作用\"]","sourceCount":1,"auditStatus":"PUBLISHED","vectorStatus":"INDEXED","createdAt":"Thu May 21 21:57:53 CST 2026","updatedAt":"Sat Jul 18 20:06:57 CST 2026"},{"id":2,"normalizedQuestion":"在 agent 入口阶段，如何进行意图识别及用户输入信息的完整性校验？","category":"AI/Agent","tags":"[\"意图识别\",\"输入校验\",\"Prompt工程\",\"小模型应用\"]","standardAnswer":"在 Agent 入口层，我设计了“轻量级预检”机制以降低大模型成本并提升体验：\n1. **意图路由**：使用低成本、低延迟的小模型（如 Qwen-Flash）结合正则表达式，快速判断用户意图是通用闲聊、知识库检索还是数据分析，从而路由到不同处理链路。\n2. **完整性校验（以 Text-to-SQL 为例）**：\n   - **规则初筛**：检查输入是否包含必要的查询要素（统计指标、分组维度、时间范围）。例如，若用户仅说“看收入”，缺少时间维度，则判定信息不足。\n   - **小模型辅助判断**：对于模糊输入，调用小模型分析其语义完整性。若小模型判断无法生成有效 SQL，则直接返回引导话术，要求用户补充细节（如“请问您想查看哪个月份的收入？”）。\n   - **基础过滤**：设置最小字符阈值（如 5 字以上），拦截无效短输入。\n这种分层校验机制有效减少了无效的大模型调用，提升了后续 SQL 生成的准确率。","shortAnswer":"采用小模型+规则的双重校验。首先用小模型进行意图路由；其次针对复杂任务（如 SQL 生成），通过正则和小模型检查关键要素（指标、维度、时间）是...(truncated)
2026-07-18 20:22:58.344 [http-nio-8080-exec-9] INFO  cn.yanque.common.aop.ControllerLogAspect [guid=d5cd3077bbf4433d991bebaa37ed09ce] - 接口开始: uri=/yq-admin/api/interview-questions, httpMethod=GET, controller=InterviewQuestionController#page, args=[{"name":"req","value":{"pageNum":1,"pageSize":20}}]
2026-07-18 20:22:58.352 [http-nio-8080-exec-9] INFO  cn.yanque.common.aop.ControllerLogAspect [guid=d5cd3077bbf4433d991bebaa37ed09ce] - 接口结束: uri=/yq-admin/api/interview-questions, controller=InterviewQuestionController#page, cost=7ms, result={"code":200,"message":"success","data":{"total":25,"pageNum":1,"pageSize":20,"records":[{"id":42,"normalizedQuestion":"请对比消息队列与定时任务的核心差异，并说明在医疗AI系统中的典型应用模式。","category":"系统设计","tags":"[\"消息队列\",\"定时任务\",\"架构选型\",\"医疗AI\"]","standardAnswer":"消息队列适用于异步解耦（如订单创建后发消息触发库存扣减）、削峰填谷（如AI报告生成积压）、事件驱动（如患者档案变更广播）；定时任务适用于周期性确定性任务（如每日凌晨生成处方统计报表、每周同步医保目录）。医疗AI中：WMS库存变更通过RocketMQ通知AI助手更新缓存；处方统计报表用XXL-JOB定时生成，避免实时查询压力。","shortAnswer":"消息队列：异步解耦/削峰填谷/事件驱动（如库存变更通知）；定时任务：周期性确定任务（如日报生成）；医疗AI：库存用MQ，报表用定时任务。","followUpQuestions":"[\"消息队列如何保证医疗事件100%投递？是否用事务消息？\",\"定时任务在分布式环境下如何避免重复执行？\",\"AI报告生成积压时，如何动态扩容消费者？\"]","pitfalls":"[\"仅泛泛而谈‘解耦’‘周期性’，未举医疗实例\",\"未说明技术选型（RocketMQ/XXL-JOB）\",\"忽略可靠性保障\"]","sourceCount":1,"auditStatus":"PENDING","vectorStatus":"INDEXED","confidence":0.9000,"firstSeenAt":"Sat Jul 18 20:11:22 CST 2026","lastSeenAt":"Sat Jul 18 20:11:22 CST 2026","lastSourceReviewId":2,"createdAt":"Sat Jul 18 20:11:22 CST 2026","updatedAt":"Sat Jul 18 20:13:55 CST 2026"},{"id":41,"normalizedQuestion":"请说明Git版本回滚的工程化实践，包括命令选择、影响评估、协作规范与合规审计要求。","category":"计算机基础","tags":"[\"Git\",\"版本控制\",\"工程规范\",\"合规\"]","standardAnswer":"优先用git revert生成反向commit，保障操作可审计（符合医疗等保三级要求）；若模块二三含数据库变更，需协同DBA执行schema回滚脚本；回滚后触发自动化回归测试，并在预发环境灰度验证；所有操作同步更新Confluence，记录commit hash、影响范围、验证结果及负责人。禁用git reset，因其会丢弃历史违反审计要求。","shortAnswer":"git revert（可审计）→DBA协同schema回滚→自动化回归测试→预发灰度→Confluence记录；禁用git reset。","followUpQuestions":"[\"git revert与git reset在Git内部对象模型上有何本质区别？\",\"schema回滚脚本如何保证幂等性？\",\"灰度验证的核心路径有哪些？如何设计冒烟测试用例？\"]","pitfalls":"[\"仅说‘回退到上线前commit’，未区分revert/reset\",\"忽略数据库变更协同\",\"未提合规审计要求\"]","sourceCount":1,"auditStatus":"PENDING","vectorStatus":"INDEXED","confidence":0.9200,"firstSeenAt":"Sat Jul 18 20:11:22 CST 2026","lastSeenAt":"Sat Jul 18 20:11:22 CST 2026","lastSourceReviewId":2,"createdAt":"Sat Jul 18 20:11:22 CST 2026","updatedAt":"Sat Jul 18 20:13:55 CST 2026"},{"id":40,"normalizedQuestion":"请说明AI开发工具中定时任务的可靠性保障机制，包括调度策略、失败处理与可观测性设计。","category":"其他","tags":"[\"AI工具\",\"定时任务\",\"可靠性\",\"可观测性\"]","standardAnswer":"CodeX定时任务采用Cron表达式（如'0 0 * * 1'每周一0点），通过Webhook接入BI系统获取数据源；可靠性保障：1）幂等设计：用Redis分布式锁防止重复执行；2）失败重试：3次指数退避重试+企业微信告警；3）可观测性：所有任务日志接入ELK，支持trace_id全链路追踪，执行耗时、状态、错误堆栈可监控；医疗周报任务SLA为99.99%，平均执行耗时<8s。","shortAnswer":"Cron调度+Webhook数据源；可靠性：Redis分布式锁+3次重试+告警；可观测：ELK日志+trace_id追踪；SLA 99.99%，耗时<8s。","followUpQuestions":"[\"Redis分布式锁如何避免死锁？是否用Redlock算法？\",\"Cron表达式在分布式环境下如何避免多实例重复触发？\",\"trace_id如何在CodeX任务中注入并传递？\"]","pitfalls":"[\"仅说‘用过’，未提技术实现\",\"忽略幂等性与失败重试\",\"未说明可观测性设计\"]","sourceCount":1,"auditStatus":"PENDING","vectorStatus":"INDEXED","confidence":0.8900,"firstSeenAt":"Sat Jul 18 20:11:22 CST 2026","lastSeenAt":"Sat Jul 18 20:11:22 CST 2026","lastSourceReviewId":2,"createdAt":"Sat Jul 18 20:11:22 CST 2026","updatedAt":"Sat Jul 18 20:13:54 CST 2026"},{"id":39,"normalizedQuestion":"请用STAR法则描述一个技术难点，重点说明问题根因、解决方案的技术原理及可验证结果。","category":"项目经历","tags":"[\"STAR\",\"问题解决\",\"技术深度\",\"结果导向\"]","standardAnswer":"S（情境）：退货政策从15天改为7天无理由退货，但AI持续回复15天，客户投诉率上升15%；T（任务）：确保政策类知识100%实时准确；A（行动）：根因分析发现旧数据因召回频次高权重更大，遂在向量入库时增加effective_time字段，并设计时间衰减权重算法（weight = base_weight × e^(-λ×(now-effective_time))），同时在检索层加入生效时间过滤；R（结果）：上线后纠错率归零，客户满意度回升至98%，RAG召回率提升17个百分点。","shortAnswer":"S：政策变更后AI仍答旧规则；T：保障知识实时性；A：增加effective_time元数据+时间衰减权重算法+生效时间过滤；R：纠错率归零，召回率↑17%。","followUpQuestions":"[\"时间衰减公式中λ参数如何确定？是否做过A/B测试？\",\"生效时间过滤如何避免漏检（如未来生效的政策）？\",\"该方案是否推广至其他时效性知识（如价格政策）？\"]","pitfalls":"[\"仅描述现象，未深挖根因\",\"未说明解决方案的技术原理\",\"缺乏量化结果\"]","sourceCount":1,"auditStatus":"PENDING","vectorStatus":"INDEXED","confidence":0.9500,"firstSeenAt":"Sat Jul 18 20:11:22 CST 2026","lastSeenAt":"Sat Jul 18 20:11:22 CST 2026","lastSourceReviewId":2,"createdAt":"Sat Jul 18 20:11:22 CST 2026","updatedAt":"Sat Jul 18 20:13:54 CST 2026"},{"id":38,"normalizedQuestion":"请说明MySQL中binlog、redolog、undolog的核心作用、存储位置及故障恢复流程。","category":"数据库","tags":"[\"MySQL日志\",\"事务\",\"崩溃恢复\",\"主从复制\"]","standardAnswer":"binlog：Server层日志，记录逻辑SQL（STATEMENT）或行变更（ROW），用于主从复制与基于时间点的数据恢复；redolog：InnoDB层物理日志，记录页修改（如‘page 123 offset 456 value 7...(truncated)
2026-07-18 20:23:30.780 [http-nio-8080-exec-10] INFO  cn.yanque.common.aop.ControllerLogAspect [guid=8429c72391354937a842c687b7a4846d] - 接口开始: uri=/yq-admin/api/knowledgeBases, httpMethod=GET, controller=KnowledgeBaseController#page, args=[{"name":"req","value":{"pageNum":1,"pageSize":10}}]
2026-07-18 20:23:30.792 [http-nio-8080-exec-10] INFO  cn.yanque.common.aop.ControllerLogAspect [guid=8429c72391354937a842c687b7a4846d] - 接口结束: uri=/yq-admin/api/knowledgeBases, controller=KnowledgeBaseController#page, cost=12ms, result={"code":200,"message":"success","data":{"total":2,"pageNum":1,"pageSize":10,"records":[{"id":2,"knowledgeBaseName":"指标","status":"ACTIVE","documentCount":1,"createdAt":"Tue Jul 14 20:58:49 CST 2026","updatedAt":"Tue Jul 14 20:58:49 CST 2026"},{"id":1,"knowledgeBaseName":"默认知识库","description":"由知识库模块迁移脚本创建","status":"ACTIVE","documentCount":0,"createdAt":"Tue Jul 07 09:19:11 CST 2026","updatedAt":"Tue Jul 07 09:19:11 CST 2026"}]}}
2026-07-18 20:23:32.565 [http-nio-8080-exec-1] INFO  cn.yanque.common.aop.ControllerLogAspect [guid=aa5bf7f733a742548b4f19c53bd9a603] - 接口开始: uri=/yq-admin/api/knowledgeBases, httpMethod=GET, controller=KnowledgeBaseController#page, args=[{"name":"req","value":{"status":"ACTIVE","pageNum":1,"pageSize":100}}]
2026-07-18 20:23:32.574 [http-nio-8080-exec-1] INFO  cn.yanque.common.aop.ControllerLogAspect [guid=aa5bf7f733a742548b4f19c53bd9a603] - 接口结束: uri=/yq-admin/api/knowledgeBases, controller=KnowledgeBaseController#page, cost=9ms, result={"code":200,"message":"success","data":{"total":2,"pageNum":1,"pageSize":100,"records":[{"id":2,"knowledgeBaseName":"指标","status":"ACTIVE","documentCount":1,"createdAt":"Tue Jul 14 20:58:49 CST 2026","updatedAt":"Tue Jul 14 20:58:49 CST 2026"},{"id":1,"knowledgeBaseName":"默认知识库","description":"由知识库模块迁移脚本创建","status":"ACTIVE","documentCount":0,"createdAt":"Tue Jul 07 09:19:11 CST 2026","updatedAt":"Tue Jul 07 09:19:11 CST 2026"}]}}
2026-07-18 20:23:35.037 [http-nio-8080-exec-2] INFO  cn.yanque.common.aop.ControllerLogAspect [guid=9a9c0d08de604cb28938b5eb58f11986] - 接口开始: uri=/yq-admin/api/promptTemplates, httpMethod=GET, controller=PromptTemplateController#page, args=[{"name":"pageNum","value":1},{"name":"pageSize","value":10}]
2026-07-18 20:23:35.058 [http-nio-8080-exec-2] INFO  cn.yanque.common.aop.ControllerLogAspect [guid=9a9c0d08de604cb28938b5eb58f11986] - 接口结束: uri=/yq-admin/api/promptTemplates, controller=PromptTemplateController#page, cost=20ms, result={"code":200,"message":"success","data":{"total":6,"pageNum":1,"pageSize":10,"records":[{"id":6,"code":"text_to_sql_generation","name":"Text-to-SQL SQL 判断与生成提示词","description":"用于根据用户问题、指标定义和表字段详情判断并生成安全只读 SQL。","activeVersionId":9,"activeVersionNo":1,"activeContent":"[{\"role\": \"system\", \"content\": \"你是 Text-to-SQL 工作流中的 SQL 判断与生成器。\\n根据用户问题、已检索到的指标定义，以及已选择表的字段详情和关联关系，判断是否能够安全生成 SQL。\\n\\n只允许返回一个 JSON 对象，格式为：\\n{{\\n  \\\"action\\\": \\\"generate_sql/need_metric/need_schema/need_clarification/out_of_scope/unsupported\\\",\\n  \\\"sql\\\": \\\"SELECT ... 或空字符串\\\",\\n  \\\"reason\\\": \\\"一句话说明\\\",\\n  \\\"missingInfo\\\": [\\\"缺少的信息\\\"],\\n  \\\"usedTables\\\": [\\\"实际使用的表名\\\"],\\n  \\\"usedFields\\\": [\\\"实际使用的数据库字段名，不要带表名、表别名或 SELECT AS 结果别名\\\"]\\n}}\\n\\n规则：\\n1. 只有在信息完整时使用 generate_sql，sql 必须是单条只读 SELECT；否则 sql 必须为空字符串。\\n2. 只能使用“表字段详情”中提供的表名、字段名和枚举状态值，不得编造表、字段、状态值或指标口径；例如字段详情声明支付成功状态为 SUCCESS 时，SQL 必须使用 SUCCESS，不能改写为 PAY_SUCCESS 或 PAID。\\n3. 统计指标必须参考“指标定义”；多表查询只能使用“表字段详情”中提供的关联字段。带表别名的字段必须属于该别名对应的表，例如 order_payment.product_id 与 order_product.id 关联，不能写成 order_product.product_id。\\n   用户要求按产品、课程或产品名称展示/分组时，必须同时查询名称字段（本系统为 order_product.course_content AS product_name）并按该名称分组，不能只返回产品 ID。\\n4. action 选择原则：\\n   - need_metric：用户已经明确要查询某个业务指标，但当前没有该指标的定义、计算公式或固定筛选口径。\\n   - need_schema：已明确查询意图和指标，但缺少表、字段或表关联关系。\\n   - need_clarification：用户问题本身缺少关键业务含义，例如比较或排序标准、聚合方式、统计范围、时间粒度或筛选条件。\\n     不要因为没有命中指标定义就一律返回 need_metric；对于临时分析或非固定指标问题，应先判断用户是否需要补充意图。\\n5. 非本系统业务数据使用 out_of_scope；新增、修改、删除操作使用 unsupported。\\n6. usedTables 与 usedFields 必须列出 SQL 实际使用的表和字段。\\n7. 如果收到“上一次 SQL 执行失败”的反馈，必须根据错误信息修正 SQL，不要重复生成同一条 SQL；如果确认已提供字段不足以修正，返回 need_schema。\"}, {\"role\": \"human\", \"content\": \"用户问题：{question}\\n\\n当前日期：{current_date}。用户只写月份未写年份时，按当前年份理解；相对时间也以该日期为准。\\n\\n指标定义：\\n{metric_context}\\n\\n已选择表的字段详情：\\n{table_schema_context}\\n\\n上一次 SQL 执行反馈：\\n{execution_error_feedback}\"}]","status":"ACTIVE","createdAt":"2026-07-15T15:48:26","updatedAt":"2026-07-15T15:48:26"},{"id":5,"code":"text_to_sql_table_router","name":"Text-to-SQL 表路由提示词","description":"用于根据用户问题从表目录选择生成 SQL 所需的最少数据表。","activeVersionId":8,"activeVersionNo":1,"activeContent":"[{\"role\": \"system\", \"content\": \"你是 Text-to-SQL 工作流的表路由器。根据用户问题，从提供的表目录中选择生成查询所需的最少数据表。表目录只包含表简介和关联关系，不包含字段 DDL。最多选择 3 张表，只能返回目录中已有的 tableName。只允许返回 JSON，格式为：{{\\\"selectedTables\\\":[\\\"table_name\\\"],\\\"reason\\\":\\\"一句话原因\\\"}}。\"}, {\"role\": \"human\", \"content\": \"用户问题：{question}\\n\\n表目录：{table_catalog}\"}]","status":"ACTIVE","createdAt":"2026-07-15T15:48:26","updatedAt":"2026-07-15T15:48:26"},{"id":4,"code":"text_to_sql_question_classifier","name":"Text-to-SQL 问题分类提示词","description":"用于判断用户问题属于普通问答、数据查询、数据变更或需澄清问题。","activeVersionId":7,"activeVersionNo":1,"activeContent":"[{\"role\": \"system\", \"content\": \"你是系统中 Text-to-SQL 工作流的入口分类器。只判断用户问题类型，不回答问题、不生成 SQL。只允许返回 JSON，格式为：{{\\\"questionType\\\":\\\"chat/query/update/unclear\\\",\\\"routeReason\\\":\\\"一句话原因\\\"}}。chat：技术咨询、系统使用说明、普通问答；query：明确希望查询、统计、分析已有业务数据；update：新增、修改、删除、更新、清空等数据操作；unclear：涉及数据但没有说明查询指标、对象或范围，无法明确判断。\"}, {\"role\": \"human\", \"content\": \"用户问题：{question}\"}]","status":"ACTIVE","createdAt":"2026-07-15T15:48:26","updatedAt":"2026-07-15T15:48:26"},{"id":3,"code":"ai_chat_tool_router","name":"AI 问答工具路由提示词","description":"用于判断学生问题本轮需要开放哪些工具","activeVersionId":3,"activeVersionNo":1,"activeContent":"你是一个学生 AI 助手的工具路由器，只负责判断本次问题应该开放哪些工具。你不会回答用户问题，只输出 JSON，不要输出解释文字。可用工具会以 JSON 数组提供，每个工具包含 name 和 description。请根据用户问题选择本轮应该开放给最终回答模型的工具；如果问题需要查询真实系统数据，就选择合适工具；如果问题可以直接回答，或只是通用概念解释、普通代码问题、闲聊、写作请求，就返回空数组。当前课程安排查询工具 get_student_day_schedule 只适合回答当前登录学生今天、明天、后天、某一天上什么课、是否上课、课程内容、授课老师、课表安排、自习或放假这类问题。不要选择和问题无关的工具。返回格式必须是：{\"toolNames\": [\"工具名\"], \"reason\": \"一句话原因\"}。如果不需要工具，返回：{\"toolNames\": [], \"reason\": \"不需要工具\"}。","status":"ACTIVE","createdAt":"2026-07-06T17:06:11","updatedAt":"2026-07-06T20:47:28"},{"id":2,"code":"ai_chat_knowledge_router","name":"AI 问答知识库路由提示词","description":"用于判断学生问题是否需要检索课程知识库","activeVers...(truncated)
2026-07-18 20:23:38.414 [http-nio-8080-exec-3] INFO  cn.yanque.common.aop.ControllerLogAspect [guid=03a5df2521e04795a56c06474401126c] - 接口开始: uri=/yq-admin/api/interview-reviews, httpMethod=GET, controller=InterviewReviewController#page, args=[{"name":"req","value":{"pageNum":1,"pageSize":20}}]
2026-07-18 20:23:38.423 [http-nio-8080-exec-3] INFO  cn.yanque.common.aop.ControllerLogAspect [guid=03a5df2521e04795a56c06474401126c] - 接口结束: uri=/yq-admin/api/interview-reviews, controller=InterviewReviewController#page, cost=9ms, result={"code":200,"message":"success","data":{"total":2,"pageNum":1,"pageSize":20,"records":[{"id":2,"studentId":12,"studentName":"去去去","studentCode":"XS20260527544266","interviewTime":"Sat Jul 18 16:29:47 CST 2026","audioObjectKey":"homework/interview-review/2026/07/18/去去去/8e6fb56b-fb81-45fe-9f31-2884f4b2b854-面试.m4a","audioFileName":"面试.m4a","audioFileSize":27745126,"status":"DONE","transcriptDialogueJson":"[{\"speaker\":\"面试官\",\"text\":\"喂喂喂，你好你好。\"},{\"speaker\":\"学生\",\"text\":\"嗯哎，可以听到吧？\"},{\"speaker\":\"面试官\",\"text\":\"可以听到可以听到。\"},{\"speaker\":\"面试官\",\"text\":\"喂可以听到吧？\"},{\"speaker\":\"学生\",\"text\":\"可以可以可以。\"},{\"speaker\":\"面试官\",\"text\":\"啊，行。我是本轮的面试官，我叫焦玉龙。然后本轮主要是个技术面，就你简历上写的一些过往，我们做一个简单面试。行，那你简单介绍一下自己，我们就开始。\"},{\"speaker\":\"学生\",\"text\":\"好的，我叫胡云涛，24年毕业。毕业之后我就一直在这家公司工作，公司主要是做SaaS供应链开发的，主要涉及跨境电商方向，包括仓储、订单、物流、供应商管理等模块，我主要负责仓储模块。后面我们进行了Agent转型，做了一个智能问答助手，包括基于RAG知识库的问答和智能分析功能。\"},{\"speaker\":\"面试官\",\"text\":\"你们的RAG是怎么做的？\"},{\"speaker\":\"学生\",\"text\":\"我们的RAG分为离线链路和在线链路。离线链路主要做数据筛选：普通文本直接抽取；结构化PDF用OCR提取；表格不存入向量库，而是作为结构化数据存入关系型数据库。之后进行数据清洗与脱敏，再按标题、段落语义及标点符号切分，并做重叠切分以保证语义完整性。切分后使用Embedding模型——普通文本用文本模型，多模态数据用千问2.5-VL模型——生成向量存入向量库，并保存文档来源、版本号等元数据，方便检索。在线链路先对用户问题做快读改写，识别为标准问题后进行意图识别，再路由：若是知识库问答则走RAG检索；若是查询MySQL等关系数据库，则调用后端暴露的接口执行QueryPlan，Agent只负责生成结构化的思考语句，实际执行由后端完成。\"},{\"speaker\":\"面试官\",\"text\":\"你们的上下文会话管理怎么做的？\"},{\"speaker\":\"学生\",\"text\":\"主要分为状态和记忆两部分。状态编排用LangGraph实现；记忆分为短期记忆（工作记忆）和长期记忆：短期记忆用滑动窗口管理，长期记忆对过往对话做压缩摘要。同时保留用户偏好和人物画像，用结构化插槽处理。\"},{\"speaker\":\"面试官\",\"text\":\"你所涉及的提示词有哪些？就在这个项目里面。\"},{\"speaker\":\"学生\",\"text\":\"包括系统提示词、AI回答提示词和用户提示词。我们不会把提示词写得太长，而是职责单一化、标准化，并强调边界感——之前提示词过长繁杂时，效果反而不精准。\"},{\"speaker\":\"面试官\",\"text\":\"就是对接大模型最容易出现幻觉问题，你们针对这些幻觉做过哪些优化？\"},{\"speaker\":\"学生\",\"text\":\"一是RAG检索时，在向量库中为每条文本附上来源、版本号、生效时间等metadata，防止幻觉；二是在Agent编排中加入置信度分析，若置信度不足则不输出，或引导用户补充信息后重试，直到达到设定阈值；三是将temperature设置为较标准值。\"},{\"speaker\":\"面试官\",\"text\":\"你们对接的是哪个模型？\"},{\"speaker\":\"学生\",\"text\":\"主要是千问。\"},{\"speaker\":\"面试官\",\"text\":\"我理解你们是把传统SaaS系统里一些公共模块封装成Agent，供智能助手里调用，是这个意思吧？\"},{\"speaker\":\"学生\",\"text\":\"主要是知识问答和数据库查询，相当于把接口封装成Tool和Skill。\"},{\"speaker\":\"面试官\",\"text\":\"那你们是直接暴露接口，还是告诉模型表名让它自己编写SQL去查询呢？\"},{\"speaker\":\"学生\",\"text\":\"我们暴露接口，封装成Skill，遵循MCP规范。\"},{\"speaker\":\"面试官\",\"text\":\"那接口里会涉及权限相关吗？\"},{\"speaker\":\"学生\",\"text\":\"有。权限校验在后端服务层完成，通过后再进入Agent层。敏感数据在进入Agent前被替换为占位符；Agent生成结构化输出（如QueryPlan）时仅含占位符，不包含真实信息；后续调用前再经后端Validate校验，拼接安全上下文，校验占位符合法性、用户ID、租户ID及操作是否在权限范围内。\"},{\"speaker\":\"面试官\",\"text\":\"比如用户直接口语化提问‘苹果’，你们内部流程会怎么流转？会检索哪些内容？封装的Agent哪些优先检索？最终答案如何组合？\"},{\"speaker\":\"学生\",\"text\":\"我们采用关键词与向量库混合检索，既保证语义相似度，又保障相关性。还会对回答做准确性、上下文召回率、Recall@K等指标判断，达标后才最终输出。\"},{\"speaker\":\"面试官\",\"text\":\"我看你们也对接了WMS，比如WMS接口能查苹果相关信息，你们会调用这个Agent并结合RAG结果返回吗？\"},{\"speaker\":\"学生\",\"text\":\"对，我们会做Agent编排，将RAG检索与Agent调用结合。如果只走RAG不调用Agent，回答可能不够准确。\"},{\"speaker\":\"面试官\",\"text\":\"你们的Graph编排是用原生框架吗？\"},{\"speaker\":\"学生\",\"text\":\"做了些优化，但相关优化不是我负责，因为比较复杂。\"},{\"speaker\":\"面试官\",\"text\":\"你了解LangGraph吗？\"},{\"speaker\":\"学生\",\"text\":\"了解，它分为节点、边和状态。\"},{\"speaker\":\"面试官\",\"text\":\"你们这个项目基本是用Python写的吧？\"},{\"speaker\":\"学生\",\"text\":\"对，Agent部分全部用Python；数据库查询部分用SpringCloud框架。\"},{\"speaker\":\"面试官\",\"text\":\"我看你之前应该是写Java的吧？\"},{\"speaker\":\"学生\",\"text\":\"嗯，对。\"},{\"speaker\":\"面试官\",\"text\":\"你在做这个项目时，碰到过哪些令你印象深刻的难点吗？\"},{\"speaker\":\"学生\",\"text\":\"有。最开始退货政策从15天改为7天无理由退货，但模型始终回复15天。后来发现是因为没加版本和生效时间——旧数据因召回次数高权重更大。加上生效时间与版本权重后，最新入库数据权重最高，问题解决。另一个难点是工具职责混乱：早期Skill增多后调用混乱、准确率下降，后来我们明确每个工具的职责和边界，才改善效果。\"},{\"speaker\":\"面试官\",\"text\":\"扣子、Dify、N8N你有了解过吗？\"},{\"speaker\":\"学生\",\"text\":\"扣子了解，是一种编排平台，类似LangGraph；Dify也了解；N8N不太熟悉。\"},{\"speaker\":\"面试官\",\"text\":\"你觉得扣子和Dify的区别是什么？\"},{\"speaker\":\"学生\",\"text\":\"这个确实不太了解。\"},{\"speaker\":\"面试官\",\"text\":\"你能介绍一下你理解的线程安全和线程不安全吗？\"},{\"speaker\":\"学生\",\"text\":\"线程安全指多个线程操作同一块数据时，不会出现不一致情况，需保证可见性、原子性和有序性。我们主要通过锁（如synchronized、ReentrantLock）和volatile实现——volatile只保证可见性和有序性，不保证原子性，所以一般用锁。\"},{\"speaker\...(truncated)
2026-07-18 20:23:43.190 [http-nio-8080-exec-4] INFO  cn.yanque.common.aop.ControllerLogAspect [guid=749662d3c5d348daa41237fb64db6e27] - 接口开始: uri=/yq-admin/api/interview-reviews/2, httpMethod=GET, controller=InterviewReviewController#detail, args=[{"name":"id","value":2}]
2026-07-18 20:23:43.192 [http-nio-8080-exec-4] INFO  cn.yanque.common.aop.ControllerLogAspect [guid=749662d3c5d348daa41237fb64db6e27] - 接口结束: uri=/yq-admin/api/interview-reviews/2, controller=InterviewReviewController#detail, cost=2ms, result={"code":200,"message":"success","data":{"id":2,"studentId":12,"studentName":"去去去","studentCode":"XS20260527544266","interviewTime":"Sat Jul 18 16:29:47 CST 2026","audioObjectKey":"homework/interview-review/2026/07/18/去去去/8e6fb56b-fb81-45fe-9f31-2884f4b2b854-面试.m4a","audioFileName":"面试.m4a","audioFileSize":27745126,"status":"DONE","transcriptDialogueJson":"[{\"speaker\":\"面试官\",\"text\":\"喂喂喂，你好你好。\"},{\"speaker\":\"学生\",\"text\":\"嗯哎，可以听到吧？\"},{\"speaker\":\"面试官\",\"text\":\"可以听到可以听到。\"},{\"speaker\":\"面试官\",\"text\":\"喂可以听到吧？\"},{\"speaker\":\"学生\",\"text\":\"可以可以可以。\"},{\"speaker\":\"面试官\",\"text\":\"啊，行。我是本轮的面试官，我叫焦玉龙。然后本轮主要是个技术面，就你简历上写的一些过往，我们做一个简单面试。行，那你简单介绍一下自己，我们就开始。\"},{\"speaker\":\"学生\",\"text\":\"好的，我叫胡云涛，24年毕业。毕业之后我就一直在这家公司工作，公司主要是做SaaS供应链开发的，主要涉及跨境电商方向，包括仓储、订单、物流、供应商管理等模块，我主要负责仓储模块。后面我们进行了Agent转型，做了一个智能问答助手，包括基于RAG知识库的问答和智能分析功能。\"},{\"speaker\":\"面试官\",\"text\":\"你们的RAG是怎么做的？\"},{\"speaker\":\"学生\",\"text\":\"我们的RAG分为离线链路和在线链路。离线链路主要做数据筛选：普通文本直接抽取；结构化PDF用OCR提取；表格不存入向量库，而是作为结构化数据存入关系型数据库。之后进行数据清洗与脱敏，再按标题、段落语义及标点符号切分，并做重叠切分以保证语义完整性。切分后使用Embedding模型——普通文本用文本模型，多模态数据用千问2.5-VL模型——生成向量存入向量库，并保存文档来源、版本号等元数据，方便检索。在线链路先对用户问题做快读改写，识别为标准问题后进行意图识别，再路由：若是知识库问答则走RAG检索；若是查询MySQL等关系数据库，则调用后端暴露的接口执行QueryPlan，Agent只负责生成结构化的思考语句，实际执行由后端完成。\"},{\"speaker\":\"面试官\",\"text\":\"你们的上下文会话管理怎么做的？\"},{\"speaker\":\"学生\",\"text\":\"主要分为状态和记忆两部分。状态编排用LangGraph实现；记忆分为短期记忆（工作记忆）和长期记忆：短期记忆用滑动窗口管理，长期记忆对过往对话做压缩摘要。同时保留用户偏好和人物画像，用结构化插槽处理。\"},{\"speaker\":\"面试官\",\"text\":\"你所涉及的提示词有哪些？就在这个项目里面。\"},{\"speaker\":\"学生\",\"text\":\"包括系统提示词、AI回答提示词和用户提示词。我们不会把提示词写得太长，而是职责单一化、标准化，并强调边界感——之前提示词过长繁杂时，效果反而不精准。\"},{\"speaker\":\"面试官\",\"text\":\"就是对接大模型最容易出现幻觉问题，你们针对这些幻觉做过哪些优化？\"},{\"speaker\":\"学生\",\"text\":\"一是RAG检索时，在向量库中为每条文本附上来源、版本号、生效时间等metadata，防止幻觉；二是在Agent编排中加入置信度分析，若置信度不足则不输出，或引导用户补充信息后重试，直到达到设定阈值；三是将temperature设置为较标准值。\"},{\"speaker\":\"面试官\",\"text\":\"你们对接的是哪个模型？\"},{\"speaker\":\"学生\",\"text\":\"主要是千问。\"},{\"speaker\":\"面试官\",\"text\":\"我理解你们是把传统SaaS系统里一些公共模块封装成Agent，供智能助手里调用，是这个意思吧？\"},{\"speaker\":\"学生\",\"text\":\"主要是知识问答和数据库查询，相当于把接口封装成Tool和Skill。\"},{\"speaker\":\"面试官\",\"text\":\"那你们是直接暴露接口，还是告诉模型表名让它自己编写SQL去查询呢？\"},{\"speaker\":\"学生\",\"text\":\"我们暴露接口，封装成Skill，遵循MCP规范。\"},{\"speaker\":\"面试官\",\"text\":\"那接口里会涉及权限相关吗？\"},{\"speaker\":\"学生\",\"text\":\"有。权限校验在后端服务层完成，通过后再进入Agent层。敏感数据在进入Agent前被替换为占位符；Agent生成结构化输出（如QueryPlan）时仅含占位符，不包含真实信息；后续调用前再经后端Validate校验，拼接安全上下文，校验占位符合法性、用户ID、租户ID及操作是否在权限范围内。\"},{\"speaker\":\"面试官\",\"text\":\"比如用户直接口语化提问‘苹果’，你们内部流程会怎么流转？会检索哪些内容？封装的Agent哪些优先检索？最终答案如何组合？\"},{\"speaker\":\"学生\",\"text\":\"我们采用关键词与向量库混合检索，既保证语义相似度，又保障相关性。还会对回答做准确性、上下文召回率、Recall@K等指标判断，达标后才最终输出。\"},{\"speaker\":\"面试官\",\"text\":\"我看你们也对接了WMS，比如WMS接口能查苹果相关信息，你们会调用这个Agent并结合RAG结果返回吗？\"},{\"speaker\":\"学生\",\"text\":\"对，我们会做Agent编排，将RAG检索与Agent调用结合。如果只走RAG不调用Agent，回答可能不够准确。\"},{\"speaker\":\"面试官\",\"text\":\"你们的Graph编排是用原生框架吗？\"},{\"speaker\":\"学生\",\"text\":\"做了些优化，但相关优化不是我负责，因为比较复杂。\"},{\"speaker\":\"面试官\",\"text\":\"你了解LangGraph吗？\"},{\"speaker\":\"学生\",\"text\":\"了解，它分为节点、边和状态。\"},{\"speaker\":\"面试官\",\"text\":\"你们这个项目基本是用Python写的吧？\"},{\"speaker\":\"学生\",\"text\":\"对，Agent部分全部用Python；数据库查询部分用SpringCloud框架。\"},{\"speaker\":\"面试官\",\"text\":\"我看你之前应该是写Java的吧？\"},{\"speaker\":\"学生\",\"text\":\"嗯，对。\"},{\"speaker\":\"面试官\",\"text\":\"你在做这个项目时，碰到过哪些令你印象深刻的难点吗？\"},{\"speaker\":\"学生\",\"text\":\"有。最开始退货政策从15天改为7天无理由退货，但模型始终回复15天。后来发现是因为没加版本和生效时间——旧数据因召回次数高权重更大。加上生效时间与版本权重后，最新入库数据权重最高，问题解决。另一个难点是工具职责混乱：早期Skill增多后调用混乱、准确率下降，后来我们明确每个工具的职责和边界，才改善效果。\"},{\"speaker\":\"面试官\",\"text\":\"扣子、Dify、N8N你有了解过吗？\"},{\"speaker\":\"学生\",\"text\":\"扣子了解，是一种编排平台，类似LangGraph；Dify也了解；N8N不太熟悉。\"},{\"speaker\":\"面试官\",\"text\":\"你觉得扣子和Dify的区别是什么？\"},{\"speaker\":\"学生\",\"text\":\"这个确实不太了解。\"},{\"speaker\":\"面试官\",\"text\":\"你能介绍一下你理解的线程安全和线程不安全吗？\"},{\"speaker\":\"学生\",\"text\":\"线程安全指多个线程操作同一块数据时，不会出现不一致情况，需保证可见性、原子性和有序性。我们主要通过锁（如synchronized、ReentrantLock）和volatile实现——volatile只保证可见性和有序性，不保证原子性，所以一般用锁。\"},{\"speaker\":\"面试官\",\"text\":\"你了解的锁都有哪些？\"},{\"speaker\":...(truncated)
2026-07-18 20:27:22.964 [http-nio-8080-exec-5] INFO  cn.yanque.common.aop.ControllerLogAspect [guid=2a5d2ef12b5d428fa14ee788adccbe0e] - 接口开始: uri=/yq-admin/api/interview-reviews, httpMethod=GET, controller=InterviewReviewController#page, args=[{"name":"req","value":{"pageNum":1,"pageSize":20}}]
2026-07-18 20:27:22.968 [http-nio-8080-exec-5] INFO  cn.yanque.common.aop.ControllerLogAspect [guid=2a5d2ef12b5d428fa14ee788adccbe0e] - 接口结束: uri=/yq-admin/api/interview-reviews, controller=InterviewReviewController#page, cost=4ms, result={"code":200,"message":"success","data":{"total":2,"pageNum":1,"pageSize":20,"records":[{"id":2,"studentId":12,"studentName":"去去去","studentCode":"XS20260527544266","interviewTime":"Sat Jul 18 16:29:47 CST 2026","audioObjectKey":"homework/interview-review/2026/07/18/去去去/8e6fb56b-fb81-45fe-9f31-2884f4b2b854-面试.m4a","audioFileName":"面试.m4a","audioFileSize":27745126,"status":"DONE","transcriptDialogueJson":"[{\"speaker\":\"面试官\",\"text\":\"喂喂喂，你好你好。\"},{\"speaker\":\"学生\",\"text\":\"嗯哎，可以听到吧？\"},{\"speaker\":\"面试官\",\"text\":\"可以听到可以听到。\"},{\"speaker\":\"面试官\",\"text\":\"喂可以听到吧？\"},{\"speaker\":\"学生\",\"text\":\"可以可以可以。\"},{\"speaker\":\"面试官\",\"text\":\"啊，行。我是本轮的面试官，我叫焦玉龙。然后本轮主要是个技术面，就你简历上写的一些过往，我们做一个简单面试。行，那你简单介绍一下自己，我们就开始。\"},{\"speaker\":\"学生\",\"text\":\"好的，我叫胡云涛，24年毕业。毕业之后我就一直在这家公司工作，公司主要是做SaaS供应链开发的，主要涉及跨境电商方向，包括仓储、订单、物流、供应商管理等模块，我主要负责仓储模块。后面我们进行了Agent转型，做了一个智能问答助手，包括基于RAG知识库的问答和智能分析功能。\"},{\"speaker\":\"面试官\",\"text\":\"你们的RAG是怎么做的？\"},{\"speaker\":\"学生\",\"text\":\"我们的RAG分为离线链路和在线链路。离线链路主要做数据筛选：普通文本直接抽取；结构化PDF用OCR提取；表格不存入向量库，而是作为结构化数据存入关系型数据库。之后进行数据清洗与脱敏，再按标题、段落语义及标点符号切分，并做重叠切分以保证语义完整性。切分后使用Embedding模型——普通文本用文本模型，多模态数据用千问2.5-VL模型——生成向量存入向量库，并保存文档来源、版本号等元数据，方便检索。在线链路先对用户问题做快读改写，识别为标准问题后进行意图识别，再路由：若是知识库问答则走RAG检索；若是查询MySQL等关系数据库，则调用后端暴露的接口执行QueryPlan，Agent只负责生成结构化的思考语句，实际执行由后端完成。\"},{\"speaker\":\"面试官\",\"text\":\"你们的上下文会话管理怎么做的？\"},{\"speaker\":\"学生\",\"text\":\"主要分为状态和记忆两部分。状态编排用LangGraph实现；记忆分为短期记忆（工作记忆）和长期记忆：短期记忆用滑动窗口管理，长期记忆对过往对话做压缩摘要。同时保留用户偏好和人物画像，用结构化插槽处理。\"},{\"speaker\":\"面试官\",\"text\":\"你所涉及的提示词有哪些？就在这个项目里面。\"},{\"speaker\":\"学生\",\"text\":\"包括系统提示词、AI回答提示词和用户提示词。我们不会把提示词写得太长，而是职责单一化、标准化，并强调边界感——之前提示词过长繁杂时，效果反而不精准。\"},{\"speaker\":\"面试官\",\"text\":\"就是对接大模型最容易出现幻觉问题，你们针对这些幻觉做过哪些优化？\"},{\"speaker\":\"学生\",\"text\":\"一是RAG检索时，在向量库中为每条文本附上来源、版本号、生效时间等metadata，防止幻觉；二是在Agent编排中加入置信度分析，若置信度不足则不输出，或引导用户补充信息后重试，直到达到设定阈值；三是将temperature设置为较标准值。\"},{\"speaker\":\"面试官\",\"text\":\"你们对接的是哪个模型？\"},{\"speaker\":\"学生\",\"text\":\"主要是千问。\"},{\"speaker\":\"面试官\",\"text\":\"我理解你们是把传统SaaS系统里一些公共模块封装成Agent，供智能助手里调用，是这个意思吧？\"},{\"speaker\":\"学生\",\"text\":\"主要是知识问答和数据库查询，相当于把接口封装成Tool和Skill。\"},{\"speaker\":\"面试官\",\"text\":\"那你们是直接暴露接口，还是告诉模型表名让它自己编写SQL去查询呢？\"},{\"speaker\":\"学生\",\"text\":\"我们暴露接口，封装成Skill，遵循MCP规范。\"},{\"speaker\":\"面试官\",\"text\":\"那接口里会涉及权限相关吗？\"},{\"speaker\":\"学生\",\"text\":\"有。权限校验在后端服务层完成，通过后再进入Agent层。敏感数据在进入Agent前被替换为占位符；Agent生成结构化输出（如QueryPlan）时仅含占位符，不包含真实信息；后续调用前再经后端Validate校验，拼接安全上下文，校验占位符合法性、用户ID、租户ID及操作是否在权限范围内。\"},{\"speaker\":\"面试官\",\"text\":\"比如用户直接口语化提问‘苹果’，你们内部流程会怎么流转？会检索哪些内容？封装的Agent哪些优先检索？最终答案如何组合？\"},{\"speaker\":\"学生\",\"text\":\"我们采用关键词与向量库混合检索，既保证语义相似度，又保障相关性。还会对回答做准确性、上下文召回率、Recall@K等指标判断，达标后才最终输出。\"},{\"speaker\":\"面试官\",\"text\":\"我看你们也对接了WMS，比如WMS接口能查苹果相关信息，你们会调用这个Agent并结合RAG结果返回吗？\"},{\"speaker\":\"学生\",\"text\":\"对，我们会做Agent编排，将RAG检索与Agent调用结合。如果只走RAG不调用Agent，回答可能不够准确。\"},{\"speaker\":\"面试官\",\"text\":\"你们的Graph编排是用原生框架吗？\"},{\"speaker\":\"学生\",\"text\":\"做了些优化，但相关优化不是我负责，因为比较复杂。\"},{\"speaker\":\"面试官\",\"text\":\"你了解LangGraph吗？\"},{\"speaker\":\"学生\",\"text\":\"了解，它分为节点、边和状态。\"},{\"speaker\":\"面试官\",\"text\":\"你们这个项目基本是用Python写的吧？\"},{\"speaker\":\"学生\",\"text\":\"对，Agent部分全部用Python；数据库查询部分用SpringCloud框架。\"},{\"speaker\":\"面试官\",\"text\":\"我看你之前应该是写Java的吧？\"},{\"speaker\":\"学生\",\"text\":\"嗯，对。\"},{\"speaker\":\"面试官\",\"text\":\"你在做这个项目时，碰到过哪些令你印象深刻的难点吗？\"},{\"speaker\":\"学生\",\"text\":\"有。最开始退货政策从15天改为7天无理由退货，但模型始终回复15天。后来发现是因为没加版本和生效时间——旧数据因召回次数高权重更大。加上生效时间与版本权重后，最新入库数据权重最高，问题解决。另一个难点是工具职责混乱：早期Skill增多后调用混乱、准确率下降，后来我们明确每个工具的职责和边界，才改善效果。\"},{\"speaker\":\"面试官\",\"text\":\"扣子、Dify、N8N你有了解过吗？\"},{\"speaker\":\"学生\",\"text\":\"扣子了解，是一种编排平台，类似LangGraph；Dify也了解；N8N不太熟悉。\"},{\"speaker\":\"面试官\",\"text\":\"你觉得扣子和Dify的区别是什么？\"},{\"speaker\":\"学生\",\"text\":\"这个确实不太了解。\"},{\"speaker\":\"面试官\",\"text\":\"你能介绍一下你理解的线程安全和线程不安全吗？\"},{\"speaker\":\"学生\",\"text\":\"线程安全指多个线程操作同一块数据时，不会出现不一致情况，需保证可见性、原子性和有序性。我们主要通过锁（如synchronized、ReentrantLock）和volatile实现——volatile只保证可见性和有序性，不保证原子性，所以一般用锁。\"},{\"speaker\...(truncated)
2026-07-18 20:27:48.871 [http-nio-8080-exec-6] INFO  cn.yanque.common.aop.ControllerLogAspect [guid=4bd2d19ac05444e6b64bf43a58730ed5] - 接口开始: uri=/yq-admin/api/student/interview-reviews, httpMethod=GET, controller=StudentInterviewReviewController#page, args=[{"name":"req","value":{"pageNum":1,"pageSize":50}}]
2026-07-18 20:27:48.876 [http-nio-8080-exec-6] INFO  cn.yanque.common.aop.ControllerLogAspect [guid=4bd2d19ac05444e6b64bf43a58730ed5] - 接口结束: uri=/yq-admin/api/student/interview-reviews, controller=StudentInterviewReviewController#page, cost=4ms, result={"code":200,"message":"success","data":{"total":2,"pageNum":1,"pageSize":50,"records":[{"id":2,"studentId":12,"studentName":"去去去","studentCode":"XS20260527544266","interviewTime":"Sat Jul 18 16:29:47 CST 2026","audioObjectKey":"homework/interview-review/2026/07/18/去去去/8e6fb56b-fb81-45fe-9f31-2884f4b2b854-面试.m4a","audioFileName":"面试.m4a","audioFileSize":27745126,"status":"DONE","transcriptDialogueJson":"[{\"speaker\":\"面试官\",\"text\":\"喂喂喂，你好你好。\"},{\"speaker\":\"学生\",\"text\":\"嗯哎，可以听到吧？\"},{\"speaker\":\"面试官\",\"text\":\"可以听到可以听到。\"},{\"speaker\":\"面试官\",\"text\":\"喂可以听到吧？\"},{\"speaker\":\"学生\",\"text\":\"可以可以可以。\"},{\"speaker\":\"面试官\",\"text\":\"啊，行。我是本轮的面试官，我叫焦玉龙。然后本轮主要是个技术面，就你简历上写的一些过往，我们做一个简单面试。行，那你简单介绍一下自己，我们就开始。\"},{\"speaker\":\"学生\",\"text\":\"好的，我叫胡云涛，24年毕业。毕业之后我就一直在这家公司工作，公司主要是做SaaS供应链开发的，主要涉及跨境电商方向，包括仓储、订单、物流、供应商管理等模块，我主要负责仓储模块。后面我们进行了Agent转型，做了一个智能问答助手，包括基于RAG知识库的问答和智能分析功能。\"},{\"speaker\":\"面试官\",\"text\":\"你们的RAG是怎么做的？\"},{\"speaker\":\"学生\",\"text\":\"我们的RAG分为离线链路和在线链路。离线链路主要做数据筛选：普通文本直接抽取；结构化PDF用OCR提取；表格不存入向量库，而是作为结构化数据存入关系型数据库。之后进行数据清洗与脱敏，再按标题、段落语义及标点符号切分，并做重叠切分以保证语义完整性。切分后使用Embedding模型——普通文本用文本模型，多模态数据用千问2.5-VL模型——生成向量存入向量库，并保存文档来源、版本号等元数据，方便检索。在线链路先对用户问题做快读改写，识别为标准问题后进行意图识别，再路由：若是知识库问答则走RAG检索；若是查询MySQL等关系数据库，则调用后端暴露的接口执行QueryPlan，Agent只负责生成结构化的思考语句，实际执行由后端完成。\"},{\"speaker\":\"面试官\",\"text\":\"你们的上下文会话管理怎么做的？\"},{\"speaker\":\"学生\",\"text\":\"主要分为状态和记忆两部分。状态编排用LangGraph实现；记忆分为短期记忆（工作记忆）和长期记忆：短期记忆用滑动窗口管理，长期记忆对过往对话做压缩摘要。同时保留用户偏好和人物画像，用结构化插槽处理。\"},{\"speaker\":\"面试官\",\"text\":\"你所涉及的提示词有哪些？就在这个项目里面。\"},{\"speaker\":\"学生\",\"text\":\"包括系统提示词、AI回答提示词和用户提示词。我们不会把提示词写得太长，而是职责单一化、标准化，并强调边界感——之前提示词过长繁杂时，效果反而不精准。\"},{\"speaker\":\"面试官\",\"text\":\"就是对接大模型最容易出现幻觉问题，你们针对这些幻觉做过哪些优化？\"},{\"speaker\":\"学生\",\"text\":\"一是RAG检索时，在向量库中为每条文本附上来源、版本号、生效时间等metadata，防止幻觉；二是在Agent编排中加入置信度分析，若置信度不足则不输出，或引导用户补充信息后重试，直到达到设定阈值；三是将temperature设置为较标准值。\"},{\"speaker\":\"面试官\",\"text\":\"你们对接的是哪个模型？\"},{\"speaker\":\"学生\",\"text\":\"主要是千问。\"},{\"speaker\":\"面试官\",\"text\":\"我理解你们是把传统SaaS系统里一些公共模块封装成Agent，供智能助手里调用，是这个意思吧？\"},{\"speaker\":\"学生\",\"text\":\"主要是知识问答和数据库查询，相当于把接口封装成Tool和Skill。\"},{\"speaker\":\"面试官\",\"text\":\"那你们是直接暴露接口，还是告诉模型表名让它自己编写SQL去查询呢？\"},{\"speaker\":\"学生\",\"text\":\"我们暴露接口，封装成Skill，遵循MCP规范。\"},{\"speaker\":\"面试官\",\"text\":\"那接口里会涉及权限相关吗？\"},{\"speaker\":\"学生\",\"text\":\"有。权限校验在后端服务层完成，通过后再进入Agent层。敏感数据在进入Agent前被替换为占位符；Agent生成结构化输出（如QueryPlan）时仅含占位符，不包含真实信息；后续调用前再经后端Validate校验，拼接安全上下文，校验占位符合法性、用户ID、租户ID及操作是否在权限范围内。\"},{\"speaker\":\"面试官\",\"text\":\"比如用户直接口语化提问‘苹果’，你们内部流程会怎么流转？会检索哪些内容？封装的Agent哪些优先检索？最终答案如何组合？\"},{\"speaker\":\"学生\",\"text\":\"我们采用关键词与向量库混合检索，既保证语义相似度，又保障相关性。还会对回答做准确性、上下文召回率、Recall@K等指标判断，达标后才最终输出。\"},{\"speaker\":\"面试官\",\"text\":\"我看你们也对接了WMS，比如WMS接口能查苹果相关信息，你们会调用这个Agent并结合RAG结果返回吗？\"},{\"speaker\":\"学生\",\"text\":\"对，我们会做Agent编排，将RAG检索与Agent调用结合。如果只走RAG不调用Agent，回答可能不够准确。\"},{\"speaker\":\"面试官\",\"text\":\"你们的Graph编排是用原生框架吗？\"},{\"speaker\":\"学生\",\"text\":\"做了些优化，但相关优化不是我负责，因为比较复杂。\"},{\"speaker\":\"面试官\",\"text\":\"你了解LangGraph吗？\"},{\"speaker\":\"学生\",\"text\":\"了解，它分为节点、边和状态。\"},{\"speaker\":\"面试官\",\"text\":\"你们这个项目基本是用Python写的吧？\"},{\"speaker\":\"学生\",\"text\":\"对，Agent部分全部用Python；数据库查询部分用SpringCloud框架。\"},{\"speaker\":\"面试官\",\"text\":\"我看你之前应该是写Java的吧？\"},{\"speaker\":\"学生\",\"text\":\"嗯，对。\"},{\"speaker\":\"面试官\",\"text\":\"你在做这个项目时，碰到过哪些令你印象深刻的难点吗？\"},{\"speaker\":\"学生\",\"text\":\"有。最开始退货政策从15天改为7天无理由退货，但模型始终回复15天。后来发现是因为没加版本和生效时间——旧数据因召回次数高权重更大。加上生效时间与版本权重后，最新入库数据权重最高，问题解决。另一个难点是工具职责混乱：早期Skill增多后调用混乱、准确率下降，后来我们明确每个工具的职责和边界，才改善效果。\"},{\"speaker\":\"面试官\",\"text\":\"扣子、Dify、N8N你有了解过吗？\"},{\"speaker\":\"学生\",\"text\":\"扣子了解，是一种编排平台，类似LangGraph；Dify也了解；N8N不太熟悉。\"},{\"speaker\":\"面试官\",\"text\":\"你觉得扣子和Dify的区别是什么？\"},{\"speaker\":\"学生\",\"text\":\"这个确实不太了解。\"},{\"speaker\":\"面试官\",\"text\":\"你能介绍一下你理解的线程安全和线程不安全吗？\"},{\"speaker\":\"学生\",\"text\":\"线程安全指多个线程操作同一块数据时，不会出现不一致情况，需保证可见性、原子性和有序性。我们主要通过锁（如synchronized、ReentrantLock）和volatile实现——volatile只保证可见性和有序性，不保证原子性，所以一般用锁。\"},{\"speaker\...(truncated)
2026-07-18 20:28:19.537 [http-nio-8080-exec-7] INFO  cn.yanque.common.aop.ControllerLogAspect [guid=494146f79c474153bc6a551799a28acb] - 接口开始: uri=/yq-admin/api/interview-reviews/2, httpMethod=GET, controller=InterviewReviewController#detail, args=[{"name":"id","value":2}]
2026-07-18 20:28:19.539 [http-nio-8080-exec-7] INFO  cn.yanque.common.aop.ControllerLogAspect [guid=494146f79c474153bc6a551799a28acb] - 接口结束: uri=/yq-admin/api/interview-reviews/2, controller=InterviewReviewController#detail, cost=2ms, result={"code":200,"message":"success","data":{"id":2,"studentId":12,"studentName":"去去去","studentCode":"XS20260527544266","interviewTime":"Sat Jul 18 16:29:47 CST 2026","audioObjectKey":"homework/interview-review/2026/07/18/去去去/8e6fb56b-fb81-45fe-9f31-2884f4b2b854-面试.m4a","audioFileName":"面试.m4a","audioFileSize":27745126,"status":"DONE","transcriptDialogueJson":"[{\"speaker\":\"面试官\",\"text\":\"喂喂喂，你好你好。\"},{\"speaker\":\"学生\",\"text\":\"嗯哎，可以听到吧？\"},{\"speaker\":\"面试官\",\"text\":\"可以听到可以听到。\"},{\"speaker\":\"面试官\",\"text\":\"喂可以听到吧？\"},{\"speaker\":\"学生\",\"text\":\"可以可以可以。\"},{\"speaker\":\"面试官\",\"text\":\"啊，行。我是本轮的面试官，我叫焦玉龙。然后本轮主要是个技术面，就你简历上写的一些过往，我们做一个简单面试。行，那你简单介绍一下自己，我们就开始。\"},{\"speaker\":\"学生\",\"text\":\"好的，我叫胡云涛，24年毕业。毕业之后我就一直在这家公司工作，公司主要是做SaaS供应链开发的，主要涉及跨境电商方向，包括仓储、订单、物流、供应商管理等模块，我主要负责仓储模块。后面我们进行了Agent转型，做了一个智能问答助手，包括基于RAG知识库的问答和智能分析功能。\"},{\"speaker\":\"面试官\",\"text\":\"你们的RAG是怎么做的？\"},{\"speaker\":\"学生\",\"text\":\"我们的RAG分为离线链路和在线链路。离线链路主要做数据筛选：普通文本直接抽取；结构化PDF用OCR提取；表格不存入向量库，而是作为结构化数据存入关系型数据库。之后进行数据清洗与脱敏，再按标题、段落语义及标点符号切分，并做重叠切分以保证语义完整性。切分后使用Embedding模型——普通文本用文本模型，多模态数据用千问2.5-VL模型——生成向量存入向量库，并保存文档来源、版本号等元数据，方便检索。在线链路先对用户问题做快读改写，识别为标准问题后进行意图识别，再路由：若是知识库问答则走RAG检索；若是查询MySQL等关系数据库，则调用后端暴露的接口执行QueryPlan，Agent只负责生成结构化的思考语句，实际执行由后端完成。\"},{\"speaker\":\"面试官\",\"text\":\"你们的上下文会话管理怎么做的？\"},{\"speaker\":\"学生\",\"text\":\"主要分为状态和记忆两部分。状态编排用LangGraph实现；记忆分为短期记忆（工作记忆）和长期记忆：短期记忆用滑动窗口管理，长期记忆对过往对话做压缩摘要。同时保留用户偏好和人物画像，用结构化插槽处理。\"},{\"speaker\":\"面试官\",\"text\":\"你所涉及的提示词有哪些？就在这个项目里面。\"},{\"speaker\":\"学生\",\"text\":\"包括系统提示词、AI回答提示词和用户提示词。我们不会把提示词写得太长，而是职责单一化、标准化，并强调边界感——之前提示词过长繁杂时，效果反而不精准。\"},{\"speaker\":\"面试官\",\"text\":\"就是对接大模型最容易出现幻觉问题，你们针对这些幻觉做过哪些优化？\"},{\"speaker\":\"学生\",\"text\":\"一是RAG检索时，在向量库中为每条文本附上来源、版本号、生效时间等metadata，防止幻觉；二是在Agent编排中加入置信度分析，若置信度不足则不输出，或引导用户补充信息后重试，直到达到设定阈值；三是将temperature设置为较标准值。\"},{\"speaker\":\"面试官\",\"text\":\"你们对接的是哪个模型？\"},{\"speaker\":\"学生\",\"text\":\"主要是千问。\"},{\"speaker\":\"面试官\",\"text\":\"我理解你们是把传统SaaS系统里一些公共模块封装成Agent，供智能助手里调用，是这个意思吧？\"},{\"speaker\":\"学生\",\"text\":\"主要是知识问答和数据库查询，相当于把接口封装成Tool和Skill。\"},{\"speaker\":\"面试官\",\"text\":\"那你们是直接暴露接口，还是告诉模型表名让它自己编写SQL去查询呢？\"},{\"speaker\":\"学生\",\"text\":\"我们暴露接口，封装成Skill，遵循MCP规范。\"},{\"speaker\":\"面试官\",\"text\":\"那接口里会涉及权限相关吗？\"},{\"speaker\":\"学生\",\"text\":\"有。权限校验在后端服务层完成，通过后再进入Agent层。敏感数据在进入Agent前被替换为占位符；Agent生成结构化输出（如QueryPlan）时仅含占位符，不包含真实信息；后续调用前再经后端Validate校验，拼接安全上下文，校验占位符合法性、用户ID、租户ID及操作是否在权限范围内。\"},{\"speaker\":\"面试官\",\"text\":\"比如用户直接口语化提问‘苹果’，你们内部流程会怎么流转？会检索哪些内容？封装的Agent哪些优先检索？最终答案如何组合？\"},{\"speaker\":\"学生\",\"text\":\"我们采用关键词与向量库混合检索，既保证语义相似度，又保障相关性。还会对回答做准确性、上下文召回率、Recall@K等指标判断，达标后才最终输出。\"},{\"speaker\":\"面试官\",\"text\":\"我看你们也对接了WMS，比如WMS接口能查苹果相关信息，你们会调用这个Agent并结合RAG结果返回吗？\"},{\"speaker\":\"学生\",\"text\":\"对，我们会做Agent编排，将RAG检索与Agent调用结合。如果只走RAG不调用Agent，回答可能不够准确。\"},{\"speaker\":\"面试官\",\"text\":\"你们的Graph编排是用原生框架吗？\"},{\"speaker\":\"学生\",\"text\":\"做了些优化，但相关优化不是我负责，因为比较复杂。\"},{\"speaker\":\"面试官\",\"text\":\"你了解LangGraph吗？\"},{\"speaker\":\"学生\",\"text\":\"了解，它分为节点、边和状态。\"},{\"speaker\":\"面试官\",\"text\":\"你们这个项目基本是用Python写的吧？\"},{\"speaker\":\"学生\",\"text\":\"对，Agent部分全部用Python；数据库查询部分用SpringCloud框架。\"},{\"speaker\":\"面试官\",\"text\":\"我看你之前应该是写Java的吧？\"},{\"speaker\":\"学生\",\"text\":\"嗯，对。\"},{\"speaker\":\"面试官\",\"text\":\"你在做这个项目时，碰到过哪些令你印象深刻的难点吗？\"},{\"speaker\":\"学生\",\"text\":\"有。最开始退货政策从15天改为7天无理由退货，但模型始终回复15天。后来发现是因为没加版本和生效时间——旧数据因召回次数高权重更大。加上生效时间与版本权重后，最新入库数据权重最高，问题解决。另一个难点是工具职责混乱：早期Skill增多后调用混乱、准确率下降，后来我们明确每个工具的职责和边界，才改善效果。\"},{\"speaker\":\"面试官\",\"text\":\"扣子、Dify、N8N你有了解过吗？\"},{\"speaker\":\"学生\",\"text\":\"扣子了解，是一种编排平台，类似LangGraph；Dify也了解；N8N不太熟悉。\"},{\"speaker\":\"面试官\",\"text\":\"你觉得扣子和Dify的区别是什么？\"},{\"speaker\":\"学生\",\"text\":\"这个确实不太了解。\"},{\"speaker\":\"面试官\",\"text\":\"你能介绍一下你理解的线程安全和线程不安全吗？\"},{\"speaker\":\"学生\",\"text\":\"线程安全指多个线程操作同一块数据时，不会出现不一致情况，需保证可见性、原子性和有序性。我们主要通过锁（如synchronized、ReentrantLock）和volatile实现——volatile只保证可见性和有序性，不保证原子性，所以一般用锁。\"},{\"speaker\":\"面试官\",\"text\":\"你了解的锁都有哪些？\"},{\"speaker\":...(truncated)
2026-07-18 20:30:38.068 [http-nio-8080-exec-8] INFO  cn.yanque.common.aop.ControllerLogAspect [guid=e04d2d64e2e341df9629104a475541f5] - 接口开始: uri=/yq-admin/api/interview-reviews, httpMethod=GET, controller=InterviewReviewController#page, args=[{"name":"req","value":{"pageNum":1,"pageSize":20}}]
2026-07-18 20:30:38.074 [http-nio-8080-exec-8] INFO  cn.yanque.common.aop.ControllerLogAspect [guid=e04d2d64e2e341df9629104a475541f5] - 接口结束: uri=/yq-admin/api/interview-reviews, controller=InterviewReviewController#page, cost=6ms, result={"code":200,"message":"success","data":{"total":2,"pageNum":1,"pageSize":20,"records":[{"id":2,"studentId":12,"studentName":"去去去","studentCode":"XS20260527544266","interviewTime":"Sat Jul 18 16:29:47 CST 2026","audioObjectKey":"homework/interview-review/2026/07/18/去去去/8e6fb56b-fb81-45fe-9f31-2884f4b2b854-面试.m4a","audioFileName":"面试.m4a","audioFileSize":27745126,"status":"DONE","transcriptDialogueJson":"[{\"speaker\":\"面试官\",\"text\":\"喂喂喂，你好你好。\"},{\"speaker\":\"学生\",\"text\":\"嗯哎，可以听到吧？\"},{\"speaker\":\"面试官\",\"text\":\"可以听到可以听到。\"},{\"speaker\":\"面试官\",\"text\":\"喂可以听到吧？\"},{\"speaker\":\"学生\",\"text\":\"可以可以可以。\"},{\"speaker\":\"面试官\",\"text\":\"啊，行。我是本轮的面试官，我叫焦玉龙。然后本轮主要是个技术面，就你简历上写的一些过往，我们做一个简单面试。行，那你简单介绍一下自己，我们就开始。\"},{\"speaker\":\"学生\",\"text\":\"好的，我叫胡云涛，24年毕业。毕业之后我就一直在这家公司工作，公司主要是做SaaS供应链开发的，主要涉及跨境电商方向，包括仓储、订单、物流、供应商管理等模块，我主要负责仓储模块。后面我们进行了Agent转型，做了一个智能问答助手，包括基于RAG知识库的问答和智能分析功能。\"},{\"speaker\":\"面试官\",\"text\":\"你们的RAG是怎么做的？\"},{\"speaker\":\"学生\",\"text\":\"我们的RAG分为离线链路和在线链路。离线链路主要做数据筛选：普通文本直接抽取；结构化PDF用OCR提取；表格不存入向量库，而是作为结构化数据存入关系型数据库。之后进行数据清洗与脱敏，再按标题、段落语义及标点符号切分，并做重叠切分以保证语义完整性。切分后使用Embedding模型——普通文本用文本模型，多模态数据用千问2.5-VL模型——生成向量存入向量库，并保存文档来源、版本号等元数据，方便检索。在线链路先对用户问题做快读改写，识别为标准问题后进行意图识别，再路由：若是知识库问答则走RAG检索；若是查询MySQL等关系数据库，则调用后端暴露的接口执行QueryPlan，Agent只负责生成结构化的思考语句，实际执行由后端完成。\"},{\"speaker\":\"面试官\",\"text\":\"你们的上下文会话管理怎么做的？\"},{\"speaker\":\"学生\",\"text\":\"主要分为状态和记忆两部分。状态编排用LangGraph实现；记忆分为短期记忆（工作记忆）和长期记忆：短期记忆用滑动窗口管理，长期记忆对过往对话做压缩摘要。同时保留用户偏好和人物画像，用结构化插槽处理。\"},{\"speaker\":\"面试官\",\"text\":\"你所涉及的提示词有哪些？就在这个项目里面。\"},{\"speaker\":\"学生\",\"text\":\"包括系统提示词、AI回答提示词和用户提示词。我们不会把提示词写得太长，而是职责单一化、标准化，并强调边界感——之前提示词过长繁杂时，效果反而不精准。\"},{\"speaker\":\"面试官\",\"text\":\"就是对接大模型最容易出现幻觉问题，你们针对这些幻觉做过哪些优化？\"},{\"speaker\":\"学生\",\"text\":\"一是RAG检索时，在向量库中为每条文本附上来源、版本号、生效时间等metadata，防止幻觉；二是在Agent编排中加入置信度分析，若置信度不足则不输出，或引导用户补充信息后重试，直到达到设定阈值；三是将temperature设置为较标准值。\"},{\"speaker\":\"面试官\",\"text\":\"你们对接的是哪个模型？\"},{\"speaker\":\"学生\",\"text\":\"主要是千问。\"},{\"speaker\":\"面试官\",\"text\":\"我理解你们是把传统SaaS系统里一些公共模块封装成Agent，供智能助手里调用，是这个意思吧？\"},{\"speaker\":\"学生\",\"text\":\"主要是知识问答和数据库查询，相当于把接口封装成Tool和Skill。\"},{\"speaker\":\"面试官\",\"text\":\"那你们是直接暴露接口，还是告诉模型表名让它自己编写SQL去查询呢？\"},{\"speaker\":\"学生\",\"text\":\"我们暴露接口，封装成Skill，遵循MCP规范。\"},{\"speaker\":\"面试官\",\"text\":\"那接口里会涉及权限相关吗？\"},{\"speaker\":\"学生\",\"text\":\"有。权限校验在后端服务层完成，通过后再进入Agent层。敏感数据在进入Agent前被替换为占位符；Agent生成结构化输出（如QueryPlan）时仅含占位符，不包含真实信息；后续调用前再经后端Validate校验，拼接安全上下文，校验占位符合法性、用户ID、租户ID及操作是否在权限范围内。\"},{\"speaker\":\"面试官\",\"text\":\"比如用户直接口语化提问‘苹果’，你们内部流程会怎么流转？会检索哪些内容？封装的Agent哪些优先检索？最终答案如何组合？\"},{\"speaker\":\"学生\",\"text\":\"我们采用关键词与向量库混合检索，既保证语义相似度，又保障相关性。还会对回答做准确性、上下文召回率、Recall@K等指标判断，达标后才最终输出。\"},{\"speaker\":\"面试官\",\"text\":\"我看你们也对接了WMS，比如WMS接口能查苹果相关信息，你们会调用这个Agent并结合RAG结果返回吗？\"},{\"speaker\":\"学生\",\"text\":\"对，我们会做Agent编排，将RAG检索与Agent调用结合。如果只走RAG不调用Agent，回答可能不够准确。\"},{\"speaker\":\"面试官\",\"text\":\"你们的Graph编排是用原生框架吗？\"},{\"speaker\":\"学生\",\"text\":\"做了些优化，但相关优化不是我负责，因为比较复杂。\"},{\"speaker\":\"面试官\",\"text\":\"你了解LangGraph吗？\"},{\"speaker\":\"学生\",\"text\":\"了解，它分为节点、边和状态。\"},{\"speaker\":\"面试官\",\"text\":\"你们这个项目基本是用Python写的吧？\"},{\"speaker\":\"学生\",\"text\":\"对，Agent部分全部用Python；数据库查询部分用SpringCloud框架。\"},{\"speaker\":\"面试官\",\"text\":\"我看你之前应该是写Java的吧？\"},{\"speaker\":\"学生\",\"text\":\"嗯，对。\"},{\"speaker\":\"面试官\",\"text\":\"你在做这个项目时，碰到过哪些令你印象深刻的难点吗？\"},{\"speaker\":\"学生\",\"text\":\"有。最开始退货政策从15天改为7天无理由退货，但模型始终回复15天。后来发现是因为没加版本和生效时间——旧数据因召回次数高权重更大。加上生效时间与版本权重后，最新入库数据权重最高，问题解决。另一个难点是工具职责混乱：早期Skill增多后调用混乱、准确率下降，后来我们明确每个工具的职责和边界，才改善效果。\"},{\"speaker\":\"面试官\",\"text\":\"扣子、Dify、N8N你有了解过吗？\"},{\"speaker\":\"学生\",\"text\":\"扣子了解，是一种编排平台，类似LangGraph；Dify也了解；N8N不太熟悉。\"},{\"speaker\":\"面试官\",\"text\":\"你觉得扣子和Dify的区别是什么？\"},{\"speaker\":\"学生\",\"text\":\"这个确实不太了解。\"},{\"speaker\":\"面试官\",\"text\":\"你能介绍一下你理解的线程安全和线程不安全吗？\"},{\"speaker\":\"学生\",\"text\":\"线程安全指多个线程操作同一块数据时，不会出现不一致情况，需保证可见性、原子性和有序性。我们主要通过锁（如synchronized、ReentrantLock）和volatile实现——volatile只保证可见性和有序性，不保证原子性，所以一般用锁。\"},{\"speaker\...(truncated)
2026-07-18 20:30:38.860 [http-nio-8080-exec-9] INFO  cn.yanque.common.aop.ControllerLogAspect [guid=8a00ec6dd12b408b9f5a39996cf88e59] - 接口开始: uri=/yq-admin/api/student/interview-reviews, httpMethod=GET, controller=StudentInterviewReviewController#page, args=[{"name":"req","value":{"pageNum":1,"pageSize":50}}]
2026-07-18 20:30:38.864 [http-nio-8080-exec-9] INFO  cn.yanque.common.aop.ControllerLogAspect [guid=8a00ec6dd12b408b9f5a39996cf88e59] - 接口结束: uri=/yq-admin/api/student/interview-reviews, controller=StudentInterviewReviewController#page, cost=4ms, result={"code":200,"message":"success","data":{"total":2,"pageNum":1,"pageSize":50,"records":[{"id":2,"studentId":12,"studentName":"去去去","studentCode":"XS20260527544266","interviewTime":"Sat Jul 18 16:29:47 CST 2026","audioObjectKey":"homework/interview-review/2026/07/18/去去去/8e6fb56b-fb81-45fe-9f31-2884f4b2b854-面试.m4a","audioFileName":"面试.m4a","audioFileSize":27745126,"status":"DONE","transcriptDialogueJson":"[{\"speaker\":\"面试官\",\"text\":\"喂喂喂，你好你好。\"},{\"speaker\":\"学生\",\"text\":\"嗯哎，可以听到吧？\"},{\"speaker\":\"面试官\",\"text\":\"可以听到可以听到。\"},{\"speaker\":\"面试官\",\"text\":\"喂可以听到吧？\"},{\"speaker\":\"学生\",\"text\":\"可以可以可以。\"},{\"speaker\":\"面试官\",\"text\":\"啊，行。我是本轮的面试官，我叫焦玉龙。然后本轮主要是个技术面，就你简历上写的一些过往，我们做一个简单面试。行，那你简单介绍一下自己，我们就开始。\"},{\"speaker\":\"学生\",\"text\":\"好的，我叫胡云涛，24年毕业。毕业之后我就一直在这家公司工作，公司主要是做SaaS供应链开发的，主要涉及跨境电商方向，包括仓储、订单、物流、供应商管理等模块，我主要负责仓储模块。后面我们进行了Agent转型，做了一个智能问答助手，包括基于RAG知识库的问答和智能分析功能。\"},{\"speaker\":\"面试官\",\"text\":\"你们的RAG是怎么做的？\"},{\"speaker\":\"学生\",\"text\":\"我们的RAG分为离线链路和在线链路。离线链路主要做数据筛选：普通文本直接抽取；结构化PDF用OCR提取；表格不存入向量库，而是作为结构化数据存入关系型数据库。之后进行数据清洗与脱敏，再按标题、段落语义及标点符号切分，并做重叠切分以保证语义完整性。切分后使用Embedding模型——普通文本用文本模型，多模态数据用千问2.5-VL模型——生成向量存入向量库，并保存文档来源、版本号等元数据，方便检索。在线链路先对用户问题做快读改写，识别为标准问题后进行意图识别，再路由：若是知识库问答则走RAG检索；若是查询MySQL等关系数据库，则调用后端暴露的接口执行QueryPlan，Agent只负责生成结构化的思考语句，实际执行由后端完成。\"},{\"speaker\":\"面试官\",\"text\":\"你们的上下文会话管理怎么做的？\"},{\"speaker\":\"学生\",\"text\":\"主要分为状态和记忆两部分。状态编排用LangGraph实现；记忆分为短期记忆（工作记忆）和长期记忆：短期记忆用滑动窗口管理，长期记忆对过往对话做压缩摘要。同时保留用户偏好和人物画像，用结构化插槽处理。\"},{\"speaker\":\"面试官\",\"text\":\"你所涉及的提示词有哪些？就在这个项目里面。\"},{\"speaker\":\"学生\",\"text\":\"包括系统提示词、AI回答提示词和用户提示词。我们不会把提示词写得太长，而是职责单一化、标准化，并强调边界感——之前提示词过长繁杂时，效果反而不精准。\"},{\"speaker\":\"面试官\",\"text\":\"就是对接大模型最容易出现幻觉问题，你们针对这些幻觉做过哪些优化？\"},{\"speaker\":\"学生\",\"text\":\"一是RAG检索时，在向量库中为每条文本附上来源、版本号、生效时间等metadata，防止幻觉；二是在Agent编排中加入置信度分析，若置信度不足则不输出，或引导用户补充信息后重试，直到达到设定阈值；三是将temperature设置为较标准值。\"},{\"speaker\":\"面试官\",\"text\":\"你们对接的是哪个模型？\"},{\"speaker\":\"学生\",\"text\":\"主要是千问。\"},{\"speaker\":\"面试官\",\"text\":\"我理解你们是把传统SaaS系统里一些公共模块封装成Agent，供智能助手里调用，是这个意思吧？\"},{\"speaker\":\"学生\",\"text\":\"主要是知识问答和数据库查询，相当于把接口封装成Tool和Skill。\"},{\"speaker\":\"面试官\",\"text\":\"那你们是直接暴露接口，还是告诉模型表名让它自己编写SQL去查询呢？\"},{\"speaker\":\"学生\",\"text\":\"我们暴露接口，封装成Skill，遵循MCP规范。\"},{\"speaker\":\"面试官\",\"text\":\"那接口里会涉及权限相关吗？\"},{\"speaker\":\"学生\",\"text\":\"有。权限校验在后端服务层完成，通过后再进入Agent层。敏感数据在进入Agent前被替换为占位符；Agent生成结构化输出（如QueryPlan）时仅含占位符，不包含真实信息；后续调用前再经后端Validate校验，拼接安全上下文，校验占位符合法性、用户ID、租户ID及操作是否在权限范围内。\"},{\"speaker\":\"面试官\",\"text\":\"比如用户直接口语化提问‘苹果’，你们内部流程会怎么流转？会检索哪些内容？封装的Agent哪些优先检索？最终答案如何组合？\"},{\"speaker\":\"学生\",\"text\":\"我们采用关键词与向量库混合检索，既保证语义相似度，又保障相关性。还会对回答做准确性、上下文召回率、Recall@K等指标判断，达标后才最终输出。\"},{\"speaker\":\"面试官\",\"text\":\"我看你们也对接了WMS，比如WMS接口能查苹果相关信息，你们会调用这个Agent并结合RAG结果返回吗？\"},{\"speaker\":\"学生\",\"text\":\"对，我们会做Agent编排，将RAG检索与Agent调用结合。如果只走RAG不调用Agent，回答可能不够准确。\"},{\"speaker\":\"面试官\",\"text\":\"你们的Graph编排是用原生框架吗？\"},{\"speaker\":\"学生\",\"text\":\"做了些优化，但相关优化不是我负责，因为比较复杂。\"},{\"speaker\":\"面试官\",\"text\":\"你了解LangGraph吗？\"},{\"speaker\":\"学生\",\"text\":\"了解，它分为节点、边和状态。\"},{\"speaker\":\"面试官\",\"text\":\"你们这个项目基本是用Python写的吧？\"},{\"speaker\":\"学生\",\"text\":\"对，Agent部分全部用Python；数据库查询部分用SpringCloud框架。\"},{\"speaker\":\"面试官\",\"text\":\"我看你之前应该是写Java的吧？\"},{\"speaker\":\"学生\",\"text\":\"嗯，对。\"},{\"speaker\":\"面试官\",\"text\":\"你在做这个项目时，碰到过哪些令你印象深刻的难点吗？\"},{\"speaker\":\"学生\",\"text\":\"有。最开始退货政策从15天改为7天无理由退货，但模型始终回复15天。后来发现是因为没加版本和生效时间——旧数据因召回次数高权重更大。加上生效时间与版本权重后，最新入库数据权重最高，问题解决。另一个难点是工具职责混乱：早期Skill增多后调用混乱、准确率下降，后来我们明确每个工具的职责和边界，才改善效果。\"},{\"speaker\":\"面试官\",\"text\":\"扣子、Dify、N8N你有了解过吗？\"},{\"speaker\":\"学生\",\"text\":\"扣子了解，是一种编排平台，类似LangGraph；Dify也了解；N8N不太熟悉。\"},{\"speaker\":\"面试官\",\"text\":\"你觉得扣子和Dify的区别是什么？\"},{\"speaker\":\"学生\",\"text\":\"这个确实不太了解。\"},{\"speaker\":\"面试官\",\"text\":\"你能介绍一下你理解的线程安全和线程不安全吗？\"},{\"speaker\":\"学生\",\"text\":\"线程安全指多个线程操作同一块数据时，不会出现不一致情况，需保证可见性、原子性和有序性。我们主要通过锁（如synchronized、ReentrantLock）和volatile实现——volatile只保证可见性和有序性，不保证原子性，所以一般用锁。\"},{\"speaker\...(truncated)
2026-07-18 20:33:38.500 [http-nio-8080-exec-10] INFO  cn.yanque.common.aop.ControllerLogAspect [guid=5bfb35ecfcb64b0e8c4ec1facc533a4a] - 接口开始: uri=/yq-admin/api/interview-reviews, httpMethod=GET, controller=InterviewReviewController#page, args=[{"name":"req","value":{"pageNum":1,"pageSize":20}}]
2026-07-18 20:33:38.511 [http-nio-8080-exec-10] INFO  cn.yanque.common.aop.ControllerLogAspect [guid=5bfb35ecfcb64b0e8c4ec1facc533a4a] - 接口结束: uri=/yq-admin/api/interview-reviews, controller=InterviewReviewController#page, cost=10ms, result={"code":200,"message":"success","data":{"total":2,"pageNum":1,"pageSize":20,"records":[{"id":2,"studentId":12,"studentName":"去去去","studentCode":"XS20260527544266","interviewTime":"Sat Jul 18 16:29:47 CST 2026","audioObjectKey":"homework/interview-review/2026/07/18/去去去/8e6fb56b-fb81-45fe-9f31-2884f4b2b854-面试.m4a","audioFileName":"面试.m4a","audioFileSize":27745126,"status":"DONE","transcriptDialogueJson":"[{\"speaker\":\"面试官\",\"text\":\"喂喂喂，你好你好。\"},{\"speaker\":\"学生\",\"text\":\"嗯哎，可以听到吧？\"},{\"speaker\":\"面试官\",\"text\":\"可以听到可以听到。\"},{\"speaker\":\"面试官\",\"text\":\"喂可以听到吧？\"},{\"speaker\":\"学生\",\"text\":\"可以可以可以。\"},{\"speaker\":\"面试官\",\"text\":\"啊，行。我是本轮的面试官，我叫焦玉龙。然后本轮主要是个技术面，就你简历上写的一些过往，我们做一个简单面试。行，那你简单介绍一下自己，我们就开始。\"},{\"speaker\":\"学生\",\"text\":\"好的，我叫胡云涛，24年毕业。毕业之后我就一直在这家公司工作，公司主要是做SaaS供应链开发的，主要涉及跨境电商方向，包括仓储、订单、物流、供应商管理等模块，我主要负责仓储模块。后面我们进行了Agent转型，做了一个智能问答助手，包括基于RAG知识库的问答和智能分析功能。\"},{\"speaker\":\"面试官\",\"text\":\"你们的RAG是怎么做的？\"},{\"speaker\":\"学生\",\"text\":\"我们的RAG分为离线链路和在线链路。离线链路主要做数据筛选：普通文本直接抽取；结构化PDF用OCR提取；表格不存入向量库，而是作为结构化数据存入关系型数据库。之后进行数据清洗与脱敏，再按标题、段落语义及标点符号切分，并做重叠切分以保证语义完整性。切分后使用Embedding模型——普通文本用文本模型，多模态数据用千问2.5-VL模型——生成向量存入向量库，并保存文档来源、版本号等元数据，方便检索。在线链路先对用户问题做快读改写，识别为标准问题后进行意图识别，再路由：若是知识库问答则走RAG检索；若是查询MySQL等关系数据库，则调用后端暴露的接口执行QueryPlan，Agent只负责生成结构化的思考语句，实际执行由后端完成。\"},{\"speaker\":\"面试官\",\"text\":\"你们的上下文会话管理怎么做的？\"},{\"speaker\":\"学生\",\"text\":\"主要分为状态和记忆两部分。状态编排用LangGraph实现；记忆分为短期记忆（工作记忆）和长期记忆：短期记忆用滑动窗口管理，长期记忆对过往对话做压缩摘要。同时保留用户偏好和人物画像，用结构化插槽处理。\"},{\"speaker\":\"面试官\",\"text\":\"你所涉及的提示词有哪些？就在这个项目里面。\"},{\"speaker\":\"学生\",\"text\":\"包括系统提示词、AI回答提示词和用户提示词。我们不会把提示词写得太长，而是职责单一化、标准化，并强调边界感——之前提示词过长繁杂时，效果反而不精准。\"},{\"speaker\":\"面试官\",\"text\":\"就是对接大模型最容易出现幻觉问题，你们针对这些幻觉做过哪些优化？\"},{\"speaker\":\"学生\",\"text\":\"一是RAG检索时，在向量库中为每条文本附上来源、版本号、生效时间等metadata，防止幻觉；二是在Agent编排中加入置信度分析，若置信度不足则不输出，或引导用户补充信息后重试，直到达到设定阈值；三是将temperature设置为较标准值。\"},{\"speaker\":\"面试官\",\"text\":\"你们对接的是哪个模型？\"},{\"speaker\":\"学生\",\"text\":\"主要是千问。\"},{\"speaker\":\"面试官\",\"text\":\"我理解你们是把传统SaaS系统里一些公共模块封装成Agent，供智能助手里调用，是这个意思吧？\"},{\"speaker\":\"学生\",\"text\":\"主要是知识问答和数据库查询，相当于把接口封装成Tool和Skill。\"},{\"speaker\":\"面试官\",\"text\":\"那你们是直接暴露接口，还是告诉模型表名让它自己编写SQL去查询呢？\"},{\"speaker\":\"学生\",\"text\":\"我们暴露接口，封装成Skill，遵循MCP规范。\"},{\"speaker\":\"面试官\",\"text\":\"那接口里会涉及权限相关吗？\"},{\"speaker\":\"学生\",\"text\":\"有。权限校验在后端服务层完成，通过后再进入Agent层。敏感数据在进入Agent前被替换为占位符；Agent生成结构化输出（如QueryPlan）时仅含占位符，不包含真实信息；后续调用前再经后端Validate校验，拼接安全上下文，校验占位符合法性、用户ID、租户ID及操作是否在权限范围内。\"},{\"speaker\":\"面试官\",\"text\":\"比如用户直接口语化提问‘苹果’，你们内部流程会怎么流转？会检索哪些内容？封装的Agent哪些优先检索？最终答案如何组合？\"},{\"speaker\":\"学生\",\"text\":\"我们采用关键词与向量库混合检索，既保证语义相似度，又保障相关性。还会对回答做准确性、上下文召回率、Recall@K等指标判断，达标后才最终输出。\"},{\"speaker\":\"面试官\",\"text\":\"我看你们也对接了WMS，比如WMS接口能查苹果相关信息，你们会调用这个Agent并结合RAG结果返回吗？\"},{\"speaker\":\"学生\",\"text\":\"对，我们会做Agent编排，将RAG检索与Agent调用结合。如果只走RAG不调用Agent，回答可能不够准确。\"},{\"speaker\":\"面试官\",\"text\":\"你们的Graph编排是用原生框架吗？\"},{\"speaker\":\"学生\",\"text\":\"做了些优化，但相关优化不是我负责，因为比较复杂。\"},{\"speaker\":\"面试官\",\"text\":\"你了解LangGraph吗？\"},{\"speaker\":\"学生\",\"text\":\"了解，它分为节点、边和状态。\"},{\"speaker\":\"面试官\",\"text\":\"你们这个项目基本是用Python写的吧？\"},{\"speaker\":\"学生\",\"text\":\"对，Agent部分全部用Python；数据库查询部分用SpringCloud框架。\"},{\"speaker\":\"面试官\",\"text\":\"我看你之前应该是写Java的吧？\"},{\"speaker\":\"学生\",\"text\":\"嗯，对。\"},{\"speaker\":\"面试官\",\"text\":\"你在做这个项目时，碰到过哪些令你印象深刻的难点吗？\"},{\"speaker\":\"学生\",\"text\":\"有。最开始退货政策从15天改为7天无理由退货，但模型始终回复15天。后来发现是因为没加版本和生效时间——旧数据因召回次数高权重更大。加上生效时间与版本权重后，最新入库数据权重最高，问题解决。另一个难点是工具职责混乱：早期Skill增多后调用混乱、准确率下降，后来我们明确每个工具的职责和边界，才改善效果。\"},{\"speaker\":\"面试官\",\"text\":\"扣子、Dify、N8N你有了解过吗？\"},{\"speaker\":\"学生\",\"text\":\"扣子了解，是一种编排平台，类似LangGraph；Dify也了解；N8N不太熟悉。\"},{\"speaker\":\"面试官\",\"text\":\"你觉得扣子和Dify的区别是什么？\"},{\"speaker\":\"学生\",\"text\":\"这个确实不太了解。\"},{\"speaker\":\"面试官\",\"text\":\"你能介绍一下你理解的线程安全和线程不安全吗？\"},{\"speaker\":\"学生\",\"text\":\"线程安全指多个线程操作同一块数据时，不会出现不一致情况，需保证可见性、原子性和有序性。我们主要通过锁（如synchronized、ReentrantLock）和volatile实现——volatile只保证可见性和有序性，不保证原子性，所以一般用锁。\"},{\"speaker\...(truncated)
2026-07-18 20:33:38.852 [http-nio-8080-exec-1] INFO  cn.yanque.common.aop.ControllerLogAspect [guid=1dd1242bfe7a4947ab01998478b80044] - 接口开始: uri=/yq-admin/api/student/interview-reviews, httpMethod=GET, controller=StudentInterviewReviewController#page, args=[{"name":"req","value":{"pageNum":1,"pageSize":50}}]
2026-07-18 20:33:38.871 [http-nio-8080-exec-1] INFO  cn.yanque.common.aop.ControllerLogAspect [guid=1dd1242bfe7a4947ab01998478b80044] - 接口结束: uri=/yq-admin/api/student/interview-reviews, controller=StudentInterviewReviewController#page, cost=17ms, result={"code":200,"message":"success","data":{"total":2,"pageNum":1,"pageSize":50,"records":[{"id":2,"studentId":12,"studentName":"去去去","studentCode":"XS20260527544266","interviewTime":"Sat Jul 18 16:29:47 CST 2026","audioObjectKey":"homework/interview-review/2026/07/18/去去去/8e6fb56b-fb81-45fe-9f31-2884f4b2b854-面试.m4a","audioFileName":"面试.m4a","audioFileSize":27745126,"status":"DONE","transcriptDialogueJson":"[{\"speaker\":\"面试官\",\"text\":\"喂喂喂，你好你好。\"},{\"speaker\":\"学生\",\"text\":\"嗯哎，可以听到吧？\"},{\"speaker\":\"面试官\",\"text\":\"可以听到可以听到。\"},{\"speaker\":\"面试官\",\"text\":\"喂可以听到吧？\"},{\"speaker\":\"学生\",\"text\":\"可以可以可以。\"},{\"speaker\":\"面试官\",\"text\":\"啊，行。我是本轮的面试官，我叫焦玉龙。然后本轮主要是个技术面，就你简历上写的一些过往，我们做一个简单面试。行，那你简单介绍一下自己，我们就开始。\"},{\"speaker\":\"学生\",\"text\":\"好的，我叫胡云涛，24年毕业。毕业之后我就一直在这家公司工作，公司主要是做SaaS供应链开发的，主要涉及跨境电商方向，包括仓储、订单、物流、供应商管理等模块，我主要负责仓储模块。后面我们进行了Agent转型，做了一个智能问答助手，包括基于RAG知识库的问答和智能分析功能。\"},{\"speaker\":\"面试官\",\"text\":\"你们的RAG是怎么做的？\"},{\"speaker\":\"学生\",\"text\":\"我们的RAG分为离线链路和在线链路。离线链路主要做数据筛选：普通文本直接抽取；结构化PDF用OCR提取；表格不存入向量库，而是作为结构化数据存入关系型数据库。之后进行数据清洗与脱敏，再按标题、段落语义及标点符号切分，并做重叠切分以保证语义完整性。切分后使用Embedding模型——普通文本用文本模型，多模态数据用千问2.5-VL模型——生成向量存入向量库，并保存文档来源、版本号等元数据，方便检索。在线链路先对用户问题做快读改写，识别为标准问题后进行意图识别，再路由：若是知识库问答则走RAG检索；若是查询MySQL等关系数据库，则调用后端暴露的接口执行QueryPlan，Agent只负责生成结构化的思考语句，实际执行由后端完成。\"},{\"speaker\":\"面试官\",\"text\":\"你们的上下文会话管理怎么做的？\"},{\"speaker\":\"学生\",\"text\":\"主要分为状态和记忆两部分。状态编排用LangGraph实现；记忆分为短期记忆（工作记忆）和长期记忆：短期记忆用滑动窗口管理，长期记忆对过往对话做压缩摘要。同时保留用户偏好和人物画像，用结构化插槽处理。\"},{\"speaker\":\"面试官\",\"text\":\"你所涉及的提示词有哪些？就在这个项目里面。\"},{\"speaker\":\"学生\",\"text\":\"包括系统提示词、AI回答提示词和用户提示词。我们不会把提示词写得太长，而是职责单一化、标准化，并强调边界感——之前提示词过长繁杂时，效果反而不精准。\"},{\"speaker\":\"面试官\",\"text\":\"就是对接大模型最容易出现幻觉问题，你们针对这些幻觉做过哪些优化？\"},{\"speaker\":\"学生\",\"text\":\"一是RAG检索时，在向量库中为每条文本附上来源、版本号、生效时间等metadata，防止幻觉；二是在Agent编排中加入置信度分析，若置信度不足则不输出，或引导用户补充信息后重试，直到达到设定阈值；三是将temperature设置为较标准值。\"},{\"speaker\":\"面试官\",\"text\":\"你们对接的是哪个模型？\"},{\"speaker\":\"学生\",\"text\":\"主要是千问。\"},{\"speaker\":\"面试官\",\"text\":\"我理解你们是把传统SaaS系统里一些公共模块封装成Agent，供智能助手里调用，是这个意思吧？\"},{\"speaker\":\"学生\",\"text\":\"主要是知识问答和数据库查询，相当于把接口封装成Tool和Skill。\"},{\"speaker\":\"面试官\",\"text\":\"那你们是直接暴露接口，还是告诉模型表名让它自己编写SQL去查询呢？\"},{\"speaker\":\"学生\",\"text\":\"我们暴露接口，封装成Skill，遵循MCP规范。\"},{\"speaker\":\"面试官\",\"text\":\"那接口里会涉及权限相关吗？\"},{\"speaker\":\"学生\",\"text\":\"有。权限校验在后端服务层完成，通过后再进入Agent层。敏感数据在进入Agent前被替换为占位符；Agent生成结构化输出（如QueryPlan）时仅含占位符，不包含真实信息；后续调用前再经后端Validate校验，拼接安全上下文，校验占位符合法性、用户ID、租户ID及操作是否在权限范围内。\"},{\"speaker\":\"面试官\",\"text\":\"比如用户直接口语化提问‘苹果’，你们内部流程会怎么流转？会检索哪些内容？封装的Agent哪些优先检索？最终答案如何组合？\"},{\"speaker\":\"学生\",\"text\":\"我们采用关键词与向量库混合检索，既保证语义相似度，又保障相关性。还会对回答做准确性、上下文召回率、Recall@K等指标判断，达标后才最终输出。\"},{\"speaker\":\"面试官\",\"text\":\"我看你们也对接了WMS，比如WMS接口能查苹果相关信息，你们会调用这个Agent并结合RAG结果返回吗？\"},{\"speaker\":\"学生\",\"text\":\"对，我们会做Agent编排，将RAG检索与Agent调用结合。如果只走RAG不调用Agent，回答可能不够准确。\"},{\"speaker\":\"面试官\",\"text\":\"你们的Graph编排是用原生框架吗？\"},{\"speaker\":\"学生\",\"text\":\"做了些优化，但相关优化不是我负责，因为比较复杂。\"},{\"speaker\":\"面试官\",\"text\":\"你了解LangGraph吗？\"},{\"speaker\":\"学生\",\"text\":\"了解，它分为节点、边和状态。\"},{\"speaker\":\"面试官\",\"text\":\"你们这个项目基本是用Python写的吧？\"},{\"speaker\":\"学生\",\"text\":\"对，Agent部分全部用Python；数据库查询部分用SpringCloud框架。\"},{\"speaker\":\"面试官\",\"text\":\"我看你之前应该是写Java的吧？\"},{\"speaker\":\"学生\",\"text\":\"嗯，对。\"},{\"speaker\":\"面试官\",\"text\":\"你在做这个项目时，碰到过哪些令你印象深刻的难点吗？\"},{\"speaker\":\"学生\",\"text\":\"有。最开始退货政策从15天改为7天无理由退货，但模型始终回复15天。后来发现是因为没加版本和生效时间——旧数据因召回次数高权重更大。加上生效时间与版本权重后，最新入库数据权重最高，问题解决。另一个难点是工具职责混乱：早期Skill增多后调用混乱、准确率下降，后来我们明确每个工具的职责和边界，才改善效果。\"},{\"speaker\":\"面试官\",\"text\":\"扣子、Dify、N8N你有了解过吗？\"},{\"speaker\":\"学生\",\"text\":\"扣子了解，是一种编排平台，类似LangGraph；Dify也了解；N8N不太熟悉。\"},{\"speaker\":\"面试官\",\"text\":\"你觉得扣子和Dify的区别是什么？\"},{\"speaker\":\"学生\",\"text\":\"这个确实不太了解。\"},{\"speaker\":\"面试官\",\"text\":\"你能介绍一下你理解的线程安全和线程不安全吗？\"},{\"speaker\":\"学生\",\"text\":\"线程安全指多个线程操作同一块数据时，不会出现不一致情况，需保证可见性、原子性和有序性。我们主要通过锁（如synchronized、ReentrantLock）和volatile实现——volatile只保证可见性和有序性，不保证原子性，所以一般用锁。\"},{\"speaker\...(truncated)
2026-07-18 20:34:17.146 [http-nio-8080-exec-2] INFO  cn.yanque.common.aop.ControllerLogAspect [guid=411b98b3a3d14b11896ccba84193f04f] - 接口开始: uri=/yq-admin/api/interview-questions, httpMethod=GET, controller=InterviewQuestionController#page, args=[{"name":"req","value":{"pageNum":1,"pageSize":20}}]
2026-07-18 20:34:17.181 [http-nio-8080-exec-2] INFO  cn.yanque.common.aop.ControllerLogAspect [guid=411b98b3a3d14b11896ccba84193f04f] - 接口结束: uri=/yq-admin/api/interview-questions, controller=InterviewQuestionController#page, cost=34ms, result={"code":200,"message":"success","data":{"total":25,"pageNum":1,"pageSize":20,"records":[{"id":42,"normalizedQuestion":"请对比消息队列与定时任务的核心差异，并说明在医疗AI系统中的典型应用模式。","category":"系统设计","tags":"[\"消息队列\",\"定时任务\",\"架构选型\",\"医疗AI\"]","standardAnswer":"消息队列适用于异步解耦（如订单创建后发消息触发库存扣减）、削峰填谷（如AI报告生成积压）、事件驱动（如患者档案变更广播）；定时任务适用于周期性确定性任务（如每日凌晨生成处方统计报表、每周同步医保目录）。医疗AI中：WMS库存变更通过RocketMQ通知AI助手更新缓存；处方统计报表用XXL-JOB定时生成，避免实时查询压力。","shortAnswer":"消息队列：异步解耦/削峰填谷/事件驱动（如库存变更通知）；定时任务：周期性确定任务（如日报生成）；医疗AI：库存用MQ，报表用定时任务。","followUpQuestions":"[\"消息队列如何保证医疗事件100%投递？是否用事务消息？\",\"定时任务在分布式环境下如何避免重复执行？\",\"AI报告生成积压时，如何动态扩容消费者？\"]","pitfalls":"[\"仅泛泛而谈‘解耦’‘周期性’，未举医疗实例\",\"未说明技术选型（RocketMQ/XXL-JOB）\",\"忽略可靠性保障\"]","sourceCount":1,"auditStatus":"PENDING","vectorStatus":"INDEXED","confidence":0.9000,"firstSeenAt":"Sat Jul 18 20:11:22 CST 2026","lastSeenAt":"Sat Jul 18 20:11:22 CST 2026","lastSourceReviewId":2,"createdAt":"Sat Jul 18 20:11:22 CST 2026","updatedAt":"Sat Jul 18 20:13:55 CST 2026"},{"id":41,"normalizedQuestion":"请说明Git版本回滚的工程化实践，包括命令选择、影响评估、协作规范与合规审计要求。","category":"计算机基础","tags":"[\"Git\",\"版本控制\",\"工程规范\",\"合规\"]","standardAnswer":"优先用git revert生成反向commit，保障操作可审计（符合医疗等保三级要求）；若模块二三含数据库变更，需协同DBA执行schema回滚脚本；回滚后触发自动化回归测试，并在预发环境灰度验证；所有操作同步更新Confluence，记录commit hash、影响范围、验证结果及负责人。禁用git reset，因其会丢弃历史违反审计要求。","shortAnswer":"git revert（可审计）→DBA协同schema回滚→自动化回归测试→预发灰度→Confluence记录；禁用git reset。","followUpQuestions":"[\"git revert与git reset在Git内部对象模型上有何本质区别？\",\"schema回滚脚本如何保证幂等性？\",\"灰度验证的核心路径有哪些？如何设计冒烟测试用例？\"]","pitfalls":"[\"仅说‘回退到上线前commit’，未区分revert/reset\",\"忽略数据库变更协同\",\"未提合规审计要求\"]","sourceCount":1,"auditStatus":"PENDING","vectorStatus":"INDEXED","confidence":0.9200,"firstSeenAt":"Sat Jul 18 20:11:22 CST 2026","lastSeenAt":"Sat Jul 18 20:11:22 CST 2026","lastSourceReviewId":2,"createdAt":"Sat Jul 18 20:11:22 CST 2026","updatedAt":"Sat Jul 18 20:13:55 CST 2026"},{"id":40,"normalizedQuestion":"请说明AI开发工具中定时任务的可靠性保障机制，包括调度策略、失败处理与可观测性设计。","category":"其他","tags":"[\"AI工具\",\"定时任务\",\"可靠性\",\"可观测性\"]","standardAnswer":"CodeX定时任务采用Cron表达式（如'0 0 * * 1'每周一0点），通过Webhook接入BI系统获取数据源；可靠性保障：1）幂等设计：用Redis分布式锁防止重复执行；2）失败重试：3次指数退避重试+企业微信告警；3）可观测性：所有任务日志接入ELK，支持trace_id全链路追踪，执行耗时、状态、错误堆栈可监控；医疗周报任务SLA为99.99%，平均执行耗时<8s。","shortAnswer":"Cron调度+Webhook数据源；可靠性：Redis分布式锁+3次重试+告警；可观测：ELK日志+trace_id追踪；SLA 99.99%，耗时<8s。","followUpQuestions":"[\"Redis分布式锁如何避免死锁？是否用Redlock算法？\",\"Cron表达式在分布式环境下如何避免多实例重复触发？\",\"trace_id如何在CodeX任务中注入并传递？\"]","pitfalls":"[\"仅说‘用过’，未提技术实现\",\"忽略幂等性与失败重试\",\"未说明可观测性设计\"]","sourceCount":1,"auditStatus":"PENDING","vectorStatus":"INDEXED","confidence":0.8900,"firstSeenAt":"Sat Jul 18 20:11:22 CST 2026","lastSeenAt":"Sat Jul 18 20:11:22 CST 2026","lastSourceReviewId":2,"createdAt":"Sat Jul 18 20:11:22 CST 2026","updatedAt":"Sat Jul 18 20:13:54 CST 2026"},{"id":39,"normalizedQuestion":"请用STAR法则描述一个技术难点，重点说明问题根因、解决方案的技术原理及可验证结果。","category":"项目经历","tags":"[\"STAR\",\"问题解决\",\"技术深度\",\"结果导向\"]","standardAnswer":"S（情境）：退货政策从15天改为7天无理由退货，但AI持续回复15天，客户投诉率上升15%；T（任务）：确保政策类知识100%实时准确；A（行动）：根因分析发现旧数据因召回频次高权重更大，遂在向量入库时增加effective_time字段，并设计时间衰减权重算法（weight = base_weight × e^(-λ×(now-effective_time))），同时在检索层加入生效时间过滤；R（结果）：上线后纠错率归零，客户满意度回升至98%，RAG召回率提升17个百分点。","shortAnswer":"S：政策变更后AI仍答旧规则；T：保障知识实时性；A：增加effective_time元数据+时间衰减权重算法+生效时间过滤；R：纠错率归零，召回率↑17%。","followUpQuestions":"[\"时间衰减公式中λ参数如何确定？是否做过A/B测试？\",\"生效时间过滤如何避免漏检（如未来生效的政策）？\",\"该方案是否推广至其他时效性知识（如价格政策）？\"]","pitfalls":"[\"仅描述现象，未深挖根因\",\"未说明解决方案的技术原理\",\"缺乏量化结果\"]","sourceCount":1,"auditStatus":"PENDING","vectorStatus":"INDEXED","confidence":0.9500,"firstSeenAt":"Sat Jul 18 20:11:22 CST 2026","lastSeenAt":"Sat Jul 18 20:11:22 CST 2026","lastSourceReviewId":2,"createdAt":"Sat Jul 18 20:11:22 CST 2026","updatedAt":"Sat Jul 18 20:13:54 CST 2026"},{"id":38,"normalizedQuestion":"请说明MySQL中binlog、redolog、undolog的核心作用、存储位置及故障恢复流程。","category":"数据库","tags":"[\"MySQL日志\",\"事务\",\"崩溃恢复\",\"主从复制\"]","standardAnswer":"binlog：Server层日志，记录逻辑SQL（STATEMENT）或行变更（ROW），用于主从复制与基于时间点的数据恢复；redolog：InnoDB层物理日志，记录页修改（如‘page 123 offset 456 value 7...(truncated)
2026-07-18 20:35:09.435 [http-nio-8080-exec-3] INFO  cn.yanque.common.aop.ControllerLogAspect [guid=e2238dea0132439db3cb207e74faa9f4] - 接口开始: uri=/yq-admin/api/exams/questions, httpMethod=GET, controller=ExamAdminController#questionPage, args=[{"name":"req","value":{"pageNum":1,"pageSize":1000}}]
2026-07-18 20:35:09.435 [http-nio-8080-exec-6] INFO  cn.yanque.common.aop.ControllerLogAspect [guid=d0228635d69e4e2ea81de145ef08911b] - 接口开始: uri=/yq-admin/api/exams/schedules, httpMethod=GET, controller=ExamAdminController#schedulePage, args=[{"name":"req","value":{"pageNum":1,"pageSize":1000}}]
2026-07-18 20:35:09.436 [http-nio-8080-exec-4] INFO  cn.yanque.common.aop.ControllerLogAspect [guid=456957c347074941b37cf5009a06fb3d] - 接口开始: uri=/yq-admin/api/exams/papers, httpMethod=GET, controller=ExamAdminController#paperPage, args=[{"name":"req","value":{"pageNum":1,"pageSize":1000}}]
2026-07-18 20:35:09.472 [http-nio-8080-exec-4] INFO  cn.yanque.common.aop.ControllerLogAspect [guid=456957c347074941b37cf5009a06fb3d] - 接口结束: uri=/yq-admin/api/exams/papers, controller=ExamAdminController#paperPage, cost=34ms, result={"code":200,"message":"success","data":{"total":1,"pageNum":1,"pageSize":1000,"records":[{"id":1,"paperName":"Java 基础测试卷","description":"用于测试学员 Java 基础语法、集合和面向对象掌握情况。","durationMinutes":60,"totalScore":100.00,"passScore":60.00,"status":"ENABLED","createdBy":1,"createdAt":"2026-06-26T09:15:16","updatedAt":"2026-06-26T09:15:16","questionCount":6}]}}
2026-07-18 20:35:09.472 [http-nio-8080-exec-3] INFO  cn.yanque.common.aop.ControllerLogAspect [guid=e2238dea0132439db3cb207e74faa9f4] - 接口结束: uri=/yq-admin/api/exams/questions, controller=ExamAdminController#questionPage, cost=34ms, result={"code":200,"message":"success","data":{"total":7,"pageNum":1,"pageSize":1000,"records":[{"id":7,"questionType":"SHORT","questionStem":"在AI Agent系统中，如何设计兼顾短期交互连贯性与长期记忆演化的上下文管理机制？","correctAnswer":"上下文管理需分层设计：状态层使用LangGraph的StateGraph实现有向无环图编排，每个节点封装确定性逻辑（如意图识别、工具调用），状态对象持久化存储关键上下文（如用户ID、对话ID、当前任务栈）；记忆层分为短期记忆（滑动窗口保留最近N轮对话，防止上下文爆炸）和长期记忆（对历史对话做摘要压缩，存入向量库并关联用户画像标签）；同时引入结构化插槽（slot-filling）管理用户偏好与实体约束（如‘租户ID=XYZ’‘语言=en’），确保跨轮次信息一致性。所有记忆操作需通过统一MemoryManager接口，支持审计日志与GxP合规追溯。","answerAnalysis":"状态用LangGraph StateGraph编排+持久化；记忆分短期（滑动窗口）和长期（摘要压缩+向量存储）；用户偏好用结构化插槽管理；统一MemoryManager接口保障可审计。","difficulty":"MEDIUM","status":1,"createdBy":1,"createdAt":"2026-07-18T20:22:24","updatedAt":"2026-07-18T20:22:24"},{"id":6,"questionType":"SHORT","questionStem":"请简述面向对象的三大特征。","correctAnswer":"封装、继承、多态","answerAnalysis":"面向对象三大特征是封装、继承、多态，需要结合含义说明。","difficulty":"MEDIUM","status":1,"createdBy":1,"createdAt":"2026-06-26T09:15:16","updatedAt":"2026-06-26T09:15:16"},{"id":5,"questionType":"FILL","questionStem":"Java 程序的入口方法名称是 ______。","correctAnswer":"main","answerAnalysis":"main 方法是 Java 程序运行的入口。","difficulty":"EASY","status":1,"createdBy":1,"createdAt":"2026-06-26T09:15:16","updatedAt":"2026-06-26T09:15:16"},{"id":4,"questionType":"JUDGE","questionStem":"Java 中一个类只能继承一个父类。","correctAnswer":"TRUE","answerAnalysis":"Java 是单继承语言，一个类只能直接继承一个父类。","difficulty":"EASY","status":1,"createdBy":1,"createdAt":"2026-06-26T09:15:16","updatedAt":"2026-06-26T09:15:16"},{"id":3,"questionType":"MULTIPLE","questionStem":"下面哪些属于 Java 基本数据类型？","optionsJson":"[\"int\", \"String\", \"boolean\", \"double\"]","correctAnswer":"A,C,D","answerAnalysis":"String 是引用类型，不是基本数据类型。","difficulty":"MEDIUM","status":1,"createdBy":1,"createdAt":"2026-06-26T09:15:16","updatedAt":"2026-06-26T09:15:16"},{"id":2,"questionType":"SINGLE","questionStem":"下面哪个集合允许元素重复？","optionsJson":"[\"HashSet\", \"TreeSet\", \"ArrayList\", \"LinkedHashSet\"]","correctAnswer":"C","answerAnalysis":"List 类型集合允许元素重复，ArrayList 是 List 的常用实现类。","difficulty":"EASY","status":1,"createdBy":1,"createdAt":"2026-06-26T09:15:16","updatedAt":"2026-06-26T09:15:16"},{"id":1,"questionType":"SINGLE","questionStem":"Java 中用于定义类的关键字是？","optionsJson":"[\"class\", \"interface\", \"public\", \"static\"]","correctAnswer":"A","answerAnalysis":"Java 使用 class 关键字定义普通类。","difficulty":"EASY","status":1,"createdBy":1,"createdAt":"2026-06-26T09:15:16","updatedAt":"2026-06-26T09:15:16"}]}}
2026-07-18 20:35:09.476 [http-nio-8080-exec-6] INFO  cn.yanque.common.aop.ControllerLogAspect [guid=d0228635d69e4e2ea81de145ef08911b] - 接口结束: uri=/yq-admin/api/exams/schedules, controller=ExamAdminController#schedulePage, cost=40ms, result={"code":200,"message":"success","data":{"total":4,"pageNum":1,"pageSize":1000,"records":[{"id":4,"paperId":1,"classId":5,"examName":"111","startTime":"2026-06-26T10:30","endTime":"2026-06-26T11:30","status":"PUBLISHED","answerPublished":false,"createdBy":1,"createdAt":"2026-06-26T11:11:12","updatedAt":"2026-06-26T11:11:41","paperName":"Java 基础测试卷","classTerm":1,"totalScore":100.00,"durationMinutes":60,"attemptCount":1},{"id":3,"paperId":1,"classId":5,"examName":"11","startTime":"2026-06-26T10:00","endTime":"2026-06-26T11:00","status":"PUBLISHED","answerPublished":true,"answerPublishTime":"2026-06-26T11:12:13","createdBy":1,"createdAt":"2026-06-26T10:55:21","updatedAt":"2026-06-26T11:12:13","paperName":"Java 基础测试卷","classTerm":1,"totalScore":100.00,"durationMinutes":60,"attemptCount":1},{"id":2,"paperId":1,"classId":5,"examName":"11","startTime":"2026-06-26T09:00","endTime":"2026-06-26T10:00","status":"PUBLISHED","answerPublished":true,"answerPublishTime":"2026-06-26T09:50:38","createdBy":1,"createdAt":"2026-06-26T09:50:03","updatedAt":"2026-06-26T09:50:38","paperName":"Java 基础测试卷","classTerm":1,"totalScore":100.00,"durationMinutes":60,"attemptCount":1},{"id":1,"paperId":1,"classId":5,"examName":"Java 基础阶段测试","startTime":"2026-06-26T09:00","endTime":"2026-06-26T10:00","status":"PUBLISHED","answerPublished":true,"answerPublishTime":"2026-06-26T09:22:58","createdBy":1,"createdAt":"2026-06-26T09:15:16","updatedAt":"2026-06-26T09:27:32","paperName":"Java 基础测试卷","classTerm":1,"totalScore":100.00,"durationMinutes":60,"attemptCount":1}]}}
2026-07-18 20:35:09.480 [http-nio-8080-exec-5] INFO  cn.yanque.common.aop.ControllerLogAspect [guid=a0b1e5950b0b4946855b4066542b719f] - 接口开始: uri=/yq-admin/api/eduClass, httpMethod=GET, controller=EduClassController#pageClass, args=[{"name":"req","value":{"pageNum":1,"pageSize":1000}}]
2026-07-18 20:35:09.545 [http-nio-8080-exec-5] INFO  cn.yanque.common.aop.ControllerLogAspect [guid=a0b1e5950b0b4946855b4066542b719f] - 接口结束: uri=/yq-admin/api/eduClass, controller=EduClassController#pageClass, cost=65ms, result={"code":200,"message":"success","data":{"total":6,"pageNum":1,"pageSize":1000,"records":[{"id":12,"classTerm":2,"campusId":1,"campusName":"杭州校区","headTeacherId":3,"headTeacherName":"班主任老师","classStatus":"WAITING","startTime":"Sat Jun 13 08:00:00 CST 2026","courseId":2,"courseName":"JAVA+AI","studentCount":0,"createdAt":"Sat Jun 13 19:23:20 CST 2026"},{"id":5,"classTerm":1,"campusId":1,"campusName":"杭州校区","headTeacherId":3,"headTeacherName":"班主任老师","classStatus":"TEACHING","startTime":"Tue Jul 07 08:00:00 CST 2026","courseId":2,"courseName":"JAVA+AI","studentCount":0,"createdAt":"Sat Jun 13 14:49:39 CST 2026"},{"id":4,"classTerm":4,"campusId":1,"campusName":"杭州校区","headTeacherId":3,"headTeacherName":"班主任老师","classStatus":"TEACHING","startTime":"Sat Jun 13 08:00:00 CST 2026","courseId":1,"courseName":"JAVA+AI课程","studentCount":0,"createdAt":"Sat Jun 13 11:40:34 CST 2026"},{"id":3,"classTerm":3,"campusId":1,"campusName":"杭州校区","headTeacherId":3,"headTeacherName":"班主任老师","classStatus":"FINISHED","startTime":"Thu Apr 16 00:00:00 CST 2026","courseId":1,"courseName":"JAVA+AI课程","studentCount":0,"createdAt":"Mon Apr 13 20:34:39 CST 2026"},{"id":2,"classTerm":2,"campusId":1,"campusName":"杭州校区","headTeacherId":3,"headTeacherName":"班主任老师","classStatus":"FINISHED","startTime":"Mon Apr 13 00:00:00 CST 2026","courseId":1,"courseName":"JAVA+AI课程","studentCount":0,"createdAt":"Mon Apr 13 20:15:52 CST 2026"},{"id":1,"classTerm":1,"campusId":1,"campusName":"杭州校区","headTeacherId":3,"headTeacherName":"班主任老师","classStatus":"FINISHED","startTime":"Mon Apr 13 00:00:00 CST 2026","courseId":1,"courseName":"JAVA+AI课程","studentCount":0,"createdAt":"Sat Apr 11 17:09:28 CST 2026"}]}}
