[INFO] Scanning for projects...
[WARNING] 
[WARNING] Some problems were encountered while building the effective model for org.example:YanQue-Admin:jar:1.0-SNAPSHOT
[WARNING] 'dependencies.dependency.(groupId:artifactId:type:classifier)' must be unique: org.springdoc:springdoc-openapi-starter-webmvc-ui:jar -> duplicate declaration of version 2.1.0 @ line 102, column 17
[WARNING] 
[WARNING] It is highly recommended to fix these problems because they threaten the stability of your build.
[WARNING] 
[WARNING] For this reason, future Maven versions might no longer support building such malformed projects.
[WARNING] 
[INFO] 
[INFO] ----------------------< org.example:YanQue-Admin >----------------------
[INFO] Building YanQue-Admin 1.0-SNAPSHOT
[INFO]   from pom.xml
[INFO] --------------------------------[ jar ]---------------------------------
[INFO] 
[INFO] >>> spring-boot-maven-plugin:3.2.0:run (default-cli) > test-compile @ YanQue-Admin >>>
[INFO] 
[INFO] --- maven-resources-plugin:3.3.1:resources (default-resources) @ YanQue-Admin ---
[INFO] Copying 3 resources from src\main\resources to target\classes
[INFO] Copying 44 resources from src\main\resources to target\classes
[INFO] 
[INFO] --- maven-compiler-plugin:3.11.0:compile (default-compile) @ YanQue-Admin ---
[INFO] Nothing to compile - all classes are up to date
[INFO] 
[INFO] --- maven-resources-plugin:3.3.1:testResources (default-testResources) @ YanQue-Admin ---
[INFO] skip non existing resourceDirectory D:\Java\code\yq\YanQue-Admin\src\test\resources
[INFO] 
[INFO] --- maven-compiler-plugin:3.11.0:testCompile (default-testCompile) @ YanQue-Admin ---
[INFO] Nothing to compile - all classes are up to date
[INFO] 
[INFO] <<< spring-boot-maven-plugin:3.2.0:run (default-cli) < test-compile @ YanQue-Admin <<<
[INFO] 
[INFO] 
[INFO] --- spring-boot-maven-plugin:3.2.0:run (default-cli) @ YanQue-Admin ---
[INFO] Attaching agents: []

  .   ____          _            __ _ _
 /\\ / ___'_ __ _ _(_)_ __  __ _ \ \ \ \
( ( )\___ | '_ | '_| | '_ \/ _` | \ \ \ \
 \\/  ___)| |_)| | | | | || (_| |  ) ) ) )
  '  |____| .__|_| |_|_| |_\__, | / / / /
 =========|_|==============|___/=/_/_/_/
 :: Spring Boot ::                (v3.2.0)

2026-07-21 20:31:10.041 [background-preinit] INFO  org.hibernate.validator.internal.util.Version [guid=] - HV000001: Hibernate Validator 8.0.1.Final
2026-07-21 20:31:10.061 [main] INFO  cn.yanque.YanqueApplication [guid=] - Starting YanqueApplication using Java 17.0.17 with PID 20392 (D:\Java\code\yq\YanQue-Admin\target\classes started by q1571 in D:\Java\code\yq\YanQue-Admin)
2026-07-21 20:31:10.062 [main] INFO  cn.yanque.YanqueApplication [guid=] - The following 1 profile is active: "dev"
2026-07-21 20:31:10.617 [main] INFO  o.s.d.r.config.RepositoryConfigurationDelegate [guid=] - Multiple Spring Data modules found, entering strict repository configuration mode
2026-07-21 20:31:10.618 [main] INFO  o.s.d.r.config.RepositoryConfigurationDelegate [guid=] - Bootstrapping Spring Data Redis repositories in DEFAULT mode.
2026-07-21 20:31:10.657 [main] INFO  o.s.d.r.config.RepositoryConfigurationDelegate [guid=] - Finished Spring Data repository scanning in 31 ms. Found 0 Redis repository interfaces.
2026-07-21 20:31:11.191 [main] INFO  o.s.boot.web.embedded.tomcat.TomcatWebServer [guid=] - Tomcat initialized with port 8080 (http)
2026-07-21 20:31:11.196 [main] INFO  org.apache.coyote.http11.Http11NioProtocol [guid=] - Initializing ProtocolHandler ["http-nio-8080"]
2026-07-21 20:31:11.198 [main] INFO  org.apache.catalina.core.StandardService [guid=] - Starting service [Tomcat]
2026-07-21 20:31:11.198 [main] INFO  org.apache.catalina.core.StandardEngine [guid=] - Starting Servlet engine: [Apache Tomcat/10.1.16]
2026-07-21 20:31:11.248 [main] INFO  o.a.c.c.C.[Tomcat].[localhost].[/yq-admin] [guid=] - Initializing Spring embedded WebApplicationContext
2026-07-21 20:31:11.249 [main] INFO  o.s.b.w.s.c.ServletWebServerApplicationContext [guid=] - Root WebApplicationContext: initialization completed in 1162 ms
2026-07-21 20:31:12.492 [main] INFO  org.apache.coyote.http11.Http11NioProtocol [guid=] - Starting ProtocolHandler ["http-nio-8080"]
2026-07-21 20:31:12.508 [main] INFO  o.s.boot.web.embedded.tomcat.TomcatWebServer [guid=] - Tomcat started on port 8080 (http) with context path '/yq-admin'
2026-07-21 20:31:12.516 [main] INFO  cn.yanque.YanqueApplication [guid=] - Started YanqueApplication in 2.723 seconds (process running for 2.963)
2026-07-21 20:32:42.612 [http-nio-8080-exec-1] INFO  o.a.c.c.C.[Tomcat].[localhost].[/yq-admin] [guid=] - Initializing Spring DispatcherServlet 'dispatcherServlet'
2026-07-21 20:32:43.092 [http-nio-8080-exec-1] INFO  cn.yanque.common.aop.ControllerLogAspect [guid=d87c3f22b2e546c58afa2f39c3055016] - 接口开始: uri=/yq-admin/api/student/pay/required-order, httpMethod=GET, controller=StudentPayController#requiredOrder, args=[]
2026-07-21 20:32:43.094 [http-nio-8080-exec-2] INFO  cn.yanque.common.aop.ControllerLogAspect [guid=1150ddfca2474a01934c3b1495194aae] - 接口开始: uri=/yq-admin/api/student/interview-reviews, httpMethod=GET, controller=StudentInterviewReviewController#page, args=[{"name":"req","value":{"pageNum":1,"pageSize":50}}]
2026-07-21 20:32:43.097 [http-nio-8080-exec-1] INFO  cn.yanque.common.aop.ControllerLogAspect [guid=d87c3f22b2e546c58afa2f39c3055016] - 接口结束: uri=/yq-admin/api/student/pay/required-order, controller=StudentPayController#requiredOrder, cost=68ms, result={"code":200,"message":"success"}
2026-07-21 20:32:43.157 [http-nio-8080-exec-2] INFO  cn.yanque.common.aop.ControllerLogAspect [guid=1150ddfca2474a01934c3b1495194aae] - 接口结束: uri=/yq-admin/api/student/interview-reviews, controller=StudentInterviewReviewController#page, cost=123ms, result={"code":200,"message":"success","data":{"total":2,"pageNum":1,"pageSize":50,"records":[{"id":2,"studentId":12,"studentName":"去去去","studentCode":"XS20260527544266","interviewTime":"Sat Jul 18 16:29:47 CST 2026","audioObjectKey":"homework/interview-review/2026/07/18/去去去/8e6fb56b-fb81-45fe-9f31-2884f4b2b854-面试.m4a","audioFileName":"面试.m4a","audioFileSize":27745126,"status":"DONE","transcriptDialogueJson":"[{\"speaker\":\"面试官\",\"text\":\"喂喂喂，你好你好。\"},{\"speaker\":\"学生\",\"text\":\"嗯哎，可以听到吧？\"},{\"speaker\":\"面试官\",\"text\":\"可以听到可以听到。\"},{\"speaker\":\"面试官\",\"text\":\"喂可以听到吧？\"},{\"speaker\":\"学生\",\"text\":\"可以可以可以。\"},{\"speaker\":\"面试官\",\"text\":\"啊，行。我是本轮的面试官，我叫焦玉龙。然后本轮主要是个技术面，就你简历上写的一些过往，我们做一个简单面试。行，那你简单介绍一下自己，我们就开始。\"},{\"speaker\":\"学生\",\"text\":\"好的，我叫胡云涛，24年毕业。毕业之后我就一直在这家公司工作，公司主要是做SaaS供应链开发的，主要涉及跨境电商方向，包括仓储、订单、物流、供应商管理等模块，我主要负责仓储模块。后面我们进行了Agent转型，做了一个智能问答助手，包括基于RAG知识库的问答和智能分析功能。\"},{\"speaker\":\"面试官\",\"text\":\"你们的RAG是怎么做的？\"},{\"speaker\":\"学生\",\"text\":\"我们的RAG分为离线链路和在线链路。离线链路主要做数据筛选：普通文本直接抽取；结构化PDF用OCR提取；表格不存入向量库，而是作为结构化数据存入关系型数据库。之后进行数据清洗与脱敏，再按标题、段落语义及标点符号切分，并做重叠切分以保证语义完整性。切分后使用Embedding模型——普通文本用文本模型，多模态数据用千问2.5-VL模型——生成向量存入向量库，并保存文档来源、版本号等元数据，方便检索。在线链路先对用户问题做快读改写，识别为标准问题后进行意图识别，再路由：若是知识库问答则走RAG检索；若是查询MySQL等关系数据库，则调用后端暴露的接口执行QueryPlan，Agent只负责生成结构化的思考语句，实际执行由后端完成。\"},{\"speaker\":\"面试官\",\"text\":\"你们的上下文会话管理怎么做的？\"},{\"speaker\":\"学生\",\"text\":\"主要分为状态和记忆两部分。状态编排用LangGraph实现；记忆分为短期记忆（工作记忆）和长期记忆：短期记忆用滑动窗口管理，长期记忆对过往对话做压缩摘要。同时保留用户偏好和人物画像，用结构化插槽处理。\"},{\"speaker\":\"面试官\",\"text\":\"你所涉及的提示词有哪些？就在这个项目里面。\"},{\"speaker\":\"学生\",\"text\":\"包括系统提示词、AI回答提示词和用户提示词。我们不会把提示词写得太长，而是职责单一化、标准化，并强调边界感——之前提示词过长繁杂时，效果反而不精准。\"},{\"speaker\":\"面试官\",\"text\":\"就是对接大模型最容易出现幻觉问题，你们针对这些幻觉做过哪些优化？\"},{\"speaker\":\"学生\",\"text\":\"一是RAG检索时，在向量库中为每条文本附上来源、版本号、生效时间等metadata，防止幻觉；二是在Agent编排中加入置信度分析，若置信度不足则不输出，或引导用户补充信息后重试，直到达到设定阈值；三是将temperature设置为较标准值。\"},{\"speaker\":\"面试官\",\"text\":\"你们对接的是哪个模型？\"},{\"speaker\":\"学生\",\"text\":\"主要是千问。\"},{\"speaker\":\"面试官\",\"text\":\"我理解你们是把传统SaaS系统里一些公共模块封装成Agent，供智能助手里调用，是这个意思吧？\"},{\"speaker\":\"学生\",\"text\":\"主要是知识问答和数据库查询，相当于把接口封装成Tool和Skill。\"},{\"speaker\":\"面试官\",\"text\":\"那你们是直接暴露接口，还是告诉模型表名让它自己编写SQL去查询呢？\"},{\"speaker\":\"学生\",\"text\":\"我们暴露接口，封装成Skill，遵循MCP规范。\"},{\"speaker\":\"面试官\",\"text\":\"那接口里会涉及权限相关吗？\"},{\"speaker\":\"学生\",\"text\":\"有。权限校验在后端服务层完成，通过后再进入Agent层。敏感数据在进入Agent前被替换为占位符；Agent生成结构化输出（如QueryPlan）时仅含占位符，不包含真实信息；后续调用前再经后端Validate校验，拼接安全上下文，校验占位符合法性、用户ID、租户ID及操作是否在权限范围内。\"},{\"speaker\":\"面试官\",\"text\":\"比如用户直接口语化提问‘苹果’，你们内部流程会怎么流转？会检索哪些内容？封装的Agent哪些优先检索？最终答案如何组合？\"},{\"speaker\":\"学生\",\"text\":\"我们采用关键词与向量库混合检索，既保证语义相似度，又保障相关性。还会对回答做准确性、上下文召回率、Recall@K等指标判断，达标后才最终输出。\"},{\"speaker\":\"面试官\",\"text\":\"我看你们也对接了WMS，比如WMS接口能查苹果相关信息，你们会调用这个Agent并结合RAG结果返回吗？\"},{\"speaker\":\"学生\",\"text\":\"对，我们会做Agent编排，将RAG检索与Agent调用结合。如果只走RAG不调用Agent，回答可能不够准确。\"},{\"speaker\":\"面试官\",\"text\":\"你们的Graph编排是用原生框架吗？\"},{\"speaker\":\"学生\",\"text\":\"做了些优化，但相关优化不是我负责，因为比较复杂。\"},{\"speaker\":\"面试官\",\"text\":\"你了解LangGraph吗？\"},{\"speaker\":\"学生\",\"text\":\"了解，它分为节点、边和状态。\"},{\"speaker\":\"面试官\",\"text\":\"你们这个项目基本是用Python写的吧？\"},{\"speaker\":\"学生\",\"text\":\"对，Agent部分全部用Python；数据库查询部分用SpringCloud框架。\"},{\"speaker\":\"面试官\",\"text\":\"我看你之前应该是写Java的吧？\"},{\"speaker\":\"学生\",\"text\":\"嗯，对。\"},{\"speaker\":\"面试官\",\"text\":\"你在做这个项目时，碰到过哪些令你印象深刻的难点吗？\"},{\"speaker\":\"学生\",\"text\":\"有。最开始退货政策从15天改为7天无理由退货，但模型始终回复15天。后来发现是因为没加版本和生效时间——旧数据因召回次数高权重更大。加上生效时间与版本权重后，最新入库数据权重最高，问题解决。另一个难点是工具职责混乱：早期Skill增多后调用混乱、准确率下降，后来我们明确每个工具的职责和边界，才改善效果。\"},{\"speaker\":\"面试官\",\"text\":\"扣子、Dify、N8N你有了解过吗？\"},{\"speaker\":\"学生\",\"text\":\"扣子了解，是一种编排平台，类似LangGraph；Dify也了解；N8N不太熟悉。\"},{\"speaker\":\"面试官\",\"text\":\"你觉得扣子和Dify的区别是什么？\"},{\"speaker\":\"学生\",\"text\":\"这个确实不太了解。\"},{\"speaker\":\"面试官\",\"text\":\"你能介绍一下你理解的线程安全和线程不安全吗？\"},{\"speaker\":\"学生\",\"text\":\"线程安全指多个线程操作同一块数据时，不会出现不一致情况，需保证可见性、原子性和有序性。我们主要通过锁（如synchronized、ReentrantLock）和volatile实现——volatile只保证可见性和有序性，不保证原子性，所以一般用锁。\"},{\"speaker\...(truncated)
2026-07-21 20:32:45.257 [http-nio-8080-exec-3] INFO  cn.yanque.common.aop.ControllerLogAspect [guid=01654c1e87724f12a483934a6a0518c3] - 接口开始: uri=/yq-admin/api/student/resume, httpMethod=GET, controller=StudentResumeController#get, args=[]
2026-07-21 20:32:45.257 [http-nio-8080-exec-4] INFO  cn.yanque.common.aop.ControllerLogAspect [guid=4f2be7dd26464420bc79319e1dc5e23d] - 接口开始: uri=/yq-admin/api/student/pay/required-order, httpMethod=GET, controller=StudentPayController#requiredOrder, args=[]
2026-07-21 20:32:45.259 [http-nio-8080-exec-3] INFO  cn.yanque.common.aop.ControllerLogAspect [guid=01654c1e87724f12a483934a6a0518c3] - 接口结束: uri=/yq-admin/api/student/resume, controller=StudentResumeController#get, cost=2ms, result={"code":200,"message":"success","data":{"studentId":12,"studentName":"去去去"}}
2026-07-21 20:32:45.260 [http-nio-8080-exec-4] INFO  cn.yanque.common.aop.ControllerLogAspect [guid=4f2be7dd26464420bc79319e1dc5e23d] - 接口结束: uri=/yq-admin/api/student/pay/required-order, controller=StudentPayController#requiredOrder, cost=3ms, result={"code":200,"message":"success"}
2026-07-21 20:33:39.653 [http-nio-8080-exec-8] INFO  cn.yanque.common.aop.ControllerLogAspect [guid=2623cc9be78d4116bb2dba5b04f99381] - 接口开始: uri=/yq-admin/api/file/upload, httpMethod=POST, controller=FileController#upload, args=[{"name":"bizType","value":"resume"}]
2026-07-21 20:33:40.029 [http-nio-8080-exec-8] INFO  cn.yanque.common.aop.ControllerLogAspect [guid=2623cc9be78d4116bb2dba5b04f99381] - 接口结束: uri=/yq-admin/api/file/upload, controller=FileController#upload, cost=376ms, result={"code":200,"message":"success","data":{"name":"ee7555f4-6b04-4926-a4f7-6b18eaf6d2e5.docx","url":"homework/resume/2026/07/21/去去去/0b53f01b-d43f-4557-bfdd-d9be7782ab16-ee7555f4-6b04-4926-a4f7-6b18eaf6d2e5.docx","type":"application/vnd.openxmlformats-officedocument.wordprocessingml.document","size":40444,"previewUrl":"http://yq-homework.oss-cn-beijing.aliyuncs.com/homework/resume/2026/07/21/%E5%8E%BB%E5%8E%BB%E5%8E%BB/0b53f01b-d43f-4557-bfdd-d9be7782ab16-ee7555f4-6b04-4926-a4f7-6b18eaf6d2e5.docx?Expires=1784637820&OSSAccessKeyId=LTAI5t7Pf4jSKFXSyZBmPgrT&Signature=X0bjlaQFZtOFAL8MWIRUbXqC0R0%3D&response-content-disposition=inline"}}
2026-07-21 20:33:40.084 [http-nio-8080-exec-6] INFO  cn.yanque.common.aop.ControllerLogAspect [guid=f33f5281b86b435da7ecb5501881c142] - 接口开始: uri=/yq-admin/api/student/resume, httpMethod=PUT, controller=StudentResumeController#save, args=[{"name":"req","value":{"objectKey":"homework/resume/2026/07/21/去去去/0b53f01b-d43f-4557-bfdd-d9be7782ab16-ee7555f4-6b04-4926-a4f7-6b18eaf6d2e5.docx","fileName":"ee7555f4-6b04-4926-a4f7-6b18eaf6d2e5.docx","fileSize":40444}}]
2026-07-21 20:33:40.090 [http-nio-8080-exec-6] INFO  cn.yanque.common.aop.ControllerLogAspect [guid=f33f5281b86b435da7ecb5501881c142] - 接口结束: uri=/yq-admin/api/student/resume, controller=StudentResumeController#save, cost=6ms, result={"code":200,"message":"success","data":{"studentId":12,"studentName":"去去去","objectKey":"homework/resume/2026/07/21/去去去/0b53f01b-d43f-4557-bfdd-d9be7782ab16-ee7555f4-6b04-4926-a4f7-6b18eaf6d2e5.docx","fileName":"ee7555f4-6b04-4926-a4f7-6b18eaf6d2e5.docx","fileSize":40444,"uploadedAt":"Tue Jul 21 20:33:40 CST 2026","parseStatus":"PENDING"}}
2026-07-21 20:33:43.109 [http-nio-8080-exec-7] INFO  cn.yanque.common.aop.ControllerLogAspect [guid=e5d4f7e6760a4adc86110dec42e13c49] - 接口开始: uri=/yq-admin/api/student/resume, httpMethod=GET, controller=StudentResumeController#get, args=[]
2026-07-21 20:33:43.110 [http-nio-8080-exec-7] INFO  cn.yanque.common.aop.ControllerLogAspect [guid=e5d4f7e6760a4adc86110dec42e13c49] - 接口结束: uri=/yq-admin/api/student/resume, controller=StudentResumeController#get, cost=2ms, result={"code":200,"message":"success","data":{"studentId":12,"studentName":"去去去","objectKey":"homework/resume/2026/07/21/去去去/0b53f01b-d43f-4557-bfdd-d9be7782ab16-ee7555f4-6b04-4926-a4f7-6b18eaf6d2e5.docx","fileName":"ee7555f4-6b04-4926-a4f7-6b18eaf6d2e5.docx","fileSize":40444,"uploadedAt":"Tue Jul 21 20:33:40 CST 2026","parseStatus":"PROCESSING"}}
2026-07-21 20:33:46.111 [http-nio-8080-exec-5] INFO  cn.yanque.common.aop.ControllerLogAspect [guid=7cb0814731264c5a9b7081ffa7bfa895] - 接口开始: uri=/yq-admin/api/student/resume, httpMethod=GET, controller=StudentResumeController#get, args=[]
2026-07-21 20:33:46.113 [http-nio-8080-exec-5] INFO  cn.yanque.common.aop.ControllerLogAspect [guid=7cb0814731264c5a9b7081ffa7bfa895] - 接口结束: uri=/yq-admin/api/student/resume, controller=StudentResumeController#get, cost=2ms, result={"code":200,"message":"success","data":{"studentId":12,"studentName":"去去去","objectKey":"homework/resume/2026/07/21/去去去/0b53f01b-d43f-4557-bfdd-d9be7782ab16-ee7555f4-6b04-4926-a4f7-6b18eaf6d2e5.docx","fileName":"ee7555f4-6b04-4926-a4f7-6b18eaf6d2e5.docx","fileSize":40444,"uploadedAt":"Tue Jul 21 20:33:40 CST 2026","parseStatus":"PROCESSING"}}
2026-07-21 20:33:49.115 [http-nio-8080-exec-9] INFO  cn.yanque.common.aop.ControllerLogAspect [guid=b94da3b3669c4032be18f4f5e303840f] - 接口开始: uri=/yq-admin/api/student/resume, httpMethod=GET, controller=StudentResumeController#get, args=[]
2026-07-21 20:33:49.116 [http-nio-8080-exec-9] INFO  cn.yanque.common.aop.ControllerLogAspect [guid=b94da3b3669c4032be18f4f5e303840f] - 接口结束: uri=/yq-admin/api/student/resume, controller=StudentResumeController#get, cost=1ms, result={"code":200,"message":"success","data":{"studentId":12,"studentName":"去去去","objectKey":"homework/resume/2026/07/21/去去去/0b53f01b-d43f-4557-bfdd-d9be7782ab16-ee7555f4-6b04-4926-a4f7-6b18eaf6d2e5.docx","fileName":"ee7555f4-6b04-4926-a4f7-6b18eaf6d2e5.docx","fileSize":40444,"uploadedAt":"Tue Jul 21 20:33:40 CST 2026","parseStatus":"PROCESSING"}}
2026-07-21 20:33:51.261 [http-nio-8080-exec-10] INFO  cn.yanque.common.aop.ControllerLogAspect [guid=3ba40839a1f944a587279931a8fd5296] - 接口开始: uri=/yq-admin/api/student/resume/preview-url, httpMethod=GET, controller=StudentResumeController#previewUrl, args=[]
2026-07-21 20:33:51.263 [http-nio-8080-exec-10] INFO  cn.yanque.common.aop.ControllerLogAspect [guid=3ba40839a1f944a587279931a8fd5296] - 接口结束: uri=/yq-admin/api/student/resume/preview-url, controller=StudentResumeController#previewUrl, cost=2ms, result={"code":200,"message":"success","data":"http://yq-homework.oss-cn-beijing.aliyuncs.com/homework/resume/2026/07/21/%E5%8E%BB%E5%8E%BB%E5%8E%BB/0b53f01b-d43f-4557-bfdd-d9be7782ab16-ee7555f4-6b04-4926-a4f7-6b18eaf6d2e5.docx?Expires=1784637831&OSSAccessKeyId=LTAI5t7Pf4jSKFXSyZBmPgrT&Signature=pBCBU05sz0MDRiBPraF2%2BxYFGZQ%3D&response-content-disposition=inline"}
2026-07-21 20:33:52.855 [http-nio-8080-exec-1] INFO  cn.yanque.common.aop.ControllerLogAspect [guid=385b1eaf301f42e7b593c6e4ad44c5fb] - 接口开始: uri=/yq-admin/api/student/resume, httpMethod=GET, controller=StudentResumeController#get, args=[]
2026-07-21 20:33:52.857 [http-nio-8080-exec-1] INFO  cn.yanque.common.aop.ControllerLogAspect [guid=385b1eaf301f42e7b593c6e4ad44c5fb] - 接口结束: uri=/yq-admin/api/student/resume, controller=StudentResumeController#get, cost=1ms, result={"code":200,"message":"success","data":{"studentId":12,"studentName":"去去去","objectKey":"homework/resume/2026/07/21/去去去/0b53f01b-d43f-4557-bfdd-d9be7782ab16-ee7555f4-6b04-4926-a4f7-6b18eaf6d2e5.docx","fileName":"ee7555f4-6b04-4926-a4f7-6b18eaf6d2e5.docx","fileSize":40444,"uploadedAt":"Tue Jul 21 20:33:40 CST 2026","parseStatus":"PROCESSING"}}
2026-07-21 20:33:55.118 [http-nio-8080-exec-2] INFO  cn.yanque.common.aop.ControllerLogAspect [guid=e9474d3ad59341558ef93e6725ab62e3] - 接口开始: uri=/yq-admin/api/student/resume, httpMethod=GET, controller=StudentResumeController#get, args=[]
2026-07-21 20:33:55.120 [http-nio-8080-exec-2] INFO  cn.yanque.common.aop.ControllerLogAspect [guid=e9474d3ad59341558ef93e6725ab62e3] - 接口结束: uri=/yq-admin/api/student/resume, controller=StudentResumeController#get, cost=2ms, result={"code":200,"message":"success","data":{"studentId":12,"studentName":"去去去","objectKey":"homework/resume/2026/07/21/去去去/0b53f01b-d43f-4557-bfdd-d9be7782ab16-ee7555f4-6b04-4926-a4f7-6b18eaf6d2e5.docx","fileName":"ee7555f4-6b04-4926-a4f7-6b18eaf6d2e5.docx","fileSize":40444,"uploadedAt":"Tue Jul 21 20:33:40 CST 2026","parseStatus":"PROCESSING"}}
2026-07-21 20:33:58.109 [http-nio-8080-exec-4] INFO  cn.yanque.common.aop.ControllerLogAspect [guid=ca26d8a204c141df92794ef1b28fcc55] - 接口开始: uri=/yq-admin/api/student/resume, httpMethod=GET, controller=StudentResumeController#get, args=[]
2026-07-21 20:33:58.110 [http-nio-8080-exec-4] INFO  cn.yanque.common.aop.ControllerLogAspect [guid=ca26d8a204c141df92794ef1b28fcc55] - 接口结束: uri=/yq-admin/api/student/resume, controller=StudentResumeController#get, cost=1ms, result={"code":200,"message":"success","data":{"studentId":12,"studentName":"去去去","objectKey":"homework/resume/2026/07/21/去去去/0b53f01b-d43f-4557-bfdd-d9be7782ab16-ee7555f4-6b04-4926-a4f7-6b18eaf6d2e5.docx","fileName":"ee7555f4-6b04-4926-a4f7-6b18eaf6d2e5.docx","fileSize":40444,"uploadedAt":"Tue Jul 21 20:33:40 CST 2026","parseStatus":"PROCESSING"}}
2026-07-21 20:34:01.113 [http-nio-8080-exec-3] INFO  cn.yanque.common.aop.ControllerLogAspect [guid=76566f18fa56404ab9b8f08520610e12] - 接口开始: uri=/yq-admin/api/student/resume, httpMethod=GET, controller=StudentResumeController#get, args=[]
2026-07-21 20:34:01.116 [http-nio-8080-exec-3] INFO  cn.yanque.common.aop.ControllerLogAspect [guid=76566f18fa56404ab9b8f08520610e12] - 接口结束: uri=/yq-admin/api/student/resume, controller=StudentResumeController#get, cost=3ms, result={"code":200,"message":"success","data":{"studentId":12,"studentName":"去去去","objectKey":"homework/resume/2026/07/21/去去去/0b53f01b-d43f-4557-bfdd-d9be7782ab16-ee7555f4-6b04-4926-a4f7-6b18eaf6d2e5.docx","fileName":"ee7555f4-6b04-4926-a4f7-6b18eaf6d2e5.docx","fileSize":40444,"uploadedAt":"Tue Jul 21 20:33:40 CST 2026","parseStatus":"PROCESSING"}}
2026-07-21 20:34:04.117 [http-nio-8080-exec-8] INFO  cn.yanque.common.aop.ControllerLogAspect [guid=512aec86bca7445ebe46dda916049243] - 接口开始: uri=/yq-admin/api/student/resume, httpMethod=GET, controller=StudentResumeController#get, args=[]
2026-07-21 20:34:04.120 [http-nio-8080-exec-8] INFO  cn.yanque.common.aop.ControllerLogAspect [guid=512aec86bca7445ebe46dda916049243] - 接口结束: uri=/yq-admin/api/student/resume, controller=StudentResumeController#get, cost=3ms, result={"code":200,"message":"success","data":{"studentId":12,"studentName":"去去去","objectKey":"homework/resume/2026/07/21/去去去/0b53f01b-d43f-4557-bfdd-d9be7782ab16-ee7555f4-6b04-4926-a4f7-6b18eaf6d2e5.docx","fileName":"ee7555f4-6b04-4926-a4f7-6b18eaf6d2e5.docx","fileSize":40444,"uploadedAt":"Tue Jul 21 20:33:40 CST 2026","parseStatus":"PROCESSING"}}
2026-07-21 20:34:07.113 [http-nio-8080-exec-6] INFO  cn.yanque.common.aop.ControllerLogAspect [guid=bcffa73d0ea4435fb318a816727d7ee0] - 接口开始: uri=/yq-admin/api/student/resume, httpMethod=GET, controller=StudentResumeController#get, args=[]
2026-07-21 20:34:07.115 [http-nio-8080-exec-6] INFO  cn.yanque.common.aop.ControllerLogAspect [guid=bcffa73d0ea4435fb318a816727d7ee0] - 接口结束: uri=/yq-admin/api/student/resume, controller=StudentResumeController#get, cost=2ms, result={"code":200,"message":"success","data":{"studentId":12,"studentName":"去去去","objectKey":"homework/resume/2026/07/21/去去去/0b53f01b-d43f-4557-bfdd-d9be7782ab16-ee7555f4-6b04-4926-a4f7-6b18eaf6d2e5.docx","fileName":"ee7555f4-6b04-4926-a4f7-6b18eaf6d2e5.docx","fileSize":40444,"uploadedAt":"Tue Jul 21 20:33:40 CST 2026","parseStatus":"PROCESSING"}}
2026-07-21 20:34:10.110 [http-nio-8080-exec-7] INFO  cn.yanque.common.aop.ControllerLogAspect [guid=2672bc4b96454add873d4a250eaddfb9] - 接口开始: uri=/yq-admin/api/student/resume, httpMethod=GET, controller=StudentResumeController#get, args=[]
2026-07-21 20:34:10.112 [http-nio-8080-exec-7] INFO  cn.yanque.common.aop.ControllerLogAspect [guid=2672bc4b96454add873d4a250eaddfb9] - 接口结束: uri=/yq-admin/api/student/resume, controller=StudentResumeController#get, cost=3ms, result={"code":200,"message":"success","data":{"studentId":12,"studentName":"去去去","objectKey":"homework/resume/2026/07/21/去去去/0b53f01b-d43f-4557-bfdd-d9be7782ab16-ee7555f4-6b04-4926-a4f7-6b18eaf6d2e5.docx","fileName":"ee7555f4-6b04-4926-a4f7-6b18eaf6d2e5.docx","fileSize":40444,"uploadedAt":"Tue Jul 21 20:33:40 CST 2026","parseStatus":"PROCESSING"}}
2026-07-21 20:34:13.123 [http-nio-8080-exec-5] INFO  cn.yanque.common.aop.ControllerLogAspect [guid=d8d82873758642ff99380eb743d89af1] - 接口开始: uri=/yq-admin/api/student/resume, httpMethod=GET, controller=StudentResumeController#get, args=[]
2026-07-21 20:34:13.124 [http-nio-8080-exec-5] INFO  cn.yanque.common.aop.ControllerLogAspect [guid=d8d82873758642ff99380eb743d89af1] - 接口结束: uri=/yq-admin/api/student/resume, controller=StudentResumeController#get, cost=2ms, result={"code":200,"message":"success","data":{"studentId":12,"studentName":"去去去","objectKey":"homework/resume/2026/07/21/去去去/0b53f01b-d43f-4557-bfdd-d9be7782ab16-ee7555f4-6b04-4926-a4f7-6b18eaf6d2e5.docx","fileName":"ee7555f4-6b04-4926-a4f7-6b18eaf6d2e5.docx","fileSize":40444,"uploadedAt":"Tue Jul 21 20:33:40 CST 2026","parseStatus":"PROCESSING"}}
2026-07-21 20:34:16.108 [http-nio-8080-exec-9] INFO  cn.yanque.common.aop.ControllerLogAspect [guid=bdec84dbaecc4aab865e0ba653d7d52b] - 接口开始: uri=/yq-admin/api/student/resume, httpMethod=GET, controller=StudentResumeController#get, args=[]
2026-07-21 20:34:16.111 [http-nio-8080-exec-9] INFO  cn.yanque.common.aop.ControllerLogAspect [guid=bdec84dbaecc4aab865e0ba653d7d52b] - 接口结束: uri=/yq-admin/api/student/resume, controller=StudentResumeController#get, cost=3ms, result={"code":200,"message":"success","data":{"studentId":12,"studentName":"去去去","objectKey":"homework/resume/2026/07/21/去去去/0b53f01b-d43f-4557-bfdd-d9be7782ab16-ee7555f4-6b04-4926-a4f7-6b18eaf6d2e5.docx","fileName":"ee7555f4-6b04-4926-a4f7-6b18eaf6d2e5.docx","fileSize":40444,"uploadedAt":"Tue Jul 21 20:33:40 CST 2026","parseStatus":"PROCESSING"}}
2026-07-21 20:34:19.109 [http-nio-8080-exec-10] INFO  cn.yanque.common.aop.ControllerLogAspect [guid=a16924e79c3f4739aec0b2e6919eac6f] - 接口开始: uri=/yq-admin/api/student/resume, httpMethod=GET, controller=StudentResumeController#get, args=[]
2026-07-21 20:34:19.110 [http-nio-8080-exec-10] INFO  cn.yanque.common.aop.ControllerLogAspect [guid=a16924e79c3f4739aec0b2e6919eac6f] - 接口结束: uri=/yq-admin/api/student/resume, controller=StudentResumeController#get, cost=1ms, result={"code":200,"message":"success","data":{"studentId":12,"studentName":"去去去","objectKey":"homework/resume/2026/07/21/去去去/0b53f01b-d43f-4557-bfdd-d9be7782ab16-ee7555f4-6b04-4926-a4f7-6b18eaf6d2e5.docx","fileName":"ee7555f4-6b04-4926-a4f7-6b18eaf6d2e5.docx","fileSize":40444,"uploadedAt":"Tue Jul 21 20:33:40 CST 2026","parseStatus":"PROCESSING"}}
2026-07-21 20:34:22.115 [http-nio-8080-exec-1] INFO  cn.yanque.common.aop.ControllerLogAspect [guid=c7d19ec5c5e74ae982d3867e73f74453] - 接口开始: uri=/yq-admin/api/student/resume, httpMethod=GET, controller=StudentResumeController#get, args=[]
2026-07-21 20:34:22.117 [http-nio-8080-exec-1] INFO  cn.yanque.common.aop.ControllerLogAspect [guid=c7d19ec5c5e74ae982d3867e73f74453] - 接口结束: uri=/yq-admin/api/student/resume, controller=StudentResumeController#get, cost=2ms, result={"code":200,"message":"success","data":{"studentId":12,"studentName":"去去去","objectKey":"homework/resume/2026/07/21/去去去/0b53f01b-d43f-4557-bfdd-d9be7782ab16-ee7555f4-6b04-4926-a4f7-6b18eaf6d2e5.docx","fileName":"ee7555f4-6b04-4926-a4f7-6b18eaf6d2e5.docx","fileSize":40444,"uploadedAt":"Tue Jul 21 20:33:40 CST 2026","parseStatus":"PROCESSING"}}
2026-07-21 20:34:25.114 [http-nio-8080-exec-2] INFO  cn.yanque.common.aop.ControllerLogAspect [guid=011a906cfe1244b6bc11767a6a58973b] - 接口开始: uri=/yq-admin/api/student/resume, httpMethod=GET, controller=StudentResumeController#get, args=[]
2026-07-21 20:34:25.116 [http-nio-8080-exec-2] INFO  cn.yanque.common.aop.ControllerLogAspect [guid=011a906cfe1244b6bc11767a6a58973b] - 接口结束: uri=/yq-admin/api/student/resume, controller=StudentResumeController#get, cost=2ms, result={"code":200,"message":"success","data":{"studentId":12,"studentName":"去去去","objectKey":"homework/resume/2026/07/21/去去去/0b53f01b-d43f-4557-bfdd-d9be7782ab16-ee7555f4-6b04-4926-a4f7-6b18eaf6d2e5.docx","fileName":"ee7555f4-6b04-4926-a4f7-6b18eaf6d2e5.docx","fileSize":40444,"uploadedAt":"Tue Jul 21 20:33:40 CST 2026","parseStatus":"PROCESSING"}}
2026-07-21 20:34:28.113 [http-nio-8080-exec-4] INFO  cn.yanque.common.aop.ControllerLogAspect [guid=7d659563c2044e66b955e7a8e57dd0df] - 接口开始: uri=/yq-admin/api/student/resume, httpMethod=GET, controller=StudentResumeController#get, args=[]
2026-07-21 20:34:28.114 [http-nio-8080-exec-4] INFO  cn.yanque.common.aop.ControllerLogAspect [guid=7d659563c2044e66b955e7a8e57dd0df] - 接口结束: uri=/yq-admin/api/student/resume, controller=StudentResumeController#get, cost=2ms, result={"code":200,"message":"success","data":{"studentId":12,"studentName":"去去去","objectKey":"homework/resume/2026/07/21/去去去/0b53f01b-d43f-4557-bfdd-d9be7782ab16-ee7555f4-6b04-4926-a4f7-6b18eaf6d2e5.docx","fileName":"ee7555f4-6b04-4926-a4f7-6b18eaf6d2e5.docx","fileSize":40444,"uploadedAt":"Tue Jul 21 20:33:40 CST 2026","parseStatus":"PROCESSING"}}
2026-07-21 20:34:31.113 [http-nio-8080-exec-3] INFO  cn.yanque.common.aop.ControllerLogAspect [guid=d1fc29a850cd4fd99392e2ff398f95c1] - 接口开始: uri=/yq-admin/api/student/resume, httpMethod=GET, controller=StudentResumeController#get, args=[]
2026-07-21 20:34:31.115 [http-nio-8080-exec-3] INFO  cn.yanque.common.aop.ControllerLogAspect [guid=d1fc29a850cd4fd99392e2ff398f95c1] - 接口结束: uri=/yq-admin/api/student/resume, controller=StudentResumeController#get, cost=2ms, result={"code":200,"message":"success","data":{"studentId":12,"studentName":"去去去","objectKey":"homework/resume/2026/07/21/去去去/0b53f01b-d43f-4557-bfdd-d9be7782ab16-ee7555f4-6b04-4926-a4f7-6b18eaf6d2e5.docx","fileName":"ee7555f4-6b04-4926-a4f7-6b18eaf6d2e5.docx","fileSize":40444,"uploadedAt":"Tue Jul 21 20:33:40 CST 2026","parseStatus":"PROCESSING"}}
2026-07-21 20:34:34.115 [http-nio-8080-exec-8] INFO  cn.yanque.common.aop.ControllerLogAspect [guid=9304ac7954384d8bbc89d8bff24b923b] - 接口开始: uri=/yq-admin/api/student/resume, httpMethod=GET, controller=StudentResumeController#get, args=[]
2026-07-21 20:34:34.117 [http-nio-8080-exec-8] INFO  cn.yanque.common.aop.ControllerLogAspect [guid=9304ac7954384d8bbc89d8bff24b923b] - 接口结束: uri=/yq-admin/api/student/resume, controller=StudentResumeController#get, cost=2ms, result={"code":200,"message":"success","data":{"studentId":12,"studentName":"去去去","objectKey":"homework/resume/2026/07/21/去去去/0b53f01b-d43f-4557-bfdd-d9be7782ab16-ee7555f4-6b04-4926-a4f7-6b18eaf6d2e5.docx","fileName":"ee7555f4-6b04-4926-a4f7-6b18eaf6d2e5.docx","fileSize":40444,"uploadedAt":"Tue Jul 21 20:33:40 CST 2026","parseStatus":"PROCESSING"}}
2026-07-21 20:34:37.115 [http-nio-8080-exec-6] INFO  cn.yanque.common.aop.ControllerLogAspect [guid=da7c0625d11a414a919c1e5e19bc42ed] - 接口开始: uri=/yq-admin/api/student/resume, httpMethod=GET, controller=StudentResumeController#get, args=[]
2026-07-21 20:34:37.117 [http-nio-8080-exec-6] INFO  cn.yanque.common.aop.ControllerLogAspect [guid=da7c0625d11a414a919c1e5e19bc42ed] - 接口结束: uri=/yq-admin/api/student/resume, controller=StudentResumeController#get, cost=2ms, result={"code":200,"message":"success","data":{"studentId":12,"studentName":"去去去","objectKey":"homework/resume/2026/07/21/去去去/0b53f01b-d43f-4557-bfdd-d9be7782ab16-ee7555f4-6b04-4926-a4f7-6b18eaf6d2e5.docx","fileName":"ee7555f4-6b04-4926-a4f7-6b18eaf6d2e5.docx","fileSize":40444,"uploadedAt":"Tue Jul 21 20:33:40 CST 2026","parseStatus":"PROCESSING"}}
2026-07-21 20:34:40.116 [http-nio-8080-exec-7] INFO  cn.yanque.common.aop.ControllerLogAspect [guid=1ae546f9f87344a8bc578d3ea30bc2a8] - 接口开始: uri=/yq-admin/api/student/resume, httpMethod=GET, controller=StudentResumeController#get, args=[]
2026-07-21 20:34:40.119 [http-nio-8080-exec-7] INFO  cn.yanque.common.aop.ControllerLogAspect [guid=1ae546f9f87344a8bc578d3ea30bc2a8] - 接口结束: uri=/yq-admin/api/student/resume, controller=StudentResumeController#get, cost=3ms, result={"code":200,"message":"success","data":{"studentId":12,"studentName":"去去去","objectKey":"homework/resume/2026/07/21/去去去/0b53f01b-d43f-4557-bfdd-d9be7782ab16-ee7555f4-6b04-4926-a4f7-6b18eaf6d2e5.docx","fileName":"ee7555f4-6b04-4926-a4f7-6b18eaf6d2e5.docx","fileSize":40444,"uploadedAt":"Tue Jul 21 20:33:40 CST 2026","parseStatus":"PROCESSING"}}
2026-07-21 20:34:43.110 [http-nio-8080-exec-5] INFO  cn.yanque.common.aop.ControllerLogAspect [guid=e714b626dad8462fbda5a66bf2fab615] - 接口开始: uri=/yq-admin/api/student/resume, httpMethod=GET, controller=StudentResumeController#get, args=[]
2026-07-21 20:34:43.112 [http-nio-8080-exec-5] INFO  cn.yanque.common.aop.ControllerLogAspect [guid=e714b626dad8462fbda5a66bf2fab615] - 接口结束: uri=/yq-admin/api/student/resume, controller=StudentResumeController#get, cost=2ms, result={"code":200,"message":"success","data":{"studentId":12,"studentName":"去去去","objectKey":"homework/resume/2026/07/21/去去去/0b53f01b-d43f-4557-bfdd-d9be7782ab16-ee7555f4-6b04-4926-a4f7-6b18eaf6d2e5.docx","fileName":"ee7555f4-6b04-4926-a4f7-6b18eaf6d2e5.docx","fileSize":40444,"uploadedAt":"Tue Jul 21 20:33:40 CST 2026","parseStatus":"PROCESSING"}}
2026-07-21 20:34:46.121 [http-nio-8080-exec-9] INFO  cn.yanque.common.aop.ControllerLogAspect [guid=630808b735dd483088da3a22b05a553b] - 接口开始: uri=/yq-admin/api/student/resume, httpMethod=GET, controller=StudentResumeController#get, args=[]
2026-07-21 20:34:46.122 [http-nio-8080-exec-9] INFO  cn.yanque.common.aop.ControllerLogAspect [guid=630808b735dd483088da3a22b05a553b] - 接口结束: uri=/yq-admin/api/student/resume, controller=StudentResumeController#get, cost=1ms, result={"code":200,"message":"success","data":{"studentId":12,"studentName":"去去去","objectKey":"homework/resume/2026/07/21/去去去/0b53f01b-d43f-4557-bfdd-d9be7782ab16-ee7555f4-6b04-4926-a4f7-6b18eaf6d2e5.docx","fileName":"ee7555f4-6b04-4926-a4f7-6b18eaf6d2e5.docx","fileSize":40444,"uploadedAt":"Tue Jul 21 20:33:40 CST 2026","parseStatus":"PROCESSING"}}
2026-07-21 20:34:49.117 [http-nio-8080-exec-10] INFO  cn.yanque.common.aop.ControllerLogAspect [guid=3fd3ed90a99a4362b643ee9dae345fc0] - 接口开始: uri=/yq-admin/api/student/resume, httpMethod=GET, controller=StudentResumeController#get, args=[]
2026-07-21 20:34:49.120 [http-nio-8080-exec-10] INFO  cn.yanque.common.aop.ControllerLogAspect [guid=3fd3ed90a99a4362b643ee9dae345fc0] - 接口结束: uri=/yq-admin/api/student/resume, controller=StudentResumeController#get, cost=3ms, result={"code":200,"message":"success","data":{"studentId":12,"studentName":"去去去","objectKey":"homework/resume/2026/07/21/去去去/0b53f01b-d43f-4557-bfdd-d9be7782ab16-ee7555f4-6b04-4926-a4f7-6b18eaf6d2e5.docx","fileName":"ee7555f4-6b04-4926-a4f7-6b18eaf6d2e5.docx","fileSize":40444,"uploadedAt":"Tue Jul 21 20:33:40 CST 2026","parseStatus":"PROCESSING"}}
2026-07-21 20:34:52.115 [http-nio-8080-exec-1] INFO  cn.yanque.common.aop.ControllerLogAspect [guid=57986a33aa304629a15a469cceb57cca] - 接口开始: uri=/yq-admin/api/student/resume, httpMethod=GET, controller=StudentResumeController#get, args=[]
2026-07-21 20:34:52.116 [http-nio-8080-exec-1] INFO  cn.yanque.common.aop.ControllerLogAspect [guid=57986a33aa304629a15a469cceb57cca] - 接口结束: uri=/yq-admin/api/student/resume, controller=StudentResumeController#get, cost=1ms, result={"code":200,"message":"success","data":{"studentId":12,"studentName":"去去去","objectKey":"homework/resume/2026/07/21/去去去/0b53f01b-d43f-4557-bfdd-d9be7782ab16-ee7555f4-6b04-4926-a4f7-6b18eaf6d2e5.docx","fileName":"ee7555f4-6b04-4926-a4f7-6b18eaf6d2e5.docx","fileSize":40444,"uploadedAt":"Tue Jul 21 20:33:40 CST 2026","parseStatus":"PROCESSING"}}
2026-07-21 20:34:55.114 [http-nio-8080-exec-2] INFO  cn.yanque.common.aop.ControllerLogAspect [guid=308f5c88ceb94218a03b11aeb94d6109] - 接口开始: uri=/yq-admin/api/student/resume, httpMethod=GET, controller=StudentResumeController#get, args=[]
2026-07-21 20:34:55.116 [http-nio-8080-exec-2] INFO  cn.yanque.common.aop.ControllerLogAspect [guid=308f5c88ceb94218a03b11aeb94d6109] - 接口结束: uri=/yq-admin/api/student/resume, controller=StudentResumeController#get, cost=2ms, result={"code":200,"message":"success","data":{"studentId":12,"studentName":"去去去","objectKey":"homework/resume/2026/07/21/去去去/0b53f01b-d43f-4557-bfdd-d9be7782ab16-ee7555f4-6b04-4926-a4f7-6b18eaf6d2e5.docx","fileName":"ee7555f4-6b04-4926-a4f7-6b18eaf6d2e5.docx","fileSize":40444,"uploadedAt":"Tue Jul 21 20:33:40 CST 2026","parseStatus":"PROCESSING"}}
2026-07-21 20:34:58.111 [http-nio-8080-exec-4] INFO  cn.yanque.common.aop.ControllerLogAspect [guid=970dec1998bd4a3698a1cde4780c5929] - 接口开始: uri=/yq-admin/api/student/resume, httpMethod=GET, controller=StudentResumeController#get, args=[]
2026-07-21 20:34:58.112 [http-nio-8080-exec-4] INFO  cn.yanque.common.aop.ControllerLogAspect [guid=970dec1998bd4a3698a1cde4780c5929] - 接口结束: uri=/yq-admin/api/student/resume, controller=StudentResumeController#get, cost=1ms, result={"code":200,"message":"success","data":{"studentId":12,"studentName":"去去去","objectKey":"homework/resume/2026/07/21/去去去/0b53f01b-d43f-4557-bfdd-d9be7782ab16-ee7555f4-6b04-4926-a4f7-6b18eaf6d2e5.docx","fileName":"ee7555f4-6b04-4926-a4f7-6b18eaf6d2e5.docx","fileSize":40444,"uploadedAt":"Tue Jul 21 20:33:40 CST 2026","parseStatus":"PROCESSING"}}
2026-07-21 20:35:01.121 [http-nio-8080-exec-3] INFO  cn.yanque.common.aop.ControllerLogAspect [guid=e8adeccfd0474c6f924da0f684bb8fb9] - 接口开始: uri=/yq-admin/api/student/resume, httpMethod=GET, controller=StudentResumeController#get, args=[]
2026-07-21 20:35:01.123 [http-nio-8080-exec-3] INFO  cn.yanque.common.aop.ControllerLogAspect [guid=e8adeccfd0474c6f924da0f684bb8fb9] - 接口结束: uri=/yq-admin/api/student/resume, controller=StudentResumeController#get, cost=1ms, result={"code":200,"message":"success","data":{"studentId":12,"studentName":"去去去","objectKey":"homework/resume/2026/07/21/去去去/0b53f01b-d43f-4557-bfdd-d9be7782ab16-ee7555f4-6b04-4926-a4f7-6b18eaf6d2e5.docx","fileName":"ee7555f4-6b04-4926-a4f7-6b18eaf6d2e5.docx","fileSize":40444,"uploadedAt":"Tue Jul 21 20:33:40 CST 2026","parseStatus":"PROCESSING"}}
2026-07-21 20:35:04.121 [http-nio-8080-exec-8] INFO  cn.yanque.common.aop.ControllerLogAspect [guid=9a5038ad44734b11820bac5c0262db92] - 接口开始: uri=/yq-admin/api/student/resume, httpMethod=GET, controller=StudentResumeController#get, args=[]
2026-07-21 20:35:04.122 [http-nio-8080-exec-8] INFO  cn.yanque.common.aop.ControllerLogAspect [guid=9a5038ad44734b11820bac5c0262db92] - 接口结束: uri=/yq-admin/api/student/resume, controller=StudentResumeController#get, cost=1ms, result={"code":200,"message":"success","data":{"studentId":12,"studentName":"去去去","objectKey":"homework/resume/2026/07/21/去去去/0b53f01b-d43f-4557-bfdd-d9be7782ab16-ee7555f4-6b04-4926-a4f7-6b18eaf6d2e5.docx","fileName":"ee7555f4-6b04-4926-a4f7-6b18eaf6d2e5.docx","fileSize":40444,"uploadedAt":"Tue Jul 21 20:33:40 CST 2026","parseStatus":"PROCESSING"}}
2026-07-21 20:35:07.119 [http-nio-8080-exec-6] INFO  cn.yanque.common.aop.ControllerLogAspect [guid=6d5af5d3a18649bf95ad61bbc08dd407] - 接口开始: uri=/yq-admin/api/student/resume, httpMethod=GET, controller=StudentResumeController#get, args=[]
2026-07-21 20:35:07.121 [http-nio-8080-exec-6] INFO  cn.yanque.common.aop.ControllerLogAspect [guid=6d5af5d3a18649bf95ad61bbc08dd407] - 接口结束: uri=/yq-admin/api/student/resume, controller=StudentResumeController#get, cost=2ms, result={"code":200,"message":"success","data":{"studentId":12,"studentName":"去去去","objectKey":"homework/resume/2026/07/21/去去去/0b53f01b-d43f-4557-bfdd-d9be7782ab16-ee7555f4-6b04-4926-a4f7-6b18eaf6d2e5.docx","fileName":"ee7555f4-6b04-4926-a4f7-6b18eaf6d2e5.docx","fileSize":40444,"uploadedAt":"Tue Jul 21 20:33:40 CST 2026","parseStatus":"PROCESSING"}}
2026-07-21 20:35:10.119 [http-nio-8080-exec-7] INFO  cn.yanque.common.aop.ControllerLogAspect [guid=7a7f8d38bbbd45f5a996932ba6d48f07] - 接口开始: uri=/yq-admin/api/student/resume, httpMethod=GET, controller=StudentResumeController#get, args=[]
2026-07-21 20:35:10.122 [http-nio-8080-exec-7] INFO  cn.yanque.common.aop.ControllerLogAspect [guid=7a7f8d38bbbd45f5a996932ba6d48f07] - 接口结束: uri=/yq-admin/api/student/resume, controller=StudentResumeController#get, cost=3ms, result={"code":200,"message":"success","data":{"studentId":12,"studentName":"去去去","objectKey":"homework/resume/2026/07/21/去去去/0b53f01b-d43f-4557-bfdd-d9be7782ab16-ee7555f4-6b04-4926-a4f7-6b18eaf6d2e5.docx","fileName":"ee7555f4-6b04-4926-a4f7-6b18eaf6d2e5.docx","fileSize":40444,"uploadedAt":"Tue Jul 21 20:33:40 CST 2026","parseStatus":"PROCESSING"}}
2026-07-21 20:35:13.123 [http-nio-8080-exec-5] INFO  cn.yanque.common.aop.ControllerLogAspect [guid=08b256a2c14047c691432b03e858d43a] - 接口开始: uri=/yq-admin/api/student/resume, httpMethod=GET, controller=StudentResumeController#get, args=[]
2026-07-21 20:35:13.124 [http-nio-8080-exec-5] INFO  cn.yanque.common.aop.ControllerLogAspect [guid=08b256a2c14047c691432b03e858d43a] - 接口结束: uri=/yq-admin/api/student/resume, controller=StudentResumeController#get, cost=1ms, result={"code":200,"message":"success","data":{"studentId":12,"studentName":"去去去","objectKey":"homework/resume/2026/07/21/去去去/0b53f01b-d43f-4557-bfdd-d9be7782ab16-ee7555f4-6b04-4926-a4f7-6b18eaf6d2e5.docx","fileName":"ee7555f4-6b04-4926-a4f7-6b18eaf6d2e5.docx","fileSize":40444,"uploadedAt":"Tue Jul 21 20:33:40 CST 2026","parseStatus":"PROCESSING"}}
2026-07-21 20:35:16.117 [http-nio-8080-exec-9] INFO  cn.yanque.common.aop.ControllerLogAspect [guid=e338d111caeb4acc9b62ff3277989c31] - 接口开始: uri=/yq-admin/api/student/resume, httpMethod=GET, controller=StudentResumeController#get, args=[]
2026-07-21 20:35:16.119 [http-nio-8080-exec-9] INFO  cn.yanque.common.aop.ControllerLogAspect [guid=e338d111caeb4acc9b62ff3277989c31] - 接口结束: uri=/yq-admin/api/student/resume, controller=StudentResumeController#get, cost=2ms, result={"code":200,"message":"success","data":{"studentId":12,"studentName":"去去去","objectKey":"homework/resume/2026/07/21/去去去/0b53f01b-d43f-4557-bfdd-d9be7782ab16-ee7555f4-6b04-4926-a4f7-6b18eaf6d2e5.docx","fileName":"ee7555f4-6b04-4926-a4f7-6b18eaf6d2e5.docx","fileSize":40444,"uploadedAt":"Tue Jul 21 20:33:40 CST 2026","parseStatus":"PROCESSING"}}
2026-07-21 20:35:19.123 [http-nio-8080-exec-10] INFO  cn.yanque.common.aop.ControllerLogAspect [guid=b9568a346d9b480a9f85cc2924cc3620] - 接口开始: uri=/yq-admin/api/student/resume, httpMethod=GET, controller=StudentResumeController#get, args=[]
2026-07-21 20:35:19.124 [http-nio-8080-exec-10] INFO  cn.yanque.common.aop.ControllerLogAspect [guid=b9568a346d9b480a9f85cc2924cc3620] - 接口结束: uri=/yq-admin/api/student/resume, controller=StudentResumeController#get, cost=2ms, result={"code":200,"message":"success","data":{"studentId":12,"studentName":"去去去","objectKey":"homework/resume/2026/07/21/去去去/0b53f01b-d43f-4557-bfdd-d9be7782ab16-ee7555f4-6b04-4926-a4f7-6b18eaf6d2e5.docx","fileName":"ee7555f4-6b04-4926-a4f7-6b18eaf6d2e5.docx","fileSize":40444,"uploadedAt":"Tue Jul 21 20:33:40 CST 2026","parseStatus":"PROCESSING"}}
2026-07-21 20:35:22.110 [http-nio-8080-exec-1] INFO  cn.yanque.common.aop.ControllerLogAspect [guid=7978f04c77524c1481726bdc43c1e15e] - 接口开始: uri=/yq-admin/api/student/resume, httpMethod=GET, controller=StudentResumeController#get, args=[]
2026-07-21 20:35:22.113 [http-nio-8080-exec-1] INFO  cn.yanque.common.aop.ControllerLogAspect [guid=7978f04c77524c1481726bdc43c1e15e] - 接口结束: uri=/yq-admin/api/student/resume, controller=StudentResumeController#get, cost=3ms, result={"code":200,"message":"success","data":{"studentId":12,"studentName":"去去去","objectKey":"homework/resume/2026/07/21/去去去/0b53f01b-d43f-4557-bfdd-d9be7782ab16-ee7555f4-6b04-4926-a4f7-6b18eaf6d2e5.docx","fileName":"ee7555f4-6b04-4926-a4f7-6b18eaf6d2e5.docx","fileSize":40444,"uploadedAt":"Tue Jul 21 20:33:40 CST 2026","parseStatus":"PROCESSING"}}
2026-07-21 20:35:25.109 [http-nio-8080-exec-2] INFO  cn.yanque.common.aop.ControllerLogAspect [guid=3e00b1471b8a44acab7ca0a0651dd42b] - 接口开始: uri=/yq-admin/api/student/resume, httpMethod=GET, controller=StudentResumeController#get, args=[]
2026-07-21 20:35:25.111 [http-nio-8080-exec-2] INFO  cn.yanque.common.aop.ControllerLogAspect [guid=3e00b1471b8a44acab7ca0a0651dd42b] - 接口结束: uri=/yq-admin/api/student/resume, controller=StudentResumeController#get, cost=2ms, result={"code":200,"message":"success","data":{"studentId":12,"studentName":"去去去","objectKey":"homework/resume/2026/07/21/去去去/0b53f01b-d43f-4557-bfdd-d9be7782ab16-ee7555f4-6b04-4926-a4f7-6b18eaf6d2e5.docx","fileName":"ee7555f4-6b04-4926-a4f7-6b18eaf6d2e5.docx","fileSize":40444,"uploadedAt":"Tue Jul 21 20:33:40 CST 2026","parseStatus":"PROCESSING"}}
2026-07-21 20:35:28.116 [http-nio-8080-exec-4] INFO  cn.yanque.common.aop.ControllerLogAspect [guid=774edcf10ce24c5daeca12f7309b1710] - 接口开始: uri=/yq-admin/api/student/resume, httpMethod=GET, controller=StudentResumeController#get, args=[]
2026-07-21 20:35:28.118 [http-nio-8080-exec-4] INFO  cn.yanque.common.aop.ControllerLogAspect [guid=774edcf10ce24c5daeca12f7309b1710] - 接口结束: uri=/yq-admin/api/student/resume, controller=StudentResumeController#get, cost=2ms, result={"code":200,"message":"success","data":{"studentId":12,"studentName":"去去去","objectKey":"homework/resume/2026/07/21/去去去/0b53f01b-d43f-4557-bfdd-d9be7782ab16-ee7555f4-6b04-4926-a4f7-6b18eaf6d2e5.docx","fileName":"ee7555f4-6b04-4926-a4f7-6b18eaf6d2e5.docx","fileSize":40444,"uploadedAt":"Tue Jul 21 20:33:40 CST 2026","parseStatus":"PROCESSING"}}
2026-07-21 20:35:31.121 [http-nio-8080-exec-3] INFO  cn.yanque.common.aop.ControllerLogAspect [guid=37a52807255440bc9f68e2fe7d4a1877] - 接口开始: uri=/yq-admin/api/student/resume, httpMethod=GET, controller=StudentResumeController#get, args=[]
2026-07-21 20:35:31.122 [http-nio-8080-exec-3] INFO  cn.yanque.common.aop.ControllerLogAspect [guid=37a52807255440bc9f68e2fe7d4a1877] - 接口结束: uri=/yq-admin/api/student/resume, controller=StudentResumeController#get, cost=1ms, result={"code":200,"message":"success","data":{"studentId":12,"studentName":"去去去","objectKey":"homework/resume/2026/07/21/去去去/0b53f01b-d43f-4557-bfdd-d9be7782ab16-ee7555f4-6b04-4926-a4f7-6b18eaf6d2e5.docx","fileName":"ee7555f4-6b04-4926-a4f7-6b18eaf6d2e5.docx","fileSize":40444,"uploadedAt":"Tue Jul 21 20:33:40 CST 2026","parseStatus":"PROCESSING"}}
2026-07-21 20:35:34.120 [http-nio-8080-exec-8] INFO  cn.yanque.common.aop.ControllerLogAspect [guid=89d12a43721e40789f63735c1c8510b4] - 接口开始: uri=/yq-admin/api/student/resume, httpMethod=GET, controller=StudentResumeController#get, args=[]
2026-07-21 20:35:34.122 [http-nio-8080-exec-8] INFO  cn.yanque.common.aop.ControllerLogAspect [guid=89d12a43721e40789f63735c1c8510b4] - 接口结束: uri=/yq-admin/api/student/resume, controller=StudentResumeController#get, cost=2ms, result={"code":200,"message":"success","data":{"studentId":12,"studentName":"去去去","objectKey":"homework/resume/2026/07/21/去去去/0b53f01b-d43f-4557-bfdd-d9be7782ab16-ee7555f4-6b04-4926-a4f7-6b18eaf6d2e5.docx","fileName":"ee7555f4-6b04-4926-a4f7-6b18eaf6d2e5.docx","fileSize":40444,"uploadedAt":"Tue Jul 21 20:33:40 CST 2026","parseStatus":"PROCESSING"}}
2026-07-21 20:35:37.113 [http-nio-8080-exec-6] INFO  cn.yanque.common.aop.ControllerLogAspect [guid=db658e89c0cb4156ab74726e900048dd] - 接口开始: uri=/yq-admin/api/student/resume, httpMethod=GET, controller=StudentResumeController#get, args=[]
2026-07-21 20:35:37.115 [http-nio-8080-exec-6] INFO  cn.yanque.common.aop.ControllerLogAspect [guid=db658e89c0cb4156ab74726e900048dd] - 接口结束: uri=/yq-admin/api/student/resume, controller=StudentResumeController#get, cost=2ms, result={"code":200,"message":"success","data":{"studentId":12,"studentName":"去去去","objectKey":"homework/resume/2026/07/21/去去去/0b53f01b-d43f-4557-bfdd-d9be7782ab16-ee7555f4-6b04-4926-a4f7-6b18eaf6d2e5.docx","fileName":"ee7555f4-6b04-4926-a4f7-6b18eaf6d2e5.docx","fileSize":40444,"uploadedAt":"Tue Jul 21 20:33:40 CST 2026","parseStatus":"PROCESSING"}}
2026-07-21 20:35:40.123 [http-nio-8080-exec-7] INFO  cn.yanque.common.aop.ControllerLogAspect [guid=09c74650aa1a4a2d927a00ddae0ec838] - 接口开始: uri=/yq-admin/api/student/resume, httpMethod=GET, controller=StudentResumeController#get, args=[]
2026-07-21 20:35:40.124 [http-nio-8080-exec-7] INFO  cn.yanque.common.aop.ControllerLogAspect [guid=09c74650aa1a4a2d927a00ddae0ec838] - 接口结束: uri=/yq-admin/api/student/resume, controller=StudentResumeController#get, cost=1ms, result={"code":200,"message":"success","data":{"studentId":12,"studentName":"去去去","objectKey":"homework/resume/2026/07/21/去去去/0b53f01b-d43f-4557-bfdd-d9be7782ab16-ee7555f4-6b04-4926-a4f7-6b18eaf6d2e5.docx","fileName":"ee7555f4-6b04-4926-a4f7-6b18eaf6d2e5.docx","fileSize":40444,"uploadedAt":"Tue Jul 21 20:33:40 CST 2026","parseStatus":"PROCESSING"}}
2026-07-21 20:35:43.110 [http-nio-8080-exec-5] INFO  cn.yanque.common.aop.ControllerLogAspect [guid=0704f20da4ca41f285e4fa1743aaf5cd] - 接口开始: uri=/yq-admin/api/student/resume, httpMethod=GET, controller=StudentResumeController#get, args=[]
2026-07-21 20:35:43.112 [http-nio-8080-exec-5] INFO  cn.yanque.common.aop.ControllerLogAspect [guid=0704f20da4ca41f285e4fa1743aaf5cd] - 接口结束: uri=/yq-admin/api/student/resume, controller=StudentResumeController#get, cost=2ms, result={"code":200,"message":"success","data":{"studentId":12,"studentName":"去去去","objectKey":"homework/resume/2026/07/21/去去去/0b53f01b-d43f-4557-bfdd-d9be7782ab16-ee7555f4-6b04-4926-a4f7-6b18eaf6d2e5.docx","fileName":"ee7555f4-6b04-4926-a4f7-6b18eaf6d2e5.docx","fileSize":40444,"uploadedAt":"Tue Jul 21 20:33:40 CST 2026","parseStatus":"PROCESSING"}}
2026-07-21 20:35:46.111 [http-nio-8080-exec-9] INFO  cn.yanque.common.aop.ControllerLogAspect [guid=1a0f41520a53434ab756441a2a164456] - 接口开始: uri=/yq-admin/api/student/resume, httpMethod=GET, controller=StudentResumeController#get, args=[]
2026-07-21 20:35:46.113 [http-nio-8080-exec-9] INFO  cn.yanque.common.aop.ControllerLogAspect [guid=1a0f41520a53434ab756441a2a164456] - 接口结束: uri=/yq-admin/api/student/resume, controller=StudentResumeController#get, cost=1ms, result={"code":200,"message":"success","data":{"studentId":12,"studentName":"去去去","objectKey":"homework/resume/2026/07/21/去去去/0b53f01b-d43f-4557-bfdd-d9be7782ab16-ee7555f4-6b04-4926-a4f7-6b18eaf6d2e5.docx","fileName":"ee7555f4-6b04-4926-a4f7-6b18eaf6d2e5.docx","fileSize":40444,"uploadedAt":"Tue Jul 21 20:33:40 CST 2026","parseStatus":"PROCESSING"}}
2026-07-21 20:35:49.113 [http-nio-8080-exec-10] INFO  cn.yanque.common.aop.ControllerLogAspect [guid=4fefd5a2db6e440691e192d917314953] - 接口开始: uri=/yq-admin/api/student/resume, httpMethod=GET, controller=StudentResumeController#get, args=[]
2026-07-21 20:35:49.115 [http-nio-8080-exec-10] INFO  cn.yanque.common.aop.ControllerLogAspect [guid=4fefd5a2db6e440691e192d917314953] - 接口结束: uri=/yq-admin/api/student/resume, controller=StudentResumeController#get, cost=2ms, result={"code":200,"message":"success","data":{"studentId":12,"studentName":"去去去","objectKey":"homework/resume/2026/07/21/去去去/0b53f01b-d43f-4557-bfdd-d9be7782ab16-ee7555f4-6b04-4926-a4f7-6b18eaf6d2e5.docx","fileName":"ee7555f4-6b04-4926-a4f7-6b18eaf6d2e5.docx","fileSize":40444,"uploadedAt":"Tue Jul 21 20:33:40 CST 2026","parseStatus":"PROCESSING"}}
2026-07-21 20:35:52.123 [http-nio-8080-exec-1] INFO  cn.yanque.common.aop.ControllerLogAspect [guid=7ab89be4f3a1497283c8f05f6b717f88] - 接口开始: uri=/yq-admin/api/student/resume, httpMethod=GET, controller=StudentResumeController#get, args=[]
2026-07-21 20:35:52.126 [http-nio-8080-exec-1] INFO  cn.yanque.common.aop.ControllerLogAspect [guid=7ab89be4f3a1497283c8f05f6b717f88] - 接口结束: uri=/yq-admin/api/student/resume, controller=StudentResumeController#get, cost=2ms, result={"code":200,"message":"success","data":{"studentId":12,"studentName":"去去去","objectKey":"homework/resume/2026/07/21/去去去/0b53f01b-d43f-4557-bfdd-d9be7782ab16-ee7555f4-6b04-4926-a4f7-6b18eaf6d2e5.docx","fileName":"ee7555f4-6b04-4926-a4f7-6b18eaf6d2e5.docx","fileSize":40444,"uploadedAt":"Tue Jul 21 20:33:40 CST 2026","parseStatus":"PROCESSING"}}
2026-07-21 20:35:55.113 [http-nio-8080-exec-2] INFO  cn.yanque.common.aop.ControllerLogAspect [guid=65d30118105d45f6ba1de324f55b906d] - 接口开始: uri=/yq-admin/api/student/resume, httpMethod=GET, controller=StudentResumeController#get, args=[]
2026-07-21 20:35:55.115 [http-nio-8080-exec-2] INFO  cn.yanque.common.aop.ControllerLogAspect [guid=65d30118105d45f6ba1de324f55b906d] - 接口结束: uri=/yq-admin/api/student/resume, controller=StudentResumeController#get, cost=2ms, result={"code":200,"message":"success","data":{"studentId":12,"studentName":"去去去","objectKey":"homework/resume/2026/07/21/去去去/0b53f01b-d43f-4557-bfdd-d9be7782ab16-ee7555f4-6b04-4926-a4f7-6b18eaf6d2e5.docx","fileName":"ee7555f4-6b04-4926-a4f7-6b18eaf6d2e5.docx","fileSize":40444,"uploadedAt":"Tue Jul 21 20:33:40 CST 2026","parseStatus":"PROCESSING"}}
2026-07-21 20:35:58.111 [http-nio-8080-exec-4] INFO  cn.yanque.common.aop.ControllerLogAspect [guid=5a87e3b5f89242c398dca6e9736d1553] - 接口开始: uri=/yq-admin/api/student/resume, httpMethod=GET, controller=StudentResumeController#get, args=[]
2026-07-21 20:35:58.113 [http-nio-8080-exec-4] INFO  cn.yanque.common.aop.ControllerLogAspect [guid=5a87e3b5f89242c398dca6e9736d1553] - 接口结束: uri=/yq-admin/api/student/resume, controller=StudentResumeController#get, cost=2ms, result={"code":200,"message":"success","data":{"studentId":12,"studentName":"去去去","objectKey":"homework/resume/2026/07/21/去去去/0b53f01b-d43f-4557-bfdd-d9be7782ab16-ee7555f4-6b04-4926-a4f7-6b18eaf6d2e5.docx","fileName":"ee7555f4-6b04-4926-a4f7-6b18eaf6d2e5.docx","fileSize":40444,"uploadedAt":"Tue Jul 21 20:33:40 CST 2026","parseStatus":"PROCESSING"}}
2026-07-21 20:36:01.113 [http-nio-8080-exec-3] INFO  cn.yanque.common.aop.ControllerLogAspect [guid=39c1c33da1df4c0eae0dd05adaca46b0] - 接口开始: uri=/yq-admin/api/student/resume, httpMethod=GET, controller=StudentResumeController#get, args=[]
2026-07-21 20:36:01.115 [http-nio-8080-exec-3] INFO  cn.yanque.common.aop.ControllerLogAspect [guid=39c1c33da1df4c0eae0dd05adaca46b0] - 接口结束: uri=/yq-admin/api/student/resume, controller=StudentResumeController#get, cost=2ms, result={"code":200,"message":"success","data":{"studentId":12,"studentName":"去去去","objectKey":"homework/resume/2026/07/21/去去去/0b53f01b-d43f-4557-bfdd-d9be7782ab16-ee7555f4-6b04-4926-a4f7-6b18eaf6d2e5.docx","fileName":"ee7555f4-6b04-4926-a4f7-6b18eaf6d2e5.docx","fileSize":40444,"uploadedAt":"Tue Jul 21 20:33:40 CST 2026","parseStatus":"PROCESSING"}}
2026-07-21 20:36:04.120 [http-nio-8080-exec-8] INFO  cn.yanque.common.aop.ControllerLogAspect [guid=c6f8cb516dcf4695b636c41657c8d6ab] - 接口开始: uri=/yq-admin/api/student/resume, httpMethod=GET, controller=StudentResumeController#get, args=[]
2026-07-21 20:36:04.122 [http-nio-8080-exec-8] INFO  cn.yanque.common.aop.ControllerLogAspect [guid=c6f8cb516dcf4695b636c41657c8d6ab] - 接口结束: uri=/yq-admin/api/student/resume, controller=StudentResumeController#get, cost=2ms, result={"code":200,"message":"success","data":{"studentId":12,"studentName":"去去去","objectKey":"homework/resume/2026/07/21/去去去/0b53f01b-d43f-4557-bfdd-d9be7782ab16-ee7555f4-6b04-4926-a4f7-6b18eaf6d2e5.docx","fileName":"ee7555f4-6b04-4926-a4f7-6b18eaf6d2e5.docx","fileSize":40444,"uploadedAt":"Tue Jul 21 20:33:40 CST 2026","parseStatus":"PROCESSING"}}
2026-07-21 20:36:07.122 [http-nio-8080-exec-6] INFO  cn.yanque.common.aop.ControllerLogAspect [guid=e6f39ef186034b0dabf281afe6c7ae50] - 接口开始: uri=/yq-admin/api/student/resume, httpMethod=GET, controller=StudentResumeController#get, args=[]
2026-07-21 20:36:07.124 [http-nio-8080-exec-6] INFO  cn.yanque.common.aop.ControllerLogAspect [guid=e6f39ef186034b0dabf281afe6c7ae50] - 接口结束: uri=/yq-admin/api/student/resume, controller=StudentResumeController#get, cost=2ms, result={"code":200,"message":"success","data":{"studentId":12,"studentName":"去去去","objectKey":"homework/resume/2026/07/21/去去去/0b53f01b-d43f-4557-bfdd-d9be7782ab16-ee7555f4-6b04-4926-a4f7-6b18eaf6d2e5.docx","fileName":"ee7555f4-6b04-4926-a4f7-6b18eaf6d2e5.docx","fileSize":40444,"uploadedAt":"Tue Jul 21 20:33:40 CST 2026","parseStatus":"PROCESSING"}}
2026-07-21 20:36:10.118 [http-nio-8080-exec-7] INFO  cn.yanque.common.aop.ControllerLogAspect [guid=8b3bf1c229af4099993088db4bd4a37f] - 接口开始: uri=/yq-admin/api/student/resume, httpMethod=GET, controller=StudentResumeController#get, args=[]
2026-07-21 20:36:10.121 [http-nio-8080-exec-7] INFO  cn.yanque.common.aop.ControllerLogAspect [guid=8b3bf1c229af4099993088db4bd4a37f] - 接口结束: uri=/yq-admin/api/student/resume, controller=StudentResumeController#get, cost=3ms, result={"code":200,"message":"success","data":{"studentId":12,"studentName":"去去去","objectKey":"homework/resume/2026/07/21/去去去/0b53f01b-d43f-4557-bfdd-d9be7782ab16-ee7555f4-6b04-4926-a4f7-6b18eaf6d2e5.docx","fileName":"ee7555f4-6b04-4926-a4f7-6b18eaf6d2e5.docx","fileSize":40444,"uploadedAt":"Tue Jul 21 20:33:40 CST 2026","parseStatus":"PROCESSING"}}
2026-07-21 20:36:13.117 [http-nio-8080-exec-5] INFO  cn.yanque.common.aop.ControllerLogAspect [guid=e1c9cd0c31f242be8f58fd113c842725] - 接口开始: uri=/yq-admin/api/student/resume, httpMethod=GET, controller=StudentResumeController#get, args=[]
2026-07-21 20:36:13.118 [http-nio-8080-exec-5] INFO  cn.yanque.common.aop.ControllerLogAspect [guid=e1c9cd0c31f242be8f58fd113c842725] - 接口结束: uri=/yq-admin/api/student/resume, controller=StudentResumeController#get, cost=1ms, result={"code":200,"message":"success","data":{"studentId":12,"studentName":"去去去","objectKey":"homework/resume/2026/07/21/去去去/0b53f01b-d43f-4557-bfdd-d9be7782ab16-ee7555f4-6b04-4926-a4f7-6b18eaf6d2e5.docx","fileName":"ee7555f4-6b04-4926-a4f7-6b18eaf6d2e5.docx","fileSize":40444,"uploadedAt":"Tue Jul 21 20:33:40 CST 2026","parseStatus":"PROCESSING"}}
2026-07-21 20:36:16.118 [http-nio-8080-exec-9] INFO  cn.yanque.common.aop.ControllerLogAspect [guid=c3fd8f85a38d4b3f804ccd230496cbd0] - 接口开始: uri=/yq-admin/api/student/resume, httpMethod=GET, controller=StudentResumeController#get, args=[]
2026-07-21 20:36:16.121 [http-nio-8080-exec-9] INFO  cn.yanque.common.aop.ControllerLogAspect [guid=c3fd8f85a38d4b3f804ccd230496cbd0] - 接口结束: uri=/yq-admin/api/student/resume, controller=StudentResumeController#get, cost=3ms, result={"code":200,"message":"success","data":{"studentId":12,"studentName":"去去去","objectKey":"homework/resume/2026/07/21/去去去/0b53f01b-d43f-4557-bfdd-d9be7782ab16-ee7555f4-6b04-4926-a4f7-6b18eaf6d2e5.docx","fileName":"ee7555f4-6b04-4926-a4f7-6b18eaf6d2e5.docx","fileSize":40444,"uploadedAt":"Tue Jul 21 20:33:40 CST 2026","parseStatus":"PROCESSING"}}
2026-07-21 20:36:19.113 [http-nio-8080-exec-10] INFO  cn.yanque.common.aop.ControllerLogAspect [guid=f1440ac94df6428f9b72f1d8d0909b18] - 接口开始: uri=/yq-admin/api/student/resume, httpMethod=GET, controller=StudentResumeController#get, args=[]
2026-07-21 20:36:19.115 [http-nio-8080-exec-10] INFO  cn.yanque.common.aop.ControllerLogAspect [guid=f1440ac94df6428f9b72f1d8d0909b18] - 接口结束: uri=/yq-admin/api/student/resume, controller=StudentResumeController#get, cost=2ms, result={"code":200,"message":"success","data":{"studentId":12,"studentName":"去去去","objectKey":"homework/resume/2026/07/21/去去去/0b53f01b-d43f-4557-bfdd-d9be7782ab16-ee7555f4-6b04-4926-a4f7-6b18eaf6d2e5.docx","fileName":"ee7555f4-6b04-4926-a4f7-6b18eaf6d2e5.docx","fileSize":40444,"uploadedAt":"Tue Jul 21 20:33:40 CST 2026","parseStatus":"PROCESSING"}}
2026-07-21 20:36:22.112 [http-nio-8080-exec-1] INFO  cn.yanque.common.aop.ControllerLogAspect [guid=2326c6d30255492fae94c4f0461bfe88] - 接口开始: uri=/yq-admin/api/student/resume, httpMethod=GET, controller=StudentResumeController#get, args=[]
2026-07-21 20:36:22.115 [http-nio-8080-exec-1] INFO  cn.yanque.common.aop.ControllerLogAspect [guid=2326c6d30255492fae94c4f0461bfe88] - 接口结束: uri=/yq-admin/api/student/resume, controller=StudentResumeController#get, cost=1ms, result={"code":200,"message":"success","data":{"studentId":12,"studentName":"去去去","objectKey":"homework/resume/2026/07/21/去去去/0b53f01b-d43f-4557-bfdd-d9be7782ab16-ee7555f4-6b04-4926-a4f7-6b18eaf6d2e5.docx","fileName":"ee7555f4-6b04-4926-a4f7-6b18eaf6d2e5.docx","fileSize":40444,"uploadedAt":"Tue Jul 21 20:33:40 CST 2026","parseStatus":"PROCESSING"}}
2026-07-21 20:36:25.122 [http-nio-8080-exec-2] INFO  cn.yanque.common.aop.ControllerLogAspect [guid=235a7985ea70442790b417621fe68de6] - 接口开始: uri=/yq-admin/api/student/resume, httpMethod=GET, controller=StudentResumeController#get, args=[]
2026-07-21 20:36:25.123 [http-nio-8080-exec-2] INFO  cn.yanque.common.aop.ControllerLogAspect [guid=235a7985ea70442790b417621fe68de6] - 接口结束: uri=/yq-admin/api/student/resume, controller=StudentResumeController#get, cost=1ms, result={"code":200,"message":"success","data":{"studentId":12,"studentName":"去去去","objectKey":"homework/resume/2026/07/21/去去去/0b53f01b-d43f-4557-bfdd-d9be7782ab16-ee7555f4-6b04-4926-a4f7-6b18eaf6d2e5.docx","fileName":"ee7555f4-6b04-4926-a4f7-6b18eaf6d2e5.docx","fileSize":40444,"uploadedAt":"Tue Jul 21 20:33:40 CST 2026","parseStatus":"PROCESSING"}}
2026-07-21 20:36:28.124 [http-nio-8080-exec-4] INFO  cn.yanque.common.aop.ControllerLogAspect [guid=cca8e6c6a04d48d481157546de36ac40] - 接口开始: uri=/yq-admin/api/student/resume, httpMethod=GET, controller=StudentResumeController#get, args=[]
2026-07-21 20:36:28.125 [http-nio-8080-exec-4] INFO  cn.yanque.common.aop.ControllerLogAspect [guid=cca8e6c6a04d48d481157546de36ac40] - 接口结束: uri=/yq-admin/api/student/resume, controller=StudentResumeController#get, cost=2ms, result={"code":200,"message":"success","data":{"studentId":12,"studentName":"去去去","objectKey":"homework/resume/2026/07/21/去去去/0b53f01b-d43f-4557-bfdd-d9be7782ab16-ee7555f4-6b04-4926-a4f7-6b18eaf6d2e5.docx","fileName":"ee7555f4-6b04-4926-a4f7-6b18eaf6d2e5.docx","fileSize":40444,"uploadedAt":"Tue Jul 21 20:33:40 CST 2026","parseStatus":"PROCESSING"}}
2026-07-21 20:36:31.123 [http-nio-8080-exec-3] INFO  cn.yanque.common.aop.ControllerLogAspect [guid=2b73350a20164c5d858d59ef51ba7a5c] - 接口开始: uri=/yq-admin/api/student/resume, httpMethod=GET, controller=StudentResumeController#get, args=[]
2026-07-21 20:36:31.125 [http-nio-8080-exec-3] INFO  cn.yanque.common.aop.ControllerLogAspect [guid=2b73350a20164c5d858d59ef51ba7a5c] - 接口结束: uri=/yq-admin/api/student/resume, controller=StudentResumeController#get, cost=2ms, result={"code":200,"message":"success","data":{"studentId":12,"studentName":"去去去","objectKey":"homework/resume/2026/07/21/去去去/0b53f01b-d43f-4557-bfdd-d9be7782ab16-ee7555f4-6b04-4926-a4f7-6b18eaf6d2e5.docx","fileName":"ee7555f4-6b04-4926-a4f7-6b18eaf6d2e5.docx","fileSize":40444,"uploadedAt":"Tue Jul 21 20:33:40 CST 2026","parseStatus":"PROCESSING"}}
2026-07-21 20:36:34.119 [http-nio-8080-exec-8] INFO  cn.yanque.common.aop.ControllerLogAspect [guid=a06d3b4826fb462cb9308172ea22ae93] - 接口开始: uri=/yq-admin/api/student/resume, httpMethod=GET, controller=StudentResumeController#get, args=[]
2026-07-21 20:36:34.120 [http-nio-8080-exec-8] INFO  cn.yanque.common.aop.ControllerLogAspect [guid=a06d3b4826fb462cb9308172ea22ae93] - 接口结束: uri=/yq-admin/api/student/resume, controller=StudentResumeController#get, cost=2ms, result={"code":200,"message":"success","data":{"studentId":12,"studentName":"去去去","objectKey":"homework/resume/2026/07/21/去去去/0b53f01b-d43f-4557-bfdd-d9be7782ab16-ee7555f4-6b04-4926-a4f7-6b18eaf6d2e5.docx","fileName":"ee7555f4-6b04-4926-a4f7-6b18eaf6d2e5.docx","fileSize":40444,"uploadedAt":"Tue Jul 21 20:33:40 CST 2026","parseStatus":"PROCESSING"}}
2026-07-21 20:36:37.108 [http-nio-8080-exec-6] INFO  cn.yanque.common.aop.ControllerLogAspect [guid=deb5415bf5074cf08bb77788aa44adb8] - 接口开始: uri=/yq-admin/api/student/resume, httpMethod=GET, controller=StudentResumeController#get, args=[]
2026-07-21 20:36:37.110 [http-nio-8080-exec-6] INFO  cn.yanque.common.aop.ControllerLogAspect [guid=deb5415bf5074cf08bb77788aa44adb8] - 接口结束: uri=/yq-admin/api/student/resume, controller=StudentResumeController#get, cost=2ms, result={"code":200,"message":"success","data":{"studentId":12,"studentName":"去去去","objectKey":"homework/resume/2026/07/21/去去去/0b53f01b-d43f-4557-bfdd-d9be7782ab16-ee7555f4-6b04-4926-a4f7-6b18eaf6d2e5.docx","fileName":"ee7555f4-6b04-4926-a4f7-6b18eaf6d2e5.docx","fileSize":40444,"uploadedAt":"Tue Jul 21 20:33:40 CST 2026","parseStatus":"PROCESSING"}}
2026-07-21 20:36:40.122 [http-nio-8080-exec-7] INFO  cn.yanque.common.aop.ControllerLogAspect [guid=fd3a845875d649f4acef1734d19411cf] - 接口开始: uri=/yq-admin/api/student/resume, httpMethod=GET, controller=StudentResumeController#get, args=[]
2026-07-21 20:36:40.123 [http-nio-8080-exec-7] INFO  cn.yanque.common.aop.ControllerLogAspect [guid=fd3a845875d649f4acef1734d19411cf] - 接口结束: uri=/yq-admin/api/student/resume, controller=StudentResumeController#get, cost=1ms, result={"code":200,"message":"success","data":{"studentId":12,"studentName":"去去去","objectKey":"homework/resume/2026/07/21/去去去/0b53f01b-d43f-4557-bfdd-d9be7782ab16-ee7555f4-6b04-4926-a4f7-6b18eaf6d2e5.docx","fileName":"ee7555f4-6b04-4926-a4f7-6b18eaf6d2e5.docx","fileSize":40444,"uploadedAt":"Tue Jul 21 20:33:40 CST 2026","parseStatus":"PROCESSING"}}
2026-07-21 20:36:43.120 [http-nio-8080-exec-5] INFO  cn.yanque.common.aop.ControllerLogAspect [guid=32d825ac911447eaaa035a2e1339336b] - 接口开始: uri=/yq-admin/api/student/resume, httpMethod=GET, controller=StudentResumeController#get, args=[]
2026-07-21 20:36:43.122 [http-nio-8080-exec-5] INFO  cn.yanque.common.aop.ControllerLogAspect [guid=32d825ac911447eaaa035a2e1339336b] - 接口结束: uri=/yq-admin/api/student/resume, controller=StudentResumeController#get, cost=2ms, result={"code":200,"message":"success","data":{"studentId":12,"studentName":"去去去","objectKey":"homework/resume/2026/07/21/去去去/0b53f01b-d43f-4557-bfdd-d9be7782ab16-ee7555f4-6b04-4926-a4f7-6b18eaf6d2e5.docx","fileName":"ee7555f4-6b04-4926-a4f7-6b18eaf6d2e5.docx","fileSize":40444,"uploadedAt":"Tue Jul 21 20:33:40 CST 2026","parseStatus":"PROCESSING"}}
2026-07-21 20:36:46.119 [http-nio-8080-exec-9] INFO  cn.yanque.common.aop.ControllerLogAspect [guid=192e2bbb673f465a8f8c073b0767d5a2] - 接口开始: uri=/yq-admin/api/student/resume, httpMethod=GET, controller=StudentResumeController#get, args=[]
2026-07-21 20:36:46.121 [http-nio-8080-exec-9] INFO  cn.yanque.common.aop.ControllerLogAspect [guid=192e2bbb673f465a8f8c073b0767d5a2] - 接口结束: uri=/yq-admin/api/student/resume, controller=StudentResumeController#get, cost=2ms, result={"code":200,"message":"success","data":{"studentId":12,"studentName":"去去去","objectKey":"homework/resume/2026/07/21/去去去/0b53f01b-d43f-4557-bfdd-d9be7782ab16-ee7555f4-6b04-4926-a4f7-6b18eaf6d2e5.docx","fileName":"ee7555f4-6b04-4926-a4f7-6b18eaf6d2e5.docx","fileSize":40444,"uploadedAt":"Tue Jul 21 20:33:40 CST 2026","parseStatus":"PROCESSING"}}
2026-07-21 20:36:49.112 [http-nio-8080-exec-10] INFO  cn.yanque.common.aop.ControllerLogAspect [guid=984d56160acd49538207fe30057bd716] - 接口开始: uri=/yq-admin/api/student/resume, httpMethod=GET, controller=StudentResumeController#get, args=[]
2026-07-21 20:36:49.113 [http-nio-8080-exec-10] INFO  cn.yanque.common.aop.ControllerLogAspect [guid=984d56160acd49538207fe30057bd716] - 接口结束: uri=/yq-admin/api/student/resume, controller=StudentResumeController#get, cost=1ms, result={"code":200,"message":"success","data":{"studentId":12,"studentName":"去去去","objectKey":"homework/resume/2026/07/21/去去去/0b53f01b-d43f-4557-bfdd-d9be7782ab16-ee7555f4-6b04-4926-a4f7-6b18eaf6d2e5.docx","fileName":"ee7555f4-6b04-4926-a4f7-6b18eaf6d2e5.docx","fileSize":40444,"uploadedAt":"Tue Jul 21 20:33:40 CST 2026","parseStatus":"PROCESSING"}}
2026-07-21 20:36:52.119 [http-nio-8080-exec-1] INFO  cn.yanque.common.aop.ControllerLogAspect [guid=e9fd242dd96345db991cfa17026f091d] - 接口开始: uri=/yq-admin/api/student/resume, httpMethod=GET, controller=StudentResumeController#get, args=[]
2026-07-21 20:36:52.120 [http-nio-8080-exec-1] INFO  cn.yanque.common.aop.ControllerLogAspect [guid=e9fd242dd96345db991cfa17026f091d] - 接口结束: uri=/yq-admin/api/student/resume, controller=StudentResumeController#get, cost=1ms, result={"code":200,"message":"success","data":{"studentId":12,"studentName":"去去去","objectKey":"homework/resume/2026/07/21/去去去/0b53f01b-d43f-4557-bfdd-d9be7782ab16-ee7555f4-6b04-4926-a4f7-6b18eaf6d2e5.docx","fileName":"ee7555f4-6b04-4926-a4f7-6b18eaf6d2e5.docx","fileSize":40444,"uploadedAt":"Tue Jul 21 20:33:40 CST 2026","parseStatus":"PROCESSING"}}
2026-07-21 20:36:55.111 [http-nio-8080-exec-2] INFO  cn.yanque.common.aop.ControllerLogAspect [guid=2f59e7558afb4ccda5a42fd7bb2055b4] - 接口开始: uri=/yq-admin/api/student/resume, httpMethod=GET, controller=StudentResumeController#get, args=[]
2026-07-21 20:36:55.113 [http-nio-8080-exec-2] INFO  cn.yanque.common.aop.ControllerLogAspect [guid=2f59e7558afb4ccda5a42fd7bb2055b4] - 接口结束: uri=/yq-admin/api/student/resume, controller=StudentResumeController#get, cost=2ms, result={"code":200,"message":"success","data":{"studentId":12,"studentName":"去去去","objectKey":"homework/resume/2026/07/21/去去去/0b53f01b-d43f-4557-bfdd-d9be7782ab16-ee7555f4-6b04-4926-a4f7-6b18eaf6d2e5.docx","fileName":"ee7555f4-6b04-4926-a4f7-6b18eaf6d2e5.docx","fileSize":40444,"uploadedAt":"Tue Jul 21 20:33:40 CST 2026","parseStatus":"PROCESSING"}}
2026-07-21 20:36:58.117 [http-nio-8080-exec-4] INFO  cn.yanque.common.aop.ControllerLogAspect [guid=18034a5929484e47acd35f51e7f3f790] - 接口开始: uri=/yq-admin/api/student/resume, httpMethod=GET, controller=StudentResumeController#get, args=[]
2026-07-21 20:36:58.120 [http-nio-8080-exec-4] INFO  cn.yanque.common.aop.ControllerLogAspect [guid=18034a5929484e47acd35f51e7f3f790] - 接口结束: uri=/yq-admin/api/student/resume, controller=StudentResumeController#get, cost=3ms, result={"code":200,"message":"success","data":{"studentId":12,"studentName":"去去去","objectKey":"homework/resume/2026/07/21/去去去/0b53f01b-d43f-4557-bfdd-d9be7782ab16-ee7555f4-6b04-4926-a4f7-6b18eaf6d2e5.docx","fileName":"ee7555f4-6b04-4926-a4f7-6b18eaf6d2e5.docx","fileSize":40444,"uploadedAt":"Tue Jul 21 20:33:40 CST 2026","parseStatus":"PROCESSING"}}
2026-07-21 20:37:01.111 [http-nio-8080-exec-3] INFO  cn.yanque.common.aop.ControllerLogAspect [guid=50edac8daf0a4e2c8e947e32972c9375] - 接口开始: uri=/yq-admin/api/student/resume, httpMethod=GET, controller=StudentResumeController#get, args=[]
2026-07-21 20:37:01.113 [http-nio-8080-exec-3] INFO  cn.yanque.common.aop.ControllerLogAspect [guid=50edac8daf0a4e2c8e947e32972c9375] - 接口结束: uri=/yq-admin/api/student/resume, controller=StudentResumeController#get, cost=2ms, result={"code":200,"message":"success","data":{"studentId":12,"studentName":"去去去","objectKey":"homework/resume/2026/07/21/去去去/0b53f01b-d43f-4557-bfdd-d9be7782ab16-ee7555f4-6b04-4926-a4f7-6b18eaf6d2e5.docx","fileName":"ee7555f4-6b04-4926-a4f7-6b18eaf6d2e5.docx","fileSize":40444,"uploadedAt":"Tue Jul 21 20:33:40 CST 2026","parseStatus":"PROCESSING"}}
2026-07-21 20:37:04.122 [http-nio-8080-exec-8] INFO  cn.yanque.common.aop.ControllerLogAspect [guid=58465503070244cba4fbff3d35a68f6a] - 接口开始: uri=/yq-admin/api/student/resume, httpMethod=GET, controller=StudentResumeController#get, args=[]
2026-07-21 20:37:04.124 [http-nio-8080-exec-8] INFO  cn.yanque.common.aop.ControllerLogAspect [guid=58465503070244cba4fbff3d35a68f6a] - 接口结束: uri=/yq-admin/api/student/resume, controller=StudentResumeController#get, cost=2ms, result={"code":200,"message":"success","data":{"studentId":12,"studentName":"去去去","objectKey":"homework/resume/2026/07/21/去去去/0b53f01b-d43f-4557-bfdd-d9be7782ab16-ee7555f4-6b04-4926-a4f7-6b18eaf6d2e5.docx","fileName":"ee7555f4-6b04-4926-a4f7-6b18eaf6d2e5.docx","fileSize":40444,"uploadedAt":"Tue Jul 21 20:33:40 CST 2026","parseStatus":"PROCESSING"}}
2026-07-21 20:37:07.115 [http-nio-8080-exec-6] INFO  cn.yanque.common.aop.ControllerLogAspect [guid=e384ab4420e64c4fb46eed3a4c19241a] - 接口开始: uri=/yq-admin/api/student/resume, httpMethod=GET, controller=StudentResumeController#get, args=[]
2026-07-21 20:37:07.116 [http-nio-8080-exec-6] INFO  cn.yanque.common.aop.ControllerLogAspect [guid=e384ab4420e64c4fb46eed3a4c19241a] - 接口结束: uri=/yq-admin/api/student/resume, controller=StudentResumeController#get, cost=1ms, result={"code":200,"message":"success","data":{"studentId":12,"studentName":"去去去","objectKey":"homework/resume/2026/07/21/去去去/0b53f01b-d43f-4557-bfdd-d9be7782ab16-ee7555f4-6b04-4926-a4f7-6b18eaf6d2e5.docx","fileName":"ee7555f4-6b04-4926-a4f7-6b18eaf6d2e5.docx","fileSize":40444,"uploadedAt":"Tue Jul 21 20:33:40 CST 2026","parseStatus":"PROCESSING"}}
2026-07-21 20:37:10.112 [http-nio-8080-exec-7] INFO  cn.yanque.common.aop.ControllerLogAspect [guid=49c1c37d648945da897b536543ca5f14] - 接口开始: uri=/yq-admin/api/student/resume, httpMethod=GET, controller=StudentResumeController#get, args=[]
2026-07-21 20:37:10.116 [http-nio-8080-exec-7] INFO  cn.yanque.common.aop.ControllerLogAspect [guid=49c1c37d648945da897b536543ca5f14] - 接口结束: uri=/yq-admin/api/student/resume, controller=StudentResumeController#get, cost=3ms, result={"code":200,"message":"success","data":{"studentId":12,"studentName":"去去去","objectKey":"homework/resume/2026/07/21/去去去/0b53f01b-d43f-4557-bfdd-d9be7782ab16-ee7555f4-6b04-4926-a4f7-6b18eaf6d2e5.docx","fileName":"ee7555f4-6b04-4926-a4f7-6b18eaf6d2e5.docx","fileSize":40444,"uploadedAt":"Tue Jul 21 20:33:40 CST 2026","parseStatus":"PROCESSING"}}
2026-07-21 20:37:13.123 [http-nio-8080-exec-5] INFO  cn.yanque.common.aop.ControllerLogAspect [guid=062c1f620a0e477ca09d37df0f4a7dad] - 接口开始: uri=/yq-admin/api/student/resume, httpMethod=GET, controller=StudentResumeController#get, args=[]
2026-07-21 20:37:13.124 [http-nio-8080-exec-5] INFO  cn.yanque.common.aop.ControllerLogAspect [guid=062c1f620a0e477ca09d37df0f4a7dad] - 接口结束: uri=/yq-admin/api/student/resume, controller=StudentResumeController#get, cost=1ms, result={"code":200,"message":"success","data":{"studentId":12,"studentName":"去去去","objectKey":"homework/resume/2026/07/21/去去去/0b53f01b-d43f-4557-bfdd-d9be7782ab16-ee7555f4-6b04-4926-a4f7-6b18eaf6d2e5.docx","fileName":"ee7555f4-6b04-4926-a4f7-6b18eaf6d2e5.docx","fileSize":40444,"uploadedAt":"Tue Jul 21 20:33:40 CST 2026","parseStatus":"PROCESSING"}}
2026-07-21 20:37:16.119 [http-nio-8080-exec-9] INFO  cn.yanque.common.aop.ControllerLogAspect [guid=894e2538f8214172ba7334e286e8f6ad] - 接口开始: uri=/yq-admin/api/student/resume, httpMethod=GET, controller=StudentResumeController#get, args=[]
2026-07-21 20:37:16.120 [http-nio-8080-exec-9] INFO  cn.yanque.common.aop.ControllerLogAspect [guid=894e2538f8214172ba7334e286e8f6ad] - 接口结束: uri=/yq-admin/api/student/resume, controller=StudentResumeController#get, cost=1ms, result={"code":200,"message":"success","data":{"studentId":12,"studentName":"去去去","objectKey":"homework/resume/2026/07/21/去去去/0b53f01b-d43f-4557-bfdd-d9be7782ab16-ee7555f4-6b04-4926-a4f7-6b18eaf6d2e5.docx","fileName":"ee7555f4-6b04-4926-a4f7-6b18eaf6d2e5.docx","fileSize":40444,"uploadedAt":"Tue Jul 21 20:33:40 CST 2026","parseStatus":"PROCESSING"}}
2026-07-21 20:37:19.111 [http-nio-8080-exec-10] INFO  cn.yanque.common.aop.ControllerLogAspect [guid=2d58108c6b5241b0a1721fe25d5ddc25] - 接口开始: uri=/yq-admin/api/student/resume, httpMethod=GET, controller=StudentResumeController#get, args=[]
2026-07-21 20:37:19.114 [http-nio-8080-exec-10] INFO  cn.yanque.common.aop.ControllerLogAspect [guid=2d58108c6b5241b0a1721fe25d5ddc25] - 接口结束: uri=/yq-admin/api/student/resume, controller=StudentResumeController#get, cost=3ms, result={"code":200,"message":"success","data":{"studentId":12,"studentName":"去去去","objectKey":"homework/resume/2026/07/21/去去去/0b53f01b-d43f-4557-bfdd-d9be7782ab16-ee7555f4-6b04-4926-a4f7-6b18eaf6d2e5.docx","fileName":"ee7555f4-6b04-4926-a4f7-6b18eaf6d2e5.docx","fileSize":40444,"uploadedAt":"Tue Jul 21 20:33:40 CST 2026","parseStatus":"PROCESSING"}}
2026-07-21 20:37:22.120 [http-nio-8080-exec-1] INFO  cn.yanque.common.aop.ControllerLogAspect [guid=158f1358e5e14afcac61145c8c8a12af] - 接口开始: uri=/yq-admin/api/student/resume, httpMethod=GET, controller=StudentResumeController#get, args=[]
2026-07-21 20:37:22.122 [http-nio-8080-exec-1] INFO  cn.yanque.common.aop.ControllerLogAspect [guid=158f1358e5e14afcac61145c8c8a12af] - 接口结束: uri=/yq-admin/api/student/resume, controller=StudentResumeController#get, cost=2ms, result={"code":200,"message":"success","data":{"studentId":12,"studentName":"去去去","objectKey":"homework/resume/2026/07/21/去去去/0b53f01b-d43f-4557-bfdd-d9be7782ab16-ee7555f4-6b04-4926-a4f7-6b18eaf6d2e5.docx","fileName":"ee7555f4-6b04-4926-a4f7-6b18eaf6d2e5.docx","fileSize":40444,"uploadedAt":"Tue Jul 21 20:33:40 CST 2026","parseStatus":"PROCESSING"}}
2026-07-21 20:37:25.120 [http-nio-8080-exec-2] INFO  cn.yanque.common.aop.ControllerLogAspect [guid=a97eef06588449bca5c8a4255a106efd] - 接口开始: uri=/yq-admin/api/student/resume, httpMethod=GET, controller=StudentResumeController#get, args=[]
2026-07-21 20:37:25.123 [http-nio-8080-exec-2] INFO  cn.yanque.common.aop.ControllerLogAspect [guid=a97eef06588449bca5c8a4255a106efd] - 接口结束: uri=/yq-admin/api/student/resume, controller=StudentResumeController#get, cost=3ms, result={"code":200,"message":"success","data":{"studentId":12,"studentName":"去去去","objectKey":"homework/resume/2026/07/21/去去去/0b53f01b-d43f-4557-bfdd-d9be7782ab16-ee7555f4-6b04-4926-a4f7-6b18eaf6d2e5.docx","fileName":"ee7555f4-6b04-4926-a4f7-6b18eaf6d2e5.docx","fileSize":40444,"uploadedAt":"Tue Jul 21 20:33:40 CST 2026","parseStatus":"PROCESSING"}}
2026-07-21 20:37:28.115 [http-nio-8080-exec-4] INFO  cn.yanque.common.aop.ControllerLogAspect [guid=1aeea8bfb15d49b99e6132295438fed8] - 接口开始: uri=/yq-admin/api/student/resume, httpMethod=GET, controller=StudentResumeController#get, args=[]
2026-07-21 20:37:28.117 [http-nio-8080-exec-4] INFO  cn.yanque.common.aop.ControllerLogAspect [guid=1aeea8bfb15d49b99e6132295438fed8] - 接口结束: uri=/yq-admin/api/student/resume, controller=StudentResumeController#get, cost=2ms, result={"code":200,"message":"success","data":{"studentId":12,"studentName":"去去去","objectKey":"homework/resume/2026/07/21/去去去/0b53f01b-d43f-4557-bfdd-d9be7782ab16-ee7555f4-6b04-4926-a4f7-6b18eaf6d2e5.docx","fileName":"ee7555f4-6b04-4926-a4f7-6b18eaf6d2e5.docx","fileSize":40444,"uploadedAt":"Tue Jul 21 20:33:40 CST 2026","parseStatus":"PROCESSING"}}
2026-07-21 20:37:31.117 [http-nio-8080-exec-3] INFO  cn.yanque.common.aop.ControllerLogAspect [guid=8732f5deb6414055a6b8221903c508d0] - 接口开始: uri=/yq-admin/api/student/resume, httpMethod=GET, controller=StudentResumeController#get, args=[]
2026-07-21 20:37:31.119 [http-nio-8080-exec-3] INFO  cn.yanque.common.aop.ControllerLogAspect [guid=8732f5deb6414055a6b8221903c508d0] - 接口结束: uri=/yq-admin/api/student/resume, controller=StudentResumeController#get, cost=2ms, result={"code":200,"message":"success","data":{"studentId":12,"studentName":"去去去","objectKey":"homework/resume/2026/07/21/去去去/0b53f01b-d43f-4557-bfdd-d9be7782ab16-ee7555f4-6b04-4926-a4f7-6b18eaf6d2e5.docx","fileName":"ee7555f4-6b04-4926-a4f7-6b18eaf6d2e5.docx","fileSize":40444,"uploadedAt":"Tue Jul 21 20:33:40 CST 2026","parseStatus":"PROCESSING"}}
2026-07-21 20:37:34.119 [http-nio-8080-exec-8] INFO  cn.yanque.common.aop.ControllerLogAspect [guid=1b44e41f03a84ae5a353894ccda19352] - 接口开始: uri=/yq-admin/api/student/resume, httpMethod=GET, controller=StudentResumeController#get, args=[]
2026-07-21 20:37:34.120 [http-nio-8080-exec-8] INFO  cn.yanque.common.aop.ControllerLogAspect [guid=1b44e41f03a84ae5a353894ccda19352] - 接口结束: uri=/yq-admin/api/student/resume, controller=StudentResumeController#get, cost=1ms, result={"code":200,"message":"success","data":{"studentId":12,"studentName":"去去去","objectKey":"homework/resume/2026/07/21/去去去/0b53f01b-d43f-4557-bfdd-d9be7782ab16-ee7555f4-6b04-4926-a4f7-6b18eaf6d2e5.docx","fileName":"ee7555f4-6b04-4926-a4f7-6b18eaf6d2e5.docx","fileSize":40444,"uploadedAt":"Tue Jul 21 20:33:40 CST 2026","parseStatus":"PROCESSING"}}
2026-07-21 20:37:37.111 [http-nio-8080-exec-6] INFO  cn.yanque.common.aop.ControllerLogAspect [guid=4877606ef5434abaa0fd823333453208] - 接口开始: uri=/yq-admin/api/student/resume, httpMethod=GET, controller=StudentResumeController#get, args=[]
2026-07-21 20:37:37.113 [http-nio-8080-exec-6] INFO  cn.yanque.common.aop.ControllerLogAspect [guid=4877606ef5434abaa0fd823333453208] - 接口结束: uri=/yq-admin/api/student/resume, controller=StudentResumeController#get, cost=2ms, result={"code":200,"message":"success","data":{"studentId":12,"studentName":"去去去","objectKey":"homework/resume/2026/07/21/去去去/0b53f01b-d43f-4557-bfdd-d9be7782ab16-ee7555f4-6b04-4926-a4f7-6b18eaf6d2e5.docx","fileName":"ee7555f4-6b04-4926-a4f7-6b18eaf6d2e5.docx","fileSize":40444,"uploadedAt":"Tue Jul 21 20:33:40 CST 2026","parseStatus":"PROCESSING"}}
2026-07-21 20:37:40.123 [http-nio-8080-exec-7] INFO  cn.yanque.common.aop.ControllerLogAspect [guid=ea8963403aa24f428b468177d8b54813] - 接口开始: uri=/yq-admin/api/student/resume, httpMethod=GET, controller=StudentResumeController#get, args=[]
2026-07-21 20:37:40.125 [http-nio-8080-exec-7] INFO  cn.yanque.common.aop.ControllerLogAspect [guid=ea8963403aa24f428b468177d8b54813] - 接口结束: uri=/yq-admin/api/student/resume, controller=StudentResumeController#get, cost=2ms, result={"code":200,"message":"success","data":{"studentId":12,"studentName":"去去去","objectKey":"homework/resume/2026/07/21/去去去/0b53f01b-d43f-4557-bfdd-d9be7782ab16-ee7555f4-6b04-4926-a4f7-6b18eaf6d2e5.docx","fileName":"ee7555f4-6b04-4926-a4f7-6b18eaf6d2e5.docx","fileSize":40444,"uploadedAt":"Tue Jul 21 20:33:40 CST 2026","parseStatus":"PROCESSING"}}
2026-07-21 20:37:43.114 [http-nio-8080-exec-5] INFO  cn.yanque.common.aop.ControllerLogAspect [guid=eb7d5748f8e4442da64b9e7799c9503e] - 接口开始: uri=/yq-admin/api/student/resume, httpMethod=GET, controller=StudentResumeController#get, args=[]
2026-07-21 20:37:43.116 [http-nio-8080-exec-5] INFO  cn.yanque.common.aop.ControllerLogAspect [guid=eb7d5748f8e4442da64b9e7799c9503e] - 接口结束: uri=/yq-admin/api/student/resume, controller=StudentResumeController#get, cost=2ms, result={"code":200,"message":"success","data":{"studentId":12,"studentName":"去去去","objectKey":"homework/resume/2026/07/21/去去去/0b53f01b-d43f-4557-bfdd-d9be7782ab16-ee7555f4-6b04-4926-a4f7-6b18eaf6d2e5.docx","fileName":"ee7555f4-6b04-4926-a4f7-6b18eaf6d2e5.docx","fileSize":40444,"uploadedAt":"Tue Jul 21 20:33:40 CST 2026","parseStatus":"PROCESSING"}}
2026-07-21 20:37:46.112 [http-nio-8080-exec-9] INFO  cn.yanque.common.aop.ControllerLogAspect [guid=7776882b073942ec92dd5f766c4ce778] - 接口开始: uri=/yq-admin/api/student/resume, httpMethod=GET, controller=StudentResumeController#get, args=[]
2026-07-21 20:37:46.113 [http-nio-8080-exec-9] INFO  cn.yanque.common.aop.ControllerLogAspect [guid=7776882b073942ec92dd5f766c4ce778] - 接口结束: uri=/yq-admin/api/student/resume, controller=StudentResumeController#get, cost=1ms, result={"code":200,"message":"success","data":{"studentId":12,"studentName":"去去去","objectKey":"homework/resume/2026/07/21/去去去/0b53f01b-d43f-4557-bfdd-d9be7782ab16-ee7555f4-6b04-4926-a4f7-6b18eaf6d2e5.docx","fileName":"ee7555f4-6b04-4926-a4f7-6b18eaf6d2e5.docx","fileSize":40444,"uploadedAt":"Tue Jul 21 20:33:40 CST 2026","parseStatus":"PROCESSING"}}
2026-07-21 20:37:49.111 [http-nio-8080-exec-10] INFO  cn.yanque.common.aop.ControllerLogAspect [guid=8c154c8ac5b14ccf9302f166a60f7c07] - 接口开始: uri=/yq-admin/api/student/resume, httpMethod=GET, controller=StudentResumeController#get, args=[]
2026-07-21 20:37:49.113 [http-nio-8080-exec-10] INFO  cn.yanque.common.aop.ControllerLogAspect [guid=8c154c8ac5b14ccf9302f166a60f7c07] - 接口结束: uri=/yq-admin/api/student/resume, controller=StudentResumeController#get, cost=2ms, result={"code":200,"message":"success","data":{"studentId":12,"studentName":"去去去","objectKey":"homework/resume/2026/07/21/去去去/0b53f01b-d43f-4557-bfdd-d9be7782ab16-ee7555f4-6b04-4926-a4f7-6b18eaf6d2e5.docx","fileName":"ee7555f4-6b04-4926-a4f7-6b18eaf6d2e5.docx","fileSize":40444,"uploadedAt":"Tue Jul 21 20:33:40 CST 2026","parseStatus":"PROCESSING"}}
2026-07-21 20:37:52.120 [http-nio-8080-exec-1] INFO  cn.yanque.common.aop.ControllerLogAspect [guid=721eca46d4ae42f3aec8343351e7183b] - 接口开始: uri=/yq-admin/api/student/resume, httpMethod=GET, controller=StudentResumeController#get, args=[]
2026-07-21 20:37:52.122 [http-nio-8080-exec-1] INFO  cn.yanque.common.aop.ControllerLogAspect [guid=721eca46d4ae42f3aec8343351e7183b] - 接口结束: uri=/yq-admin/api/student/resume, controller=StudentResumeController#get, cost=2ms, result={"code":200,"message":"success","data":{"studentId":12,"studentName":"去去去","objectKey":"homework/resume/2026/07/21/去去去/0b53f01b-d43f-4557-bfdd-d9be7782ab16-ee7555f4-6b04-4926-a4f7-6b18eaf6d2e5.docx","fileName":"ee7555f4-6b04-4926-a4f7-6b18eaf6d2e5.docx","fileSize":40444,"uploadedAt":"Tue Jul 21 20:33:40 CST 2026","parseStatus":"PROCESSING"}}
2026-07-21 20:37:55.110 [http-nio-8080-exec-2] INFO  cn.yanque.common.aop.ControllerLogAspect [guid=4bbfe4b0ca4f447298c03334fcaa1db7] - 接口开始: uri=/yq-admin/api/student/resume, httpMethod=GET, controller=StudentResumeController#get, args=[]
2026-07-21 20:37:55.111 [http-nio-8080-exec-2] INFO  cn.yanque.common.aop.ControllerLogAspect [guid=4bbfe4b0ca4f447298c03334fcaa1db7] - 接口结束: uri=/yq-admin/api/student/resume, controller=StudentResumeController#get, cost=1ms, result={"code":200,"message":"success","data":{"studentId":12,"studentName":"去去去","objectKey":"homework/resume/2026/07/21/去去去/0b53f01b-d43f-4557-bfdd-d9be7782ab16-ee7555f4-6b04-4926-a4f7-6b18eaf6d2e5.docx","fileName":"ee7555f4-6b04-4926-a4f7-6b18eaf6d2e5.docx","fileSize":40444,"uploadedAt":"Tue Jul 21 20:33:40 CST 2026","parseStatus":"PROCESSING"}}
2026-07-21 20:37:58.108 [http-nio-8080-exec-4] INFO  cn.yanque.common.aop.ControllerLogAspect [guid=046d9ad57d6f4211a9a47162b078e9fc] - 接口开始: uri=/yq-admin/api/student/resume, httpMethod=GET, controller=StudentResumeController#get, args=[]
2026-07-21 20:37:58.111 [http-nio-8080-exec-4] INFO  cn.yanque.common.aop.ControllerLogAspect [guid=046d9ad57d6f4211a9a47162b078e9fc] - 接口结束: uri=/yq-admin/api/student/resume, controller=StudentResumeController#get, cost=3ms, result={"code":200,"message":"success","data":{"studentId":12,"studentName":"去去去","objectKey":"homework/resume/2026/07/21/去去去/0b53f01b-d43f-4557-bfdd-d9be7782ab16-ee7555f4-6b04-4926-a4f7-6b18eaf6d2e5.docx","fileName":"ee7555f4-6b04-4926-a4f7-6b18eaf6d2e5.docx","fileSize":40444,"uploadedAt":"Tue Jul 21 20:33:40 CST 2026","parseStatus":"PROCESSING"}}
2026-07-21 20:38:01.118 [http-nio-8080-exec-3] INFO  cn.yanque.common.aop.ControllerLogAspect [guid=c4c0358ae0ca42f79a7f98a0c7bcae72] - 接口开始: uri=/yq-admin/api/student/resume, httpMethod=GET, controller=StudentResumeController#get, args=[]
2026-07-21 20:38:01.120 [http-nio-8080-exec-3] INFO  cn.yanque.common.aop.ControllerLogAspect [guid=c4c0358ae0ca42f79a7f98a0c7bcae72] - 接口结束: uri=/yq-admin/api/student/resume, controller=StudentResumeController#get, cost=2ms, result={"code":200,"message":"success","data":{"studentId":12,"studentName":"去去去","objectKey":"homework/resume/2026/07/21/去去去/0b53f01b-d43f-4557-bfdd-d9be7782ab16-ee7555f4-6b04-4926-a4f7-6b18eaf6d2e5.docx","fileName":"ee7555f4-6b04-4926-a4f7-6b18eaf6d2e5.docx","fileSize":40444,"uploadedAt":"Tue Jul 21 20:33:40 CST 2026","parseStatus":"PROCESSING"}}
2026-07-21 20:38:04.123 [http-nio-8080-exec-8] INFO  cn.yanque.common.aop.ControllerLogAspect [guid=6cad96c2ab5e486f8d05659d1691b11e] - 接口开始: uri=/yq-admin/api/student/resume, httpMethod=GET, controller=StudentResumeController#get, args=[]
2026-07-21 20:38:04.124 [http-nio-8080-exec-8] INFO  cn.yanque.common.aop.ControllerLogAspect [guid=6cad96c2ab5e486f8d05659d1691b11e] - 接口结束: uri=/yq-admin/api/student/resume, controller=StudentResumeController#get, cost=1ms, result={"code":200,"message":"success","data":{"studentId":12,"studentName":"去去去","objectKey":"homework/resume/2026/07/21/去去去/0b53f01b-d43f-4557-bfdd-d9be7782ab16-ee7555f4-6b04-4926-a4f7-6b18eaf6d2e5.docx","fileName":"ee7555f4-6b04-4926-a4f7-6b18eaf6d2e5.docx","fileSize":40444,"uploadedAt":"Tue Jul 21 20:33:40 CST 2026","parseStatus":"PROCESSING"}}
2026-07-21 20:38:07.118 [http-nio-8080-exec-6] INFO  cn.yanque.common.aop.ControllerLogAspect [guid=6b09c04508064112be9a161557fbdc50] - 接口开始: uri=/yq-admin/api/student/resume, httpMethod=GET, controller=StudentResumeController#get, args=[]
2026-07-21 20:38:07.120 [http-nio-8080-exec-6] INFO  cn.yanque.common.aop.ControllerLogAspect [guid=6b09c04508064112be9a161557fbdc50] - 接口结束: uri=/yq-admin/api/student/resume, controller=StudentResumeController#get, cost=2ms, result={"code":200,"message":"success","data":{"studentId":12,"studentName":"去去去","objectKey":"homework/resume/2026/07/21/去去去/0b53f01b-d43f-4557-bfdd-d9be7782ab16-ee7555f4-6b04-4926-a4f7-6b18eaf6d2e5.docx","fileName":"ee7555f4-6b04-4926-a4f7-6b18eaf6d2e5.docx","fileSize":40444,"uploadedAt":"Tue Jul 21 20:33:40 CST 2026","parseStatus":"PROCESSING"}}
2026-07-21 20:38:10.107 [http-nio-8080-exec-7] INFO  cn.yanque.common.aop.ControllerLogAspect [guid=940735b1b1a84bc08935e1c469c0e0fc] - 接口开始: uri=/yq-admin/api/student/resume, httpMethod=GET, controller=StudentResumeController#get, args=[]
2026-07-21 20:38:10.110 [http-nio-8080-exec-7] INFO  cn.yanque.common.aop.ControllerLogAspect [guid=940735b1b1a84bc08935e1c469c0e0fc] - 接口结束: uri=/yq-admin/api/student/resume, controller=StudentResumeController#get, cost=3ms, result={"code":200,"message":"success","data":{"studentId":12,"studentName":"去去去","objectKey":"homework/resume/2026/07/21/去去去/0b53f01b-d43f-4557-bfdd-d9be7782ab16-ee7555f4-6b04-4926-a4f7-6b18eaf6d2e5.docx","fileName":"ee7555f4-6b04-4926-a4f7-6b18eaf6d2e5.docx","fileSize":40444,"uploadedAt":"Tue Jul 21 20:33:40 CST 2026","parseStatus":"PROCESSING"}}
2026-07-21 20:38:13.110 [http-nio-8080-exec-5] INFO  cn.yanque.common.aop.ControllerLogAspect [guid=7eff388d85bd4568a87de869639db7a3] - 接口开始: uri=/yq-admin/api/student/resume, httpMethod=GET, controller=StudentResumeController#get, args=[]
2026-07-21 20:38:13.111 [http-nio-8080-exec-5] INFO  cn.yanque.common.aop.ControllerLogAspect [guid=7eff388d85bd4568a87de869639db7a3] - 接口结束: uri=/yq-admin/api/student/resume, controller=StudentResumeController#get, cost=1ms, result={"code":200,"message":"success","data":{"studentId":12,"studentName":"去去去","objectKey":"homework/resume/2026/07/21/去去去/0b53f01b-d43f-4557-bfdd-d9be7782ab16-ee7555f4-6b04-4926-a4f7-6b18eaf6d2e5.docx","fileName":"ee7555f4-6b04-4926-a4f7-6b18eaf6d2e5.docx","fileSize":40444,"uploadedAt":"Tue Jul 21 20:33:40 CST 2026","parseStatus":"PROCESSING"}}
2026-07-21 20:38:16.119 [http-nio-8080-exec-9] INFO  cn.yanque.common.aop.ControllerLogAspect [guid=20cc6ae252d243f292beb97297f7dd33] - 接口开始: uri=/yq-admin/api/student/resume, httpMethod=GET, controller=StudentResumeController#get, args=[]
2026-07-21 20:38:16.121 [http-nio-8080-exec-9] INFO  cn.yanque.common.aop.ControllerLogAspect [guid=20cc6ae252d243f292beb97297f7dd33] - 接口结束: uri=/yq-admin/api/student/resume, controller=StudentResumeController#get, cost=2ms, result={"code":200,"message":"success","data":{"studentId":12,"studentName":"去去去","objectKey":"homework/resume/2026/07/21/去去去/0b53f01b-d43f-4557-bfdd-d9be7782ab16-ee7555f4-6b04-4926-a4f7-6b18eaf6d2e5.docx","fileName":"ee7555f4-6b04-4926-a4f7-6b18eaf6d2e5.docx","fileSize":40444,"uploadedAt":"Tue Jul 21 20:33:40 CST 2026","parseStatus":"PROCESSING"}}
2026-07-21 20:38:19.112 [http-nio-8080-exec-10] INFO  cn.yanque.common.aop.ControllerLogAspect [guid=fcdce9ee77384d179bb630dbd7331b21] - 接口开始: uri=/yq-admin/api/student/resume, httpMethod=GET, controller=StudentResumeController#get, args=[]
2026-07-21 20:38:19.113 [http-nio-8080-exec-10] INFO  cn.yanque.common.aop.ControllerLogAspect [guid=fcdce9ee77384d179bb630dbd7331b21] - 接口结束: uri=/yq-admin/api/student/resume, controller=StudentResumeController#get, cost=1ms, result={"code":200,"message":"success","data":{"studentId":12,"studentName":"去去去","objectKey":"homework/resume/2026/07/21/去去去/0b53f01b-d43f-4557-bfdd-d9be7782ab16-ee7555f4-6b04-4926-a4f7-6b18eaf6d2e5.docx","fileName":"ee7555f4-6b04-4926-a4f7-6b18eaf6d2e5.docx","fileSize":40444,"uploadedAt":"Tue Jul 21 20:33:40 CST 2026","parseStatus":"PROCESSING"}}
2026-07-21 20:38:22.111 [http-nio-8080-exec-1] INFO  cn.yanque.common.aop.ControllerLogAspect [guid=3d4fa141e3304c3ab34cbc742e30d00a] - 接口开始: uri=/yq-admin/api/student/resume, httpMethod=GET, controller=StudentResumeController#get, args=[]
2026-07-21 20:38:22.113 [http-nio-8080-exec-1] INFO  cn.yanque.common.aop.ControllerLogAspect [guid=3d4fa141e3304c3ab34cbc742e30d00a] - 接口结束: uri=/yq-admin/api/student/resume, controller=StudentResumeController#get, cost=2ms, result={"code":200,"message":"success","data":{"studentId":12,"studentName":"去去去","objectKey":"homework/resume/2026/07/21/去去去/0b53f01b-d43f-4557-bfdd-d9be7782ab16-ee7555f4-6b04-4926-a4f7-6b18eaf6d2e5.docx","fileName":"ee7555f4-6b04-4926-a4f7-6b18eaf6d2e5.docx","fileSize":40444,"uploadedAt":"Tue Jul 21 20:33:40 CST 2026","parseStatus":"PROCESSING"}}
2026-07-21 20:38:25.119 [http-nio-8080-exec-2] INFO  cn.yanque.common.aop.ControllerLogAspect [guid=419cf301dd374c9d81d15716236d76b3] - 接口开始: uri=/yq-admin/api/student/resume, httpMethod=GET, controller=StudentResumeController#get, args=[]
2026-07-21 20:38:25.121 [http-nio-8080-exec-2] INFO  cn.yanque.common.aop.ControllerLogAspect [guid=419cf301dd374c9d81d15716236d76b3] - 接口结束: uri=/yq-admin/api/student/resume, controller=StudentResumeController#get, cost=2ms, result={"code":200,"message":"success","data":{"studentId":12,"studentName":"去去去","objectKey":"homework/resume/2026/07/21/去去去/0b53f01b-d43f-4557-bfdd-d9be7782ab16-ee7555f4-6b04-4926-a4f7-6b18eaf6d2e5.docx","fileName":"ee7555f4-6b04-4926-a4f7-6b18eaf6d2e5.docx","fileSize":40444,"uploadedAt":"Tue Jul 21 20:33:40 CST 2026","parseStatus":"PROCESSING"}}
2026-07-21 20:38:28.116 [http-nio-8080-exec-4] INFO  cn.yanque.common.aop.ControllerLogAspect [guid=d056017c1fe648fc905cf0274f02f693] - 接口开始: uri=/yq-admin/api/student/resume, httpMethod=GET, controller=StudentResumeController#get, args=[]
2026-07-21 20:38:28.118 [http-nio-8080-exec-4] INFO  cn.yanque.common.aop.ControllerLogAspect [guid=d056017c1fe648fc905cf0274f02f693] - 接口结束: uri=/yq-admin/api/student/resume, controller=StudentResumeController#get, cost=2ms, result={"code":200,"message":"success","data":{"studentId":12,"studentName":"去去去","objectKey":"homework/resume/2026/07/21/去去去/0b53f01b-d43f-4557-bfdd-d9be7782ab16-ee7555f4-6b04-4926-a4f7-6b18eaf6d2e5.docx","fileName":"ee7555f4-6b04-4926-a4f7-6b18eaf6d2e5.docx","fileSize":40444,"uploadedAt":"Tue Jul 21 20:33:40 CST 2026","parseStatus":"PROCESSING"}}
2026-07-21 20:38:31.118 [http-nio-8080-exec-3] INFO  cn.yanque.common.aop.ControllerLogAspect [guid=e3621d84f26343d386342a7eefdba923] - 接口开始: uri=/yq-admin/api/student/resume, httpMethod=GET, controller=StudentResumeController#get, args=[]
2026-07-21 20:38:31.119 [http-nio-8080-exec-3] INFO  cn.yanque.common.aop.ControllerLogAspect [guid=e3621d84f26343d386342a7eefdba923] - 接口结束: uri=/yq-admin/api/student/resume, controller=StudentResumeController#get, cost=1ms, result={"code":200,"message":"success","data":{"studentId":12,"studentName":"去去去","objectKey":"homework/resume/2026/07/21/去去去/0b53f01b-d43f-4557-bfdd-d9be7782ab16-ee7555f4-6b04-4926-a4f7-6b18eaf6d2e5.docx","fileName":"ee7555f4-6b04-4926-a4f7-6b18eaf6d2e5.docx","fileSize":40444,"uploadedAt":"Tue Jul 21 20:33:40 CST 2026","parseStatus":"PROCESSING"}}
2026-07-21 20:38:34.112 [http-nio-8080-exec-8] INFO  cn.yanque.common.aop.ControllerLogAspect [guid=d75ed29badfb487592c08a50041ea23d] - 接口开始: uri=/yq-admin/api/student/resume, httpMethod=GET, controller=StudentResumeController#get, args=[]
2026-07-21 20:38:34.114 [http-nio-8080-exec-8] INFO  cn.yanque.common.aop.ControllerLogAspect [guid=d75ed29badfb487592c08a50041ea23d] - 接口结束: uri=/yq-admin/api/student/resume, controller=StudentResumeController#get, cost=2ms, result={"code":200,"message":"success","data":{"studentId":12,"studentName":"去去去","objectKey":"homework/resume/2026/07/21/去去去/0b53f01b-d43f-4557-bfdd-d9be7782ab16-ee7555f4-6b04-4926-a4f7-6b18eaf6d2e5.docx","fileName":"ee7555f4-6b04-4926-a4f7-6b18eaf6d2e5.docx","fileSize":40444,"uploadedAt":"Tue Jul 21 20:33:40 CST 2026","parseStatus":"PROCESSING"}}
2026-07-21 20:38:37.114 [http-nio-8080-exec-6] INFO  cn.yanque.common.aop.ControllerLogAspect [guid=f83f2991332c4550b095dcf37118c6b0] - 接口开始: uri=/yq-admin/api/student/resume, httpMethod=GET, controller=StudentResumeController#get, args=[]
2026-07-21 20:38:37.115 [http-nio-8080-exec-6] INFO  cn.yanque.common.aop.ControllerLogAspect [guid=f83f2991332c4550b095dcf37118c6b0] - 接口结束: uri=/yq-admin/api/student/resume, controller=StudentResumeController#get, cost=1ms, result={"code":200,"message":"success","data":{"studentId":12,"studentName":"去去去","objectKey":"homework/resume/2026/07/21/去去去/0b53f01b-d43f-4557-bfdd-d9be7782ab16-ee7555f4-6b04-4926-a4f7-6b18eaf6d2e5.docx","fileName":"ee7555f4-6b04-4926-a4f7-6b18eaf6d2e5.docx","fileSize":40444,"uploadedAt":"Tue Jul 21 20:33:40 CST 2026","parseStatus":"PROCESSING"}}
2026-07-21 20:38:40.122 [http-nio-8080-exec-7] INFO  cn.yanque.common.aop.ControllerLogAspect [guid=a4184f3e93a84ced935693f917404af2] - 接口开始: uri=/yq-admin/api/student/resume, httpMethod=GET, controller=StudentResumeController#get, args=[]
2026-07-21 20:38:40.124 [http-nio-8080-exec-7] INFO  cn.yanque.common.aop.ControllerLogAspect [guid=a4184f3e93a84ced935693f917404af2] - 接口结束: uri=/yq-admin/api/student/resume, controller=StudentResumeController#get, cost=1ms, result={"code":200,"message":"success","data":{"studentId":12,"studentName":"去去去","objectKey":"homework/resume/2026/07/21/去去去/0b53f01b-d43f-4557-bfdd-d9be7782ab16-ee7555f4-6b04-4926-a4f7-6b18eaf6d2e5.docx","fileName":"ee7555f4-6b04-4926-a4f7-6b18eaf6d2e5.docx","fileSize":40444,"uploadedAt":"Tue Jul 21 20:33:40 CST 2026","parseStatus":"PROCESSING"}}
2026-07-21 20:38:43.117 [http-nio-8080-exec-5] INFO  cn.yanque.common.aop.ControllerLogAspect [guid=4e7ff2fb12d446eeb75e1719858535b9] - 接口开始: uri=/yq-admin/api/student/resume, httpMethod=GET, controller=StudentResumeController#get, args=[]
2026-07-21 20:38:43.119 [http-nio-8080-exec-5] INFO  cn.yanque.common.aop.ControllerLogAspect [guid=4e7ff2fb12d446eeb75e1719858535b9] - 接口结束: uri=/yq-admin/api/student/resume, controller=StudentResumeController#get, cost=2ms, result={"code":200,"message":"success","data":{"studentId":12,"studentName":"去去去","objectKey":"homework/resume/2026/07/21/去去去/0b53f01b-d43f-4557-bfdd-d9be7782ab16-ee7555f4-6b04-4926-a4f7-6b18eaf6d2e5.docx","fileName":"ee7555f4-6b04-4926-a4f7-6b18eaf6d2e5.docx","fileSize":40444,"uploadedAt":"Tue Jul 21 20:33:40 CST 2026","parseStatus":"PROCESSING"}}
2026-07-21 20:38:46.118 [http-nio-8080-exec-9] INFO  cn.yanque.common.aop.ControllerLogAspect [guid=4cd22d611d3e4957913e00827477f274] - 接口开始: uri=/yq-admin/api/student/resume, httpMethod=GET, controller=StudentResumeController#get, args=[]
2026-07-21 20:38:46.119 [http-nio-8080-exec-9] INFO  cn.yanque.common.aop.ControllerLogAspect [guid=4cd22d611d3e4957913e00827477f274] - 接口结束: uri=/yq-admin/api/student/resume, controller=StudentResumeController#get, cost=3ms, result={"code":200,"message":"success","data":{"studentId":12,"studentName":"去去去","objectKey":"homework/resume/2026/07/21/去去去/0b53f01b-d43f-4557-bfdd-d9be7782ab16-ee7555f4-6b04-4926-a4f7-6b18eaf6d2e5.docx","fileName":"ee7555f4-6b04-4926-a4f7-6b18eaf6d2e5.docx","fileSize":40444,"uploadedAt":"Tue Jul 21 20:33:40 CST 2026","parseStatus":"PROCESSING"}}
2026-07-21 20:38:49.121 [http-nio-8080-exec-10] INFO  cn.yanque.common.aop.ControllerLogAspect [guid=431384c5bf404a7981cd51fe547fab87] - 接口开始: uri=/yq-admin/api/student/resume, httpMethod=GET, controller=StudentResumeController#get, args=[]
2026-07-21 20:38:49.123 [http-nio-8080-exec-10] INFO  cn.yanque.common.aop.ControllerLogAspect [guid=431384c5bf404a7981cd51fe547fab87] - 接口结束: uri=/yq-admin/api/student/resume, controller=StudentResumeController#get, cost=2ms, result={"code":200,"message":"success","data":{"studentId":12,"studentName":"去去去","objectKey":"homework/resume/2026/07/21/去去去/0b53f01b-d43f-4557-bfdd-d9be7782ab16-ee7555f4-6b04-4926-a4f7-6b18eaf6d2e5.docx","fileName":"ee7555f4-6b04-4926-a4f7-6b18eaf6d2e5.docx","fileSize":40444,"uploadedAt":"Tue Jul 21 20:33:40 CST 2026","parseStatus":"PROCESSING"}}
2026-07-21 20:38:52.116 [http-nio-8080-exec-1] INFO  cn.yanque.common.aop.ControllerLogAspect [guid=11fb95c8e2964966b0a3cbac5e59bc1a] - 接口开始: uri=/yq-admin/api/student/resume, httpMethod=GET, controller=StudentResumeController#get, args=[]
2026-07-21 20:38:52.117 [http-nio-8080-exec-1] INFO  cn.yanque.common.aop.ControllerLogAspect [guid=11fb95c8e2964966b0a3cbac5e59bc1a] - 接口结束: uri=/yq-admin/api/student/resume, controller=StudentResumeController#get, cost=2ms, result={"code":200,"message":"success","data":{"studentId":12,"studentName":"去去去","objectKey":"homework/resume/2026/07/21/去去去/0b53f01b-d43f-4557-bfdd-d9be7782ab16-ee7555f4-6b04-4926-a4f7-6b18eaf6d2e5.docx","fileName":"ee7555f4-6b04-4926-a4f7-6b18eaf6d2e5.docx","fileSize":40444,"uploadedAt":"Tue Jul 21 20:33:40 CST 2026","parseStatus":"PROCESSING"}}
2026-07-21 20:38:55.115 [http-nio-8080-exec-2] INFO  cn.yanque.common.aop.ControllerLogAspect [guid=23b5098443a5401392f9db916f2ebda0] - 接口开始: uri=/yq-admin/api/student/resume, httpMethod=GET, controller=StudentResumeController#get, args=[]
2026-07-21 20:38:55.117 [http-nio-8080-exec-2] INFO  cn.yanque.common.aop.ControllerLogAspect [guid=23b5098443a5401392f9db916f2ebda0] - 接口结束: uri=/yq-admin/api/student/resume, controller=StudentResumeController#get, cost=2ms, result={"code":200,"message":"success","data":{"studentId":12,"studentName":"去去去","objectKey":"homework/resume/2026/07/21/去去去/0b53f01b-d43f-4557-bfdd-d9be7782ab16-ee7555f4-6b04-4926-a4f7-6b18eaf6d2e5.docx","fileName":"ee7555f4-6b04-4926-a4f7-6b18eaf6d2e5.docx","fileSize":40444,"uploadedAt":"Tue Jul 21 20:33:40 CST 2026","parseStatus":"PROCESSING"}}
2026-07-21 20:38:58.119 [http-nio-8080-exec-4] INFO  cn.yanque.common.aop.ControllerLogAspect [guid=84bf9196bb2f43939e8253d1698316b0] - 接口开始: uri=/yq-admin/api/student/resume, httpMethod=GET, controller=StudentResumeController#get, args=[]
2026-07-21 20:38:58.121 [http-nio-8080-exec-4] INFO  cn.yanque.common.aop.ControllerLogAspect [guid=84bf9196bb2f43939e8253d1698316b0] - 接口结束: uri=/yq-admin/api/student/resume, controller=StudentResumeController#get, cost=2ms, result={"code":200,"message":"success","data":{"studentId":12,"studentName":"去去去","objectKey":"homework/resume/2026/07/21/去去去/0b53f01b-d43f-4557-bfdd-d9be7782ab16-ee7555f4-6b04-4926-a4f7-6b18eaf6d2e5.docx","fileName":"ee7555f4-6b04-4926-a4f7-6b18eaf6d2e5.docx","fileSize":40444,"uploadedAt":"Tue Jul 21 20:33:40 CST 2026","parseStatus":"PROCESSING"}}
2026-07-21 20:39:01.121 [http-nio-8080-exec-3] INFO  cn.yanque.common.aop.ControllerLogAspect [guid=fb0e5687df53498e8e4156ed00391892] - 接口开始: uri=/yq-admin/api/student/resume, httpMethod=GET, controller=StudentResumeController#get, args=[]
2026-07-21 20:39:01.123 [http-nio-8080-exec-3] INFO  cn.yanque.common.aop.ControllerLogAspect [guid=fb0e5687df53498e8e4156ed00391892] - 接口结束: uri=/yq-admin/api/student/resume, controller=StudentResumeController#get, cost=2ms, result={"code":200,"message":"success","data":{"studentId":12,"studentName":"去去去","objectKey":"homework/resume/2026/07/21/去去去/0b53f01b-d43f-4557-bfdd-d9be7782ab16-ee7555f4-6b04-4926-a4f7-6b18eaf6d2e5.docx","fileName":"ee7555f4-6b04-4926-a4f7-6b18eaf6d2e5.docx","fileSize":40444,"uploadedAt":"Tue Jul 21 20:33:40 CST 2026","parseStatus":"PROCESSING"}}
2026-07-21 20:39:04.115 [http-nio-8080-exec-8] INFO  cn.yanque.common.aop.ControllerLogAspect [guid=6124b322aff74689842878fe98c3bc6e] - 接口开始: uri=/yq-admin/api/student/resume, httpMethod=GET, controller=StudentResumeController#get, args=[]
2026-07-21 20:39:04.116 [http-nio-8080-exec-8] INFO  cn.yanque.common.aop.ControllerLogAspect [guid=6124b322aff74689842878fe98c3bc6e] - 接口结束: uri=/yq-admin/api/student/resume, controller=StudentResumeController#get, cost=2ms, result={"code":200,"message":"success","data":{"studentId":12,"studentName":"去去去","objectKey":"homework/resume/2026/07/21/去去去/0b53f01b-d43f-4557-bfdd-d9be7782ab16-ee7555f4-6b04-4926-a4f7-6b18eaf6d2e5.docx","fileName":"ee7555f4-6b04-4926-a4f7-6b18eaf6d2e5.docx","fileSize":40444,"uploadedAt":"Tue Jul 21 20:33:40 CST 2026","parseStatus":"PROCESSING"}}
2026-07-21 20:39:07.122 [http-nio-8080-exec-6] INFO  cn.yanque.common.aop.ControllerLogAspect [guid=8aa1315eaca648fa979a4a3bfe4571ac] - 接口开始: uri=/yq-admin/api/student/resume, httpMethod=GET, controller=StudentResumeController#get, args=[]
2026-07-21 20:39:07.123 [http-nio-8080-exec-6] INFO  cn.yanque.common.aop.ControllerLogAspect [guid=8aa1315eaca648fa979a4a3bfe4571ac] - 接口结束: uri=/yq-admin/api/student/resume, controller=StudentResumeController#get, cost=1ms, result={"code":200,"message":"success","data":{"studentId":12,"studentName":"去去去","objectKey":"homework/resume/2026/07/21/去去去/0b53f01b-d43f-4557-bfdd-d9be7782ab16-ee7555f4-6b04-4926-a4f7-6b18eaf6d2e5.docx","fileName":"ee7555f4-6b04-4926-a4f7-6b18eaf6d2e5.docx","fileSize":40444,"uploadedAt":"Tue Jul 21 20:33:40 CST 2026","parseStatus":"PROCESSING"}}
2026-07-21 20:39:10.112 [http-nio-8080-exec-7] INFO  cn.yanque.common.aop.ControllerLogAspect [guid=c2811396c125485b80153f8111d1bb94] - 接口开始: uri=/yq-admin/api/student/resume, httpMethod=GET, controller=StudentResumeController#get, args=[]
2026-07-21 20:39:10.114 [http-nio-8080-exec-7] INFO  cn.yanque.common.aop.ControllerLogAspect [guid=c2811396c125485b80153f8111d1bb94] - 接口结束: uri=/yq-admin/api/student/resume, controller=StudentResumeController#get, cost=2ms, result={"code":200,"message":"success","data":{"studentId":12,"studentName":"去去去","objectKey":"homework/resume/2026/07/21/去去去/0b53f01b-d43f-4557-bfdd-d9be7782ab16-ee7555f4-6b04-4926-a4f7-6b18eaf6d2e5.docx","fileName":"ee7555f4-6b04-4926-a4f7-6b18eaf6d2e5.docx","fileSize":40444,"uploadedAt":"Tue Jul 21 20:33:40 CST 2026","parseStatus":"PROCESSING"}}
2026-07-21 20:39:13.115 [http-nio-8080-exec-5] INFO  cn.yanque.common.aop.ControllerLogAspect [guid=8ad96fe0dd164c1eb8955b99d0cd3aea] - 接口开始: uri=/yq-admin/api/student/resume, httpMethod=GET, controller=StudentResumeController#get, args=[]
2026-07-21 20:39:13.116 [http-nio-8080-exec-5] INFO  cn.yanque.common.aop.ControllerLogAspect [guid=8ad96fe0dd164c1eb8955b99d0cd3aea] - 接口结束: uri=/yq-admin/api/student/resume, controller=StudentResumeController#get, cost=1ms, result={"code":200,"message":"success","data":{"studentId":12,"studentName":"去去去","objectKey":"homework/resume/2026/07/21/去去去/0b53f01b-d43f-4557-bfdd-d9be7782ab16-ee7555f4-6b04-4926-a4f7-6b18eaf6d2e5.docx","fileName":"ee7555f4-6b04-4926-a4f7-6b18eaf6d2e5.docx","fileSize":40444,"uploadedAt":"Tue Jul 21 20:33:40 CST 2026","parseStatus":"PROCESSING"}}
2026-07-21 20:39:16.116 [http-nio-8080-exec-9] INFO  cn.yanque.common.aop.ControllerLogAspect [guid=2d3a38ed3fe545759b376e189351603e] - 接口开始: uri=/yq-admin/api/student/resume, httpMethod=GET, controller=StudentResumeController#get, args=[]
2026-07-21 20:39:16.117 [http-nio-8080-exec-9] INFO  cn.yanque.common.aop.ControllerLogAspect [guid=2d3a38ed3fe545759b376e189351603e] - 接口结束: uri=/yq-admin/api/student/resume, controller=StudentResumeController#get, cost=1ms, result={"code":200,"message":"success","data":{"studentId":12,"studentName":"去去去","objectKey":"homework/resume/2026/07/21/去去去/0b53f01b-d43f-4557-bfdd-d9be7782ab16-ee7555f4-6b04-4926-a4f7-6b18eaf6d2e5.docx","fileName":"ee7555f4-6b04-4926-a4f7-6b18eaf6d2e5.docx","fileSize":40444,"uploadedAt":"Tue Jul 21 20:33:40 CST 2026","parseStatus":"PROCESSING"}}
2026-07-21 20:39:19.108 [http-nio-8080-exec-10] INFO  cn.yanque.common.aop.ControllerLogAspect [guid=dcc113c990f2417b92d5953835af4d21] - 接口开始: uri=/yq-admin/api/student/resume, httpMethod=GET, controller=StudentResumeController#get, args=[]
2026-07-21 20:39:19.109 [http-nio-8080-exec-10] INFO  cn.yanque.common.aop.ControllerLogAspect [guid=dcc113c990f2417b92d5953835af4d21] - 接口结束: uri=/yq-admin/api/student/resume, controller=StudentResumeController#get, cost=1ms, result={"code":200,"message":"success","data":{"studentId":12,"studentName":"去去去","objectKey":"homework/resume/2026/07/21/去去去/0b53f01b-d43f-4557-bfdd-d9be7782ab16-ee7555f4-6b04-4926-a4f7-6b18eaf6d2e5.docx","fileName":"ee7555f4-6b04-4926-a4f7-6b18eaf6d2e5.docx","fileSize":40444,"uploadedAt":"Tue Jul 21 20:33:40 CST 2026","parseStatus":"PROCESSING"}}
2026-07-21 20:39:22.118 [http-nio-8080-exec-1] INFO  cn.yanque.common.aop.ControllerLogAspect [guid=f6e946fc31004abe91fec367943c8eab] - 接口开始: uri=/yq-admin/api/student/resume, httpMethod=GET, controller=StudentResumeController#get, args=[]
2026-07-21 20:39:22.120 [http-nio-8080-exec-1] INFO  cn.yanque.common.aop.ControllerLogAspect [guid=f6e946fc31004abe91fec367943c8eab] - 接口结束: uri=/yq-admin/api/student/resume, controller=StudentResumeController#get, cost=2ms, result={"code":200,"message":"success","data":{"studentId":12,"studentName":"去去去","objectKey":"homework/resume/2026/07/21/去去去/0b53f01b-d43f-4557-bfdd-d9be7782ab16-ee7555f4-6b04-4926-a4f7-6b18eaf6d2e5.docx","fileName":"ee7555f4-6b04-4926-a4f7-6b18eaf6d2e5.docx","fileSize":40444,"uploadedAt":"Tue Jul 21 20:33:40 CST 2026","parseStatus":"PROCESSING"}}
2026-07-21 20:39:25.117 [http-nio-8080-exec-2] INFO  cn.yanque.common.aop.ControllerLogAspect [guid=4e30303b0b5a4663b233d2dfc636c164] - 接口开始: uri=/yq-admin/api/student/resume, httpMethod=GET, controller=StudentResumeController#get, args=[]
2026-07-21 20:39:25.118 [http-nio-8080-exec-2] INFO  cn.yanque.common.aop.ControllerLogAspect [guid=4e30303b0b5a4663b233d2dfc636c164] - 接口结束: uri=/yq-admin/api/student/resume, controller=StudentResumeController#get, cost=1ms, result={"code":200,"message":"success","data":{"studentId":12,"studentName":"去去去","objectKey":"homework/resume/2026/07/21/去去去/0b53f01b-d43f-4557-bfdd-d9be7782ab16-ee7555f4-6b04-4926-a4f7-6b18eaf6d2e5.docx","fileName":"ee7555f4-6b04-4926-a4f7-6b18eaf6d2e5.docx","fileSize":40444,"uploadedAt":"Tue Jul 21 20:33:40 CST 2026","parseStatus":"PROCESSING"}}
2026-07-21 20:39:28.111 [http-nio-8080-exec-4] INFO  cn.yanque.common.aop.ControllerLogAspect [guid=d849f7a449fa4ac6a1ce36d084d2edf8] - 接口开始: uri=/yq-admin/api/student/resume, httpMethod=GET, controller=StudentResumeController#get, args=[]
2026-07-21 20:39:28.113 [http-nio-8080-exec-4] INFO  cn.yanque.common.aop.ControllerLogAspect [guid=d849f7a449fa4ac6a1ce36d084d2edf8] - 接口结束: uri=/yq-admin/api/student/resume, controller=StudentResumeController#get, cost=2ms, result={"code":200,"message":"success","data":{"studentId":12,"studentName":"去去去","objectKey":"homework/resume/2026/07/21/去去去/0b53f01b-d43f-4557-bfdd-d9be7782ab16-ee7555f4-6b04-4926-a4f7-6b18eaf6d2e5.docx","fileName":"ee7555f4-6b04-4926-a4f7-6b18eaf6d2e5.docx","fileSize":40444,"uploadedAt":"Tue Jul 21 20:33:40 CST 2026","parseStatus":"PROCESSING"}}
2026-07-21 20:39:31.114 [http-nio-8080-exec-3] INFO  cn.yanque.common.aop.ControllerLogAspect [guid=4f1f79dc14f94aecb44e5f06723c517b] - 接口开始: uri=/yq-admin/api/student/resume, httpMethod=GET, controller=StudentResumeController#get, args=[]
2026-07-21 20:39:31.116 [http-nio-8080-exec-3] INFO  cn.yanque.common.aop.ControllerLogAspect [guid=4f1f79dc14f94aecb44e5f06723c517b] - 接口结束: uri=/yq-admin/api/student/resume, controller=StudentResumeController#get, cost=2ms, result={"code":200,"message":"success","data":{"studentId":12,"studentName":"去去去","objectKey":"homework/resume/2026/07/21/去去去/0b53f01b-d43f-4557-bfdd-d9be7782ab16-ee7555f4-6b04-4926-a4f7-6b18eaf6d2e5.docx","fileName":"ee7555f4-6b04-4926-a4f7-6b18eaf6d2e5.docx","fileSize":40444,"uploadedAt":"Tue Jul 21 20:33:40 CST 2026","parseStatus":"PROCESSING"}}
2026-07-21 20:39:34.107 [http-nio-8080-exec-8] INFO  cn.yanque.common.aop.ControllerLogAspect [guid=2e72fb6b7bb5471c810c28beeefeb8e9] - 接口开始: uri=/yq-admin/api/student/resume, httpMethod=GET, controller=StudentResumeController#get, args=[]
2026-07-21 20:39:34.110 [http-nio-8080-exec-8] INFO  cn.yanque.common.aop.ControllerLogAspect [guid=2e72fb6b7bb5471c810c28beeefeb8e9] - 接口结束: uri=/yq-admin/api/student/resume, controller=StudentResumeController#get, cost=3ms, result={"code":200,"message":"success","data":{"studentId":12,"studentName":"去去去","objectKey":"homework/resume/2026/07/21/去去去/0b53f01b-d43f-4557-bfdd-d9be7782ab16-ee7555f4-6b04-4926-a4f7-6b18eaf6d2e5.docx","fileName":"ee7555f4-6b04-4926-a4f7-6b18eaf6d2e5.docx","fileSize":40444,"uploadedAt":"Tue Jul 21 20:33:40 CST 2026","parseStatus":"PROCESSING"}}
2026-07-21 20:39:37.109 [http-nio-8080-exec-6] INFO  cn.yanque.common.aop.ControllerLogAspect [guid=27e13936f16a4401b6d246b974431c88] - 接口开始: uri=/yq-admin/api/student/resume, httpMethod=GET, controller=StudentResumeController#get, args=[]
2026-07-21 20:39:37.111 [http-nio-8080-exec-6] INFO  cn.yanque.common.aop.ControllerLogAspect [guid=27e13936f16a4401b6d246b974431c88] - 接口结束: uri=/yq-admin/api/student/resume, controller=StudentResumeController#get, cost=2ms, result={"code":200,"message":"success","data":{"studentId":12,"studentName":"去去去","objectKey":"homework/resume/2026/07/21/去去去/0b53f01b-d43f-4557-bfdd-d9be7782ab16-ee7555f4-6b04-4926-a4f7-6b18eaf6d2e5.docx","fileName":"ee7555f4-6b04-4926-a4f7-6b18eaf6d2e5.docx","fileSize":40444,"uploadedAt":"Tue Jul 21 20:33:40 CST 2026","parseStatus":"PROCESSING"}}
2026-07-21 20:39:40.115 [http-nio-8080-exec-7] INFO  cn.yanque.common.aop.ControllerLogAspect [guid=bc077da6dd1a4e86a92be4d9149034d1] - 接口开始: uri=/yq-admin/api/student/resume, httpMethod=GET, controller=StudentResumeController#get, args=[]
2026-07-21 20:39:40.116 [http-nio-8080-exec-7] INFO  cn.yanque.common.aop.ControllerLogAspect [guid=bc077da6dd1a4e86a92be4d9149034d1] - 接口结束: uri=/yq-admin/api/student/resume, controller=StudentResumeController#get, cost=1ms, result={"code":200,"message":"success","data":{"studentId":12,"studentName":"去去去","objectKey":"homework/resume/2026/07/21/去去去/0b53f01b-d43f-4557-bfdd-d9be7782ab16-ee7555f4-6b04-4926-a4f7-6b18eaf6d2e5.docx","fileName":"ee7555f4-6b04-4926-a4f7-6b18eaf6d2e5.docx","fileSize":40444,"uploadedAt":"Tue Jul 21 20:33:40 CST 2026","parseStatus":"PROCESSING"}}
2026-07-21 20:39:43.117 [http-nio-8080-exec-5] INFO  cn.yanque.common.aop.ControllerLogAspect [guid=f2d27acfd8ee43539d6f85e2589d7048] - 接口开始: uri=/yq-admin/api/student/resume, httpMethod=GET, controller=StudentResumeController#get, args=[]
2026-07-21 20:39:43.118 [http-nio-8080-exec-5] INFO  cn.yanque.common.aop.ControllerLogAspect [guid=f2d27acfd8ee43539d6f85e2589d7048] - 接口结束: uri=/yq-admin/api/student/resume, controller=StudentResumeController#get, cost=1ms, result={"code":200,"message":"success","data":{"studentId":12,"studentName":"去去去","objectKey":"homework/resume/2026/07/21/去去去/0b53f01b-d43f-4557-bfdd-d9be7782ab16-ee7555f4-6b04-4926-a4f7-6b18eaf6d2e5.docx","fileName":"ee7555f4-6b04-4926-a4f7-6b18eaf6d2e5.docx","fileSize":40444,"uploadedAt":"Tue Jul 21 20:33:40 CST 2026","parseStatus":"PROCESSING"}}
2026-07-21 20:39:46.112 [http-nio-8080-exec-9] INFO  cn.yanque.common.aop.ControllerLogAspect [guid=d3c243c5d35a4b1f8cc0bd366e9cb2d9] - 接口开始: uri=/yq-admin/api/student/resume, httpMethod=GET, controller=StudentResumeController#get, args=[]
2026-07-21 20:39:46.113 [http-nio-8080-exec-9] INFO  cn.yanque.common.aop.ControllerLogAspect [guid=d3c243c5d35a4b1f8cc0bd366e9cb2d9] - 接口结束: uri=/yq-admin/api/student/resume, controller=StudentResumeController#get, cost=1ms, result={"code":200,"message":"success","data":{"studentId":12,"studentName":"去去去","objectKey":"homework/resume/2026/07/21/去去去/0b53f01b-d43f-4557-bfdd-d9be7782ab16-ee7555f4-6b04-4926-a4f7-6b18eaf6d2e5.docx","fileName":"ee7555f4-6b04-4926-a4f7-6b18eaf6d2e5.docx","fileSize":40444,"uploadedAt":"Tue Jul 21 20:33:40 CST 2026","parseStatus":"PROCESSING"}}
2026-07-21 20:39:49.122 [http-nio-8080-exec-10] INFO  cn.yanque.common.aop.ControllerLogAspect [guid=f1a8b291808b40f987bf776b9121bebd] - 接口开始: uri=/yq-admin/api/student/resume, httpMethod=GET, controller=StudentResumeController#get, args=[]
2026-07-21 20:39:49.123 [http-nio-8080-exec-10] INFO  cn.yanque.common.aop.ControllerLogAspect [guid=f1a8b291808b40f987bf776b9121bebd] - 接口结束: uri=/yq-admin/api/student/resume, controller=StudentResumeController#get, cost=1ms, result={"code":200,"message":"success","data":{"studentId":12,"studentName":"去去去","objectKey":"homework/resume/2026/07/21/去去去/0b53f01b-d43f-4557-bfdd-d9be7782ab16-ee7555f4-6b04-4926-a4f7-6b18eaf6d2e5.docx","fileName":"ee7555f4-6b04-4926-a4f7-6b18eaf6d2e5.docx","fileSize":40444,"uploadedAt":"Tue Jul 21 20:33:40 CST 2026","parseStatus":"PROCESSING"}}
2026-07-21 20:39:52.109 [http-nio-8080-exec-1] INFO  cn.yanque.common.aop.ControllerLogAspect [guid=a4c63197f815477f85597f3cf50c4de0] - 接口开始: uri=/yq-admin/api/student/resume, httpMethod=GET, controller=StudentResumeController#get, args=[]
2026-07-21 20:39:52.111 [http-nio-8080-exec-1] INFO  cn.yanque.common.aop.ControllerLogAspect [guid=a4c63197f815477f85597f3cf50c4de0] - 接口结束: uri=/yq-admin/api/student/resume, controller=StudentResumeController#get, cost=2ms, result={"code":200,"message":"success","data":{"studentId":12,"studentName":"去去去","objectKey":"homework/resume/2026/07/21/去去去/0b53f01b-d43f-4557-bfdd-d9be7782ab16-ee7555f4-6b04-4926-a4f7-6b18eaf6d2e5.docx","fileName":"ee7555f4-6b04-4926-a4f7-6b18eaf6d2e5.docx","fileSize":40444,"uploadedAt":"Tue Jul 21 20:33:40 CST 2026","parseStatus":"PROCESSING"}}
2026-07-21 20:39:55.123 [http-nio-8080-exec-2] INFO  cn.yanque.common.aop.ControllerLogAspect [guid=e9044c0670b74119bc6bdb7e4539a1c8] - 接口开始: uri=/yq-admin/api/student/resume, httpMethod=GET, controller=StudentResumeController#get, args=[]
2026-07-21 20:39:55.126 [http-nio-8080-exec-2] INFO  cn.yanque.common.aop.ControllerLogAspect [guid=e9044c0670b74119bc6bdb7e4539a1c8] - 接口结束: uri=/yq-admin/api/student/resume, controller=StudentResumeController#get, cost=3ms, result={"code":200,"message":"success","data":{"studentId":12,"studentName":"去去去","objectKey":"homework/resume/2026/07/21/去去去/0b53f01b-d43f-4557-bfdd-d9be7782ab16-ee7555f4-6b04-4926-a4f7-6b18eaf6d2e5.docx","fileName":"ee7555f4-6b04-4926-a4f7-6b18eaf6d2e5.docx","fileSize":40444,"uploadedAt":"Tue Jul 21 20:33:40 CST 2026","parseStatus":"PROCESSING"}}
2026-07-21 20:39:58.110 [http-nio-8080-exec-4] INFO  cn.yanque.common.aop.ControllerLogAspect [guid=8b7e2ea611194ba8a01b864bc59d7fda] - 接口开始: uri=/yq-admin/api/student/resume, httpMethod=GET, controller=StudentResumeController#get, args=[]
2026-07-21 20:39:58.112 [http-nio-8080-exec-4] INFO  cn.yanque.common.aop.ControllerLogAspect [guid=8b7e2ea611194ba8a01b864bc59d7fda] - 接口结束: uri=/yq-admin/api/student/resume, controller=StudentResumeController#get, cost=2ms, result={"code":200,"message":"success","data":{"studentId":12,"studentName":"去去去","objectKey":"homework/resume/2026/07/21/去去去/0b53f01b-d43f-4557-bfdd-d9be7782ab16-ee7555f4-6b04-4926-a4f7-6b18eaf6d2e5.docx","fileName":"ee7555f4-6b04-4926-a4f7-6b18eaf6d2e5.docx","fileSize":40444,"uploadedAt":"Tue Jul 21 20:33:40 CST 2026","parseStatus":"PROCESSING"}}
2026-07-21 20:40:01.116 [http-nio-8080-exec-3] INFO  cn.yanque.common.aop.ControllerLogAspect [guid=faf6c8bec0794e88a89cdb9dbb4e8bd6] - 接口开始: uri=/yq-admin/api/student/resume, httpMethod=GET, controller=StudentResumeController#get, args=[]
2026-07-21 20:40:01.117 [http-nio-8080-exec-3] INFO  cn.yanque.common.aop.ControllerLogAspect [guid=faf6c8bec0794e88a89cdb9dbb4e8bd6] - 接口结束: uri=/yq-admin/api/student/resume, controller=StudentResumeController#get, cost=1ms, result={"code":200,"message":"success","data":{"studentId":12,"studentName":"去去去","objectKey":"homework/resume/2026/07/21/去去去/0b53f01b-d43f-4557-bfdd-d9be7782ab16-ee7555f4-6b04-4926-a4f7-6b18eaf6d2e5.docx","fileName":"ee7555f4-6b04-4926-a4f7-6b18eaf6d2e5.docx","fileSize":40444,"uploadedAt":"Tue Jul 21 20:33:40 CST 2026","parseStatus":"PROCESSING"}}
2026-07-21 20:40:04.109 [http-nio-8080-exec-8] INFO  cn.yanque.common.aop.ControllerLogAspect [guid=aeda71697bfb41f382668c9978b3bf63] - 接口开始: uri=/yq-admin/api/student/resume, httpMethod=GET, controller=StudentResumeController#get, args=[]
2026-07-21 20:40:04.110 [http-nio-8080-exec-8] INFO  cn.yanque.common.aop.ControllerLogAspect [guid=aeda71697bfb41f382668c9978b3bf63] - 接口结束: uri=/yq-admin/api/student/resume, controller=StudentResumeController#get, cost=1ms, result={"code":200,"message":"success","data":{"studentId":12,"studentName":"去去去","objectKey":"homework/resume/2026/07/21/去去去/0b53f01b-d43f-4557-bfdd-d9be7782ab16-ee7555f4-6b04-4926-a4f7-6b18eaf6d2e5.docx","fileName":"ee7555f4-6b04-4926-a4f7-6b18eaf6d2e5.docx","fileSize":40444,"uploadedAt":"Tue Jul 21 20:33:40 CST 2026","parseStatus":"PROCESSING"}}
2026-07-21 20:40:07.120 [http-nio-8080-exec-6] INFO  cn.yanque.common.aop.ControllerLogAspect [guid=48bbe4d5d8524e70bca96550d2bc42af] - 接口开始: uri=/yq-admin/api/student/resume, httpMethod=GET, controller=StudentResumeController#get, args=[]
2026-07-21 20:40:07.122 [http-nio-8080-exec-6] INFO  cn.yanque.common.aop.ControllerLogAspect [guid=48bbe4d5d8524e70bca96550d2bc42af] - 接口结束: uri=/yq-admin/api/student/resume, controller=StudentResumeController#get, cost=2ms, result={"code":200,"message":"success","data":{"studentId":12,"studentName":"去去去","objectKey":"homework/resume/2026/07/21/去去去/0b53f01b-d43f-4557-bfdd-d9be7782ab16-ee7555f4-6b04-4926-a4f7-6b18eaf6d2e5.docx","fileName":"ee7555f4-6b04-4926-a4f7-6b18eaf6d2e5.docx","fileSize":40444,"uploadedAt":"Tue Jul 21 20:33:40 CST 2026","parseStatus":"PROCESSING"}}
2026-07-21 20:40:10.120 [http-nio-8080-exec-7] INFO  cn.yanque.common.aop.ControllerLogAspect [guid=5acbfd4940154d4585d6fd1f17d57a86] - 接口开始: uri=/yq-admin/api/student/resume, httpMethod=GET, controller=StudentResumeController#get, args=[]
2026-07-21 20:40:10.122 [http-nio-8080-exec-7] INFO  cn.yanque.common.aop.ControllerLogAspect [guid=5acbfd4940154d4585d6fd1f17d57a86] - 接口结束: uri=/yq-admin/api/student/resume, controller=StudentResumeController#get, cost=2ms, result={"code":200,"message":"success","data":{"studentId":12,"studentName":"去去去","objectKey":"homework/resume/2026/07/21/去去去/0b53f01b-d43f-4557-bfdd-d9be7782ab16-ee7555f4-6b04-4926-a4f7-6b18eaf6d2e5.docx","fileName":"ee7555f4-6b04-4926-a4f7-6b18eaf6d2e5.docx","fileSize":40444,"uploadedAt":"Tue Jul 21 20:33:40 CST 2026","parseStatus":"PROCESSING"}}
2026-07-21 20:40:13.118 [http-nio-8080-exec-5] INFO  cn.yanque.common.aop.ControllerLogAspect [guid=861208d1ba284ab0a521aee623378d6f] - 接口开始: uri=/yq-admin/api/student/resume, httpMethod=GET, controller=StudentResumeController#get, args=[]
2026-07-21 20:40:13.119 [http-nio-8080-exec-5] INFO  cn.yanque.common.aop.ControllerLogAspect [guid=861208d1ba284ab0a521aee623378d6f] - 接口结束: uri=/yq-admin/api/student/resume, controller=StudentResumeController#get, cost=1ms, result={"code":200,"message":"success","data":{"studentId":12,"studentName":"去去去","objectKey":"homework/resume/2026/07/21/去去去/0b53f01b-d43f-4557-bfdd-d9be7782ab16-ee7555f4-6b04-4926-a4f7-6b18eaf6d2e5.docx","fileName":"ee7555f4-6b04-4926-a4f7-6b18eaf6d2e5.docx","fileSize":40444,"uploadedAt":"Tue Jul 21 20:33:40 CST 2026","parseStatus":"PROCESSING"}}
2026-07-21 20:40:16.116 [http-nio-8080-exec-9] INFO  cn.yanque.common.aop.ControllerLogAspect [guid=8380f93f6b734bdea342fd94689b1bd6] - 接口开始: uri=/yq-admin/api/student/resume, httpMethod=GET, controller=StudentResumeController#get, args=[]
2026-07-21 20:40:16.117 [http-nio-8080-exec-9] INFO  cn.yanque.common.aop.ControllerLogAspect [guid=8380f93f6b734bdea342fd94689b1bd6] - 接口结束: uri=/yq-admin/api/student/resume, controller=StudentResumeController#get, cost=1ms, result={"code":200,"message":"success","data":{"studentId":12,"studentName":"去去去","objectKey":"homework/resume/2026/07/21/去去去/0b53f01b-d43f-4557-bfdd-d9be7782ab16-ee7555f4-6b04-4926-a4f7-6b18eaf6d2e5.docx","fileName":"ee7555f4-6b04-4926-a4f7-6b18eaf6d2e5.docx","fileSize":40444,"uploadedAt":"Tue Jul 21 20:33:40 CST 2026","parseStatus":"PROCESSING"}}
2026-07-21 20:40:19.120 [http-nio-8080-exec-10] INFO  cn.yanque.common.aop.ControllerLogAspect [guid=f07980b1d51b493585b01695bc1edcea] - 接口开始: uri=/yq-admin/api/student/resume, httpMethod=GET, controller=StudentResumeController#get, args=[]
2026-07-21 20:40:19.121 [http-nio-8080-exec-10] INFO  cn.yanque.common.aop.ControllerLogAspect [guid=f07980b1d51b493585b01695bc1edcea] - 接口结束: uri=/yq-admin/api/student/resume, controller=StudentResumeController#get, cost=1ms, result={"code":200,"message":"success","data":{"studentId":12,"studentName":"去去去","objectKey":"homework/resume/2026/07/21/去去去/0b53f01b-d43f-4557-bfdd-d9be7782ab16-ee7555f4-6b04-4926-a4f7-6b18eaf6d2e5.docx","fileName":"ee7555f4-6b04-4926-a4f7-6b18eaf6d2e5.docx","fileSize":40444,"uploadedAt":"Tue Jul 21 20:33:40 CST 2026","parseStatus":"PROCESSING"}}
2026-07-21 20:40:22.114 [http-nio-8080-exec-1] INFO  cn.yanque.common.aop.ControllerLogAspect [guid=a6cd0e9eb96e49e1995edefdc43f7e4d] - 接口开始: uri=/yq-admin/api/student/resume, httpMethod=GET, controller=StudentResumeController#get, args=[]
2026-07-21 20:40:22.117 [http-nio-8080-exec-1] INFO  cn.yanque.common.aop.ControllerLogAspect [guid=a6cd0e9eb96e49e1995edefdc43f7e4d] - 接口结束: uri=/yq-admin/api/student/resume, controller=StudentResumeController#get, cost=1ms, result={"code":200,"message":"success","data":{"studentId":12,"studentName":"去去去","objectKey":"homework/resume/2026/07/21/去去去/0b53f01b-d43f-4557-bfdd-d9be7782ab16-ee7555f4-6b04-4926-a4f7-6b18eaf6d2e5.docx","fileName":"ee7555f4-6b04-4926-a4f7-6b18eaf6d2e5.docx","fileSize":40444,"uploadedAt":"Tue Jul 21 20:33:40 CST 2026","parseStatus":"PROCESSING"}}
2026-07-21 20:40:25.114 [http-nio-8080-exec-2] INFO  cn.yanque.common.aop.ControllerLogAspect [guid=b76ea24a4b774e719bc4fe0221b98de6] - 接口开始: uri=/yq-admin/api/student/resume, httpMethod=GET, controller=StudentResumeController#get, args=[]
2026-07-21 20:40:25.115 [http-nio-8080-exec-2] INFO  cn.yanque.common.aop.ControllerLogAspect [guid=b76ea24a4b774e719bc4fe0221b98de6] - 接口结束: uri=/yq-admin/api/student/resume, controller=StudentResumeController#get, cost=1ms, result={"code":200,"message":"success","data":{"studentId":12,"studentName":"去去去","objectKey":"homework/resume/2026/07/21/去去去/0b53f01b-d43f-4557-bfdd-d9be7782ab16-ee7555f4-6b04-4926-a4f7-6b18eaf6d2e5.docx","fileName":"ee7555f4-6b04-4926-a4f7-6b18eaf6d2e5.docx","fileSize":40444,"uploadedAt":"Tue Jul 21 20:33:40 CST 2026","parseStatus":"PROCESSING"}}
2026-07-21 20:40:28.122 [http-nio-8080-exec-4] INFO  cn.yanque.common.aop.ControllerLogAspect [guid=814168d13048434a8606d290733945ee] - 接口开始: uri=/yq-admin/api/student/resume, httpMethod=GET, controller=StudentResumeController#get, args=[]
2026-07-21 20:40:28.124 [http-nio-8080-exec-4] INFO  cn.yanque.common.aop.ControllerLogAspect [guid=814168d13048434a8606d290733945ee] - 接口结束: uri=/yq-admin/api/student/resume, controller=StudentResumeController#get, cost=2ms, result={"code":200,"message":"success","data":{"studentId":12,"studentName":"去去去","objectKey":"homework/resume/2026/07/21/去去去/0b53f01b-d43f-4557-bfdd-d9be7782ab16-ee7555f4-6b04-4926-a4f7-6b18eaf6d2e5.docx","fileName":"ee7555f4-6b04-4926-a4f7-6b18eaf6d2e5.docx","fileSize":40444,"uploadedAt":"Tue Jul 21 20:33:40 CST 2026","parseStatus":"PROCESSING"}}
2026-07-21 20:40:31.115 [http-nio-8080-exec-3] INFO  cn.yanque.common.aop.ControllerLogAspect [guid=20cc8e6b37fa4665a41f0b45cc1f8d44] - 接口开始: uri=/yq-admin/api/student/resume, httpMethod=GET, controller=StudentResumeController#get, args=[]
2026-07-21 20:40:31.117 [http-nio-8080-exec-3] INFO  cn.yanque.common.aop.ControllerLogAspect [guid=20cc8e6b37fa4665a41f0b45cc1f8d44] - 接口结束: uri=/yq-admin/api/student/resume, controller=StudentResumeController#get, cost=2ms, result={"code":200,"message":"success","data":{"studentId":12,"studentName":"去去去","objectKey":"homework/resume/2026/07/21/去去去/0b53f01b-d43f-4557-bfdd-d9be7782ab16-ee7555f4-6b04-4926-a4f7-6b18eaf6d2e5.docx","fileName":"ee7555f4-6b04-4926-a4f7-6b18eaf6d2e5.docx","fileSize":40444,"uploadedAt":"Tue Jul 21 20:33:40 CST 2026","parseStatus":"PROCESSING"}}
2026-07-21 20:40:34.115 [http-nio-8080-exec-8] INFO  cn.yanque.common.aop.ControllerLogAspect [guid=bddc945c8b4a49579757c3913820ff36] - 接口开始: uri=/yq-admin/api/student/resume, httpMethod=GET, controller=StudentResumeController#get, args=[]
2026-07-21 20:40:34.116 [http-nio-8080-exec-8] INFO  cn.yanque.common.aop.ControllerLogAspect [guid=bddc945c8b4a49579757c3913820ff36] - 接口结束: uri=/yq-admin/api/student/resume, controller=StudentResumeController#get, cost=1ms, result={"code":200,"message":"success","data":{"studentId":12,"studentName":"去去去","objectKey":"homework/resume/2026/07/21/去去去/0b53f01b-d43f-4557-bfdd-d9be7782ab16-ee7555f4-6b04-4926-a4f7-6b18eaf6d2e5.docx","fileName":"ee7555f4-6b04-4926-a4f7-6b18eaf6d2e5.docx","fileSize":40444,"uploadedAt":"Tue Jul 21 20:33:40 CST 2026","parseStatus":"PROCESSING"}}
2026-07-21 20:40:37.119 [http-nio-8080-exec-6] INFO  cn.yanque.common.aop.ControllerLogAspect [guid=77080f2d67954702b3d2b09039429567] - 接口开始: uri=/yq-admin/api/student/resume, httpMethod=GET, controller=StudentResumeController#get, args=[]
2026-07-21 20:40:37.120 [http-nio-8080-exec-6] INFO  cn.yanque.common.aop.ControllerLogAspect [guid=77080f2d67954702b3d2b09039429567] - 接口结束: uri=/yq-admin/api/student/resume, controller=StudentResumeController#get, cost=1ms, result={"code":200,"message":"success","data":{"studentId":12,"studentName":"去去去","objectKey":"homework/resume/2026/07/21/去去去/0b53f01b-d43f-4557-bfdd-d9be7782ab16-ee7555f4-6b04-4926-a4f7-6b18eaf6d2e5.docx","fileName":"ee7555f4-6b04-4926-a4f7-6b18eaf6d2e5.docx","fileSize":40444,"uploadedAt":"Tue Jul 21 20:33:40 CST 2026","parseStatus":"PROCESSING"}}
2026-07-21 20:40:40.114 [http-nio-8080-exec-7] INFO  cn.yanque.common.aop.ControllerLogAspect [guid=20e3f148f6114ab8948b318566fe130d] - 接口开始: uri=/yq-admin/api/student/resume, httpMethod=GET, controller=StudentResumeController#get, args=[]
2026-07-21 20:40:40.116 [http-nio-8080-exec-7] INFO  cn.yanque.common.aop.ControllerLogAspect [guid=20e3f148f6114ab8948b318566fe130d] - 接口结束: uri=/yq-admin/api/student/resume, controller=StudentResumeController#get, cost=2ms, result={"code":200,"message":"success","data":{"studentId":12,"studentName":"去去去","objectKey":"homework/resume/2026/07/21/去去去/0b53f01b-d43f-4557-bfdd-d9be7782ab16-ee7555f4-6b04-4926-a4f7-6b18eaf6d2e5.docx","fileName":"ee7555f4-6b04-4926-a4f7-6b18eaf6d2e5.docx","fileSize":40444,"uploadedAt":"Tue Jul 21 20:33:40 CST 2026","parseStatus":"PROCESSING"}}
2026-07-21 20:40:43.108 [http-nio-8080-exec-5] INFO  cn.yanque.common.aop.ControllerLogAspect [guid=8a1b2c612f6440dba9dac2b2f5b35478] - 接口开始: uri=/yq-admin/api/student/resume, httpMethod=GET, controller=StudentResumeController#get, args=[]
2026-07-21 20:40:43.109 [http-nio-8080-exec-5] INFO  cn.yanque.common.aop.ControllerLogAspect [guid=8a1b2c612f6440dba9dac2b2f5b35478] - 接口结束: uri=/yq-admin/api/student/resume, controller=StudentResumeController#get, cost=1ms, result={"code":200,"message":"success","data":{"studentId":12,"studentName":"去去去","objectKey":"homework/resume/2026/07/21/去去去/0b53f01b-d43f-4557-bfdd-d9be7782ab16-ee7555f4-6b04-4926-a4f7-6b18eaf6d2e5.docx","fileName":"ee7555f4-6b04-4926-a4f7-6b18eaf6d2e5.docx","fileSize":40444,"uploadedAt":"Tue Jul 21 20:33:40 CST 2026","parseStatus":"PROCESSING"}}
2026-07-21 20:40:46.119 [http-nio-8080-exec-9] INFO  cn.yanque.common.aop.ControllerLogAspect [guid=a1e4856afbac44e99bd3940198168b8b] - 接口开始: uri=/yq-admin/api/student/resume, httpMethod=GET, controller=StudentResumeController#get, args=[]
2026-07-21 20:40:46.120 [http-nio-8080-exec-9] INFO  cn.yanque.common.aop.ControllerLogAspect [guid=a1e4856afbac44e99bd3940198168b8b] - 接口结束: uri=/yq-admin/api/student/resume, controller=StudentResumeController#get, cost=1ms, result={"code":200,"message":"success","data":{"studentId":12,"studentName":"去去去","objectKey":"homework/resume/2026/07/21/去去去/0b53f01b-d43f-4557-bfdd-d9be7782ab16-ee7555f4-6b04-4926-a4f7-6b18eaf6d2e5.docx","fileName":"ee7555f4-6b04-4926-a4f7-6b18eaf6d2e5.docx","fileSize":40444,"uploadedAt":"Tue Jul 21 20:33:40 CST 2026","parseStatus":"PROCESSING"}}
2026-07-21 20:40:49.115 [http-nio-8080-exec-10] INFO  cn.yanque.common.aop.ControllerLogAspect [guid=db4df485abb3413684dc9f9ba2377e1a] - 接口开始: uri=/yq-admin/api/student/resume, httpMethod=GET, controller=StudentResumeController#get, args=[]
2026-07-21 20:40:49.116 [http-nio-8080-exec-10] INFO  cn.yanque.common.aop.ControllerLogAspect [guid=db4df485abb3413684dc9f9ba2377e1a] - 接口结束: uri=/yq-admin/api/student/resume, controller=StudentResumeController#get, cost=1ms, result={"code":200,"message":"success","data":{"studentId":12,"studentName":"去去去","objectKey":"homework/resume/2026/07/21/去去去/0b53f01b-d43f-4557-bfdd-d9be7782ab16-ee7555f4-6b04-4926-a4f7-6b18eaf6d2e5.docx","fileName":"ee7555f4-6b04-4926-a4f7-6b18eaf6d2e5.docx","fileSize":40444,"uploadedAt":"Tue Jul 21 20:33:40 CST 2026","parseStatus":"PROCESSING"}}
2026-07-21 20:40:52.110 [http-nio-8080-exec-1] INFO  cn.yanque.common.aop.ControllerLogAspect [guid=8e528fb736704c6084346b35dad82399] - 接口开始: uri=/yq-admin/api/student/resume, httpMethod=GET, controller=StudentResumeController#get, args=[]
2026-07-21 20:40:52.111 [http-nio-8080-exec-1] INFO  cn.yanque.common.aop.ControllerLogAspect [guid=8e528fb736704c6084346b35dad82399] - 接口结束: uri=/yq-admin/api/student/resume, controller=StudentResumeController#get, cost=1ms, result={"code":200,"message":"success","data":{"studentId":12,"studentName":"去去去","objectKey":"homework/resume/2026/07/21/去去去/0b53f01b-d43f-4557-bfdd-d9be7782ab16-ee7555f4-6b04-4926-a4f7-6b18eaf6d2e5.docx","fileName":"ee7555f4-6b04-4926-a4f7-6b18eaf6d2e5.docx","fileSize":40444,"uploadedAt":"Tue Jul 21 20:33:40 CST 2026","parseStatus":"PROCESSING"}}
2026-07-21 20:40:55.108 [http-nio-8080-exec-2] INFO  cn.yanque.common.aop.ControllerLogAspect [guid=ef55336db07d4c8e9c7d8a8579540a98] - 接口开始: uri=/yq-admin/api/student/resume, httpMethod=GET, controller=StudentResumeController#get, args=[]
2026-07-21 20:40:55.111 [http-nio-8080-exec-2] INFO  cn.yanque.common.aop.ControllerLogAspect [guid=ef55336db07d4c8e9c7d8a8579540a98] - 接口结束: uri=/yq-admin/api/student/resume, controller=StudentResumeController#get, cost=3ms, result={"code":200,"message":"success","data":{"studentId":12,"studentName":"去去去","objectKey":"homework/resume/2026/07/21/去去去/0b53f01b-d43f-4557-bfdd-d9be7782ab16-ee7555f4-6b04-4926-a4f7-6b18eaf6d2e5.docx","fileName":"ee7555f4-6b04-4926-a4f7-6b18eaf6d2e5.docx","fileSize":40444,"uploadedAt":"Tue Jul 21 20:33:40 CST 2026","parseStatus":"PROCESSING"}}
2026-07-21 20:40:58.112 [http-nio-8080-exec-4] INFO  cn.yanque.common.aop.ControllerLogAspect [guid=8f2ec453bc93489a87c4cf6ccab43d70] - 接口开始: uri=/yq-admin/api/student/resume, httpMethod=GET, controller=StudentResumeController#get, args=[]
2026-07-21 20:40:58.114 [http-nio-8080-exec-4] INFO  cn.yanque.common.aop.ControllerLogAspect [guid=8f2ec453bc93489a87c4cf6ccab43d70] - 接口结束: uri=/yq-admin/api/student/resume, controller=StudentResumeController#get, cost=2ms, result={"code":200,"message":"success","data":{"studentId":12,"studentName":"去去去","objectKey":"homework/resume/2026/07/21/去去去/0b53f01b-d43f-4557-bfdd-d9be7782ab16-ee7555f4-6b04-4926-a4f7-6b18eaf6d2e5.docx","fileName":"ee7555f4-6b04-4926-a4f7-6b18eaf6d2e5.docx","fileSize":40444,"uploadedAt":"Tue Jul 21 20:33:40 CST 2026","parseStatus":"PROCESSING"}}
2026-07-21 20:41:01.114 [http-nio-8080-exec-3] INFO  cn.yanque.common.aop.ControllerLogAspect [guid=535e811230504345a16e307f546276d4] - 接口开始: uri=/yq-admin/api/student/resume, httpMethod=GET, controller=StudentResumeController#get, args=[]
2026-07-21 20:41:01.115 [http-nio-8080-exec-3] INFO  cn.yanque.common.aop.ControllerLogAspect [guid=535e811230504345a16e307f546276d4] - 接口结束: uri=/yq-admin/api/student/resume, controller=StudentResumeController#get, cost=1ms, result={"code":200,"message":"success","data":{"studentId":12,"studentName":"去去去","objectKey":"homework/resume/2026/07/21/去去去/0b53f01b-d43f-4557-bfdd-d9be7782ab16-ee7555f4-6b04-4926-a4f7-6b18eaf6d2e5.docx","fileName":"ee7555f4-6b04-4926-a4f7-6b18eaf6d2e5.docx","fileSize":40444,"uploadedAt":"Tue Jul 21 20:33:40 CST 2026","parseStatus":"PROCESSING"}}
2026-07-21 20:41:04.111 [http-nio-8080-exec-8] INFO  cn.yanque.common.aop.ControllerLogAspect [guid=5710c04a170440d1996a42a044055fe6] - 接口开始: uri=/yq-admin/api/student/resume, httpMethod=GET, controller=StudentResumeController#get, args=[]
2026-07-21 20:41:04.112 [http-nio-8080-exec-8] INFO  cn.yanque.common.aop.ControllerLogAspect [guid=5710c04a170440d1996a42a044055fe6] - 接口结束: uri=/yq-admin/api/student/resume, controller=StudentResumeController#get, cost=1ms, result={"code":200,"message":"success","data":{"studentId":12,"studentName":"去去去","objectKey":"homework/resume/2026/07/21/去去去/0b53f01b-d43f-4557-bfdd-d9be7782ab16-ee7555f4-6b04-4926-a4f7-6b18eaf6d2e5.docx","fileName":"ee7555f4-6b04-4926-a4f7-6b18eaf6d2e5.docx","fileSize":40444,"uploadedAt":"Tue Jul 21 20:33:40 CST 2026","parseStatus":"PROCESSING"}}
2026-07-21 20:41:07.122 [http-nio-8080-exec-6] INFO  cn.yanque.common.aop.ControllerLogAspect [guid=41fcbc6eecb541debce6065afcb82776] - 接口开始: uri=/yq-admin/api/student/resume, httpMethod=GET, controller=StudentResumeController#get, args=[]
2026-07-21 20:41:07.125 [http-nio-8080-exec-6] INFO  cn.yanque.common.aop.ControllerLogAspect [guid=41fcbc6eecb541debce6065afcb82776] - 接口结束: uri=/yq-admin/api/student/resume, controller=StudentResumeController#get, cost=3ms, result={"code":200,"message":"success","data":{"studentId":12,"studentName":"去去去","objectKey":"homework/resume/2026/07/21/去去去/0b53f01b-d43f-4557-bfdd-d9be7782ab16-ee7555f4-6b04-4926-a4f7-6b18eaf6d2e5.docx","fileName":"ee7555f4-6b04-4926-a4f7-6b18eaf6d2e5.docx","fileSize":40444,"uploadedAt":"Tue Jul 21 20:33:40 CST 2026","parseStatus":"PROCESSING"}}
2026-07-21 20:41:10.108 [http-nio-8080-exec-7] INFO  cn.yanque.common.aop.ControllerLogAspect [guid=16d3ea793db4466daa3885e3fef6f201] - 接口开始: uri=/yq-admin/api/student/resume, httpMethod=GET, controller=StudentResumeController#get, args=[]
2026-07-21 20:41:10.111 [http-nio-8080-exec-7] INFO  cn.yanque.common.aop.ControllerLogAspect [guid=16d3ea793db4466daa3885e3fef6f201] - 接口结束: uri=/yq-admin/api/student/resume, controller=StudentResumeController#get, cost=3ms, result={"code":200,"message":"success","data":{"studentId":12,"studentName":"去去去","objectKey":"homework/resume/2026/07/21/去去去/0b53f01b-d43f-4557-bfdd-d9be7782ab16-ee7555f4-6b04-4926-a4f7-6b18eaf6d2e5.docx","fileName":"ee7555f4-6b04-4926-a4f7-6b18eaf6d2e5.docx","fileSize":40444,"uploadedAt":"Tue Jul 21 20:33:40 CST 2026","parseStatus":"PROCESSING"}}
2026-07-21 20:41:13.118 [http-nio-8080-exec-5] INFO  cn.yanque.common.aop.ControllerLogAspect [guid=7d8ceef9de454d74b802be10833a3131] - 接口开始: uri=/yq-admin/api/student/resume, httpMethod=GET, controller=StudentResumeController#get, args=[]
2026-07-21 20:41:13.119 [http-nio-8080-exec-5] INFO  cn.yanque.common.aop.ControllerLogAspect [guid=7d8ceef9de454d74b802be10833a3131] - 接口结束: uri=/yq-admin/api/student/resume, controller=StudentResumeController#get, cost=1ms, result={"code":200,"message":"success","data":{"studentId":12,"studentName":"去去去","objectKey":"homework/resume/2026/07/21/去去去/0b53f01b-d43f-4557-bfdd-d9be7782ab16-ee7555f4-6b04-4926-a4f7-6b18eaf6d2e5.docx","fileName":"ee7555f4-6b04-4926-a4f7-6b18eaf6d2e5.docx","fileSize":40444,"uploadedAt":"Tue Jul 21 20:33:40 CST 2026","parseStatus":"PROCESSING"}}
2026-07-21 20:41:16.118 [http-nio-8080-exec-9] INFO  cn.yanque.common.aop.ControllerLogAspect [guid=e5a3844c8e36411da8cfbd9f5f4e9058] - 接口开始: uri=/yq-admin/api/student/resume, httpMethod=GET, controller=StudentResumeController#get, args=[]
2026-07-21 20:41:16.120 [http-nio-8080-exec-9] INFO  cn.yanque.common.aop.ControllerLogAspect [guid=e5a3844c8e36411da8cfbd9f5f4e9058] - 接口结束: uri=/yq-admin/api/student/resume, controller=StudentResumeController#get, cost=2ms, result={"code":200,"message":"success","data":{"studentId":12,"studentName":"去去去","objectKey":"homework/resume/2026/07/21/去去去/0b53f01b-d43f-4557-bfdd-d9be7782ab16-ee7555f4-6b04-4926-a4f7-6b18eaf6d2e5.docx","fileName":"ee7555f4-6b04-4926-a4f7-6b18eaf6d2e5.docx","fileSize":40444,"uploadedAt":"Tue Jul 21 20:33:40 CST 2026","parseStatus":"PROCESSING"}}
2026-07-21 20:41:19.113 [http-nio-8080-exec-10] INFO  cn.yanque.common.aop.ControllerLogAspect [guid=454439ef6cb346338117a73828d0186a] - 接口开始: uri=/yq-admin/api/student/resume, httpMethod=GET, controller=StudentResumeController#get, args=[]
2026-07-21 20:41:19.115 [http-nio-8080-exec-10] INFO  cn.yanque.common.aop.ControllerLogAspect [guid=454439ef6cb346338117a73828d0186a] - 接口结束: uri=/yq-admin/api/student/resume, controller=StudentResumeController#get, cost=2ms, result={"code":200,"message":"success","data":{"studentId":12,"studentName":"去去去","objectKey":"homework/resume/2026/07/21/去去去/0b53f01b-d43f-4557-bfdd-d9be7782ab16-ee7555f4-6b04-4926-a4f7-6b18eaf6d2e5.docx","fileName":"ee7555f4-6b04-4926-a4f7-6b18eaf6d2e5.docx","fileSize":40444,"uploadedAt":"Tue Jul 21 20:33:40 CST 2026","parseStatus":"PROCESSING"}}
2026-07-21 20:41:22.121 [http-nio-8080-exec-1] INFO  cn.yanque.common.aop.ControllerLogAspect [guid=df6b8c84950843aea353d1ddc80da865] - 接口开始: uri=/yq-admin/api/student/resume, httpMethod=GET, controller=StudentResumeController#get, args=[]
2026-07-21 20:41:22.123 [http-nio-8080-exec-1] INFO  cn.yanque.common.aop.ControllerLogAspect [guid=df6b8c84950843aea353d1ddc80da865] - 接口结束: uri=/yq-admin/api/student/resume, controller=StudentResumeController#get, cost=2ms, result={"code":200,"message":"success","data":{"studentId":12,"studentName":"去去去","objectKey":"homework/resume/2026/07/21/去去去/0b53f01b-d43f-4557-bfdd-d9be7782ab16-ee7555f4-6b04-4926-a4f7-6b18eaf6d2e5.docx","fileName":"ee7555f4-6b04-4926-a4f7-6b18eaf6d2e5.docx","fileSize":40444,"uploadedAt":"Tue Jul 21 20:33:40 CST 2026","parseStatus":"PROCESSING"}}
2026-07-21 20:41:25.121 [http-nio-8080-exec-2] INFO  cn.yanque.common.aop.ControllerLogAspect [guid=78cd2d3201534121aee66ac1aa90ced7] - 接口开始: uri=/yq-admin/api/student/resume, httpMethod=GET, controller=StudentResumeController#get, args=[]
2026-07-21 20:41:25.122 [http-nio-8080-exec-2] INFO  cn.yanque.common.aop.ControllerLogAspect [guid=78cd2d3201534121aee66ac1aa90ced7] - 接口结束: uri=/yq-admin/api/student/resume, controller=StudentResumeController#get, cost=1ms, result={"code":200,"message":"success","data":{"studentId":12,"studentName":"去去去","objectKey":"homework/resume/2026/07/21/去去去/0b53f01b-d43f-4557-bfdd-d9be7782ab16-ee7555f4-6b04-4926-a4f7-6b18eaf6d2e5.docx","fileName":"ee7555f4-6b04-4926-a4f7-6b18eaf6d2e5.docx","fileSize":40444,"uploadedAt":"Tue Jul 21 20:33:40 CST 2026","parseStatus":"PROCESSING"}}
2026-07-21 20:41:28.120 [http-nio-8080-exec-4] INFO  cn.yanque.common.aop.ControllerLogAspect [guid=1106c1a3de0645f3aa955cc0d0a39119] - 接口开始: uri=/yq-admin/api/student/resume, httpMethod=GET, controller=StudentResumeController#get, args=[]
2026-07-21 20:41:28.121 [http-nio-8080-exec-4] INFO  cn.yanque.common.aop.ControllerLogAspect [guid=1106c1a3de0645f3aa955cc0d0a39119] - 接口结束: uri=/yq-admin/api/student/resume, controller=StudentResumeController#get, cost=1ms, result={"code":200,"message":"success","data":{"studentId":12,"studentName":"去去去","objectKey":"homework/resume/2026/07/21/去去去/0b53f01b-d43f-4557-bfdd-d9be7782ab16-ee7555f4-6b04-4926-a4f7-6b18eaf6d2e5.docx","fileName":"ee7555f4-6b04-4926-a4f7-6b18eaf6d2e5.docx","fileSize":40444,"uploadedAt":"Tue Jul 21 20:33:40 CST 2026","parseStatus":"PROCESSING"}}
2026-07-21 20:41:31.115 [http-nio-8080-exec-3] INFO  cn.yanque.common.aop.ControllerLogAspect [guid=c77710fd2e384d6991b9bf5b6a237969] - 接口开始: uri=/yq-admin/api/student/resume, httpMethod=GET, controller=StudentResumeController#get, args=[]
2026-07-21 20:41:31.117 [http-nio-8080-exec-3] INFO  cn.yanque.common.aop.ControllerLogAspect [guid=c77710fd2e384d6991b9bf5b6a237969] - 接口结束: uri=/yq-admin/api/student/resume, controller=StudentResumeController#get, cost=2ms, result={"code":200,"message":"success","data":{"studentId":12,"studentName":"去去去","objectKey":"homework/resume/2026/07/21/去去去/0b53f01b-d43f-4557-bfdd-d9be7782ab16-ee7555f4-6b04-4926-a4f7-6b18eaf6d2e5.docx","fileName":"ee7555f4-6b04-4926-a4f7-6b18eaf6d2e5.docx","fileSize":40444,"uploadedAt":"Tue Jul 21 20:33:40 CST 2026","parseStatus":"PROCESSING"}}
2026-07-21 20:41:34.121 [http-nio-8080-exec-8] INFO  cn.yanque.common.aop.ControllerLogAspect [guid=d028f6a3d87a42bca816ca7c41d398e0] - 接口开始: uri=/yq-admin/api/student/resume, httpMethod=GET, controller=StudentResumeController#get, args=[]
2026-07-21 20:41:34.122 [http-nio-8080-exec-8] INFO  cn.yanque.common.aop.ControllerLogAspect [guid=d028f6a3d87a42bca816ca7c41d398e0] - 接口结束: uri=/yq-admin/api/student/resume, controller=StudentResumeController#get, cost=1ms, result={"code":200,"message":"success","data":{"studentId":12,"studentName":"去去去","objectKey":"homework/resume/2026/07/21/去去去/0b53f01b-d43f-4557-bfdd-d9be7782ab16-ee7555f4-6b04-4926-a4f7-6b18eaf6d2e5.docx","fileName":"ee7555f4-6b04-4926-a4f7-6b18eaf6d2e5.docx","fileSize":40444,"uploadedAt":"Tue Jul 21 20:33:40 CST 2026","parseStatus":"PROCESSING"}}
2026-07-21 20:41:37.121 [http-nio-8080-exec-6] INFO  cn.yanque.common.aop.ControllerLogAspect [guid=a4694896483b4928ae834da0dd41207b] - 接口开始: uri=/yq-admin/api/student/resume, httpMethod=GET, controller=StudentResumeController#get, args=[]
2026-07-21 20:41:37.122 [http-nio-8080-exec-6] INFO  cn.yanque.common.aop.ControllerLogAspect [guid=a4694896483b4928ae834da0dd41207b] - 接口结束: uri=/yq-admin/api/student/resume, controller=StudentResumeController#get, cost=1ms, result={"code":200,"message":"success","data":{"studentId":12,"studentName":"去去去","objectKey":"homework/resume/2026/07/21/去去去/0b53f01b-d43f-4557-bfdd-d9be7782ab16-ee7555f4-6b04-4926-a4f7-6b18eaf6d2e5.docx","fileName":"ee7555f4-6b04-4926-a4f7-6b18eaf6d2e5.docx","fileSize":40444,"uploadedAt":"Tue Jul 21 20:33:40 CST 2026","parseStatus":"PROCESSING"}}
2026-07-21 20:41:40.122 [http-nio-8080-exec-7] INFO  cn.yanque.common.aop.ControllerLogAspect [guid=23f48b41702849d585811fc63ca2bded] - 接口开始: uri=/yq-admin/api/student/resume, httpMethod=GET, controller=StudentResumeController#get, args=[]
2026-07-21 20:41:40.123 [http-nio-8080-exec-7] INFO  cn.yanque.common.aop.ControllerLogAspect [guid=23f48b41702849d585811fc63ca2bded] - 接口结束: uri=/yq-admin/api/student/resume, controller=StudentResumeController#get, cost=1ms, result={"code":200,"message":"success","data":{"studentId":12,"studentName":"去去去","objectKey":"homework/resume/2026/07/21/去去去/0b53f01b-d43f-4557-bfdd-d9be7782ab16-ee7555f4-6b04-4926-a4f7-6b18eaf6d2e5.docx","fileName":"ee7555f4-6b04-4926-a4f7-6b18eaf6d2e5.docx","fileSize":40444,"uploadedAt":"Tue Jul 21 20:33:40 CST 2026","parseStatus":"PROCESSING"}}
2026-07-21 20:41:43.121 [http-nio-8080-exec-5] INFO  cn.yanque.common.aop.ControllerLogAspect [guid=e4f694187fff4f519d96d76b240b48e0] - 接口开始: uri=/yq-admin/api/student/resume, httpMethod=GET, controller=StudentResumeController#get, args=[]
2026-07-21 20:41:43.122 [http-nio-8080-exec-5] INFO  cn.yanque.common.aop.ControllerLogAspect [guid=e4f694187fff4f519d96d76b240b48e0] - 接口结束: uri=/yq-admin/api/student/resume, controller=StudentResumeController#get, cost=1ms, result={"code":200,"message":"success","data":{"studentId":12,"studentName":"去去去","objectKey":"homework/resume/2026/07/21/去去去/0b53f01b-d43f-4557-bfdd-d9be7782ab16-ee7555f4-6b04-4926-a4f7-6b18eaf6d2e5.docx","fileName":"ee7555f4-6b04-4926-a4f7-6b18eaf6d2e5.docx","fileSize":40444,"uploadedAt":"Tue Jul 21 20:33:40 CST 2026","parseStatus":"PROCESSING"}}
2026-07-21 20:41:46.113 [http-nio-8080-exec-9] INFO  cn.yanque.common.aop.ControllerLogAspect [guid=f68618f4fc86447f82449fa88d690df8] - 接口开始: uri=/yq-admin/api/student/resume, httpMethod=GET, controller=StudentResumeController#get, args=[]
2026-07-21 20:41:46.114 [http-nio-8080-exec-9] INFO  cn.yanque.common.aop.ControllerLogAspect [guid=f68618f4fc86447f82449fa88d690df8] - 接口结束: uri=/yq-admin/api/student/resume, controller=StudentResumeController#get, cost=1ms, result={"code":200,"message":"success","data":{"studentId":12,"studentName":"去去去","objectKey":"homework/resume/2026/07/21/去去去/0b53f01b-d43f-4557-bfdd-d9be7782ab16-ee7555f4-6b04-4926-a4f7-6b18eaf6d2e5.docx","fileName":"ee7555f4-6b04-4926-a4f7-6b18eaf6d2e5.docx","fileSize":40444,"uploadedAt":"Tue Jul 21 20:33:40 CST 2026","parseStatus":"PROCESSING"}}
2026-07-21 20:41:49.120 [http-nio-8080-exec-10] INFO  cn.yanque.common.aop.ControllerLogAspect [guid=92be2cd6a64448af9a0ec59a1ffb6573] - 接口开始: uri=/yq-admin/api/student/resume, httpMethod=GET, controller=StudentResumeController#get, args=[]
2026-07-21 20:41:49.122 [http-nio-8080-exec-10] INFO  cn.yanque.common.aop.ControllerLogAspect [guid=92be2cd6a64448af9a0ec59a1ffb6573] - 接口结束: uri=/yq-admin/api/student/resume, controller=StudentResumeController#get, cost=2ms, result={"code":200,"message":"success","data":{"studentId":12,"studentName":"去去去","objectKey":"homework/resume/2026/07/21/去去去/0b53f01b-d43f-4557-bfdd-d9be7782ab16-ee7555f4-6b04-4926-a4f7-6b18eaf6d2e5.docx","fileName":"ee7555f4-6b04-4926-a4f7-6b18eaf6d2e5.docx","fileSize":40444,"uploadedAt":"Tue Jul 21 20:33:40 CST 2026","parseStatus":"PROCESSING"}}
2026-07-21 20:41:52.116 [http-nio-8080-exec-1] INFO  cn.yanque.common.aop.ControllerLogAspect [guid=7aceed053314425986cfc42842f68493] - 接口开始: uri=/yq-admin/api/student/resume, httpMethod=GET, controller=StudentResumeController#get, args=[]
2026-07-21 20:41:52.117 [http-nio-8080-exec-1] INFO  cn.yanque.common.aop.ControllerLogAspect [guid=7aceed053314425986cfc42842f68493] - 接口结束: uri=/yq-admin/api/student/resume, controller=StudentResumeController#get, cost=1ms, result={"code":200,"message":"success","data":{"studentId":12,"studentName":"去去去","objectKey":"homework/resume/2026/07/21/去去去/0b53f01b-d43f-4557-bfdd-d9be7782ab16-ee7555f4-6b04-4926-a4f7-6b18eaf6d2e5.docx","fileName":"ee7555f4-6b04-4926-a4f7-6b18eaf6d2e5.docx","fileSize":40444,"uploadedAt":"Tue Jul 21 20:33:40 CST 2026","parseStatus":"PROCESSING"}}
2026-07-21 20:41:55.111 [http-nio-8080-exec-2] INFO  cn.yanque.common.aop.ControllerLogAspect [guid=b6818b76e3054ffcbbb10850839056ac] - 接口开始: uri=/yq-admin/api/student/resume, httpMethod=GET, controller=StudentResumeController#get, args=[]
2026-07-21 20:41:55.113 [http-nio-8080-exec-2] INFO  cn.yanque.common.aop.ControllerLogAspect [guid=b6818b76e3054ffcbbb10850839056ac] - 接口结束: uri=/yq-admin/api/student/resume, controller=StudentResumeController#get, cost=2ms, result={"code":200,"message":"success","data":{"studentId":12,"studentName":"去去去","objectKey":"homework/resume/2026/07/21/去去去/0b53f01b-d43f-4557-bfdd-d9be7782ab16-ee7555f4-6b04-4926-a4f7-6b18eaf6d2e5.docx","fileName":"ee7555f4-6b04-4926-a4f7-6b18eaf6d2e5.docx","fileSize":40444,"uploadedAt":"Tue Jul 21 20:33:40 CST 2026","parseStatus":"PROCESSING"}}
2026-07-21 20:41:58.120 [http-nio-8080-exec-4] INFO  cn.yanque.common.aop.ControllerLogAspect [guid=9c236ac8757146b6a8df7553bbbb71e2] - 接口开始: uri=/yq-admin/api/student/resume, httpMethod=GET, controller=StudentResumeController#get, args=[]
2026-07-21 20:41:58.122 [http-nio-8080-exec-4] INFO  cn.yanque.common.aop.ControllerLogAspect [guid=9c236ac8757146b6a8df7553bbbb71e2] - 接口结束: uri=/yq-admin/api/student/resume, controller=StudentResumeController#get, cost=2ms, result={"code":200,"message":"success","data":{"studentId":12,"studentName":"去去去","objectKey":"homework/resume/2026/07/21/去去去/0b53f01b-d43f-4557-bfdd-d9be7782ab16-ee7555f4-6b04-4926-a4f7-6b18eaf6d2e5.docx","fileName":"ee7555f4-6b04-4926-a4f7-6b18eaf6d2e5.docx","fileSize":40444,"uploadedAt":"Tue Jul 21 20:33:40 CST 2026","parseStatus":"PROCESSING"}}
2026-07-21 20:42:01.116 [http-nio-8080-exec-3] INFO  cn.yanque.common.aop.ControllerLogAspect [guid=a309b65229ba44c9a5cc808befdbcea5] - 接口开始: uri=/yq-admin/api/student/resume, httpMethod=GET, controller=StudentResumeController#get, args=[]
2026-07-21 20:42:01.123 [http-nio-8080-exec-3] INFO  cn.yanque.common.aop.ControllerLogAspect [guid=a309b65229ba44c9a5cc808befdbcea5] - 接口结束: uri=/yq-admin/api/student/resume, controller=StudentResumeController#get, cost=7ms, result={"code":200,"message":"success","data":{"studentId":12,"studentName":"去去去","objectKey":"homework/resume/2026/07/21/去去去/0b53f01b-d43f-4557-bfdd-d9be7782ab16-ee7555f4-6b04-4926-a4f7-6b18eaf6d2e5.docx","fileName":"ee7555f4-6b04-4926-a4f7-6b18eaf6d2e5.docx","fileSize":40444,"uploadedAt":"Tue Jul 21 20:33:40 CST 2026","parseStatus":"PROCESSING"}}
2026-07-21 20:42:04.119 [http-nio-8080-exec-8] INFO  cn.yanque.common.aop.ControllerLogAspect [guid=68588c83d49f431ba6e3cd36d4d501fa] - 接口开始: uri=/yq-admin/api/student/resume, httpMethod=GET, controller=StudentResumeController#get, args=[]
2026-07-21 20:42:04.121 [http-nio-8080-exec-8] INFO  cn.yanque.common.aop.ControllerLogAspect [guid=68588c83d49f431ba6e3cd36d4d501fa] - 接口结束: uri=/yq-admin/api/student/resume, controller=StudentResumeController#get, cost=2ms, result={"code":200,"message":"success","data":{"studentId":12,"studentName":"去去去","objectKey":"homework/resume/2026/07/21/去去去/0b53f01b-d43f-4557-bfdd-d9be7782ab16-ee7555f4-6b04-4926-a4f7-6b18eaf6d2e5.docx","fileName":"ee7555f4-6b04-4926-a4f7-6b18eaf6d2e5.docx","fileSize":40444,"uploadedAt":"Tue Jul 21 20:33:40 CST 2026","parseStatus":"PROCESSING"}}
2026-07-21 20:42:07.113 [http-nio-8080-exec-6] INFO  cn.yanque.common.aop.ControllerLogAspect [guid=621ae607f243492e8980e81fbc2e143d] - 接口开始: uri=/yq-admin/api/student/resume, httpMethod=GET, controller=StudentResumeController#get, args=[]
2026-07-21 20:42:07.115 [http-nio-8080-exec-6] INFO  cn.yanque.common.aop.ControllerLogAspect [guid=621ae607f243492e8980e81fbc2e143d] - 接口结束: uri=/yq-admin/api/student/resume, controller=StudentResumeController#get, cost=2ms, result={"code":200,"message":"success","data":{"studentId":12,"studentName":"去去去","objectKey":"homework/resume/2026/07/21/去去去/0b53f01b-d43f-4557-bfdd-d9be7782ab16-ee7555f4-6b04-4926-a4f7-6b18eaf6d2e5.docx","fileName":"ee7555f4-6b04-4926-a4f7-6b18eaf6d2e5.docx","fileSize":40444,"uploadedAt":"Tue Jul 21 20:33:40 CST 2026","parseStatus":"PROCESSING"}}
2026-07-21 20:42:10.108 [http-nio-8080-exec-7] INFO  cn.yanque.common.aop.ControllerLogAspect [guid=9f1a416fff44451d85a9fd2887af16dc] - 接口开始: uri=/yq-admin/api/student/resume, httpMethod=GET, controller=StudentResumeController#get, args=[]
2026-07-21 20:42:10.109 [http-nio-8080-exec-7] INFO  cn.yanque.common.aop.ControllerLogAspect [guid=9f1a416fff44451d85a9fd2887af16dc] - 接口结束: uri=/yq-admin/api/student/resume, controller=StudentResumeController#get, cost=1ms, result={"code":200,"message":"success","data":{"studentId":12,"studentName":"去去去","objectKey":"homework/resume/2026/07/21/去去去/0b53f01b-d43f-4557-bfdd-d9be7782ab16-ee7555f4-6b04-4926-a4f7-6b18eaf6d2e5.docx","fileName":"ee7555f4-6b04-4926-a4f7-6b18eaf6d2e5.docx","fileSize":40444,"uploadedAt":"Tue Jul 21 20:33:40 CST 2026","parseStatus":"PROCESSING"}}
2026-07-21 20:42:13.112 [http-nio-8080-exec-5] INFO  cn.yanque.common.aop.ControllerLogAspect [guid=f124c6467eed4eb898541208d51067e8] - 接口开始: uri=/yq-admin/api/student/resume, httpMethod=GET, controller=StudentResumeController#get, args=[]
2026-07-21 20:42:13.113 [http-nio-8080-exec-5] INFO  cn.yanque.common.aop.ControllerLogAspect [guid=f124c6467eed4eb898541208d51067e8] - 接口结束: uri=/yq-admin/api/student/resume, controller=StudentResumeController#get, cost=1ms, result={"code":200,"message":"success","data":{"studentId":12,"studentName":"去去去","objectKey":"homework/resume/2026/07/21/去去去/0b53f01b-d43f-4557-bfdd-d9be7782ab16-ee7555f4-6b04-4926-a4f7-6b18eaf6d2e5.docx","fileName":"ee7555f4-6b04-4926-a4f7-6b18eaf6d2e5.docx","fileSize":40444,"uploadedAt":"Tue Jul 21 20:33:40 CST 2026","parseStatus":"PROCESSING"}}
2026-07-21 20:42:16.113 [http-nio-8080-exec-9] INFO  cn.yanque.common.aop.ControllerLogAspect [guid=a3f324604f3a444ca4aa280ba88978c5] - 接口开始: uri=/yq-admin/api/student/resume, httpMethod=GET, controller=StudentResumeController#get, args=[]
2026-07-21 20:42:16.115 [http-nio-8080-exec-9] INFO  cn.yanque.common.aop.ControllerLogAspect [guid=a3f324604f3a444ca4aa280ba88978c5] - 接口结束: uri=/yq-admin/api/student/resume, controller=StudentResumeController#get, cost=2ms, result={"code":200,"message":"success","data":{"studentId":12,"studentName":"去去去","objectKey":"homework/resume/2026/07/21/去去去/0b53f01b-d43f-4557-bfdd-d9be7782ab16-ee7555f4-6b04-4926-a4f7-6b18eaf6d2e5.docx","fileName":"ee7555f4-6b04-4926-a4f7-6b18eaf6d2e5.docx","fileSize":40444,"uploadedAt":"Tue Jul 21 20:33:40 CST 2026","parseStatus":"PROCESSING"}}
2026-07-21 20:42:19.108 [http-nio-8080-exec-10] INFO  cn.yanque.common.aop.ControllerLogAspect [guid=0dd0fea688f24ef595bcb38603536136] - 接口开始: uri=/yq-admin/api/student/resume, httpMethod=GET, controller=StudentResumeController#get, args=[]
2026-07-21 20:42:19.109 [http-nio-8080-exec-10] INFO  cn.yanque.common.aop.ControllerLogAspect [guid=0dd0fea688f24ef595bcb38603536136] - 接口结束: uri=/yq-admin/api/student/resume, controller=StudentResumeController#get, cost=1ms, result={"code":200,"message":"success","data":{"studentId":12,"studentName":"去去去","objectKey":"homework/resume/2026/07/21/去去去/0b53f01b-d43f-4557-bfdd-d9be7782ab16-ee7555f4-6b04-4926-a4f7-6b18eaf6d2e5.docx","fileName":"ee7555f4-6b04-4926-a4f7-6b18eaf6d2e5.docx","fileSize":40444,"uploadedAt":"Tue Jul 21 20:33:40 CST 2026","parseStatus":"PROCESSING"}}
2026-07-21 20:42:22.115 [http-nio-8080-exec-1] INFO  cn.yanque.common.aop.ControllerLogAspect [guid=b78025c43b4c469ab6612321315cef12] - 接口开始: uri=/yq-admin/api/student/resume, httpMethod=GET, controller=StudentResumeController#get, args=[]
2026-07-21 20:42:22.116 [http-nio-8080-exec-1] INFO  cn.yanque.common.aop.ControllerLogAspect [guid=b78025c43b4c469ab6612321315cef12] - 接口结束: uri=/yq-admin/api/student/resume, controller=StudentResumeController#get, cost=1ms, result={"code":200,"message":"success","data":{"studentId":12,"studentName":"去去去","objectKey":"homework/resume/2026/07/21/去去去/0b53f01b-d43f-4557-bfdd-d9be7782ab16-ee7555f4-6b04-4926-a4f7-6b18eaf6d2e5.docx","fileName":"ee7555f4-6b04-4926-a4f7-6b18eaf6d2e5.docx","fileSize":40444,"uploadedAt":"Tue Jul 21 20:33:40 CST 2026","parseStatus":"PROCESSING"}}
2026-07-21 20:42:25.110 [http-nio-8080-exec-2] INFO  cn.yanque.common.aop.ControllerLogAspect [guid=154f8601680a4e41baf51f7fa6d63911] - 接口开始: uri=/yq-admin/api/student/resume, httpMethod=GET, controller=StudentResumeController#get, args=[]
2026-07-21 20:42:25.111 [http-nio-8080-exec-2] INFO  cn.yanque.common.aop.ControllerLogAspect [guid=154f8601680a4e41baf51f7fa6d63911] - 接口结束: uri=/yq-admin/api/student/resume, controller=StudentResumeController#get, cost=1ms, result={"code":200,"message":"success","data":{"studentId":12,"studentName":"去去去","objectKey":"homework/resume/2026/07/21/去去去/0b53f01b-d43f-4557-bfdd-d9be7782ab16-ee7555f4-6b04-4926-a4f7-6b18eaf6d2e5.docx","fileName":"ee7555f4-6b04-4926-a4f7-6b18eaf6d2e5.docx","fileSize":40444,"uploadedAt":"Tue Jul 21 20:33:40 CST 2026","parseStatus":"PROCESSING"}}
2026-07-21 20:42:28.117 [http-nio-8080-exec-4] INFO  cn.yanque.common.aop.ControllerLogAspect [guid=c3417a01aa524b389d42ff093e8f0f2b] - 接口开始: uri=/yq-admin/api/student/resume, httpMethod=GET, controller=StudentResumeController#get, args=[]
2026-07-21 20:42:28.119 [http-nio-8080-exec-4] INFO  cn.yanque.common.aop.ControllerLogAspect [guid=c3417a01aa524b389d42ff093e8f0f2b] - 接口结束: uri=/yq-admin/api/student/resume, controller=StudentResumeController#get, cost=2ms, result={"code":200,"message":"success","data":{"studentId":12,"studentName":"去去去","objectKey":"homework/resume/2026/07/21/去去去/0b53f01b-d43f-4557-bfdd-d9be7782ab16-ee7555f4-6b04-4926-a4f7-6b18eaf6d2e5.docx","fileName":"ee7555f4-6b04-4926-a4f7-6b18eaf6d2e5.docx","fileSize":40444,"uploadedAt":"Tue Jul 21 20:33:40 CST 2026","parseStatus":"PROCESSING"}}
2026-07-21 20:42:31.121 [http-nio-8080-exec-3] INFO  cn.yanque.common.aop.ControllerLogAspect [guid=aef203d1e49c4a1c92f8068e1204cc87] - 接口开始: uri=/yq-admin/api/student/resume, httpMethod=GET, controller=StudentResumeController#get, args=[]
2026-07-21 20:42:31.122 [http-nio-8080-exec-3] INFO  cn.yanque.common.aop.ControllerLogAspect [guid=aef203d1e49c4a1c92f8068e1204cc87] - 接口结束: uri=/yq-admin/api/student/resume, controller=StudentResumeController#get, cost=1ms, result={"code":200,"message":"success","data":{"studentId":12,"studentName":"去去去","objectKey":"homework/resume/2026/07/21/去去去/0b53f01b-d43f-4557-bfdd-d9be7782ab16-ee7555f4-6b04-4926-a4f7-6b18eaf6d2e5.docx","fileName":"ee7555f4-6b04-4926-a4f7-6b18eaf6d2e5.docx","fileSize":40444,"uploadedAt":"Tue Jul 21 20:33:40 CST 2026","parseStatus":"PROCESSING"}}
2026-07-21 20:42:34.117 [http-nio-8080-exec-8] INFO  cn.yanque.common.aop.ControllerLogAspect [guid=b5826f4e8b9d447186db0a4543b6754c] - 接口开始: uri=/yq-admin/api/student/resume, httpMethod=GET, controller=StudentResumeController#get, args=[]
2026-07-21 20:42:34.119 [http-nio-8080-exec-8] INFO  cn.yanque.common.aop.ControllerLogAspect [guid=b5826f4e8b9d447186db0a4543b6754c] - 接口结束: uri=/yq-admin/api/student/resume, controller=StudentResumeController#get, cost=2ms, result={"code":200,"message":"success","data":{"studentId":12,"studentName":"去去去","objectKey":"homework/resume/2026/07/21/去去去/0b53f01b-d43f-4557-bfdd-d9be7782ab16-ee7555f4-6b04-4926-a4f7-6b18eaf6d2e5.docx","fileName":"ee7555f4-6b04-4926-a4f7-6b18eaf6d2e5.docx","fileSize":40444,"uploadedAt":"Tue Jul 21 20:33:40 CST 2026","parseStatus":"PROCESSING"}}
2026-07-21 20:42:37.111 [http-nio-8080-exec-6] INFO  cn.yanque.common.aop.ControllerLogAspect [guid=3da060d06a934d508f60fa31107492a5] - 接口开始: uri=/yq-admin/api/student/resume, httpMethod=GET, controller=StudentResumeController#get, args=[]
2026-07-21 20:42:37.112 [http-nio-8080-exec-6] INFO  cn.yanque.common.aop.ControllerLogAspect [guid=3da060d06a934d508f60fa31107492a5] - 接口结束: uri=/yq-admin/api/student/resume, controller=StudentResumeController#get, cost=1ms, result={"code":200,"message":"success","data":{"studentId":12,"studentName":"去去去","objectKey":"homework/resume/2026/07/21/去去去/0b53f01b-d43f-4557-bfdd-d9be7782ab16-ee7555f4-6b04-4926-a4f7-6b18eaf6d2e5.docx","fileName":"ee7555f4-6b04-4926-a4f7-6b18eaf6d2e5.docx","fileSize":40444,"uploadedAt":"Tue Jul 21 20:33:40 CST 2026","parseStatus":"PROCESSING"}}
2026-07-21 20:42:40.118 [http-nio-8080-exec-7] INFO  cn.yanque.common.aop.ControllerLogAspect [guid=744045887cf644cfba4ce9b1e1c22e33] - 接口开始: uri=/yq-admin/api/student/resume, httpMethod=GET, controller=StudentResumeController#get, args=[]
2026-07-21 20:42:40.119 [http-nio-8080-exec-7] INFO  cn.yanque.common.aop.ControllerLogAspect [guid=744045887cf644cfba4ce9b1e1c22e33] - 接口结束: uri=/yq-admin/api/student/resume, controller=StudentResumeController#get, cost=1ms, result={"code":200,"message":"success","data":{"studentId":12,"studentName":"去去去","objectKey":"homework/resume/2026/07/21/去去去/0b53f01b-d43f-4557-bfdd-d9be7782ab16-ee7555f4-6b04-4926-a4f7-6b18eaf6d2e5.docx","fileName":"ee7555f4-6b04-4926-a4f7-6b18eaf6d2e5.docx","fileSize":40444,"uploadedAt":"Tue Jul 21 20:33:40 CST 2026","parseStatus":"PROCESSING"}}
2026-07-21 20:42:43.126 [http-nio-8080-exec-5] INFO  cn.yanque.common.aop.ControllerLogAspect [guid=7cd4c73f15e041fa8b65496b789101bb] - 接口开始: uri=/yq-admin/api/student/resume, httpMethod=GET, controller=StudentResumeController#get, args=[]
2026-07-21 20:42:43.128 [http-nio-8080-exec-5] INFO  cn.yanque.common.aop.ControllerLogAspect [guid=7cd4c73f15e041fa8b65496b789101bb] - 接口结束: uri=/yq-admin/api/student/resume, controller=StudentResumeController#get, cost=2ms, result={"code":200,"message":"success","data":{"studentId":12,"studentName":"去去去","objectKey":"homework/resume/2026/07/21/去去去/0b53f01b-d43f-4557-bfdd-d9be7782ab16-ee7555f4-6b04-4926-a4f7-6b18eaf6d2e5.docx","fileName":"ee7555f4-6b04-4926-a4f7-6b18eaf6d2e5.docx","fileSize":40444,"uploadedAt":"Tue Jul 21 20:33:40 CST 2026","parseStatus":"PROCESSING"}}
2026-07-21 20:42:46.113 [http-nio-8080-exec-9] INFO  cn.yanque.common.aop.ControllerLogAspect [guid=355002c971fb43b6b44b5def428cdcaf] - 接口开始: uri=/yq-admin/api/student/resume, httpMethod=GET, controller=StudentResumeController#get, args=[]
2026-07-21 20:42:46.114 [http-nio-8080-exec-9] INFO  cn.yanque.common.aop.ControllerLogAspect [guid=355002c971fb43b6b44b5def428cdcaf] - 接口结束: uri=/yq-admin/api/student/resume, controller=StudentResumeController#get, cost=1ms, result={"code":200,"message":"success","data":{"studentId":12,"studentName":"去去去","objectKey":"homework/resume/2026/07/21/去去去/0b53f01b-d43f-4557-bfdd-d9be7782ab16-ee7555f4-6b04-4926-a4f7-6b18eaf6d2e5.docx","fileName":"ee7555f4-6b04-4926-a4f7-6b18eaf6d2e5.docx","fileSize":40444,"uploadedAt":"Tue Jul 21 20:33:40 CST 2026","parseStatus":"PROCESSING"}}
2026-07-21 20:42:49.120 [http-nio-8080-exec-10] INFO  cn.yanque.common.aop.ControllerLogAspect [guid=116bdd5170224537ba8f60a7b7dbbfc8] - 接口开始: uri=/yq-admin/api/student/resume, httpMethod=GET, controller=StudentResumeController#get, args=[]
2026-07-21 20:42:49.121 [http-nio-8080-exec-10] INFO  cn.yanque.common.aop.ControllerLogAspect [guid=116bdd5170224537ba8f60a7b7dbbfc8] - 接口结束: uri=/yq-admin/api/student/resume, controller=StudentResumeController#get, cost=1ms, result={"code":200,"message":"success","data":{"studentId":12,"studentName":"去去去","objectKey":"homework/resume/2026/07/21/去去去/0b53f01b-d43f-4557-bfdd-d9be7782ab16-ee7555f4-6b04-4926-a4f7-6b18eaf6d2e5.docx","fileName":"ee7555f4-6b04-4926-a4f7-6b18eaf6d2e5.docx","fileSize":40444,"uploadedAt":"Tue Jul 21 20:33:40 CST 2026","parseStatus":"PROCESSING"}}
2026-07-21 20:42:52.122 [http-nio-8080-exec-1] INFO  cn.yanque.common.aop.ControllerLogAspect [guid=231c133ad8a1442dac043c47daea4d3c] - 接口开始: uri=/yq-admin/api/student/resume, httpMethod=GET, controller=StudentResumeController#get, args=[]
2026-07-21 20:42:52.123 [http-nio-8080-exec-1] INFO  cn.yanque.common.aop.ControllerLogAspect [guid=231c133ad8a1442dac043c47daea4d3c] - 接口结束: uri=/yq-admin/api/student/resume, controller=StudentResumeController#get, cost=1ms, result={"code":200,"message":"success","data":{"studentId":12,"studentName":"去去去","objectKey":"homework/resume/2026/07/21/去去去/0b53f01b-d43f-4557-bfdd-d9be7782ab16-ee7555f4-6b04-4926-a4f7-6b18eaf6d2e5.docx","fileName":"ee7555f4-6b04-4926-a4f7-6b18eaf6d2e5.docx","fileSize":40444,"uploadedAt":"Tue Jul 21 20:33:40 CST 2026","parseStatus":"PROCESSING"}}
2026-07-21 20:42:55.121 [http-nio-8080-exec-2] INFO  cn.yanque.common.aop.ControllerLogAspect [guid=ed9a975b02c945afadac93ba924c4a38] - 接口开始: uri=/yq-admin/api/student/resume, httpMethod=GET, controller=StudentResumeController#get, args=[]
2026-07-21 20:42:55.123 [http-nio-8080-exec-2] INFO  cn.yanque.common.aop.ControllerLogAspect [guid=ed9a975b02c945afadac93ba924c4a38] - 接口结束: uri=/yq-admin/api/student/resume, controller=StudentResumeController#get, cost=2ms, result={"code":200,"message":"success","data":{"studentId":12,"studentName":"去去去","objectKey":"homework/resume/2026/07/21/去去去/0b53f01b-d43f-4557-bfdd-d9be7782ab16-ee7555f4-6b04-4926-a4f7-6b18eaf6d2e5.docx","fileName":"ee7555f4-6b04-4926-a4f7-6b18eaf6d2e5.docx","fileSize":40444,"uploadedAt":"Tue Jul 21 20:33:40 CST 2026","parseStatus":"PROCESSING"}}
2026-07-21 20:42:58.121 [http-nio-8080-exec-4] INFO  cn.yanque.common.aop.ControllerLogAspect [guid=93bffb6279854af7946f7ef89424e055] - 接口开始: uri=/yq-admin/api/student/resume, httpMethod=GET, controller=StudentResumeController#get, args=[]
2026-07-21 20:42:58.123 [http-nio-8080-exec-4] INFO  cn.yanque.common.aop.ControllerLogAspect [guid=93bffb6279854af7946f7ef89424e055] - 接口结束: uri=/yq-admin/api/student/resume, controller=StudentResumeController#get, cost=2ms, result={"code":200,"message":"success","data":{"studentId":12,"studentName":"去去去","objectKey":"homework/resume/2026/07/21/去去去/0b53f01b-d43f-4557-bfdd-d9be7782ab16-ee7555f4-6b04-4926-a4f7-6b18eaf6d2e5.docx","fileName":"ee7555f4-6b04-4926-a4f7-6b18eaf6d2e5.docx","fileSize":40444,"uploadedAt":"Tue Jul 21 20:33:40 CST 2026","parseStatus":"PROCESSING"}}
2026-07-21 20:43:01.110 [http-nio-8080-exec-3] INFO  cn.yanque.common.aop.ControllerLogAspect [guid=c8ee877196164c6386fb0c9770b3ff21] - 接口开始: uri=/yq-admin/api/student/resume, httpMethod=GET, controller=StudentResumeController#get, args=[]
2026-07-21 20:43:01.112 [http-nio-8080-exec-3] INFO  cn.yanque.common.aop.ControllerLogAspect [guid=c8ee877196164c6386fb0c9770b3ff21] - 接口结束: uri=/yq-admin/api/student/resume, controller=StudentResumeController#get, cost=2ms, result={"code":200,"message":"success","data":{"studentId":12,"studentName":"去去去","objectKey":"homework/resume/2026/07/21/去去去/0b53f01b-d43f-4557-bfdd-d9be7782ab16-ee7555f4-6b04-4926-a4f7-6b18eaf6d2e5.docx","fileName":"ee7555f4-6b04-4926-a4f7-6b18eaf6d2e5.docx","fileSize":40444,"uploadedAt":"Tue Jul 21 20:33:40 CST 2026","parseStatus":"PROCESSING"}}
2026-07-21 20:43:04.107 [http-nio-8080-exec-8] INFO  cn.yanque.common.aop.ControllerLogAspect [guid=48522bfcc9be4c269569277e3bfa5928] - 接口开始: uri=/yq-admin/api/student/resume, httpMethod=GET, controller=StudentResumeController#get, args=[]
2026-07-21 20:43:04.110 [http-nio-8080-exec-8] INFO  cn.yanque.common.aop.ControllerLogAspect [guid=48522bfcc9be4c269569277e3bfa5928] - 接口结束: uri=/yq-admin/api/student/resume, controller=StudentResumeController#get, cost=3ms, result={"code":200,"message":"success","data":{"studentId":12,"studentName":"去去去","objectKey":"homework/resume/2026/07/21/去去去/0b53f01b-d43f-4557-bfdd-d9be7782ab16-ee7555f4-6b04-4926-a4f7-6b18eaf6d2e5.docx","fileName":"ee7555f4-6b04-4926-a4f7-6b18eaf6d2e5.docx","fileSize":40444,"uploadedAt":"Tue Jul 21 20:33:40 CST 2026","parseStatus":"PROCESSING"}}
2026-07-21 20:43:07.112 [http-nio-8080-exec-6] INFO  cn.yanque.common.aop.ControllerLogAspect [guid=af87ab998904465798b82fea1e76ec5c] - 接口开始: uri=/yq-admin/api/student/resume, httpMethod=GET, controller=StudentResumeController#get, args=[]
2026-07-21 20:43:07.114 [http-nio-8080-exec-6] INFO  cn.yanque.common.aop.ControllerLogAspect [guid=af87ab998904465798b82fea1e76ec5c] - 接口结束: uri=/yq-admin/api/student/resume, controller=StudentResumeController#get, cost=2ms, result={"code":200,"message":"success","data":{"studentId":12,"studentName":"去去去","objectKey":"homework/resume/2026/07/21/去去去/0b53f01b-d43f-4557-bfdd-d9be7782ab16-ee7555f4-6b04-4926-a4f7-6b18eaf6d2e5.docx","fileName":"ee7555f4-6b04-4926-a4f7-6b18eaf6d2e5.docx","fileSize":40444,"uploadedAt":"Tue Jul 21 20:33:40 CST 2026","parseStatus":"PROCESSING"}}
2026-07-21 20:43:10.108 [http-nio-8080-exec-7] INFO  cn.yanque.common.aop.ControllerLogAspect [guid=cc5a0b3a752c41f886ba061e7afab5de] - 接口开始: uri=/yq-admin/api/student/resume, httpMethod=GET, controller=StudentResumeController#get, args=[]
2026-07-21 20:43:10.109 [http-nio-8080-exec-7] INFO  cn.yanque.common.aop.ControllerLogAspect [guid=cc5a0b3a752c41f886ba061e7afab5de] - 接口结束: uri=/yq-admin/api/student/resume, controller=StudentResumeController#get, cost=1ms, result={"code":200,"message":"success","data":{"studentId":12,"studentName":"去去去","objectKey":"homework/resume/2026/07/21/去去去/0b53f01b-d43f-4557-bfdd-d9be7782ab16-ee7555f4-6b04-4926-a4f7-6b18eaf6d2e5.docx","fileName":"ee7555f4-6b04-4926-a4f7-6b18eaf6d2e5.docx","fileSize":40444,"uploadedAt":"Tue Jul 21 20:33:40 CST 2026","parseStatus":"PROCESSING"}}
2026-07-21 20:43:13.123 [http-nio-8080-exec-5] INFO  cn.yanque.common.aop.ControllerLogAspect [guid=1d8bd8855fd74ecaa4e37208e8dd4a67] - 接口开始: uri=/yq-admin/api/student/resume, httpMethod=GET, controller=StudentResumeController#get, args=[]
2026-07-21 20:43:13.125 [http-nio-8080-exec-5] INFO  cn.yanque.common.aop.ControllerLogAspect [guid=1d8bd8855fd74ecaa4e37208e8dd4a67] - 接口结束: uri=/yq-admin/api/student/resume, controller=StudentResumeController#get, cost=2ms, result={"code":200,"message":"success","data":{"studentId":12,"studentName":"去去去","objectKey":"homework/resume/2026/07/21/去去去/0b53f01b-d43f-4557-bfdd-d9be7782ab16-ee7555f4-6b04-4926-a4f7-6b18eaf6d2e5.docx","fileName":"ee7555f4-6b04-4926-a4f7-6b18eaf6d2e5.docx","fileSize":40444,"uploadedAt":"Tue Jul 21 20:33:40 CST 2026","parseStatus":"PROCESSING"}}
2026-07-21 20:43:16.119 [http-nio-8080-exec-9] INFO  cn.yanque.common.aop.ControllerLogAspect [guid=32a0506eba4a4ed9ac484bc7f7e905fa] - 接口开始: uri=/yq-admin/api/student/resume, httpMethod=GET, controller=StudentResumeController#get, args=[]
2026-07-21 20:43:16.120 [http-nio-8080-exec-9] INFO  cn.yanque.common.aop.ControllerLogAspect [guid=32a0506eba4a4ed9ac484bc7f7e905fa] - 接口结束: uri=/yq-admin/api/student/resume, controller=StudentResumeController#get, cost=1ms, result={"code":200,"message":"success","data":{"studentId":12,"studentName":"去去去","objectKey":"homework/resume/2026/07/21/去去去/0b53f01b-d43f-4557-bfdd-d9be7782ab16-ee7555f4-6b04-4926-a4f7-6b18eaf6d2e5.docx","fileName":"ee7555f4-6b04-4926-a4f7-6b18eaf6d2e5.docx","fileSize":40444,"uploadedAt":"Tue Jul 21 20:33:40 CST 2026","parseStatus":"PROCESSING"}}
2026-07-21 20:43:19.121 [http-nio-8080-exec-10] INFO  cn.yanque.common.aop.ControllerLogAspect [guid=82687a4accea4ba8ad7e8e61f2ff80ea] - 接口开始: uri=/yq-admin/api/student/resume, httpMethod=GET, controller=StudentResumeController#get, args=[]
2026-07-21 20:43:19.122 [http-nio-8080-exec-10] INFO  cn.yanque.common.aop.ControllerLogAspect [guid=82687a4accea4ba8ad7e8e61f2ff80ea] - 接口结束: uri=/yq-admin/api/student/resume, controller=StudentResumeController#get, cost=1ms, result={"code":200,"message":"success","data":{"studentId":12,"studentName":"去去去","objectKey":"homework/resume/2026/07/21/去去去/0b53f01b-d43f-4557-bfdd-d9be7782ab16-ee7555f4-6b04-4926-a4f7-6b18eaf6d2e5.docx","fileName":"ee7555f4-6b04-4926-a4f7-6b18eaf6d2e5.docx","fileSize":40444,"uploadedAt":"Tue Jul 21 20:33:40 CST 2026","parseStatus":"PROCESSING"}}
2026-07-21 20:43:22.115 [http-nio-8080-exec-1] INFO  cn.yanque.common.aop.ControllerLogAspect [guid=c227c23b6d904ba4a00651b3ae215c3c] - 接口开始: uri=/yq-admin/api/student/resume, httpMethod=GET, controller=StudentResumeController#get, args=[]
2026-07-21 20:43:22.116 [http-nio-8080-exec-1] INFO  cn.yanque.common.aop.ControllerLogAspect [guid=c227c23b6d904ba4a00651b3ae215c3c] - 接口结束: uri=/yq-admin/api/student/resume, controller=StudentResumeController#get, cost=1ms, result={"code":200,"message":"success","data":{"studentId":12,"studentName":"去去去","objectKey":"homework/resume/2026/07/21/去去去/0b53f01b-d43f-4557-bfdd-d9be7782ab16-ee7555f4-6b04-4926-a4f7-6b18eaf6d2e5.docx","fileName":"ee7555f4-6b04-4926-a4f7-6b18eaf6d2e5.docx","fileSize":40444,"uploadedAt":"Tue Jul 21 20:33:40 CST 2026","parseStatus":"PROCESSING"}}
2026-07-21 20:43:25.120 [http-nio-8080-exec-2] INFO  cn.yanque.common.aop.ControllerLogAspect [guid=ba7ec8ea95e94169b426887ea51fe977] - 接口开始: uri=/yq-admin/api/student/resume, httpMethod=GET, controller=StudentResumeController#get, args=[]
2026-07-21 20:43:25.122 [http-nio-8080-exec-2] INFO  cn.yanque.common.aop.ControllerLogAspect [guid=ba7ec8ea95e94169b426887ea51fe977] - 接口结束: uri=/yq-admin/api/student/resume, controller=StudentResumeController#get, cost=1ms, result={"code":200,"message":"success","data":{"studentId":12,"studentName":"去去去","objectKey":"homework/resume/2026/07/21/去去去/0b53f01b-d43f-4557-bfdd-d9be7782ab16-ee7555f4-6b04-4926-a4f7-6b18eaf6d2e5.docx","fileName":"ee7555f4-6b04-4926-a4f7-6b18eaf6d2e5.docx","fileSize":40444,"uploadedAt":"Tue Jul 21 20:33:40 CST 2026","parseStatus":"PROCESSING"}}
2026-07-21 20:43:28.116 [http-nio-8080-exec-4] INFO  cn.yanque.common.aop.ControllerLogAspect [guid=7d125a3aef534cc08b7f944b80198e42] - 接口开始: uri=/yq-admin/api/student/resume, httpMethod=GET, controller=StudentResumeController#get, args=[]
2026-07-21 20:43:28.117 [http-nio-8080-exec-4] INFO  cn.yanque.common.aop.ControllerLogAspect [guid=7d125a3aef534cc08b7f944b80198e42] - 接口结束: uri=/yq-admin/api/student/resume, controller=StudentResumeController#get, cost=1ms, result={"code":200,"message":"success","data":{"studentId":12,"studentName":"去去去","objectKey":"homework/resume/2026/07/21/去去去/0b53f01b-d43f-4557-bfdd-d9be7782ab16-ee7555f4-6b04-4926-a4f7-6b18eaf6d2e5.docx","fileName":"ee7555f4-6b04-4926-a4f7-6b18eaf6d2e5.docx","fileSize":40444,"uploadedAt":"Tue Jul 21 20:33:40 CST 2026","parseStatus":"PROCESSING"}}
2026-07-21 20:43:31.109 [http-nio-8080-exec-3] INFO  cn.yanque.common.aop.ControllerLogAspect [guid=2324f4f1b3be4c1c8e6a64724dbac43f] - 接口开始: uri=/yq-admin/api/student/resume, httpMethod=GET, controller=StudentResumeController#get, args=[]
2026-07-21 20:43:31.110 [http-nio-8080-exec-3] INFO  cn.yanque.common.aop.ControllerLogAspect [guid=2324f4f1b3be4c1c8e6a64724dbac43f] - 接口结束: uri=/yq-admin/api/student/resume, controller=StudentResumeController#get, cost=1ms, result={"code":200,"message":"success","data":{"studentId":12,"studentName":"去去去","objectKey":"homework/resume/2026/07/21/去去去/0b53f01b-d43f-4557-bfdd-d9be7782ab16-ee7555f4-6b04-4926-a4f7-6b18eaf6d2e5.docx","fileName":"ee7555f4-6b04-4926-a4f7-6b18eaf6d2e5.docx","fileSize":40444,"uploadedAt":"Tue Jul 21 20:33:40 CST 2026","parseStatus":"PROCESSING"}}
2026-07-21 20:43:34.117 [http-nio-8080-exec-8] INFO  cn.yanque.common.aop.ControllerLogAspect [guid=2eae17a23c284036a9ba7f489af15418] - 接口开始: uri=/yq-admin/api/student/resume, httpMethod=GET, controller=StudentResumeController#get, args=[]
2026-07-21 20:43:34.118 [http-nio-8080-exec-8] INFO  cn.yanque.common.aop.ControllerLogAspect [guid=2eae17a23c284036a9ba7f489af15418] - 接口结束: uri=/yq-admin/api/student/resume, controller=StudentResumeController#get, cost=1ms, result={"code":200,"message":"success","data":{"studentId":12,"studentName":"去去去","objectKey":"homework/resume/2026/07/21/去去去/0b53f01b-d43f-4557-bfdd-d9be7782ab16-ee7555f4-6b04-4926-a4f7-6b18eaf6d2e5.docx","fileName":"ee7555f4-6b04-4926-a4f7-6b18eaf6d2e5.docx","fileSize":40444,"uploadedAt":"Tue Jul 21 20:33:40 CST 2026","parseStatus":"PROCESSING"}}
2026-07-21 20:43:37.121 [http-nio-8080-exec-6] INFO  cn.yanque.common.aop.ControllerLogAspect [guid=d4b14bc156c34d3ea7ff14cc6da47018] - 接口开始: uri=/yq-admin/api/student/resume, httpMethod=GET, controller=StudentResumeController#get, args=[]
2026-07-21 20:43:37.123 [http-nio-8080-exec-6] INFO  cn.yanque.common.aop.ControllerLogAspect [guid=d4b14bc156c34d3ea7ff14cc6da47018] - 接口结束: uri=/yq-admin/api/student/resume, controller=StudentResumeController#get, cost=2ms, result={"code":200,"message":"success","data":{"studentId":12,"studentName":"去去去","objectKey":"homework/resume/2026/07/21/去去去/0b53f01b-d43f-4557-bfdd-d9be7782ab16-ee7555f4-6b04-4926-a4f7-6b18eaf6d2e5.docx","fileName":"ee7555f4-6b04-4926-a4f7-6b18eaf6d2e5.docx","fileSize":40444,"uploadedAt":"Tue Jul 21 20:33:40 CST 2026","parseStatus":"PROCESSING"}}
2026-07-21 20:43:40.118 [http-nio-8080-exec-7] INFO  cn.yanque.common.aop.ControllerLogAspect [guid=a871158427a8482f947efc7f104bff02] - 接口开始: uri=/yq-admin/api/student/resume, httpMethod=GET, controller=StudentResumeController#get, args=[]
2026-07-21 20:43:40.119 [http-nio-8080-exec-7] INFO  cn.yanque.common.aop.ControllerLogAspect [guid=a871158427a8482f947efc7f104bff02] - 接口结束: uri=/yq-admin/api/student/resume, controller=StudentResumeController#get, cost=1ms, result={"code":200,"message":"success","data":{"studentId":12,"studentName":"去去去","objectKey":"homework/resume/2026/07/21/去去去/0b53f01b-d43f-4557-bfdd-d9be7782ab16-ee7555f4-6b04-4926-a4f7-6b18eaf6d2e5.docx","fileName":"ee7555f4-6b04-4926-a4f7-6b18eaf6d2e5.docx","fileSize":40444,"uploadedAt":"Tue Jul 21 20:33:40 CST 2026","parseStatus":"PROCESSING"}}
2026-07-21 20:43:43.111 [http-nio-8080-exec-5] INFO  cn.yanque.common.aop.ControllerLogAspect [guid=8156e9a034bf4e64a0e69c459bf536be] - 接口开始: uri=/yq-admin/api/student/resume, httpMethod=GET, controller=StudentResumeController#get, args=[]
2026-07-21 20:43:43.113 [http-nio-8080-exec-5] INFO  cn.yanque.common.aop.ControllerLogAspect [guid=8156e9a034bf4e64a0e69c459bf536be] - 接口结束: uri=/yq-admin/api/student/resume, controller=StudentResumeController#get, cost=2ms, result={"code":200,"message":"success","data":{"studentId":12,"studentName":"去去去","objectKey":"homework/resume/2026/07/21/去去去/0b53f01b-d43f-4557-bfdd-d9be7782ab16-ee7555f4-6b04-4926-a4f7-6b18eaf6d2e5.docx","fileName":"ee7555f4-6b04-4926-a4f7-6b18eaf6d2e5.docx","fileSize":40444,"uploadedAt":"Tue Jul 21 20:33:40 CST 2026","parseStatus":"PROCESSING"}}
2026-07-21 20:43:46.110 [http-nio-8080-exec-9] INFO  cn.yanque.common.aop.ControllerLogAspect [guid=0d7ce39d70164513b104fc2c1a4c107f] - 接口开始: uri=/yq-admin/api/student/resume, httpMethod=GET, controller=StudentResumeController#get, args=[]
2026-07-21 20:43:46.111 [http-nio-8080-exec-9] INFO  cn.yanque.common.aop.ControllerLogAspect [guid=0d7ce39d70164513b104fc2c1a4c107f] - 接口结束: uri=/yq-admin/api/student/resume, controller=StudentResumeController#get, cost=1ms, result={"code":200,"message":"success","data":{"studentId":12,"studentName":"去去去","objectKey":"homework/resume/2026/07/21/去去去/0b53f01b-d43f-4557-bfdd-d9be7782ab16-ee7555f4-6b04-4926-a4f7-6b18eaf6d2e5.docx","fileName":"ee7555f4-6b04-4926-a4f7-6b18eaf6d2e5.docx","fileSize":40444,"uploadedAt":"Tue Jul 21 20:33:40 CST 2026","parseStatus":"PROCESSING"}}
2026-07-21 20:43:49.109 [http-nio-8080-exec-10] INFO  cn.yanque.common.aop.ControllerLogAspect [guid=a2deb37d05f944039fb29367c6e6695a] - 接口开始: uri=/yq-admin/api/student/resume, httpMethod=GET, controller=StudentResumeController#get, args=[]
2026-07-21 20:43:49.109 [http-nio-8080-exec-10] INFO  cn.yanque.common.aop.ControllerLogAspect [guid=a2deb37d05f944039fb29367c6e6695a] - 接口结束: uri=/yq-admin/api/student/resume, controller=StudentResumeController#get, cost=0ms, result={"code":200,"message":"success","data":{"studentId":12,"studentName":"去去去","objectKey":"homework/resume/2026/07/21/去去去/0b53f01b-d43f-4557-bfdd-d9be7782ab16-ee7555f4-6b04-4926-a4f7-6b18eaf6d2e5.docx","fileName":"ee7555f4-6b04-4926-a4f7-6b18eaf6d2e5.docx","fileSize":40444,"uploadedAt":"Tue Jul 21 20:33:40 CST 2026","parseStatus":"PROCESSING"}}
2026-07-21 20:43:52.123 [http-nio-8080-exec-1] INFO  cn.yanque.common.aop.ControllerLogAspect [guid=e532c85ef4244bf78ed89cc899a43f37] - 接口开始: uri=/yq-admin/api/student/resume, httpMethod=GET, controller=StudentResumeController#get, args=[]
2026-07-21 20:43:52.125 [http-nio-8080-exec-1] INFO  cn.yanque.common.aop.ControllerLogAspect [guid=e532c85ef4244bf78ed89cc899a43f37] - 接口结束: uri=/yq-admin/api/student/resume, controller=StudentResumeController#get, cost=2ms, result={"code":200,"message":"success","data":{"studentId":12,"studentName":"去去去","objectKey":"homework/resume/2026/07/21/去去去/0b53f01b-d43f-4557-bfdd-d9be7782ab16-ee7555f4-6b04-4926-a4f7-6b18eaf6d2e5.docx","fileName":"ee7555f4-6b04-4926-a4f7-6b18eaf6d2e5.docx","fileSize":40444,"uploadedAt":"Tue Jul 21 20:33:40 CST 2026","parseStatus":"PROCESSING"}}
2026-07-21 20:43:55.114 [http-nio-8080-exec-2] INFO  cn.yanque.common.aop.ControllerLogAspect [guid=0aefe83c8ab340f69d87deda16cd1855] - 接口开始: uri=/yq-admin/api/student/resume, httpMethod=GET, controller=StudentResumeController#get, args=[]
2026-07-21 20:43:55.116 [http-nio-8080-exec-2] INFO  cn.yanque.common.aop.ControllerLogAspect [guid=0aefe83c8ab340f69d87deda16cd1855] - 接口结束: uri=/yq-admin/api/student/resume, controller=StudentResumeController#get, cost=2ms, result={"code":200,"message":"success","data":{"studentId":12,"studentName":"去去去","objectKey":"homework/resume/2026/07/21/去去去/0b53f01b-d43f-4557-bfdd-d9be7782ab16-ee7555f4-6b04-4926-a4f7-6b18eaf6d2e5.docx","fileName":"ee7555f4-6b04-4926-a4f7-6b18eaf6d2e5.docx","fileSize":40444,"uploadedAt":"Tue Jul 21 20:33:40 CST 2026","parseStatus":"PROCESSING"}}
2026-07-21 20:43:58.120 [http-nio-8080-exec-4] INFO  cn.yanque.common.aop.ControllerLogAspect [guid=7140e4e845a14847abc598467621d2f1] - 接口开始: uri=/yq-admin/api/student/resume, httpMethod=GET, controller=StudentResumeController#get, args=[]
2026-07-21 20:43:58.121 [http-nio-8080-exec-4] INFO  cn.yanque.common.aop.ControllerLogAspect [guid=7140e4e845a14847abc598467621d2f1] - 接口结束: uri=/yq-admin/api/student/resume, controller=StudentResumeController#get, cost=1ms, result={"code":200,"message":"success","data":{"studentId":12,"studentName":"去去去","objectKey":"homework/resume/2026/07/21/去去去/0b53f01b-d43f-4557-bfdd-d9be7782ab16-ee7555f4-6b04-4926-a4f7-6b18eaf6d2e5.docx","fileName":"ee7555f4-6b04-4926-a4f7-6b18eaf6d2e5.docx","fileSize":40444,"uploadedAt":"Tue Jul 21 20:33:40 CST 2026","parseStatus":"PROCESSING"}}
2026-07-21 20:44:01.121 [http-nio-8080-exec-3] INFO  cn.yanque.common.aop.ControllerLogAspect [guid=d2739ec495f748f4ab18f3b295a67cda] - 接口开始: uri=/yq-admin/api/student/resume, httpMethod=GET, controller=StudentResumeController#get, args=[]
2026-07-21 20:44:01.122 [http-nio-8080-exec-3] INFO  cn.yanque.common.aop.ControllerLogAspect [guid=d2739ec495f748f4ab18f3b295a67cda] - 接口结束: uri=/yq-admin/api/student/resume, controller=StudentResumeController#get, cost=1ms, result={"code":200,"message":"success","data":{"studentId":12,"studentName":"去去去","objectKey":"homework/resume/2026/07/21/去去去/0b53f01b-d43f-4557-bfdd-d9be7782ab16-ee7555f4-6b04-4926-a4f7-6b18eaf6d2e5.docx","fileName":"ee7555f4-6b04-4926-a4f7-6b18eaf6d2e5.docx","fileSize":40444,"uploadedAt":"Tue Jul 21 20:33:40 CST 2026","parseStatus":"PROCESSING"}}
2026-07-21 20:44:04.114 [http-nio-8080-exec-8] INFO  cn.yanque.common.aop.ControllerLogAspect [guid=56c6ae87892b4c2e9eb996c5c6ee1bed] - 接口开始: uri=/yq-admin/api/student/resume, httpMethod=GET, controller=StudentResumeController#get, args=[]
2026-07-21 20:44:04.116 [http-nio-8080-exec-8] INFO  cn.yanque.common.aop.ControllerLogAspect [guid=56c6ae87892b4c2e9eb996c5c6ee1bed] - 接口结束: uri=/yq-admin/api/student/resume, controller=StudentResumeController#get, cost=2ms, result={"code":200,"message":"success","data":{"studentId":12,"studentName":"去去去","objectKey":"homework/resume/2026/07/21/去去去/0b53f01b-d43f-4557-bfdd-d9be7782ab16-ee7555f4-6b04-4926-a4f7-6b18eaf6d2e5.docx","fileName":"ee7555f4-6b04-4926-a4f7-6b18eaf6d2e5.docx","fileSize":40444,"uploadedAt":"Tue Jul 21 20:33:40 CST 2026","parseStatus":"PROCESSING"}}
2026-07-21 20:44:07.118 [http-nio-8080-exec-6] INFO  cn.yanque.common.aop.ControllerLogAspect [guid=e764e18173cd4b05b3b08bafa1bda589] - 接口开始: uri=/yq-admin/api/student/resume, httpMethod=GET, controller=StudentResumeController#get, args=[]
2026-07-21 20:44:07.119 [http-nio-8080-exec-6] INFO  cn.yanque.common.aop.ControllerLogAspect [guid=e764e18173cd4b05b3b08bafa1bda589] - 接口结束: uri=/yq-admin/api/student/resume, controller=StudentResumeController#get, cost=1ms, result={"code":200,"message":"success","data":{"studentId":12,"studentName":"去去去","objectKey":"homework/resume/2026/07/21/去去去/0b53f01b-d43f-4557-bfdd-d9be7782ab16-ee7555f4-6b04-4926-a4f7-6b18eaf6d2e5.docx","fileName":"ee7555f4-6b04-4926-a4f7-6b18eaf6d2e5.docx","fileSize":40444,"uploadedAt":"Tue Jul 21 20:33:40 CST 2026","parseStatus":"PROCESSING"}}
2026-07-21 20:44:10.110 [http-nio-8080-exec-7] INFO  cn.yanque.common.aop.ControllerLogAspect [guid=24f823039a374ca381dfcd3ce939245c] - 接口开始: uri=/yq-admin/api/student/resume, httpMethod=GET, controller=StudentResumeController#get, args=[]
2026-07-21 20:44:10.112 [http-nio-8080-exec-7] INFO  cn.yanque.common.aop.ControllerLogAspect [guid=24f823039a374ca381dfcd3ce939245c] - 接口结束: uri=/yq-admin/api/student/resume, controller=StudentResumeController#get, cost=1ms, result={"code":200,"message":"success","data":{"studentId":12,"studentName":"去去去","objectKey":"homework/resume/2026/07/21/去去去/0b53f01b-d43f-4557-bfdd-d9be7782ab16-ee7555f4-6b04-4926-a4f7-6b18eaf6d2e5.docx","fileName":"ee7555f4-6b04-4926-a4f7-6b18eaf6d2e5.docx","fileSize":40444,"uploadedAt":"Tue Jul 21 20:33:40 CST 2026","parseStatus":"PROCESSING"}}
2026-07-21 20:44:13.110 [http-nio-8080-exec-5] INFO  cn.yanque.common.aop.ControllerLogAspect [guid=64a43ef3e84a423493ef6588aaab68fd] - 接口开始: uri=/yq-admin/api/student/resume, httpMethod=GET, controller=StudentResumeController#get, args=[]
2026-07-21 20:44:13.111 [http-nio-8080-exec-5] INFO  cn.yanque.common.aop.ControllerLogAspect [guid=64a43ef3e84a423493ef6588aaab68fd] - 接口结束: uri=/yq-admin/api/student/resume, controller=StudentResumeController#get, cost=1ms, result={"code":200,"message":"success","data":{"studentId":12,"studentName":"去去去","objectKey":"homework/resume/2026/07/21/去去去/0b53f01b-d43f-4557-bfdd-d9be7782ab16-ee7555f4-6b04-4926-a4f7-6b18eaf6d2e5.docx","fileName":"ee7555f4-6b04-4926-a4f7-6b18eaf6d2e5.docx","fileSize":40444,"uploadedAt":"Tue Jul 21 20:33:40 CST 2026","parseStatus":"PROCESSING"}}
2026-07-21 20:44:16.122 [http-nio-8080-exec-9] INFO  cn.yanque.common.aop.ControllerLogAspect [guid=3fbbbb61452b41e49570ade480907470] - 接口开始: uri=/yq-admin/api/student/resume, httpMethod=GET, controller=StudentResumeController#get, args=[]
2026-07-21 20:44:16.124 [http-nio-8080-exec-9] INFO  cn.yanque.common.aop.ControllerLogAspect [guid=3fbbbb61452b41e49570ade480907470] - 接口结束: uri=/yq-admin/api/student/resume, controller=StudentResumeController#get, cost=2ms, result={"code":200,"message":"success","data":{"studentId":12,"studentName":"去去去","objectKey":"homework/resume/2026/07/21/去去去/0b53f01b-d43f-4557-bfdd-d9be7782ab16-ee7555f4-6b04-4926-a4f7-6b18eaf6d2e5.docx","fileName":"ee7555f4-6b04-4926-a4f7-6b18eaf6d2e5.docx","fileSize":40444,"uploadedAt":"Tue Jul 21 20:33:40 CST 2026","parseStatus":"PROCESSING"}}
2026-07-21 20:44:19.112 [http-nio-8080-exec-10] INFO  cn.yanque.common.aop.ControllerLogAspect [guid=67a7ab913a47411b951403cada52d536] - 接口开始: uri=/yq-admin/api/student/resume, httpMethod=GET, controller=StudentResumeController#get, args=[]
2026-07-21 20:44:19.113 [http-nio-8080-exec-10] INFO  cn.yanque.common.aop.ControllerLogAspect [guid=67a7ab913a47411b951403cada52d536] - 接口结束: uri=/yq-admin/api/student/resume, controller=StudentResumeController#get, cost=1ms, result={"code":200,"message":"success","data":{"studentId":12,"studentName":"去去去","objectKey":"homework/resume/2026/07/21/去去去/0b53f01b-d43f-4557-bfdd-d9be7782ab16-ee7555f4-6b04-4926-a4f7-6b18eaf6d2e5.docx","fileName":"ee7555f4-6b04-4926-a4f7-6b18eaf6d2e5.docx","fileSize":40444,"uploadedAt":"Tue Jul 21 20:33:40 CST 2026","parseStatus":"PROCESSING"}}
2026-07-21 20:44:22.107 [http-nio-8080-exec-1] INFO  cn.yanque.common.aop.ControllerLogAspect [guid=1dd29bbe3cb74325afc76af8976a9a30] - 接口开始: uri=/yq-admin/api/student/resume, httpMethod=GET, controller=StudentResumeController#get, args=[]
2026-07-21 20:44:22.109 [http-nio-8080-exec-1] INFO  cn.yanque.common.aop.ControllerLogAspect [guid=1dd29bbe3cb74325afc76af8976a9a30] - 接口结束: uri=/yq-admin/api/student/resume, controller=StudentResumeController#get, cost=2ms, result={"code":200,"message":"success","data":{"studentId":12,"studentName":"去去去","objectKey":"homework/resume/2026/07/21/去去去/0b53f01b-d43f-4557-bfdd-d9be7782ab16-ee7555f4-6b04-4926-a4f7-6b18eaf6d2e5.docx","fileName":"ee7555f4-6b04-4926-a4f7-6b18eaf6d2e5.docx","fileSize":40444,"uploadedAt":"Tue Jul 21 20:33:40 CST 2026","parseStatus":"PROCESSING"}}
2026-07-21 20:44:25.123 [http-nio-8080-exec-2] INFO  cn.yanque.common.aop.ControllerLogAspect [guid=4104f3ca475d4cba9b18ff975014cd61] - 接口开始: uri=/yq-admin/api/student/resume, httpMethod=GET, controller=StudentResumeController#get, args=[]
2026-07-21 20:44:25.125 [http-nio-8080-exec-2] INFO  cn.yanque.common.aop.ControllerLogAspect [guid=4104f3ca475d4cba9b18ff975014cd61] - 接口结束: uri=/yq-admin/api/student/resume, controller=StudentResumeController#get, cost=2ms, result={"code":200,"message":"success","data":{"studentId":12,"studentName":"去去去","objectKey":"homework/resume/2026/07/21/去去去/0b53f01b-d43f-4557-bfdd-d9be7782ab16-ee7555f4-6b04-4926-a4f7-6b18eaf6d2e5.docx","fileName":"ee7555f4-6b04-4926-a4f7-6b18eaf6d2e5.docx","fileSize":40444,"uploadedAt":"Tue Jul 21 20:33:40 CST 2026","parseStatus":"PROCESSING"}}
2026-07-21 20:44:28.116 [http-nio-8080-exec-4] INFO  cn.yanque.common.aop.ControllerLogAspect [guid=92d0be566b3d4580ba1f71a8c4716a65] - 接口开始: uri=/yq-admin/api/student/resume, httpMethod=GET, controller=StudentResumeController#get, args=[]
2026-07-21 20:44:28.118 [http-nio-8080-exec-4] INFO  cn.yanque.common.aop.ControllerLogAspect [guid=92d0be566b3d4580ba1f71a8c4716a65] - 接口结束: uri=/yq-admin/api/student/resume, controller=StudentResumeController#get, cost=1ms, result={"code":200,"message":"success","data":{"studentId":12,"studentName":"去去去","objectKey":"homework/resume/2026/07/21/去去去/0b53f01b-d43f-4557-bfdd-d9be7782ab16-ee7555f4-6b04-4926-a4f7-6b18eaf6d2e5.docx","fileName":"ee7555f4-6b04-4926-a4f7-6b18eaf6d2e5.docx","fileSize":40444,"uploadedAt":"Tue Jul 21 20:33:40 CST 2026","parseStatus":"PROCESSING"}}
2026-07-21 20:44:31.111 [http-nio-8080-exec-3] INFO  cn.yanque.common.aop.ControllerLogAspect [guid=5de3d99240d042fba979264ba170536e] - 接口开始: uri=/yq-admin/api/student/resume, httpMethod=GET, controller=StudentResumeController#get, args=[]
2026-07-21 20:44:31.112 [http-nio-8080-exec-3] INFO  cn.yanque.common.aop.ControllerLogAspect [guid=5de3d99240d042fba979264ba170536e] - 接口结束: uri=/yq-admin/api/student/resume, controller=StudentResumeController#get, cost=1ms, result={"code":200,"message":"success","data":{"studentId":12,"studentName":"去去去","objectKey":"homework/resume/2026/07/21/去去去/0b53f01b-d43f-4557-bfdd-d9be7782ab16-ee7555f4-6b04-4926-a4f7-6b18eaf6d2e5.docx","fileName":"ee7555f4-6b04-4926-a4f7-6b18eaf6d2e5.docx","fileSize":40444,"uploadedAt":"Tue Jul 21 20:33:40 CST 2026","parseStatus":"PROCESSING"}}
2026-07-21 20:44:34.115 [http-nio-8080-exec-8] INFO  cn.yanque.common.aop.ControllerLogAspect [guid=aa67af9c51c64f2aa55b261a22f3d58b] - 接口开始: uri=/yq-admin/api/student/resume, httpMethod=GET, controller=StudentResumeController#get, args=[]
2026-07-21 20:44:34.116 [http-nio-8080-exec-8] INFO  cn.yanque.common.aop.ControllerLogAspect [guid=aa67af9c51c64f2aa55b261a22f3d58b] - 接口结束: uri=/yq-admin/api/student/resume, controller=StudentResumeController#get, cost=1ms, result={"code":200,"message":"success","data":{"studentId":12,"studentName":"去去去","objectKey":"homework/resume/2026/07/21/去去去/0b53f01b-d43f-4557-bfdd-d9be7782ab16-ee7555f4-6b04-4926-a4f7-6b18eaf6d2e5.docx","fileName":"ee7555f4-6b04-4926-a4f7-6b18eaf6d2e5.docx","fileSize":40444,"uploadedAt":"Tue Jul 21 20:33:40 CST 2026","parseStatus":"PROCESSING"}}
2026-07-21 20:44:37.120 [http-nio-8080-exec-6] INFO  cn.yanque.common.aop.ControllerLogAspect [guid=c1c3b4daef974f429646b0d841907f99] - 接口开始: uri=/yq-admin/api/student/resume, httpMethod=GET, controller=StudentResumeController#get, args=[]
2026-07-21 20:44:37.121 [http-nio-8080-exec-6] INFO  cn.yanque.common.aop.ControllerLogAspect [guid=c1c3b4daef974f429646b0d841907f99] - 接口结束: uri=/yq-admin/api/student/resume, controller=StudentResumeController#get, cost=1ms, result={"code":200,"message":"success","data":{"studentId":12,"studentName":"去去去","objectKey":"homework/resume/2026/07/21/去去去/0b53f01b-d43f-4557-bfdd-d9be7782ab16-ee7555f4-6b04-4926-a4f7-6b18eaf6d2e5.docx","fileName":"ee7555f4-6b04-4926-a4f7-6b18eaf6d2e5.docx","fileSize":40444,"uploadedAt":"Tue Jul 21 20:33:40 CST 2026","parseStatus":"PROCESSING"}}
2026-07-21 20:44:40.113 [http-nio-8080-exec-7] INFO  cn.yanque.common.aop.ControllerLogAspect [guid=31a240ffbeee4688b2885dd346dab706] - 接口开始: uri=/yq-admin/api/student/resume, httpMethod=GET, controller=StudentResumeController#get, args=[]
2026-07-21 20:44:40.116 [http-nio-8080-exec-7] INFO  cn.yanque.common.aop.ControllerLogAspect [guid=31a240ffbeee4688b2885dd346dab706] - 接口结束: uri=/yq-admin/api/student/resume, controller=StudentResumeController#get, cost=3ms, result={"code":200,"message":"success","data":{"studentId":12,"studentName":"去去去","objectKey":"homework/resume/2026/07/21/去去去/0b53f01b-d43f-4557-bfdd-d9be7782ab16-ee7555f4-6b04-4926-a4f7-6b18eaf6d2e5.docx","fileName":"ee7555f4-6b04-4926-a4f7-6b18eaf6d2e5.docx","fileSize":40444,"uploadedAt":"Tue Jul 21 20:33:40 CST 2026","parseStatus":"PROCESSING"}}
2026-07-21 20:44:43.108 [http-nio-8080-exec-5] INFO  cn.yanque.common.aop.ControllerLogAspect [guid=b5e648ecdb7d48e1a197e7d89fcfca6d] - 接口开始: uri=/yq-admin/api/student/resume, httpMethod=GET, controller=StudentResumeController#get, args=[]
2026-07-21 20:44:43.110 [http-nio-8080-exec-5] INFO  cn.yanque.common.aop.ControllerLogAspect [guid=b5e648ecdb7d48e1a197e7d89fcfca6d] - 接口结束: uri=/yq-admin/api/student/resume, controller=StudentResumeController#get, cost=2ms, result={"code":200,"message":"success","data":{"studentId":12,"studentName":"去去去","objectKey":"homework/resume/2026/07/21/去去去/0b53f01b-d43f-4557-bfdd-d9be7782ab16-ee7555f4-6b04-4926-a4f7-6b18eaf6d2e5.docx","fileName":"ee7555f4-6b04-4926-a4f7-6b18eaf6d2e5.docx","fileSize":40444,"uploadedAt":"Tue Jul 21 20:33:40 CST 2026","parseStatus":"PROCESSING"}}
2026-07-21 20:44:46.120 [http-nio-8080-exec-9] INFO  cn.yanque.common.aop.ControllerLogAspect [guid=d874333d8c6243b6a16fb84a3a9af553] - 接口开始: uri=/yq-admin/api/student/resume, httpMethod=GET, controller=StudentResumeController#get, args=[]
2026-07-21 20:44:46.121 [http-nio-8080-exec-9] INFO  cn.yanque.common.aop.ControllerLogAspect [guid=d874333d8c6243b6a16fb84a3a9af553] - 接口结束: uri=/yq-admin/api/student/resume, controller=StudentResumeController#get, cost=1ms, result={"code":200,"message":"success","data":{"studentId":12,"studentName":"去去去","objectKey":"homework/resume/2026/07/21/去去去/0b53f01b-d43f-4557-bfdd-d9be7782ab16-ee7555f4-6b04-4926-a4f7-6b18eaf6d2e5.docx","fileName":"ee7555f4-6b04-4926-a4f7-6b18eaf6d2e5.docx","fileSize":40444,"uploadedAt":"Tue Jul 21 20:33:40 CST 2026","parseStatus":"PROCESSING"}}
2026-07-21 20:44:49.118 [http-nio-8080-exec-10] INFO  cn.yanque.common.aop.ControllerLogAspect [guid=ddd7726ef2fd4d9fb3a97b52fbc2e902] - 接口开始: uri=/yq-admin/api/student/resume, httpMethod=GET, controller=StudentResumeController#get, args=[]
2026-07-21 20:44:49.119 [http-nio-8080-exec-10] INFO  cn.yanque.common.aop.ControllerLogAspect [guid=ddd7726ef2fd4d9fb3a97b52fbc2e902] - 接口结束: uri=/yq-admin/api/student/resume, controller=StudentResumeController#get, cost=1ms, result={"code":200,"message":"success","data":{"studentId":12,"studentName":"去去去","objectKey":"homework/resume/2026/07/21/去去去/0b53f01b-d43f-4557-bfdd-d9be7782ab16-ee7555f4-6b04-4926-a4f7-6b18eaf6d2e5.docx","fileName":"ee7555f4-6b04-4926-a4f7-6b18eaf6d2e5.docx","fileSize":40444,"uploadedAt":"Tue Jul 21 20:33:40 CST 2026","parseStatus":"PROCESSING"}}
2026-07-21 20:44:52.124 [http-nio-8080-exec-1] INFO  cn.yanque.common.aop.ControllerLogAspect [guid=11d909ee3b5f446e8cb0d7e506d1c276] - 接口开始: uri=/yq-admin/api/student/resume, httpMethod=GET, controller=StudentResumeController#get, args=[]
2026-07-21 20:44:52.125 [http-nio-8080-exec-1] INFO  cn.yanque.common.aop.ControllerLogAspect [guid=11d909ee3b5f446e8cb0d7e506d1c276] - 接口结束: uri=/yq-admin/api/student/resume, controller=StudentResumeController#get, cost=1ms, result={"code":200,"message":"success","data":{"studentId":12,"studentName":"去去去","objectKey":"homework/resume/2026/07/21/去去去/0b53f01b-d43f-4557-bfdd-d9be7782ab16-ee7555f4-6b04-4926-a4f7-6b18eaf6d2e5.docx","fileName":"ee7555f4-6b04-4926-a4f7-6b18eaf6d2e5.docx","fileSize":40444,"uploadedAt":"Tue Jul 21 20:33:40 CST 2026","parseStatus":"PROCESSING"}}
2026-07-21 20:44:55.111 [http-nio-8080-exec-2] INFO  cn.yanque.common.aop.ControllerLogAspect [guid=79ad0408a0cd4b14a5ce8126a957f782] - 接口开始: uri=/yq-admin/api/student/resume, httpMethod=GET, controller=StudentResumeController#get, args=[]
2026-07-21 20:44:55.112 [http-nio-8080-exec-2] INFO  cn.yanque.common.aop.ControllerLogAspect [guid=79ad0408a0cd4b14a5ce8126a957f782] - 接口结束: uri=/yq-admin/api/student/resume, controller=StudentResumeController#get, cost=1ms, result={"code":200,"message":"success","data":{"studentId":12,"studentName":"去去去","objectKey":"homework/resume/2026/07/21/去去去/0b53f01b-d43f-4557-bfdd-d9be7782ab16-ee7555f4-6b04-4926-a4f7-6b18eaf6d2e5.docx","fileName":"ee7555f4-6b04-4926-a4f7-6b18eaf6d2e5.docx","fileSize":40444,"uploadedAt":"Tue Jul 21 20:33:40 CST 2026","parseStatus":"PROCESSING"}}
2026-07-21 20:44:58.115 [http-nio-8080-exec-4] INFO  cn.yanque.common.aop.ControllerLogAspect [guid=ad03a34659aa4b0fa949c2c1397834b1] - 接口开始: uri=/yq-admin/api/student/resume, httpMethod=GET, controller=StudentResumeController#get, args=[]
2026-07-21 20:44:58.116 [http-nio-8080-exec-4] INFO  cn.yanque.common.aop.ControllerLogAspect [guid=ad03a34659aa4b0fa949c2c1397834b1] - 接口结束: uri=/yq-admin/api/student/resume, controller=StudentResumeController#get, cost=1ms, result={"code":200,"message":"success","data":{"studentId":12,"studentName":"去去去","objectKey":"homework/resume/2026/07/21/去去去/0b53f01b-d43f-4557-bfdd-d9be7782ab16-ee7555f4-6b04-4926-a4f7-6b18eaf6d2e5.docx","fileName":"ee7555f4-6b04-4926-a4f7-6b18eaf6d2e5.docx","fileSize":40444,"uploadedAt":"Tue Jul 21 20:33:40 CST 2026","parseStatus":"PROCESSING"}}
2026-07-21 20:45:01.114 [http-nio-8080-exec-3] INFO  cn.yanque.common.aop.ControllerLogAspect [guid=3beea18d573b4fab858ff26c49d6b206] - 接口开始: uri=/yq-admin/api/student/resume, httpMethod=GET, controller=StudentResumeController#get, args=[]
2026-07-21 20:45:01.117 [http-nio-8080-exec-3] INFO  cn.yanque.common.aop.ControllerLogAspect [guid=3beea18d573b4fab858ff26c49d6b206] - 接口结束: uri=/yq-admin/api/student/resume, controller=StudentResumeController#get, cost=3ms, result={"code":200,"message":"success","data":{"studentId":12,"studentName":"去去去","objectKey":"homework/resume/2026/07/21/去去去/0b53f01b-d43f-4557-bfdd-d9be7782ab16-ee7555f4-6b04-4926-a4f7-6b18eaf6d2e5.docx","fileName":"ee7555f4-6b04-4926-a4f7-6b18eaf6d2e5.docx","fileSize":40444,"uploadedAt":"Tue Jul 21 20:33:40 CST 2026","parseStatus":"PROCESSING"}}
2026-07-21 20:45:04.116 [http-nio-8080-exec-8] INFO  cn.yanque.common.aop.ControllerLogAspect [guid=d145cd3b4b5942fab26e6ef205f7c24b] - 接口开始: uri=/yq-admin/api/student/resume, httpMethod=GET, controller=StudentResumeController#get, args=[]
2026-07-21 20:45:04.118 [http-nio-8080-exec-8] INFO  cn.yanque.common.aop.ControllerLogAspect [guid=d145cd3b4b5942fab26e6ef205f7c24b] - 接口结束: uri=/yq-admin/api/student/resume, controller=StudentResumeController#get, cost=2ms, result={"code":200,"message":"success","data":{"studentId":12,"studentName":"去去去","objectKey":"homework/resume/2026/07/21/去去去/0b53f01b-d43f-4557-bfdd-d9be7782ab16-ee7555f4-6b04-4926-a4f7-6b18eaf6d2e5.docx","fileName":"ee7555f4-6b04-4926-a4f7-6b18eaf6d2e5.docx","fileSize":40444,"uploadedAt":"Tue Jul 21 20:33:40 CST 2026","parseStatus":"PROCESSING"}}
2026-07-21 20:45:07.118 [http-nio-8080-exec-6] INFO  cn.yanque.common.aop.ControllerLogAspect [guid=8bc1bfaf523d4dbab66470a8c8b9b6aa] - 接口开始: uri=/yq-admin/api/student/resume, httpMethod=GET, controller=StudentResumeController#get, args=[]
2026-07-21 20:45:07.119 [http-nio-8080-exec-6] INFO  cn.yanque.common.aop.ControllerLogAspect [guid=8bc1bfaf523d4dbab66470a8c8b9b6aa] - 接口结束: uri=/yq-admin/api/student/resume, controller=StudentResumeController#get, cost=1ms, result={"code":200,"message":"success","data":{"studentId":12,"studentName":"去去去","objectKey":"homework/resume/2026/07/21/去去去/0b53f01b-d43f-4557-bfdd-d9be7782ab16-ee7555f4-6b04-4926-a4f7-6b18eaf6d2e5.docx","fileName":"ee7555f4-6b04-4926-a4f7-6b18eaf6d2e5.docx","fileSize":40444,"uploadedAt":"Tue Jul 21 20:33:40 CST 2026","parseStatus":"PROCESSING"}}
2026-07-21 20:45:10.121 [http-nio-8080-exec-7] INFO  cn.yanque.common.aop.ControllerLogAspect [guid=d86c2820d19149c3817efbba0105eefc] - 接口开始: uri=/yq-admin/api/student/resume, httpMethod=GET, controller=StudentResumeController#get, args=[]
2026-07-21 20:45:10.122 [http-nio-8080-exec-7] INFO  cn.yanque.common.aop.ControllerLogAspect [guid=d86c2820d19149c3817efbba0105eefc] - 接口结束: uri=/yq-admin/api/student/resume, controller=StudentResumeController#get, cost=1ms, result={"code":200,"message":"success","data":{"studentId":12,"studentName":"去去去","objectKey":"homework/resume/2026/07/21/去去去/0b53f01b-d43f-4557-bfdd-d9be7782ab16-ee7555f4-6b04-4926-a4f7-6b18eaf6d2e5.docx","fileName":"ee7555f4-6b04-4926-a4f7-6b18eaf6d2e5.docx","fileSize":40444,"uploadedAt":"Tue Jul 21 20:33:40 CST 2026","parseStatus":"PROCESSING"}}
2026-07-21 20:45:13.111 [http-nio-8080-exec-5] INFO  cn.yanque.common.aop.ControllerLogAspect [guid=de42a9c5689844028b876c8a1cee3d86] - 接口开始: uri=/yq-admin/api/student/resume, httpMethod=GET, controller=StudentResumeController#get, args=[]
2026-07-21 20:45:13.112 [http-nio-8080-exec-5] INFO  cn.yanque.common.aop.ControllerLogAspect [guid=de42a9c5689844028b876c8a1cee3d86] - 接口结束: uri=/yq-admin/api/student/resume, controller=StudentResumeController#get, cost=1ms, result={"code":200,"message":"success","data":{"studentId":12,"studentName":"去去去","objectKey":"homework/resume/2026/07/21/去去去/0b53f01b-d43f-4557-bfdd-d9be7782ab16-ee7555f4-6b04-4926-a4f7-6b18eaf6d2e5.docx","fileName":"ee7555f4-6b04-4926-a4f7-6b18eaf6d2e5.docx","fileSize":40444,"uploadedAt":"Tue Jul 21 20:33:40 CST 2026","parseStatus":"PROCESSING"}}
2026-07-21 20:45:16.115 [http-nio-8080-exec-9] INFO  cn.yanque.common.aop.ControllerLogAspect [guid=292ef12eb2e645f8b145b08c0fff0d54] - 接口开始: uri=/yq-admin/api/student/resume, httpMethod=GET, controller=StudentResumeController#get, args=[]
2026-07-21 20:45:16.116 [http-nio-8080-exec-9] INFO  cn.yanque.common.aop.ControllerLogAspect [guid=292ef12eb2e645f8b145b08c0fff0d54] - 接口结束: uri=/yq-admin/api/student/resume, controller=StudentResumeController#get, cost=1ms, result={"code":200,"message":"success","data":{"studentId":12,"studentName":"去去去","objectKey":"homework/resume/2026/07/21/去去去/0b53f01b-d43f-4557-bfdd-d9be7782ab16-ee7555f4-6b04-4926-a4f7-6b18eaf6d2e5.docx","fileName":"ee7555f4-6b04-4926-a4f7-6b18eaf6d2e5.docx","fileSize":40444,"uploadedAt":"Tue Jul 21 20:33:40 CST 2026","parseStatus":"PROCESSING"}}
2026-07-21 20:45:19.109 [http-nio-8080-exec-10] INFO  cn.yanque.common.aop.ControllerLogAspect [guid=19c2fc96f7504aaab93ee14520702d82] - 接口开始: uri=/yq-admin/api/student/resume, httpMethod=GET, controller=StudentResumeController#get, args=[]
2026-07-21 20:45:19.111 [http-nio-8080-exec-10] INFO  cn.yanque.common.aop.ControllerLogAspect [guid=19c2fc96f7504aaab93ee14520702d82] - 接口结束: uri=/yq-admin/api/student/resume, controller=StudentResumeController#get, cost=2ms, result={"code":200,"message":"success","data":{"studentId":12,"studentName":"去去去","objectKey":"homework/resume/2026/07/21/去去去/0b53f01b-d43f-4557-bfdd-d9be7782ab16-ee7555f4-6b04-4926-a4f7-6b18eaf6d2e5.docx","fileName":"ee7555f4-6b04-4926-a4f7-6b18eaf6d2e5.docx","fileSize":40444,"uploadedAt":"Tue Jul 21 20:33:40 CST 2026","parseStatus":"PROCESSING"}}
2026-07-21 20:45:22.113 [http-nio-8080-exec-1] INFO  cn.yanque.common.aop.ControllerLogAspect [guid=11ac44676e84491eb9789609c734dea5] - 接口开始: uri=/yq-admin/api/student/resume, httpMethod=GET, controller=StudentResumeController#get, args=[]
2026-07-21 20:45:22.115 [http-nio-8080-exec-1] INFO  cn.yanque.common.aop.ControllerLogAspect [guid=11ac44676e84491eb9789609c734dea5] - 接口结束: uri=/yq-admin/api/student/resume, controller=StudentResumeController#get, cost=2ms, result={"code":200,"message":"success","data":{"studentId":12,"studentName":"去去去","objectKey":"homework/resume/2026/07/21/去去去/0b53f01b-d43f-4557-bfdd-d9be7782ab16-ee7555f4-6b04-4926-a4f7-6b18eaf6d2e5.docx","fileName":"ee7555f4-6b04-4926-a4f7-6b18eaf6d2e5.docx","fileSize":40444,"uploadedAt":"Tue Jul 21 20:33:40 CST 2026","parseStatus":"PROCESSING"}}
2026-07-21 20:45:25.120 [http-nio-8080-exec-2] INFO  cn.yanque.common.aop.ControllerLogAspect [guid=672769f9bbe34b2595ca7f6c8dc651f3] - 接口开始: uri=/yq-admin/api/student/resume, httpMethod=GET, controller=StudentResumeController#get, args=[]
2026-07-21 20:45:25.121 [http-nio-8080-exec-2] INFO  cn.yanque.common.aop.ControllerLogAspect [guid=672769f9bbe34b2595ca7f6c8dc651f3] - 接口结束: uri=/yq-admin/api/student/resume, controller=StudentResumeController#get, cost=3ms, result={"code":200,"message":"success","data":{"studentId":12,"studentName":"去去去","objectKey":"homework/resume/2026/07/21/去去去/0b53f01b-d43f-4557-bfdd-d9be7782ab16-ee7555f4-6b04-4926-a4f7-6b18eaf6d2e5.docx","fileName":"ee7555f4-6b04-4926-a4f7-6b18eaf6d2e5.docx","fileSize":40444,"uploadedAt":"Tue Jul 21 20:33:40 CST 2026","parseStatus":"PROCESSING"}}
2026-07-21 20:45:28.118 [http-nio-8080-exec-4] INFO  cn.yanque.common.aop.ControllerLogAspect [guid=6f26ab56ce714eb0813bf134a0cef19e] - 接口开始: uri=/yq-admin/api/student/resume, httpMethod=GET, controller=StudentResumeController#get, args=[]
2026-07-21 20:45:28.119 [http-nio-8080-exec-4] INFO  cn.yanque.common.aop.ControllerLogAspect [guid=6f26ab56ce714eb0813bf134a0cef19e] - 接口结束: uri=/yq-admin/api/student/resume, controller=StudentResumeController#get, cost=1ms, result={"code":200,"message":"success","data":{"studentId":12,"studentName":"去去去","objectKey":"homework/resume/2026/07/21/去去去/0b53f01b-d43f-4557-bfdd-d9be7782ab16-ee7555f4-6b04-4926-a4f7-6b18eaf6d2e5.docx","fileName":"ee7555f4-6b04-4926-a4f7-6b18eaf6d2e5.docx","fileSize":40444,"uploadedAt":"Tue Jul 21 20:33:40 CST 2026","parseStatus":"PROCESSING"}}
2026-07-21 20:45:31.123 [http-nio-8080-exec-3] INFO  cn.yanque.common.aop.ControllerLogAspect [guid=7491c3d3d3494fe49f409860b1eda33a] - 接口开始: uri=/yq-admin/api/student/resume, httpMethod=GET, controller=StudentResumeController#get, args=[]
2026-07-21 20:45:31.125 [http-nio-8080-exec-3] INFO  cn.yanque.common.aop.ControllerLogAspect [guid=7491c3d3d3494fe49f409860b1eda33a] - 接口结束: uri=/yq-admin/api/student/resume, controller=StudentResumeController#get, cost=2ms, result={"code":200,"message":"success","data":{"studentId":12,"studentName":"去去去","objectKey":"homework/resume/2026/07/21/去去去/0b53f01b-d43f-4557-bfdd-d9be7782ab16-ee7555f4-6b04-4926-a4f7-6b18eaf6d2e5.docx","fileName":"ee7555f4-6b04-4926-a4f7-6b18eaf6d2e5.docx","fileSize":40444,"uploadedAt":"Tue Jul 21 20:33:40 CST 2026","parseStatus":"PROCESSING"}}
2026-07-21 20:45:34.114 [http-nio-8080-exec-8] INFO  cn.yanque.common.aop.ControllerLogAspect [guid=73caf685dbbd4fe8a842c78bc4ec92e7] - 接口开始: uri=/yq-admin/api/student/resume, httpMethod=GET, controller=StudentResumeController#get, args=[]
2026-07-21 20:45:34.117 [http-nio-8080-exec-8] INFO  cn.yanque.common.aop.ControllerLogAspect [guid=73caf685dbbd4fe8a842c78bc4ec92e7] - 接口结束: uri=/yq-admin/api/student/resume, controller=StudentResumeController#get, cost=3ms, result={"code":200,"message":"success","data":{"studentId":12,"studentName":"去去去","objectKey":"homework/resume/2026/07/21/去去去/0b53f01b-d43f-4557-bfdd-d9be7782ab16-ee7555f4-6b04-4926-a4f7-6b18eaf6d2e5.docx","fileName":"ee7555f4-6b04-4926-a4f7-6b18eaf6d2e5.docx","fileSize":40444,"uploadedAt":"Tue Jul 21 20:33:40 CST 2026","parseStatus":"PROCESSING"}}
2026-07-21 20:45:37.121 [http-nio-8080-exec-6] INFO  cn.yanque.common.aop.ControllerLogAspect [guid=743d20b0fd87482991b95cac5615e4a8] - 接口开始: uri=/yq-admin/api/student/resume, httpMethod=GET, controller=StudentResumeController#get, args=[]
2026-07-21 20:45:37.123 [http-nio-8080-exec-6] INFO  cn.yanque.common.aop.ControllerLogAspect [guid=743d20b0fd87482991b95cac5615e4a8] - 接口结束: uri=/yq-admin/api/student/resume, controller=StudentResumeController#get, cost=2ms, result={"code":200,"message":"success","data":{"studentId":12,"studentName":"去去去","objectKey":"homework/resume/2026/07/21/去去去/0b53f01b-d43f-4557-bfdd-d9be7782ab16-ee7555f4-6b04-4926-a4f7-6b18eaf6d2e5.docx","fileName":"ee7555f4-6b04-4926-a4f7-6b18eaf6d2e5.docx","fileSize":40444,"uploadedAt":"Tue Jul 21 20:33:40 CST 2026","parseStatus":"PROCESSING"}}
2026-07-21 20:45:40.123 [http-nio-8080-exec-7] INFO  cn.yanque.common.aop.ControllerLogAspect [guid=fa1604652ab94ce7bd548b66a7551170] - 接口开始: uri=/yq-admin/api/student/resume, httpMethod=GET, controller=StudentResumeController#get, args=[]
2026-07-21 20:45:40.124 [http-nio-8080-exec-7] INFO  cn.yanque.common.aop.ControllerLogAspect [guid=fa1604652ab94ce7bd548b66a7551170] - 接口结束: uri=/yq-admin/api/student/resume, controller=StudentResumeController#get, cost=2ms, result={"code":200,"message":"success","data":{"studentId":12,"studentName":"去去去","objectKey":"homework/resume/2026/07/21/去去去/0b53f01b-d43f-4557-bfdd-d9be7782ab16-ee7555f4-6b04-4926-a4f7-6b18eaf6d2e5.docx","fileName":"ee7555f4-6b04-4926-a4f7-6b18eaf6d2e5.docx","fileSize":40444,"uploadedAt":"Tue Jul 21 20:33:40 CST 2026","parseStatus":"PROCESSING"}}
2026-07-21 20:45:43.122 [http-nio-8080-exec-5] INFO  cn.yanque.common.aop.ControllerLogAspect [guid=03d27a31ac7a4e8da855f4970363bbe3] - 接口开始: uri=/yq-admin/api/student/resume, httpMethod=GET, controller=StudentResumeController#get, args=[]
2026-07-21 20:45:43.124 [http-nio-8080-exec-5] INFO  cn.yanque.common.aop.ControllerLogAspect [guid=03d27a31ac7a4e8da855f4970363bbe3] - 接口结束: uri=/yq-admin/api/student/resume, controller=StudentResumeController#get, cost=2ms, result={"code":200,"message":"success","data":{"studentId":12,"studentName":"去去去","objectKey":"homework/resume/2026/07/21/去去去/0b53f01b-d43f-4557-bfdd-d9be7782ab16-ee7555f4-6b04-4926-a4f7-6b18eaf6d2e5.docx","fileName":"ee7555f4-6b04-4926-a4f7-6b18eaf6d2e5.docx","fileSize":40444,"uploadedAt":"Tue Jul 21 20:33:40 CST 2026","parseStatus":"PROCESSING"}}
2026-07-21 20:45:46.118 [http-nio-8080-exec-9] INFO  cn.yanque.common.aop.ControllerLogAspect [guid=84b9369bc4844db6a18b9b742072eb0e] - 接口开始: uri=/yq-admin/api/student/resume, httpMethod=GET, controller=StudentResumeController#get, args=[]
2026-07-21 20:45:46.120 [http-nio-8080-exec-9] INFO  cn.yanque.common.aop.ControllerLogAspect [guid=84b9369bc4844db6a18b9b742072eb0e] - 接口结束: uri=/yq-admin/api/student/resume, controller=StudentResumeController#get, cost=2ms, result={"code":200,"message":"success","data":{"studentId":12,"studentName":"去去去","objectKey":"homework/resume/2026/07/21/去去去/0b53f01b-d43f-4557-bfdd-d9be7782ab16-ee7555f4-6b04-4926-a4f7-6b18eaf6d2e5.docx","fileName":"ee7555f4-6b04-4926-a4f7-6b18eaf6d2e5.docx","fileSize":40444,"uploadedAt":"Tue Jul 21 20:33:40 CST 2026","parseStatus":"PROCESSING"}}
2026-07-21 20:45:49.113 [http-nio-8080-exec-10] INFO  cn.yanque.common.aop.ControllerLogAspect [guid=e2528d9590f549029161ec9321621ada] - 接口开始: uri=/yq-admin/api/student/resume, httpMethod=GET, controller=StudentResumeController#get, args=[]
2026-07-21 20:45:49.115 [http-nio-8080-exec-10] INFO  cn.yanque.common.aop.ControllerLogAspect [guid=e2528d9590f549029161ec9321621ada] - 接口结束: uri=/yq-admin/api/student/resume, controller=StudentResumeController#get, cost=2ms, result={"code":200,"message":"success","data":{"studentId":12,"studentName":"去去去","objectKey":"homework/resume/2026/07/21/去去去/0b53f01b-d43f-4557-bfdd-d9be7782ab16-ee7555f4-6b04-4926-a4f7-6b18eaf6d2e5.docx","fileName":"ee7555f4-6b04-4926-a4f7-6b18eaf6d2e5.docx","fileSize":40444,"uploadedAt":"Tue Jul 21 20:33:40 CST 2026","parseStatus":"PROCESSING"}}
2026-07-21 20:45:52.118 [http-nio-8080-exec-1] INFO  cn.yanque.common.aop.ControllerLogAspect [guid=3f682f467e824bf9a4f2ee8fc7212934] - 接口开始: uri=/yq-admin/api/student/resume, httpMethod=GET, controller=StudentResumeController#get, args=[]
2026-07-21 20:45:52.127 [http-nio-8080-exec-1] INFO  cn.yanque.common.aop.ControllerLogAspect [guid=3f682f467e824bf9a4f2ee8fc7212934] - 接口结束: uri=/yq-admin/api/student/resume, controller=StudentResumeController#get, cost=9ms, result={"code":200,"message":"success","data":{"studentId":12,"studentName":"去去去","objectKey":"homework/resume/2026/07/21/去去去/0b53f01b-d43f-4557-bfdd-d9be7782ab16-ee7555f4-6b04-4926-a4f7-6b18eaf6d2e5.docx","fileName":"ee7555f4-6b04-4926-a4f7-6b18eaf6d2e5.docx","fileSize":40444,"uploadedAt":"Tue Jul 21 20:33:40 CST 2026","parseStatus":"PROCESSING"}}
2026-07-21 20:45:55.122 [http-nio-8080-exec-2] INFO  cn.yanque.common.aop.ControllerLogAspect [guid=2b0a719dd99d4245aa2617a6d997eef3] - 接口开始: uri=/yq-admin/api/student/resume, httpMethod=GET, controller=StudentResumeController#get, args=[]
2026-07-21 20:45:55.124 [http-nio-8080-exec-2] INFO  cn.yanque.common.aop.ControllerLogAspect [guid=2b0a719dd99d4245aa2617a6d997eef3] - 接口结束: uri=/yq-admin/api/student/resume, controller=StudentResumeController#get, cost=2ms, result={"code":200,"message":"success","data":{"studentId":12,"studentName":"去去去","objectKey":"homework/resume/2026/07/21/去去去/0b53f01b-d43f-4557-bfdd-d9be7782ab16-ee7555f4-6b04-4926-a4f7-6b18eaf6d2e5.docx","fileName":"ee7555f4-6b04-4926-a4f7-6b18eaf6d2e5.docx","fileSize":40444,"uploadedAt":"Tue Jul 21 20:33:40 CST 2026","parseStatus":"PROCESSING"}}
2026-07-21 20:45:58.112 [http-nio-8080-exec-4] INFO  cn.yanque.common.aop.ControllerLogAspect [guid=c8437ea720ba4198b3e57063539649c1] - 接口开始: uri=/yq-admin/api/student/resume, httpMethod=GET, controller=StudentResumeController#get, args=[]
2026-07-21 20:45:58.114 [http-nio-8080-exec-4] INFO  cn.yanque.common.aop.ControllerLogAspect [guid=c8437ea720ba4198b3e57063539649c1] - 接口结束: uri=/yq-admin/api/student/resume, controller=StudentResumeController#get, cost=1ms, result={"code":200,"message":"success","data":{"studentId":12,"studentName":"去去去","objectKey":"homework/resume/2026/07/21/去去去/0b53f01b-d43f-4557-bfdd-d9be7782ab16-ee7555f4-6b04-4926-a4f7-6b18eaf6d2e5.docx","fileName":"ee7555f4-6b04-4926-a4f7-6b18eaf6d2e5.docx","fileSize":40444,"uploadedAt":"Tue Jul 21 20:33:40 CST 2026","parseStatus":"PROCESSING"}}
2026-07-21 20:46:01.111 [http-nio-8080-exec-3] INFO  cn.yanque.common.aop.ControllerLogAspect [guid=7b3306edf3c342b6b4fad0a6e5cdb98d] - 接口开始: uri=/yq-admin/api/student/resume, httpMethod=GET, controller=StudentResumeController#get, args=[]
2026-07-21 20:46:01.112 [http-nio-8080-exec-3] INFO  cn.yanque.common.aop.ControllerLogAspect [guid=7b3306edf3c342b6b4fad0a6e5cdb98d] - 接口结束: uri=/yq-admin/api/student/resume, controller=StudentResumeController#get, cost=1ms, result={"code":200,"message":"success","data":{"studentId":12,"studentName":"去去去","objectKey":"homework/resume/2026/07/21/去去去/0b53f01b-d43f-4557-bfdd-d9be7782ab16-ee7555f4-6b04-4926-a4f7-6b18eaf6d2e5.docx","fileName":"ee7555f4-6b04-4926-a4f7-6b18eaf6d2e5.docx","fileSize":40444,"uploadedAt":"Tue Jul 21 20:33:40 CST 2026","parseStatus":"PROCESSING"}}
2026-07-21 20:46:04.113 [http-nio-8080-exec-8] INFO  cn.yanque.common.aop.ControllerLogAspect [guid=56b88fdde1b843419f2638b145a56a38] - 接口开始: uri=/yq-admin/api/student/resume, httpMethod=GET, controller=StudentResumeController#get, args=[]
2026-07-21 20:46:04.113 [http-nio-8080-exec-8] INFO  cn.yanque.common.aop.ControllerLogAspect [guid=56b88fdde1b843419f2638b145a56a38] - 接口结束: uri=/yq-admin/api/student/resume, controller=StudentResumeController#get, cost=0ms, result={"code":200,"message":"success","data":{"studentId":12,"studentName":"去去去","objectKey":"homework/resume/2026/07/21/去去去/0b53f01b-d43f-4557-bfdd-d9be7782ab16-ee7555f4-6b04-4926-a4f7-6b18eaf6d2e5.docx","fileName":"ee7555f4-6b04-4926-a4f7-6b18eaf6d2e5.docx","fileSize":40444,"uploadedAt":"Tue Jul 21 20:33:40 CST 2026","parseStatus":"PROCESSING"}}
2026-07-21 20:46:07.110 [http-nio-8080-exec-6] INFO  cn.yanque.common.aop.ControllerLogAspect [guid=0ad209623b0842c1b07be7ff8e951210] - 接口开始: uri=/yq-admin/api/student/resume, httpMethod=GET, controller=StudentResumeController#get, args=[]
2026-07-21 20:46:07.111 [http-nio-8080-exec-6] INFO  cn.yanque.common.aop.ControllerLogAspect [guid=0ad209623b0842c1b07be7ff8e951210] - 接口结束: uri=/yq-admin/api/student/resume, controller=StudentResumeController#get, cost=1ms, result={"code":200,"message":"success","data":{"studentId":12,"studentName":"去去去","objectKey":"homework/resume/2026/07/21/去去去/0b53f01b-d43f-4557-bfdd-d9be7782ab16-ee7555f4-6b04-4926-a4f7-6b18eaf6d2e5.docx","fileName":"ee7555f4-6b04-4926-a4f7-6b18eaf6d2e5.docx","fileSize":40444,"uploadedAt":"Tue Jul 21 20:33:40 CST 2026","parseStatus":"PROCESSING"}}
2026-07-21 20:46:10.113 [http-nio-8080-exec-7] INFO  cn.yanque.common.aop.ControllerLogAspect [guid=f7d104163ae54b81b0e69ad17dda7f50] - 接口开始: uri=/yq-admin/api/student/resume, httpMethod=GET, controller=StudentResumeController#get, args=[]
2026-07-21 20:46:10.113 [http-nio-8080-exec-7] INFO  cn.yanque.common.aop.ControllerLogAspect [guid=f7d104163ae54b81b0e69ad17dda7f50] - 接口结束: uri=/yq-admin/api/student/resume, controller=StudentResumeController#get, cost=1ms, result={"code":200,"message":"success","data":{"studentId":12,"studentName":"去去去","objectKey":"homework/resume/2026/07/21/去去去/0b53f01b-d43f-4557-bfdd-d9be7782ab16-ee7555f4-6b04-4926-a4f7-6b18eaf6d2e5.docx","fileName":"ee7555f4-6b04-4926-a4f7-6b18eaf6d2e5.docx","fileSize":40444,"uploadedAt":"Tue Jul 21 20:33:40 CST 2026","parseStatus":"PROCESSING"}}
2026-07-21 20:46:13.111 [http-nio-8080-exec-5] INFO  cn.yanque.common.aop.ControllerLogAspect [guid=183da497efce4eab8dc24abfb355b22b] - 接口开始: uri=/yq-admin/api/student/resume, httpMethod=GET, controller=StudentResumeController#get, args=[]
2026-07-21 20:46:13.112 [http-nio-8080-exec-5] INFO  cn.yanque.common.aop.ControllerLogAspect [guid=183da497efce4eab8dc24abfb355b22b] - 接口结束: uri=/yq-admin/api/student/resume, controller=StudentResumeController#get, cost=1ms, result={"code":200,"message":"success","data":{"studentId":12,"studentName":"去去去","objectKey":"homework/resume/2026/07/21/去去去/0b53f01b-d43f-4557-bfdd-d9be7782ab16-ee7555f4-6b04-4926-a4f7-6b18eaf6d2e5.docx","fileName":"ee7555f4-6b04-4926-a4f7-6b18eaf6d2e5.docx","fileSize":40444,"uploadedAt":"Tue Jul 21 20:33:40 CST 2026","parseStatus":"PROCESSING"}}
2026-07-21 20:46:16.109 [http-nio-8080-exec-9] INFO  cn.yanque.common.aop.ControllerLogAspect [guid=6a5c7f8cdb0c42c4a3a8ffec179ca0fb] - 接口开始: uri=/yq-admin/api/student/resume, httpMethod=GET, controller=StudentResumeController#get, args=[]
2026-07-21 20:46:16.111 [http-nio-8080-exec-9] INFO  cn.yanque.common.aop.ControllerLogAspect [guid=6a5c7f8cdb0c42c4a3a8ffec179ca0fb] - 接口结束: uri=/yq-admin/api/student/resume, controller=StudentResumeController#get, cost=2ms, result={"code":200,"message":"success","data":{"studentId":12,"studentName":"去去去","objectKey":"homework/resume/2026/07/21/去去去/0b53f01b-d43f-4557-bfdd-d9be7782ab16-ee7555f4-6b04-4926-a4f7-6b18eaf6d2e5.docx","fileName":"ee7555f4-6b04-4926-a4f7-6b18eaf6d2e5.docx","fileSize":40444,"uploadedAt":"Tue Jul 21 20:33:40 CST 2026","parseStatus":"PROCESSING"}}
2026-07-21 20:46:19.123 [http-nio-8080-exec-10] INFO  cn.yanque.common.aop.ControllerLogAspect [guid=1eb55b4777284c96aedda3b18a832fc9] - 接口开始: uri=/yq-admin/api/student/resume, httpMethod=GET, controller=StudentResumeController#get, args=[]
2026-07-21 20:46:19.125 [http-nio-8080-exec-10] INFO  cn.yanque.common.aop.ControllerLogAspect [guid=1eb55b4777284c96aedda3b18a832fc9] - 接口结束: uri=/yq-admin/api/student/resume, controller=StudentResumeController#get, cost=2ms, result={"code":200,"message":"success","data":{"studentId":12,"studentName":"去去去","objectKey":"homework/resume/2026/07/21/去去去/0b53f01b-d43f-4557-bfdd-d9be7782ab16-ee7555f4-6b04-4926-a4f7-6b18eaf6d2e5.docx","fileName":"ee7555f4-6b04-4926-a4f7-6b18eaf6d2e5.docx","fileSize":40444,"uploadedAt":"Tue Jul 21 20:33:40 CST 2026","parseStatus":"PROCESSING"}}
2026-07-21 20:46:22.113 [http-nio-8080-exec-1] INFO  cn.yanque.common.aop.ControllerLogAspect [guid=407dd6659aae4bd3bad4f6064c5298fb] - 接口开始: uri=/yq-admin/api/student/resume, httpMethod=GET, controller=StudentResumeController#get, args=[]
2026-07-21 20:46:22.114 [http-nio-8080-exec-1] INFO  cn.yanque.common.aop.ControllerLogAspect [guid=407dd6659aae4bd3bad4f6064c5298fb] - 接口结束: uri=/yq-admin/api/student/resume, controller=StudentResumeController#get, cost=1ms, result={"code":200,"message":"success","data":{"studentId":12,"studentName":"去去去","objectKey":"homework/resume/2026/07/21/去去去/0b53f01b-d43f-4557-bfdd-d9be7782ab16-ee7555f4-6b04-4926-a4f7-6b18eaf6d2e5.docx","fileName":"ee7555f4-6b04-4926-a4f7-6b18eaf6d2e5.docx","fileSize":40444,"uploadedAt":"Tue Jul 21 20:33:40 CST 2026","parseStatus":"PROCESSING"}}
2026-07-21 20:46:25.106 [http-nio-8080-exec-2] INFO  cn.yanque.common.aop.ControllerLogAspect [guid=6d650ec3a30d4e80a1597491da6eb94e] - 接口开始: uri=/yq-admin/api/student/resume, httpMethod=GET, controller=StudentResumeController#get, args=[]
2026-07-21 20:46:25.108 [http-nio-8080-exec-2] INFO  cn.yanque.common.aop.ControllerLogAspect [guid=6d650ec3a30d4e80a1597491da6eb94e] - 接口结束: uri=/yq-admin/api/student/resume, controller=StudentResumeController#get, cost=2ms, result={"code":200,"message":"success","data":{"studentId":12,"studentName":"去去去","objectKey":"homework/resume/2026/07/21/去去去/0b53f01b-d43f-4557-bfdd-d9be7782ab16-ee7555f4-6b04-4926-a4f7-6b18eaf6d2e5.docx","fileName":"ee7555f4-6b04-4926-a4f7-6b18eaf6d2e5.docx","fileSize":40444,"uploadedAt":"Tue Jul 21 20:33:40 CST 2026","parseStatus":"PROCESSING"}}
2026-07-21 20:46:28.120 [http-nio-8080-exec-4] INFO  cn.yanque.common.aop.ControllerLogAspect [guid=40f7cdf0d721485290df2144ececdd8c] - 接口开始: uri=/yq-admin/api/student/resume, httpMethod=GET, controller=StudentResumeController#get, args=[]
2026-07-21 20:46:28.121 [http-nio-8080-exec-4] INFO  cn.yanque.common.aop.ControllerLogAspect [guid=40f7cdf0d721485290df2144ececdd8c] - 接口结束: uri=/yq-admin/api/student/resume, controller=StudentResumeController#get, cost=1ms, result={"code":200,"message":"success","data":{"studentId":12,"studentName":"去去去","objectKey":"homework/resume/2026/07/21/去去去/0b53f01b-d43f-4557-bfdd-d9be7782ab16-ee7555f4-6b04-4926-a4f7-6b18eaf6d2e5.docx","fileName":"ee7555f4-6b04-4926-a4f7-6b18eaf6d2e5.docx","fileSize":40444,"uploadedAt":"Tue Jul 21 20:33:40 CST 2026","parseStatus":"PROCESSING"}}
2026-07-21 20:46:31.120 [http-nio-8080-exec-3] INFO  cn.yanque.common.aop.ControllerLogAspect [guid=97fded70baac4070be0b2b5ee4010225] - 接口开始: uri=/yq-admin/api/student/resume, httpMethod=GET, controller=StudentResumeController#get, args=[]
2026-07-21 20:46:31.121 [http-nio-8080-exec-3] INFO  cn.yanque.common.aop.ControllerLogAspect [guid=97fded70baac4070be0b2b5ee4010225] - 接口结束: uri=/yq-admin/api/student/resume, controller=StudentResumeController#get, cost=1ms, result={"code":200,"message":"success","data":{"studentId":12,"studentName":"去去去","objectKey":"homework/resume/2026/07/21/去去去/0b53f01b-d43f-4557-bfdd-d9be7782ab16-ee7555f4-6b04-4926-a4f7-6b18eaf6d2e5.docx","fileName":"ee7555f4-6b04-4926-a4f7-6b18eaf6d2e5.docx","fileSize":40444,"uploadedAt":"Tue Jul 21 20:33:40 CST 2026","parseStatus":"PROCESSING"}}
2026-07-21 20:46:34.108 [http-nio-8080-exec-8] INFO  cn.yanque.common.aop.ControllerLogAspect [guid=39e37d7ecaed48e594010825aa17f679] - 接口开始: uri=/yq-admin/api/student/resume, httpMethod=GET, controller=StudentResumeController#get, args=[]
2026-07-21 20:46:34.111 [http-nio-8080-exec-8] INFO  cn.yanque.common.aop.ControllerLogAspect [guid=39e37d7ecaed48e594010825aa17f679] - 接口结束: uri=/yq-admin/api/student/resume, controller=StudentResumeController#get, cost=3ms, result={"code":200,"message":"success","data":{"studentId":12,"studentName":"去去去","objectKey":"homework/resume/2026/07/21/去去去/0b53f01b-d43f-4557-bfdd-d9be7782ab16-ee7555f4-6b04-4926-a4f7-6b18eaf6d2e5.docx","fileName":"ee7555f4-6b04-4926-a4f7-6b18eaf6d2e5.docx","fileSize":40444,"uploadedAt":"Tue Jul 21 20:33:40 CST 2026","parseStatus":"PROCESSING"}}
2026-07-21 20:46:37.116 [http-nio-8080-exec-6] INFO  cn.yanque.common.aop.ControllerLogAspect [guid=381f3c6a7ffb4cadbd2f310009ef34fb] - 接口开始: uri=/yq-admin/api/student/resume, httpMethod=GET, controller=StudentResumeController#get, args=[]
2026-07-21 20:46:37.117 [http-nio-8080-exec-6] INFO  cn.yanque.common.aop.ControllerLogAspect [guid=381f3c6a7ffb4cadbd2f310009ef34fb] - 接口结束: uri=/yq-admin/api/student/resume, controller=StudentResumeController#get, cost=1ms, result={"code":200,"message":"success","data":{"studentId":12,"studentName":"去去去","objectKey":"homework/resume/2026/07/21/去去去/0b53f01b-d43f-4557-bfdd-d9be7782ab16-ee7555f4-6b04-4926-a4f7-6b18eaf6d2e5.docx","fileName":"ee7555f4-6b04-4926-a4f7-6b18eaf6d2e5.docx","fileSize":40444,"uploadedAt":"Tue Jul 21 20:33:40 CST 2026","parseStatus":"PROCESSING"}}
2026-07-21 20:46:40.108 [http-nio-8080-exec-7] INFO  cn.yanque.common.aop.ControllerLogAspect [guid=509be126c66341138eeb04bae53fff14] - 接口开始: uri=/yq-admin/api/student/resume, httpMethod=GET, controller=StudentResumeController#get, args=[]
2026-07-21 20:46:40.109 [http-nio-8080-exec-7] INFO  cn.yanque.common.aop.ControllerLogAspect [guid=509be126c66341138eeb04bae53fff14] - 接口结束: uri=/yq-admin/api/student/resume, controller=StudentResumeController#get, cost=1ms, result={"code":200,"message":"success","data":{"studentId":12,"studentName":"去去去","objectKey":"homework/resume/2026/07/21/去去去/0b53f01b-d43f-4557-bfdd-d9be7782ab16-ee7555f4-6b04-4926-a4f7-6b18eaf6d2e5.docx","fileName":"ee7555f4-6b04-4926-a4f7-6b18eaf6d2e5.docx","fileSize":40444,"uploadedAt":"Tue Jul 21 20:33:40 CST 2026","parseStatus":"PROCESSING"}}
2026-07-21 20:46:43.108 [http-nio-8080-exec-5] INFO  cn.yanque.common.aop.ControllerLogAspect [guid=f510eebc972744d48e858a1fe5ebaa2f] - 接口开始: uri=/yq-admin/api/student/resume, httpMethod=GET, controller=StudentResumeController#get, args=[]
2026-07-21 20:46:43.109 [http-nio-8080-exec-5] INFO  cn.yanque.common.aop.ControllerLogAspect [guid=f510eebc972744d48e858a1fe5ebaa2f] - 接口结束: uri=/yq-admin/api/student/resume, controller=StudentResumeController#get, cost=1ms, result={"code":200,"message":"success","data":{"studentId":12,"studentName":"去去去","objectKey":"homework/resume/2026/07/21/去去去/0b53f01b-d43f-4557-bfdd-d9be7782ab16-ee7555f4-6b04-4926-a4f7-6b18eaf6d2e5.docx","fileName":"ee7555f4-6b04-4926-a4f7-6b18eaf6d2e5.docx","fileSize":40444,"uploadedAt":"Tue Jul 21 20:33:40 CST 2026","parseStatus":"PROCESSING"}}
2026-07-21 20:46:46.124 [http-nio-8080-exec-9] INFO  cn.yanque.common.aop.ControllerLogAspect [guid=917a995900044eb58d05afe3340a377d] - 接口开始: uri=/yq-admin/api/student/resume, httpMethod=GET, controller=StudentResumeController#get, args=[]
2026-07-21 20:46:46.125 [http-nio-8080-exec-9] INFO  cn.yanque.common.aop.ControllerLogAspect [guid=917a995900044eb58d05afe3340a377d] - 接口结束: uri=/yq-admin/api/student/resume, controller=StudentResumeController#get, cost=1ms, result={"code":200,"message":"success","data":{"studentId":12,"studentName":"去去去","objectKey":"homework/resume/2026/07/21/去去去/0b53f01b-d43f-4557-bfdd-d9be7782ab16-ee7555f4-6b04-4926-a4f7-6b18eaf6d2e5.docx","fileName":"ee7555f4-6b04-4926-a4f7-6b18eaf6d2e5.docx","fileSize":40444,"uploadedAt":"Tue Jul 21 20:33:40 CST 2026","parseStatus":"PROCESSING"}}
2026-07-21 20:46:49.117 [http-nio-8080-exec-10] INFO  cn.yanque.common.aop.ControllerLogAspect [guid=8f260fbbaac644729e2bfe5315d3ec8e] - 接口开始: uri=/yq-admin/api/student/resume, httpMethod=GET, controller=StudentResumeController#get, args=[]
2026-07-21 20:46:49.118 [http-nio-8080-exec-10] INFO  cn.yanque.common.aop.ControllerLogAspect [guid=8f260fbbaac644729e2bfe5315d3ec8e] - 接口结束: uri=/yq-admin/api/student/resume, controller=StudentResumeController#get, cost=1ms, result={"code":200,"message":"success","data":{"studentId":12,"studentName":"去去去","objectKey":"homework/resume/2026/07/21/去去去/0b53f01b-d43f-4557-bfdd-d9be7782ab16-ee7555f4-6b04-4926-a4f7-6b18eaf6d2e5.docx","fileName":"ee7555f4-6b04-4926-a4f7-6b18eaf6d2e5.docx","fileSize":40444,"uploadedAt":"Tue Jul 21 20:33:40 CST 2026","parseStatus":"PROCESSING"}}
2026-07-21 20:46:52.109 [http-nio-8080-exec-1] INFO  cn.yanque.common.aop.ControllerLogAspect [guid=b80fdb5fe38a4c118439b3c81d2ace05] - 接口开始: uri=/yq-admin/api/student/resume, httpMethod=GET, controller=StudentResumeController#get, args=[]
2026-07-21 20:46:52.110 [http-nio-8080-exec-1] INFO  cn.yanque.common.aop.ControllerLogAspect [guid=b80fdb5fe38a4c118439b3c81d2ace05] - 接口结束: uri=/yq-admin/api/student/resume, controller=StudentResumeController#get, cost=1ms, result={"code":200,"message":"success","data":{"studentId":12,"studentName":"去去去","objectKey":"homework/resume/2026/07/21/去去去/0b53f01b-d43f-4557-bfdd-d9be7782ab16-ee7555f4-6b04-4926-a4f7-6b18eaf6d2e5.docx","fileName":"ee7555f4-6b04-4926-a4f7-6b18eaf6d2e5.docx","fileSize":40444,"uploadedAt":"Tue Jul 21 20:33:40 CST 2026","parseStatus":"PROCESSING"}}
2026-07-21 20:46:55.120 [http-nio-8080-exec-2] INFO  cn.yanque.common.aop.ControllerLogAspect [guid=ebe7842531734a5e8dbc1e43a1e0980f] - 接口开始: uri=/yq-admin/api/student/resume, httpMethod=GET, controller=StudentResumeController#get, args=[]
2026-07-21 20:46:55.121 [http-nio-8080-exec-2] INFO  cn.yanque.common.aop.ControllerLogAspect [guid=ebe7842531734a5e8dbc1e43a1e0980f] - 接口结束: uri=/yq-admin/api/student/resume, controller=StudentResumeController#get, cost=1ms, result={"code":200,"message":"success","data":{"studentId":12,"studentName":"去去去","objectKey":"homework/resume/2026/07/21/去去去/0b53f01b-d43f-4557-bfdd-d9be7782ab16-ee7555f4-6b04-4926-a4f7-6b18eaf6d2e5.docx","fileName":"ee7555f4-6b04-4926-a4f7-6b18eaf6d2e5.docx","fileSize":40444,"uploadedAt":"Tue Jul 21 20:33:40 CST 2026","parseStatus":"PROCESSING"}}
2026-07-21 20:46:58.121 [http-nio-8080-exec-4] INFO  cn.yanque.common.aop.ControllerLogAspect [guid=c70a90a351fb4e68b4c7a1f7147678cb] - 接口开始: uri=/yq-admin/api/student/resume, httpMethod=GET, controller=StudentResumeController#get, args=[]
2026-07-21 20:46:58.122 [http-nio-8080-exec-4] INFO  cn.yanque.common.aop.ControllerLogAspect [guid=c70a90a351fb4e68b4c7a1f7147678cb] - 接口结束: uri=/yq-admin/api/student/resume, controller=StudentResumeController#get, cost=1ms, result={"code":200,"message":"success","data":{"studentId":12,"studentName":"去去去","objectKey":"homework/resume/2026/07/21/去去去/0b53f01b-d43f-4557-bfdd-d9be7782ab16-ee7555f4-6b04-4926-a4f7-6b18eaf6d2e5.docx","fileName":"ee7555f4-6b04-4926-a4f7-6b18eaf6d2e5.docx","fileSize":40444,"uploadedAt":"Tue Jul 21 20:33:40 CST 2026","parseStatus":"PROCESSING"}}
2026-07-21 20:47:01.109 [http-nio-8080-exec-3] INFO  cn.yanque.common.aop.ControllerLogAspect [guid=60c8cf2ddafd4029a15c8fe0ede83a99] - 接口开始: uri=/yq-admin/api/student/resume, httpMethod=GET, controller=StudentResumeController#get, args=[]
2026-07-21 20:47:01.111 [http-nio-8080-exec-3] INFO  cn.yanque.common.aop.ControllerLogAspect [guid=60c8cf2ddafd4029a15c8fe0ede83a99] - 接口结束: uri=/yq-admin/api/student/resume, controller=StudentResumeController#get, cost=2ms, result={"code":200,"message":"success","data":{"studentId":12,"studentName":"去去去","objectKey":"homework/resume/2026/07/21/去去去/0b53f01b-d43f-4557-bfdd-d9be7782ab16-ee7555f4-6b04-4926-a4f7-6b18eaf6d2e5.docx","fileName":"ee7555f4-6b04-4926-a4f7-6b18eaf6d2e5.docx","fileSize":40444,"uploadedAt":"Tue Jul 21 20:33:40 CST 2026","parseStatus":"PROCESSING"}}
2026-07-21 20:47:04.122 [http-nio-8080-exec-8] INFO  cn.yanque.common.aop.ControllerLogAspect [guid=839d8d4abb234ae8a7502d80ca39b36d] - 接口开始: uri=/yq-admin/api/student/resume, httpMethod=GET, controller=StudentResumeController#get, args=[]
2026-07-21 20:47:04.124 [http-nio-8080-exec-8] INFO  cn.yanque.common.aop.ControllerLogAspect [guid=839d8d4abb234ae8a7502d80ca39b36d] - 接口结束: uri=/yq-admin/api/student/resume, controller=StudentResumeController#get, cost=2ms, result={"code":200,"message":"success","data":{"studentId":12,"studentName":"去去去","objectKey":"homework/resume/2026/07/21/去去去/0b53f01b-d43f-4557-bfdd-d9be7782ab16-ee7555f4-6b04-4926-a4f7-6b18eaf6d2e5.docx","fileName":"ee7555f4-6b04-4926-a4f7-6b18eaf6d2e5.docx","fileSize":40444,"uploadedAt":"Tue Jul 21 20:33:40 CST 2026","parseStatus":"PROCESSING"}}
2026-07-21 20:47:07.109 [http-nio-8080-exec-6] INFO  cn.yanque.common.aop.ControllerLogAspect [guid=800f3621e2824c518cdcfc8ea0b46e0e] - 接口开始: uri=/yq-admin/api/student/resume, httpMethod=GET, controller=StudentResumeController#get, args=[]
2026-07-21 20:47:07.111 [http-nio-8080-exec-6] INFO  cn.yanque.common.aop.ControllerLogAspect [guid=800f3621e2824c518cdcfc8ea0b46e0e] - 接口结束: uri=/yq-admin/api/student/resume, controller=StudentResumeController#get, cost=2ms, result={"code":200,"message":"success","data":{"studentId":12,"studentName":"去去去","objectKey":"homework/resume/2026/07/21/去去去/0b53f01b-d43f-4557-bfdd-d9be7782ab16-ee7555f4-6b04-4926-a4f7-6b18eaf6d2e5.docx","fileName":"ee7555f4-6b04-4926-a4f7-6b18eaf6d2e5.docx","fileSize":40444,"uploadedAt":"Tue Jul 21 20:33:40 CST 2026","parseStatus":"PROCESSING"}}
2026-07-21 20:47:10.111 [http-nio-8080-exec-7] INFO  cn.yanque.common.aop.ControllerLogAspect [guid=6cb1dc14052444069e929eb4f3d6c7f2] - 接口开始: uri=/yq-admin/api/student/resume, httpMethod=GET, controller=StudentResumeController#get, args=[]
2026-07-21 20:47:10.112 [http-nio-8080-exec-7] INFO  cn.yanque.common.aop.ControllerLogAspect [guid=6cb1dc14052444069e929eb4f3d6c7f2] - 接口结束: uri=/yq-admin/api/student/resume, controller=StudentResumeController#get, cost=1ms, result={"code":200,"message":"success","data":{"studentId":12,"studentName":"去去去","objectKey":"homework/resume/2026/07/21/去去去/0b53f01b-d43f-4557-bfdd-d9be7782ab16-ee7555f4-6b04-4926-a4f7-6b18eaf6d2e5.docx","fileName":"ee7555f4-6b04-4926-a4f7-6b18eaf6d2e5.docx","fileSize":40444,"uploadedAt":"Tue Jul 21 20:33:40 CST 2026","parseStatus":"PROCESSING"}}
2026-07-21 20:47:13.109 [http-nio-8080-exec-5] INFO  cn.yanque.common.aop.ControllerLogAspect [guid=f6b4144716b94925b3008e1ceaf96f02] - 接口开始: uri=/yq-admin/api/student/resume, httpMethod=GET, controller=StudentResumeController#get, args=[]
2026-07-21 20:47:13.110 [http-nio-8080-exec-5] INFO  cn.yanque.common.aop.ControllerLogAspect [guid=f6b4144716b94925b3008e1ceaf96f02] - 接口结束: uri=/yq-admin/api/student/resume, controller=StudentResumeController#get, cost=1ms, result={"code":200,"message":"success","data":{"studentId":12,"studentName":"去去去","objectKey":"homework/resume/2026/07/21/去去去/0b53f01b-d43f-4557-bfdd-d9be7782ab16-ee7555f4-6b04-4926-a4f7-6b18eaf6d2e5.docx","fileName":"ee7555f4-6b04-4926-a4f7-6b18eaf6d2e5.docx","fileSize":40444,"uploadedAt":"Tue Jul 21 20:33:40 CST 2026","parseStatus":"PROCESSING"}}
2026-07-21 20:47:16.110 [http-nio-8080-exec-9] INFO  cn.yanque.common.aop.ControllerLogAspect [guid=05c7aa00fbb74231a5da96b186731abb] - 接口开始: uri=/yq-admin/api/student/resume, httpMethod=GET, controller=StudentResumeController#get, args=[]
2026-07-21 20:47:16.111 [http-nio-8080-exec-9] INFO  cn.yanque.common.aop.ControllerLogAspect [guid=05c7aa00fbb74231a5da96b186731abb] - 接口结束: uri=/yq-admin/api/student/resume, controller=StudentResumeController#get, cost=1ms, result={"code":200,"message":"success","data":{"studentId":12,"studentName":"去去去","objectKey":"homework/resume/2026/07/21/去去去/0b53f01b-d43f-4557-bfdd-d9be7782ab16-ee7555f4-6b04-4926-a4f7-6b18eaf6d2e5.docx","fileName":"ee7555f4-6b04-4926-a4f7-6b18eaf6d2e5.docx","fileSize":40444,"uploadedAt":"Tue Jul 21 20:33:40 CST 2026","parseStatus":"PROCESSING"}}
2026-07-21 20:47:19.115 [http-nio-8080-exec-10] INFO  cn.yanque.common.aop.ControllerLogAspect [guid=886803c2af014338a83c7838e86be6f0] - 接口开始: uri=/yq-admin/api/student/resume, httpMethod=GET, controller=StudentResumeController#get, args=[]
2026-07-21 20:47:19.116 [http-nio-8080-exec-10] INFO  cn.yanque.common.aop.ControllerLogAspect [guid=886803c2af014338a83c7838e86be6f0] - 接口结束: uri=/yq-admin/api/student/resume, controller=StudentResumeController#get, cost=1ms, result={"code":200,"message":"success","data":{"studentId":12,"studentName":"去去去","objectKey":"homework/resume/2026/07/21/去去去/0b53f01b-d43f-4557-bfdd-d9be7782ab16-ee7555f4-6b04-4926-a4f7-6b18eaf6d2e5.docx","fileName":"ee7555f4-6b04-4926-a4f7-6b18eaf6d2e5.docx","fileSize":40444,"uploadedAt":"Tue Jul 21 20:33:40 CST 2026","parseStatus":"PROCESSING"}}
[INFO] ------------------------------------------------------------------------
[INFO] BUILD FAILURE
[INFO] ------------------------------------------------------------------------
[INFO] Total time:  16:14 min
[INFO] Finished at: 2026-07-21T20:47:21+08:00
[INFO] ------------------------------------------------------------------------
[ERROR] Failed to execute goal org.springframework.boot:spring-boot-maven-plugin:3.2.0:run (default-cli) on project YanQue-Admin: Process terminated with exit code: -1 -> [Help 1]
[ERROR] 
[ERROR] To see the full stack trace of the errors, re-run Maven with the -e switch.
[ERROR] Re-run Maven using the -X switch to enable full debug logging.
[ERROR] 
[ERROR] For more information about the errors and possible solutions, please read the following articles:
[ERROR] [Help 1] http://cwiki.apache.org/confluence/display/MAVEN/MojoExecutionException
