[INFO] Scanning for projects...
[WARNING] 
[WARNING] Some problems were encountered while building the effective model for org.example:YanQue-Admin:jar:1.0-SNAPSHOT
[WARNING] 'dependencies.dependency.(groupId:artifactId:type:classifier)' must be unique: org.springdoc:springdoc-openapi-starter-webmvc-ui:jar -> duplicate declaration of version 2.1.0 @ line 102, column 17
[WARNING] 
[WARNING] It is highly recommended to fix these problems because they threaten the stability of your build.
[WARNING] 
[WARNING] For this reason, future Maven versions might no longer support building such malformed projects.
[WARNING] 
[INFO] 
[INFO] ----------------------< org.example:YanQue-Admin >----------------------
[INFO] Building YanQue-Admin 1.0-SNAPSHOT
[INFO]   from pom.xml
[INFO] --------------------------------[ jar ]---------------------------------
[INFO] 
[INFO] >>> spring-boot-maven-plugin:3.2.0:run (default-cli) > test-compile @ YanQue-Admin >>>
[INFO] 
[INFO] --- maven-resources-plugin:3.3.1:resources (default-resources) @ YanQue-Admin ---
[INFO] Copying 3 resources from src\main\resources to target\classes
[INFO] Copying 44 resources from src\main\resources to target\classes
[INFO] 
[INFO] --- maven-compiler-plugin:3.11.0:compile (default-compile) @ YanQue-Admin ---
[INFO] Nothing to compile - all classes are up to date
[INFO] 
[INFO] --- maven-resources-plugin:3.3.1:testResources (default-testResources) @ YanQue-Admin ---
[INFO] skip non existing resourceDirectory D:\Java\code\yq\YanQue-Admin\src\test\resources
[INFO] 
[INFO] --- maven-compiler-plugin:3.11.0:testCompile (default-testCompile) @ YanQue-Admin ---
[INFO] Nothing to compile - all classes are up to date
[INFO] 
[INFO] <<< spring-boot-maven-plugin:3.2.0:run (default-cli) < test-compile @ YanQue-Admin <<<
[INFO] 
[INFO] 
[INFO] --- spring-boot-maven-plugin:3.2.0:run (default-cli) @ YanQue-Admin ---
[INFO] Attaching agents: []

  .   ____          _            __ _ _
 /\\ / ___'_ __ _ _(_)_ __  __ _ \ \ \ \
( ( )\___ | '_ | '_| | '_ \/ _` | \ \ \ \
 \\/  ___)| |_)| | | | | || (_| |  ) ) ) )
  '  |____| .__|_| |_|_| |_\__, | / / / /
 =========|_|==============|___/=/_/_/_/
 :: Spring Boot ::                (v3.2.0)

2026-07-21 20:47:24.751 [background-preinit] INFO  org.hibernate.validator.internal.util.Version [guid=] - HV000001: Hibernate Validator 8.0.1.Final
2026-07-21 20:47:24.775 [main] INFO  cn.yanque.YanqueApplication [guid=] - Starting YanqueApplication using Java 17.0.17 with PID 42776 (D:\Java\code\yq\YanQue-Admin\target\classes started by q1571 in D:\Java\code\yq\YanQue-Admin)
2026-07-21 20:47:24.776 [main] INFO  cn.yanque.YanqueApplication [guid=] - The following 1 profile is active: "dev"
2026-07-21 20:47:25.335 [main] INFO  o.s.d.r.config.RepositoryConfigurationDelegate [guid=] - Multiple Spring Data modules found, entering strict repository configuration mode
2026-07-21 20:47:25.336 [main] INFO  o.s.d.r.config.RepositoryConfigurationDelegate [guid=] - Bootstrapping Spring Data Redis repositories in DEFAULT mode.
2026-07-21 20:47:25.377 [main] INFO  o.s.d.r.config.RepositoryConfigurationDelegate [guid=] - Finished Spring Data repository scanning in 32 ms. Found 0 Redis repository interfaces.
2026-07-21 20:47:25.958 [main] INFO  o.s.boot.web.embedded.tomcat.TomcatWebServer [guid=] - Tomcat initialized with port 8080 (http)
2026-07-21 20:47:25.966 [main] INFO  org.apache.coyote.http11.Http11NioProtocol [guid=] - Initializing ProtocolHandler ["http-nio-8080"]
2026-07-21 20:47:25.969 [main] INFO  org.apache.catalina.core.StandardService [guid=] - Starting service [Tomcat]
2026-07-21 20:47:25.969 [main] INFO  org.apache.catalina.core.StandardEngine [guid=] - Starting Servlet engine: [Apache Tomcat/10.1.16]
2026-07-21 20:47:26.032 [main] INFO  o.a.c.c.C.[Tomcat].[localhost].[/yq-admin] [guid=] - Initializing Spring embedded WebApplicationContext
2026-07-21 20:47:26.033 [main] INFO  o.s.b.w.s.c.ServletWebServerApplicationContext [guid=] - Root WebApplicationContext: initialization completed in 1233 ms
2026-07-21 20:47:27.283 [main] INFO  org.apache.coyote.http11.Http11NioProtocol [guid=] - Starting ProtocolHandler ["http-nio-8080"]
2026-07-21 20:47:27.311 [main] INFO  o.s.boot.web.embedded.tomcat.TomcatWebServer [guid=] - Tomcat started on port 8080 (http) with context path '/yq-admin'
2026-07-21 20:47:27.320 [main] INFO  cn.yanque.YanqueApplication [guid=] - Started YanqueApplication in 2.851 seconds (process running for 3.118)
2026-07-21 20:47:28.164 [http-nio-8080-exec-1] INFO  o.a.c.c.C.[Tomcat].[localhost].[/yq-admin] [guid=] - Initializing Spring DispatcherServlet 'dispatcherServlet'
2026-07-21 20:47:28.748 [http-nio-8080-exec-1] INFO  cn.yanque.common.aop.ControllerLogAspect [guid=fc91f43a45eb423fa1ffa06f9d16e628] - 接口开始: uri=/yq-admin/api/student/resume, httpMethod=GET, controller=StudentResumeController#get, args=[]
2026-07-21 20:47:28.755 [http-nio-8080-exec-1] INFO  cn.yanque.common.aop.ControllerLogAspect [guid=fc91f43a45eb423fa1ffa06f9d16e628] - 接口结束: uri=/yq-admin/api/student/resume, controller=StudentResumeController#get, cost=76ms, result={"code":200,"message":"success","data":{"studentId":12,"studentName":"去去去","objectKey":"homework/resume/2026/07/21/去去去/0b53f01b-d43f-4557-bfdd-d9be7782ab16-ee7555f4-6b04-4926-a4f7-6b18eaf6d2e5.docx","fileName":"ee7555f4-6b04-4926-a4f7-6b18eaf6d2e5.docx","fileSize":40444,"uploadedAt":"Tue Jul 21 20:33:40 CST 2026","parseStatus":"PROCESSING"}}
2026-07-21 20:47:31.120 [http-nio-8080-exec-2] INFO  cn.yanque.common.aop.ControllerLogAspect [guid=d1bda8422f784150852f6ada72a683c6] - 接口开始: uri=/yq-admin/api/student/resume, httpMethod=GET, controller=StudentResumeController#get, args=[]
2026-07-21 20:47:31.123 [http-nio-8080-exec-2] INFO  cn.yanque.common.aop.ControllerLogAspect [guid=d1bda8422f784150852f6ada72a683c6] - 接口结束: uri=/yq-admin/api/student/resume, controller=StudentResumeController#get, cost=2ms, result={"code":200,"message":"success","data":{"studentId":12,"studentName":"去去去","objectKey":"homework/resume/2026/07/21/去去去/0b53f01b-d43f-4557-bfdd-d9be7782ab16-ee7555f4-6b04-4926-a4f7-6b18eaf6d2e5.docx","fileName":"ee7555f4-6b04-4926-a4f7-6b18eaf6d2e5.docx","fileSize":40444,"uploadedAt":"Tue Jul 21 20:33:40 CST 2026","parseStatus":"PROCESSING"}}
2026-07-21 20:47:34.122 [http-nio-8080-exec-3] INFO  cn.yanque.common.aop.ControllerLogAspect [guid=e13fb9a3a5af4bc586d69a8169d3e24d] - 接口开始: uri=/yq-admin/api/student/resume, httpMethod=GET, controller=StudentResumeController#get, args=[]
2026-07-21 20:47:34.124 [http-nio-8080-exec-3] INFO  cn.yanque.common.aop.ControllerLogAspect [guid=e13fb9a3a5af4bc586d69a8169d3e24d] - 接口结束: uri=/yq-admin/api/student/resume, controller=StudentResumeController#get, cost=2ms, result={"code":200,"message":"success","data":{"studentId":12,"studentName":"去去去","objectKey":"homework/resume/2026/07/21/去去去/0b53f01b-d43f-4557-bfdd-d9be7782ab16-ee7555f4-6b04-4926-a4f7-6b18eaf6d2e5.docx","fileName":"ee7555f4-6b04-4926-a4f7-6b18eaf6d2e5.docx","fileSize":40444,"uploadedAt":"Tue Jul 21 20:33:40 CST 2026","parseStatus":"PROCESSING"}}
2026-07-21 20:47:37.123 [http-nio-8080-exec-4] INFO  cn.yanque.common.aop.ControllerLogAspect [guid=3e6d791487d040f199b67781d1926338] - 接口开始: uri=/yq-admin/api/student/resume, httpMethod=GET, controller=StudentResumeController#get, args=[]
2026-07-21 20:47:37.129 [http-nio-8080-exec-4] INFO  cn.yanque.common.aop.ControllerLogAspect [guid=3e6d791487d040f199b67781d1926338] - 接口结束: uri=/yq-admin/api/student/resume, controller=StudentResumeController#get, cost=6ms, result={"code":200,"message":"success","data":{"studentId":12,"studentName":"去去去","objectKey":"homework/resume/2026/07/21/去去去/0b53f01b-d43f-4557-bfdd-d9be7782ab16-ee7555f4-6b04-4926-a4f7-6b18eaf6d2e5.docx","fileName":"ee7555f4-6b04-4926-a4f7-6b18eaf6d2e5.docx","fileSize":40444,"uploadedAt":"Tue Jul 21 20:33:40 CST 2026","parseStatus":"PROCESSING"}}
2026-07-21 20:47:40.115 [http-nio-8080-exec-5] INFO  cn.yanque.common.aop.ControllerLogAspect [guid=5b92ecbbcf484b9eba18c94d765de320] - 接口开始: uri=/yq-admin/api/student/resume, httpMethod=GET, controller=StudentResumeController#get, args=[]
2026-07-21 20:47:40.117 [http-nio-8080-exec-5] INFO  cn.yanque.common.aop.ControllerLogAspect [guid=5b92ecbbcf484b9eba18c94d765de320] - 接口结束: uri=/yq-admin/api/student/resume, controller=StudentResumeController#get, cost=1ms, result={"code":200,"message":"success","data":{"studentId":12,"studentName":"去去去","objectKey":"homework/resume/2026/07/21/去去去/0b53f01b-d43f-4557-bfdd-d9be7782ab16-ee7555f4-6b04-4926-a4f7-6b18eaf6d2e5.docx","fileName":"ee7555f4-6b04-4926-a4f7-6b18eaf6d2e5.docx","fileSize":40444,"uploadedAt":"Tue Jul 21 20:33:40 CST 2026","parseStatus":"PROCESSING"}}
2026-07-21 20:47:43.123 [http-nio-8080-exec-6] INFO  cn.yanque.common.aop.ControllerLogAspect [guid=331fce3078574036a1144d062a536f3f] - 接口开始: uri=/yq-admin/api/student/resume, httpMethod=GET, controller=StudentResumeController#get, args=[]
2026-07-21 20:47:43.124 [http-nio-8080-exec-6] INFO  cn.yanque.common.aop.ControllerLogAspect [guid=331fce3078574036a1144d062a536f3f] - 接口结束: uri=/yq-admin/api/student/resume, controller=StudentResumeController#get, cost=1ms, result={"code":200,"message":"success","data":{"studentId":12,"studentName":"去去去","objectKey":"homework/resume/2026/07/21/去去去/0b53f01b-d43f-4557-bfdd-d9be7782ab16-ee7555f4-6b04-4926-a4f7-6b18eaf6d2e5.docx","fileName":"ee7555f4-6b04-4926-a4f7-6b18eaf6d2e5.docx","fileSize":40444,"uploadedAt":"Tue Jul 21 20:33:40 CST 2026","parseStatus":"PROCESSING"}}
2026-07-21 20:47:46.121 [http-nio-8080-exec-7] INFO  cn.yanque.common.aop.ControllerLogAspect [guid=314e3722e4f8423386ae260a981e872f] - 接口开始: uri=/yq-admin/api/student/resume, httpMethod=GET, controller=StudentResumeController#get, args=[]
2026-07-21 20:47:46.124 [http-nio-8080-exec-7] INFO  cn.yanque.common.aop.ControllerLogAspect [guid=314e3722e4f8423386ae260a981e872f] - 接口结束: uri=/yq-admin/api/student/resume, controller=StudentResumeController#get, cost=3ms, result={"code":200,"message":"success","data":{"studentId":12,"studentName":"去去去","objectKey":"homework/resume/2026/07/21/去去去/0b53f01b-d43f-4557-bfdd-d9be7782ab16-ee7555f4-6b04-4926-a4f7-6b18eaf6d2e5.docx","fileName":"ee7555f4-6b04-4926-a4f7-6b18eaf6d2e5.docx","fileSize":40444,"uploadedAt":"Tue Jul 21 20:33:40 CST 2026","parseStatus":"PROCESSING"}}
2026-07-21 20:47:48.512 [http-nio-8080-exec-9] INFO  cn.yanque.common.aop.ControllerLogAspect [guid=e016d0293607496e97256303718934ff] - 接口开始: uri=/yq-admin/api/student/pay/required-order, httpMethod=GET, controller=StudentPayController#requiredOrder, args=[]
2026-07-21 20:47:48.516 [http-nio-8080-exec-9] INFO  cn.yanque.common.aop.ControllerLogAspect [guid=e016d0293607496e97256303718934ff] - 接口结束: uri=/yq-admin/api/student/pay/required-order, controller=StudentPayController#requiredOrder, cost=4ms, result={"code":200,"message":"success"}
2026-07-21 20:47:48.518 [http-nio-8080-exec-8] INFO  cn.yanque.common.aop.ControllerLogAspect [guid=f5b8058b0b72461e92ea697fcb018108] - 接口开始: uri=/yq-admin/api/student/mock-interview/profile, httpMethod=GET, controller=StudentMockInterviewController#getProfile, args=[{"name":"studentId","value":12}]
2026-07-21 20:47:48.607 [http-nio-8080-exec-8] ERROR cn.yanque.common.exception.GlobalExceptionHandler [guid=f5b8058b0b72461e92ea697fcb018108] - 系统异常
org.springframework.jdbc.BadSqlGrammarException: 
### Error querying database.  Cause: java.sql.SQLSyntaxErrorException: Unknown column 'resume_object_key' in 'field list'
### The error may exist in file [D:\Java\code\yq\YanQue-Admin\target\classes\mapper\MockInterviewSessionMapper.xml]
### The error may involve defaultParameterMap
### The error occurred while setting parameters
### SQL: select           id, student_id, resume_object_key, resume_file_name, resume_text_snapshot,         profile_json, profile_status, profile_error_message, profile_generated_at,         voice_session_id, status, started_at, finished_at, created_at, updated_at               from mock_interview_session         where student_id = ?         order by id desc         limit 1
### Cause: java.sql.SQLSyntaxErrorException: Unknown column 'resume_object_key' in 'field list'
; bad SQL grammar []
	at org.springframework.jdbc.support.SQLErrorCodeSQLExceptionTranslator.doTranslate(SQLErrorCodeSQLExceptionTranslator.java:246)
	at org.springframework.jdbc.support.AbstractFallbackSQLExceptionTranslator.translate(AbstractFallbackSQLExceptionTranslator.java:107)
	at org.mybatis.spring.MyBatisExceptionTranslator.translateExceptionIfPossible(MyBatisExceptionTranslator.java:92)
	at org.mybatis.spring.SqlSessionTemplate$SqlSessionInterceptor.invoke(SqlSessionTemplate.java:439)
	at jdk.proxy2/jdk.proxy2.$Proxy88.selectOne(Unknown Source)
	at org.mybatis.spring.SqlSessionTemplate.selectOne(SqlSessionTemplate.java:160)
	at org.apache.ibatis.binding.MapperMethod.execute(MapperMethod.java:87)
	at org.apache.ibatis.binding.MapperProxy$PlainMethodInvoker.invoke(MapperProxy.java:141)
	at org.apache.ibatis.binding.MapperProxy.invoke(MapperProxy.java:86)
	at jdk.proxy2/jdk.proxy2.$Proxy99.selectLatestByStudentId(Unknown Source)
	at cn.yanque.models.studentFront.service.impl.StudentMockInterviewServiceImpl.getProfile(StudentMockInterviewServiceImpl.java:59)
	at java.base/jdk.internal.reflect.NativeMethodAccessorImpl.invoke0(Native Method)
	at java.base/jdk.internal.reflect.NativeMethodAccessorImpl.invoke(NativeMethodAccessorImpl.java:77)
	at java.base/jdk.internal.reflect.DelegatingMethodAccessorImpl.invoke(DelegatingMethodAccessorImpl.java:43)
	at java.base/java.lang.reflect.Method.invoke(Method.java:569)
	at org.springframework.aop.support.AopUtils.invokeJoinpointUsingReflection(AopUtils.java:352)
	at org.springframework.aop.framework.CglibAopProxy$DynamicAdvisedInterceptor.intercept(CglibAopProxy.java:713)
	at cn.yanque.models.studentFront.service.impl.StudentMockInterviewServiceImpl$$SpringCGLIB$$0.getProfile(<generated>)
	at cn.yanque.models.studentFront.controller.StudentMockInterviewController.getProfile(StudentMockInterviewController.java:33)
	at java.base/jdk.internal.reflect.NativeMethodAccessorImpl.invoke0(Native Method)
	at java.base/jdk.internal.reflect.NativeMethodAccessorImpl.invoke(NativeMethodAccessorImpl.java:77)
	at java.base/jdk.internal.reflect.DelegatingMethodAccessorImpl.invoke(DelegatingMethodAccessorImpl.java:43)
	at java.base/java.lang.reflect.Method.invoke(Method.java:569)
	at org.springframework.aop.support.AopUtils.invokeJoinpointUsingReflection(AopUtils.java:352)
	at org.springframework.aop.framework.ReflectiveMethodInvocation.invokeJoinpoint(ReflectiveMethodInvocation.java:196)
	at org.springframework.aop.framework.ReflectiveMethodInvocation.proceed(ReflectiveMethodInvocation.java:163)
	at org.springframework.aop.framework.CglibAopProxy$CglibMethodInvocation.proceed(CglibAopProxy.java:765)
	at org.springframework.aop.aspectj.MethodInvocationProceedingJoinPoint.proceed(MethodInvocationProceedingJoinPoint.java:89)
	at cn.yanque.common.aop.ControllerLogAspect.logController(ControllerLogAspect.java:57)
	at java.base/jdk.internal.reflect.NativeMethodAccessorImpl.invoke0(Native Method)
	at java.base/jdk.internal.reflect.NativeMethodAccessorImpl.invoke(NativeMethodAccessorImpl.java:77)
	at java.base/jdk.internal.reflect.DelegatingMethodAccessorImpl.invoke(DelegatingMethodAccessorImpl.java:43)
	at java.base/java.lang.reflect.Method.invoke(Method.java:569)
	at org.springframework.aop.aspectj.AbstractAspectJAdvice.invokeAdviceMethodWithGivenArgs(AbstractAspectJAdvice.java:637)
	at org.springframework.aop.aspectj.AbstractAspectJAdvice.invokeAdviceMethod(AbstractAspectJAdvice.java:627)
	at org.springframework.aop.aspectj.AspectJAroundAdvice.invoke(AspectJAroundAdvice.java:71)
	at org.springframework.aop.framework.ReflectiveMethodInvocation.proceed(ReflectiveMethodInvocation.java:184)
	at org.springframework.aop.framework.CglibAopProxy$CglibMethodInvocation.proceed(CglibAopProxy.java:765)
	at org.springframework.aop.interceptor.ExposeInvocationInterceptor.invoke(ExposeInvocationInterceptor.java:97)
	at org.springframework.aop.framework.ReflectiveMethodInvocation.proceed(ReflectiveMethodInvocation.java:184)
	at org.springframework.aop.framework.CglibAopProxy$CglibMethodInvocation.proceed(CglibAopProxy.java:765)
	at org.springframework.aop.framework.CglibAopProxy$DynamicAdvisedInterceptor.intercept(CglibAopProxy.java:717)
	at cn.yanque.models.studentFront.controller.StudentMockInterviewController$$SpringCGLIB$$0.getProfile(<generated>)
	at java.base/jdk.internal.reflect.NativeMethodAccessorImpl.invoke0(Native Method)
	at java.base/jdk.internal.reflect.NativeMethodAccessorImpl.invoke(NativeMethodAccessorImpl.java:77)
	at java.base/jdk.internal.reflect.DelegatingMethodAccessorImpl.invoke(DelegatingMethodAccessorImpl.java:43)
	at java.base/java.lang.reflect.Method.invoke(Method.java:569)
	at org.springframework.web.method.support.InvocableHandlerMethod.doInvoke(InvocableHandlerMethod.java:254)
	at org.springframework.web.method.support.InvocableHandlerMethod.invokeForRequest(InvocableHandlerMethod.java:182)
	at org.springframework.web.servlet.mvc.method.annotation.ServletInvocableHandlerMethod.invokeAndHandle(ServletInvocableHandlerMethod.java:118)
	at org.springframework.web.servlet.mvc.method.annotation.RequestMappingHandlerAdapter.invokeHandlerMethod(RequestMappingHandlerAdapter.java:917)
	at org.springframework.web.servlet.mvc.method.annotation.RequestMappingHandlerAdapter.handleInternal(RequestMappingHandlerAdapter.java:829)
	at org.springframework.web.servlet.mvc.method.AbstractHandlerMethodAdapter.handle(AbstractHandlerMethodAdapter.java:87)
	at org.springframework.web.servlet.DispatcherServlet.doDispatch(DispatcherServlet.java:1089)
	at org.springframework.web.servlet.DispatcherServlet.doService(DispatcherServlet.java:979)
	at org.springframework.web.servlet.FrameworkServlet.processRequest(FrameworkServlet.java:1014)
	at org.springframework.web.servlet.FrameworkServlet.doGet(FrameworkServlet.java:903)
	at jakarta.servlet.http.HttpServlet.service(HttpServlet.java:564)
	at org.springframework.web.servlet.FrameworkServlet.service(FrameworkServlet.java:885)
	at jakarta.servlet.http.HttpServlet.service(HttpServlet.java:658)
	at org.apache.catalina.core.ApplicationFilterChain.internalDoFilter(ApplicationFilterChain.java:205)
	at org.apache.catalina.core.ApplicationFilterChain.doFilter(ApplicationFilterChain.java:149)
	at org.apache.tomcat.websocket.server.WsFilter.doFilter(WsFilter.java:51)
	at org.apache.catalina.core.ApplicationFilterChain.internalDoFilter(ApplicationFilterChain.java:174)
	at org.apache.catalina.core.ApplicationFilterChain.doFilter(ApplicationFilterChain.java:149)
	at org.springframework.web.filter.RequestContextFilter.doFilterInternal(RequestContextFilter.java:100)
	at org.springframework.web.filter.OncePerRequestFilter.doFilter(OncePerRequestFilter.java:116)
	at org.apache.catalina.core.ApplicationFilterChain.internalDoFilter(ApplicationFilterChain.java:174)
	at org.apache.catalina.core.ApplicationFilterChain.doFilter(ApplicationFilterChain.java:149)
	at org.springframework.web.filter.FormContentFilter.doFilterInternal(FormContentFilter.java:93)
	at org.springframework.web.filter.OncePerRequestFilter.doFilter(OncePerRequestFilter.java:116)
	at org.apache.catalina.core.ApplicationFilterChain.internalDoFilter(ApplicationFilterChain.java:174)
	at org.apache.catalina.core.ApplicationFilterChain.doFilter(ApplicationFilterChain.java:149)
	at org.springframework.web.filter.CharacterEncodingFilter.doFilterInternal(CharacterEncodingFilter.java:201)
	at org.springframework.web.filter.OncePerRequestFilter.doFilter(OncePerRequestFilter.java:116)
	at org.apache.catalina.core.ApplicationFilterChain.internalDoFilter(ApplicationFilterChain.java:174)
	at org.apache.catalina.core.ApplicationFilterChain.doFilter(ApplicationFilterChain.java:149)
	at cn.yanque.config.RequestGuidFilter.doFilterInternal(RequestGuidFilter.java:37)
	at org.springframework.web.filter.OncePerRequestFilter.doFilter(OncePerRequestFilter.java:116)
	at org.apache.catalina.core.ApplicationFilterChain.internalDoFilter(ApplicationFilterChain.java:174)
	at org.apache.catalina.core.ApplicationFilterChain.doFilter(ApplicationFilterChain.java:149)
	at org.apache.catalina.core.StandardWrapperValve.invoke(StandardWrapperValve.java:167)
	at org.apache.catalina.core.StandardContextValve.invoke(StandardContextValve.java:90)
	at org.apache.catalina.authenticator.AuthenticatorBase.invoke(AuthenticatorBase.java:482)
	at org.apache.catalina.core.StandardHostValve.invoke(StandardHostValve.java:115)
	at org.apache.catalina.valves.ErrorReportValve.invoke(ErrorReportValve.java:93)
	at org.apache.catalina.core.StandardEngineValve.invoke(StandardEngineValve.java:74)
	at org.apache.catalina.connector.CoyoteAdapter.service(CoyoteAdapter.java:340)
	at org.apache.coyote.http11.Http11Processor.service(Http11Processor.java:391)
	at org.apache.coyote.AbstractProcessorLight.process(AbstractProcessorLight.java:63)
	at org.apache.coyote.AbstractProtocol$ConnectionHandler.process(AbstractProtocol.java:896)
	at org.apache.tomcat.util.net.NioEndpoint$SocketProcessor.doRun(NioEndpoint.java:1744)
	at org.apache.tomcat.util.net.SocketProcessorBase.run(SocketProcessorBase.java:52)
	at org.apache.tomcat.util.threads.ThreadPoolExecutor.runWorker(ThreadPoolExecutor.java:1191)
	at org.apache.tomcat.util.threads.ThreadPoolExecutor$Worker.run(ThreadPoolExecutor.java:659)
	at org.apache.tomcat.util.threads.TaskThread$WrappingRunnable.run(TaskThread.java:61)
	at java.base/java.lang.Thread.run(Thread.java:840)
Caused by: java.sql.SQLSyntaxErrorException: Unknown column 'resume_object_key' in 'field list'
	at com.mysql.cj.jdbc.exceptions.SQLError.createSQLException(SQLError.java:121)
	at com.mysql.cj.jdbc.exceptions.SQLExceptionsMapping.translateException(SQLExceptionsMapping.java:122)
	at com.mysql.cj.jdbc.ClientPreparedStatement.executeInternal(ClientPreparedStatement.java:916)
	at com.mysql.cj.jdbc.ClientPreparedStatement.execute(ClientPreparedStatement.java:354)
	at com.zaxxer.hikari.pool.ProxyPreparedStatement.execute(ProxyPreparedStatement.java:44)
	at com.zaxxer.hikari.pool.HikariProxyPreparedStatement.execute(HikariProxyPreparedStatement.java)
	at org.apache.ibatis.executor.statement.PreparedStatementHandler.query(PreparedStatementHandler.java:65)
	at org.apache.ibatis.executor.statement.RoutingStatementHandler.query(RoutingStatementHandler.java:80)
	at org.apache.ibatis.executor.SimpleExecutor.doQuery(SimpleExecutor.java:65)
	at org.apache.ibatis.executor.BaseExecutor.queryFromDatabase(BaseExecutor.java:336)
	at org.apache.ibatis.executor.BaseExecutor.query(BaseExecutor.java:158)
	at org.apache.ibatis.executor.CachingExecutor.query(CachingExecutor.java:110)
	at com.github.pagehelper.PageInterceptor.intercept(PageInterceptor.java:169)
	at org.apache.ibatis.plugin.Plugin.invoke(Plugin.java:59)
	at jdk.proxy2/jdk.proxy2.$Proxy157.query(Unknown Source)
	at org.apache.ibatis.session.defaults.DefaultSqlSession.selectList(DefaultSqlSession.java:154)
	at org.apache.ibatis.session.defaults.DefaultSqlSession.selectList(DefaultSqlSession.java:147)
	at org.apache.ibatis.session.defaults.DefaultSqlSession.selectList(DefaultSqlSession.java:142)
	at org.apache.ibatis.session.defaults.DefaultSqlSession.selectOne(DefaultSqlSession.java:75)
	at java.base/jdk.internal.reflect.NativeMethodAccessorImpl.invoke0(Native Method)
	at java.base/jdk.internal.reflect.NativeMethodAccessorImpl.invoke(NativeMethodAccessorImpl.java:77)
	at java.base/jdk.internal.reflect.DelegatingMethodAccessorImpl.invoke(DelegatingMethodAccessorImpl.java:43)
	at java.base/java.lang.reflect.Method.invoke(Method.java:569)
	at org.mybatis.spring.SqlSessionTemplate$SqlSessionInterceptor.invoke(SqlSessionTemplate.java:425)
	... 93 common frames omitted
2026-07-21 20:47:54.581 [http-nio-8080-exec-1] INFO  cn.yanque.common.aop.ControllerLogAspect [guid=fd2357587919458983abc11e0c07c4c0] - 接口开始: uri=/yq-admin/api/student/pay/required-order, httpMethod=GET, controller=StudentPayController#requiredOrder, args=[]
2026-07-21 20:47:54.581 [http-nio-8080-exec-10] INFO  cn.yanque.common.aop.ControllerLogAspect [guid=be303f6ec6d64e228767cd8fc08a30fe] - 接口开始: uri=/yq-admin/api/student/profile, httpMethod=GET, controller=StudentProfileController#getProfile, args=[]
2026-07-21 20:47:54.585 [http-nio-8080-exec-1] INFO  cn.yanque.common.aop.ControllerLogAspect [guid=fd2357587919458983abc11e0c07c4c0] - 接口结束: uri=/yq-admin/api/student/pay/required-order, controller=StudentPayController#requiredOrder, cost=4ms, result={"code":200,"message":"success"}
2026-07-21 20:47:54.588 [http-nio-8080-exec-10] INFO  cn.yanque.common.aop.ControllerLogAspect [guid=be303f6ec6d64e228767cd8fc08a30fe] - 接口结束: uri=/yq-admin/api/student/profile, controller=StudentProfileController#getProfile, cost=7ms, result={"code":200,"message":"success","data":{"id":12,"studentCode":"XS20260527544266","studentName":"去去去","phone":"11111111111","school":"1","education":"22","studyMode":"ONLINE","classId":5,"classTerm":1,"className":"第1期","courseId":2,"courseName":"JAVA+AI","joinTime":"Sat Jun 27 08:00:00 CST 2026"}}
2026-07-21 20:47:55.244 [http-nio-8080-exec-3] INFO  cn.yanque.common.aop.ControllerLogAspect [guid=b6da99cae57e48249d73a9638c4f2fc3] - 接口开始: uri=/yq-admin/api/student/pay/required-order, httpMethod=GET, controller=StudentPayController#requiredOrder, args=[]
2026-07-21 20:47:55.248 [http-nio-8080-exec-3] INFO  cn.yanque.common.aop.ControllerLogAspect [guid=b6da99cae57e48249d73a9638c4f2fc3] - 接口结束: uri=/yq-admin/api/student/pay/required-order, controller=StudentPayController#requiredOrder, cost=4ms, result={"code":200,"message":"success"}
2026-07-21 20:47:55.249 [http-nio-8080-exec-2] INFO  cn.yanque.common.aop.ControllerLogAspect [guid=9bc5c0ecdc1e4bd7b0625b288de222bb] - 接口开始: uri=/yq-admin/api/student/interview-reviews, httpMethod=GET, controller=StudentInterviewReviewController#page, args=[{"name":"req","value":{"pageNum":1,"pageSize":50}}]
2026-07-21 20:47:55.310 [http-nio-8080-exec-2] INFO  cn.yanque.common.aop.ControllerLogAspect [guid=9bc5c0ecdc1e4bd7b0625b288de222bb] - 接口结束: uri=/yq-admin/api/student/interview-reviews, controller=StudentInterviewReviewController#page, cost=60ms, result={"code":200,"message":"success","data":{"total":2,"pageNum":1,"pageSize":50,"records":[{"id":2,"studentId":12,"studentName":"去去去","studentCode":"XS20260527544266","interviewTime":"Sat Jul 18 16:29:47 CST 2026","audioObjectKey":"homework/interview-review/2026/07/18/去去去/8e6fb56b-fb81-45fe-9f31-2884f4b2b854-面试.m4a","audioFileName":"面试.m4a","audioFileSize":27745126,"status":"DONE","transcriptDialogueJson":"[{\"speaker\":\"面试官\",\"text\":\"喂喂喂，你好你好。\"},{\"speaker\":\"学生\",\"text\":\"嗯哎，可以听到吧？\"},{\"speaker\":\"面试官\",\"text\":\"可以听到可以听到。\"},{\"speaker\":\"面试官\",\"text\":\"喂可以听到吧？\"},{\"speaker\":\"学生\",\"text\":\"可以可以可以。\"},{\"speaker\":\"面试官\",\"text\":\"啊，行。我是本轮的面试官，我叫焦玉龙。然后本轮主要是个技术面，就你简历上写的一些过往，我们做一个简单面试。行，那你简单介绍一下自己，我们就开始。\"},{\"speaker\":\"学生\",\"text\":\"好的，我叫胡云涛，24年毕业。毕业之后我就一直在这家公司工作，公司主要是做SaaS供应链开发的，主要涉及跨境电商方向，包括仓储、订单、物流、供应商管理等模块，我主要负责仓储模块。后面我们进行了Agent转型，做了一个智能问答助手，包括基于RAG知识库的问答和智能分析功能。\"},{\"speaker\":\"面试官\",\"text\":\"你们的RAG是怎么做的？\"},{\"speaker\":\"学生\",\"text\":\"我们的RAG分为离线链路和在线链路。离线链路主要做数据筛选：普通文本直接抽取；结构化PDF用OCR提取；表格不存入向量库，而是作为结构化数据存入关系型数据库。之后进行数据清洗与脱敏，再按标题、段落语义及标点符号切分，并做重叠切分以保证语义完整性。切分后使用Embedding模型——普通文本用文本模型，多模态数据用千问2.5-VL模型——生成向量存入向量库，并保存文档来源、版本号等元数据，方便检索。在线链路先对用户问题做快读改写，识别为标准问题后进行意图识别，再路由：若是知识库问答则走RAG检索；若是查询MySQL等关系数据库，则调用后端暴露的接口执行QueryPlan，Agent只负责生成结构化的思考语句，实际执行由后端完成。\"},{\"speaker\":\"面试官\",\"text\":\"你们的上下文会话管理怎么做的？\"},{\"speaker\":\"学生\",\"text\":\"主要分为状态和记忆两部分。状态编排用LangGraph实现；记忆分为短期记忆（工作记忆）和长期记忆：短期记忆用滑动窗口管理，长期记忆对过往对话做压缩摘要。同时保留用户偏好和人物画像，用结构化插槽处理。\"},{\"speaker\":\"面试官\",\"text\":\"你所涉及的提示词有哪些？就在这个项目里面。\"},{\"speaker\":\"学生\",\"text\":\"包括系统提示词、AI回答提示词和用户提示词。我们不会把提示词写得太长，而是职责单一化、标准化，并强调边界感——之前提示词过长繁杂时，效果反而不精准。\"},{\"speaker\":\"面试官\",\"text\":\"就是对接大模型最容易出现幻觉问题，你们针对这些幻觉做过哪些优化？\"},{\"speaker\":\"学生\",\"text\":\"一是RAG检索时，在向量库中为每条文本附上来源、版本号、生效时间等metadata，防止幻觉；二是在Agent编排中加入置信度分析，若置信度不足则不输出，或引导用户补充信息后重试，直到达到设定阈值；三是将temperature设置为较标准值。\"},{\"speaker\":\"面试官\",\"text\":\"你们对接的是哪个模型？\"},{\"speaker\":\"学生\",\"text\":\"主要是千问。\"},{\"speaker\":\"面试官\",\"text\":\"我理解你们是把传统SaaS系统里一些公共模块封装成Agent，供智能助手里调用，是这个意思吧？\"},{\"speaker\":\"学生\",\"text\":\"主要是知识问答和数据库查询，相当于把接口封装成Tool和Skill。\"},{\"speaker\":\"面试官\",\"text\":\"那你们是直接暴露接口，还是告诉模型表名让它自己编写SQL去查询呢？\"},{\"speaker\":\"学生\",\"text\":\"我们暴露接口，封装成Skill，遵循MCP规范。\"},{\"speaker\":\"面试官\",\"text\":\"那接口里会涉及权限相关吗？\"},{\"speaker\":\"学生\",\"text\":\"有。权限校验在后端服务层完成，通过后再进入Agent层。敏感数据在进入Agent前被替换为占位符；Agent生成结构化输出（如QueryPlan）时仅含占位符，不包含真实信息；后续调用前再经后端Validate校验，拼接安全上下文，校验占位符合法性、用户ID、租户ID及操作是否在权限范围内。\"},{\"speaker\":\"面试官\",\"text\":\"比如用户直接口语化提问‘苹果’，你们内部流程会怎么流转？会检索哪些内容？封装的Agent哪些优先检索？最终答案如何组合？\"},{\"speaker\":\"学生\",\"text\":\"我们采用关键词与向量库混合检索，既保证语义相似度，又保障相关性。还会对回答做准确性、上下文召回率、Recall@K等指标判断，达标后才最终输出。\"},{\"speaker\":\"面试官\",\"text\":\"我看你们也对接了WMS，比如WMS接口能查苹果相关信息，你们会调用这个Agent并结合RAG结果返回吗？\"},{\"speaker\":\"学生\",\"text\":\"对，我们会做Agent编排，将RAG检索与Agent调用结合。如果只走RAG不调用Agent，回答可能不够准确。\"},{\"speaker\":\"面试官\",\"text\":\"你们的Graph编排是用原生框架吗？\"},{\"speaker\":\"学生\",\"text\":\"做了些优化，但相关优化不是我负责，因为比较复杂。\"},{\"speaker\":\"面试官\",\"text\":\"你了解LangGraph吗？\"},{\"speaker\":\"学生\",\"text\":\"了解，它分为节点、边和状态。\"},{\"speaker\":\"面试官\",\"text\":\"你们这个项目基本是用Python写的吧？\"},{\"speaker\":\"学生\",\"text\":\"对，Agent部分全部用Python；数据库查询部分用SpringCloud框架。\"},{\"speaker\":\"面试官\",\"text\":\"我看你之前应该是写Java的吧？\"},{\"speaker\":\"学生\",\"text\":\"嗯，对。\"},{\"speaker\":\"面试官\",\"text\":\"你在做这个项目时，碰到过哪些令你印象深刻的难点吗？\"},{\"speaker\":\"学生\",\"text\":\"有。最开始退货政策从15天改为7天无理由退货，但模型始终回复15天。后来发现是因为没加版本和生效时间——旧数据因召回次数高权重更大。加上生效时间与版本权重后，最新入库数据权重最高，问题解决。另一个难点是工具职责混乱：早期Skill增多后调用混乱、准确率下降，后来我们明确每个工具的职责和边界，才改善效果。\"},{\"speaker\":\"面试官\",\"text\":\"扣子、Dify、N8N你有了解过吗？\"},{\"speaker\":\"学生\",\"text\":\"扣子了解，是一种编排平台，类似LangGraph；Dify也了解；N8N不太熟悉。\"},{\"speaker\":\"面试官\",\"text\":\"你觉得扣子和Dify的区别是什么？\"},{\"speaker\":\"学生\",\"text\":\"这个确实不太了解。\"},{\"speaker\":\"面试官\",\"text\":\"你能介绍一下你理解的线程安全和线程不安全吗？\"},{\"speaker\":\"学生\",\"text\":\"线程安全指多个线程操作同一块数据时，不会出现不一致情况，需保证可见性、原子性和有序性。我们主要通过锁（如synchronized、ReentrantLock）和volatile实现——volatile只保证可见性和有序性，不保证原子性，所以一般用锁。\"},{\"speaker\...(truncated)
2026-07-21 20:47:55.971 [http-nio-8080-exec-5] INFO  cn.yanque.common.aop.ControllerLogAspect [guid=65521de097d4478ba742e7fba14fdcb6] - 接口开始: uri=/yq-admin/api/student/pay/required-order, httpMethod=GET, controller=StudentPayController#requiredOrder, args=[]
2026-07-21 20:47:55.971 [http-nio-8080-exec-4] INFO  cn.yanque.common.aop.ControllerLogAspect [guid=8a992d31624147b0b52ebe85c3018c37] - 接口开始: uri=/yq-admin/api/student/mock-interview/profile, httpMethod=GET, controller=StudentMockInterviewController#getProfile, args=[{"name":"studentId","value":12}]
2026-07-21 20:47:55.974 [http-nio-8080-exec-5] INFO  cn.yanque.common.aop.ControllerLogAspect [guid=65521de097d4478ba742e7fba14fdcb6] - 接口结束: uri=/yq-admin/api/student/pay/required-order, controller=StudentPayController#requiredOrder, cost=3ms, result={"code":200,"message":"success"}
2026-07-21 20:47:55.974 [http-nio-8080-exec-4] ERROR cn.yanque.common.exception.GlobalExceptionHandler [guid=8a992d31624147b0b52ebe85c3018c37] - 系统异常
org.springframework.jdbc.BadSqlGrammarException: 
### Error querying database.  Cause: java.sql.SQLSyntaxErrorException: Unknown column 'resume_object_key' in 'field list'
### The error may exist in file [D:\Java\code\yq\YanQue-Admin\target\classes\mapper\MockInterviewSessionMapper.xml]
### The error may involve defaultParameterMap
### The error occurred while setting parameters
### SQL: select           id, student_id, resume_object_key, resume_file_name, resume_text_snapshot,         profile_json, profile_status, profile_error_message, profile_generated_at,         voice_session_id, status, started_at, finished_at, created_at, updated_at               from mock_interview_session         where student_id = ?         order by id desc         limit 1
### Cause: java.sql.SQLSyntaxErrorException: Unknown column 'resume_object_key' in 'field list'
; bad SQL grammar []
	at org.springframework.jdbc.support.SQLErrorCodeSQLExceptionTranslator.doTranslate(SQLErrorCodeSQLExceptionTranslator.java:246)
	at org.springframework.jdbc.support.AbstractFallbackSQLExceptionTranslator.translate(AbstractFallbackSQLExceptionTranslator.java:107)
	at org.mybatis.spring.MyBatisExceptionTranslator.translateExceptionIfPossible(MyBatisExceptionTranslator.java:92)
	at org.mybatis.spring.SqlSessionTemplate$SqlSessionInterceptor.invoke(SqlSessionTemplate.java:439)
	at jdk.proxy2/jdk.proxy2.$Proxy88.selectOne(Unknown Source)
	at org.mybatis.spring.SqlSessionTemplate.selectOne(SqlSessionTemplate.java:160)
	at org.apache.ibatis.binding.MapperMethod.execute(MapperMethod.java:87)
	at org.apache.ibatis.binding.MapperProxy$PlainMethodInvoker.invoke(MapperProxy.java:141)
	at org.apache.ibatis.binding.MapperProxy.invoke(MapperProxy.java:86)
	at jdk.proxy2/jdk.proxy2.$Proxy99.selectLatestByStudentId(Unknown Source)
	at cn.yanque.models.studentFront.service.impl.StudentMockInterviewServiceImpl.getProfile(StudentMockInterviewServiceImpl.java:59)
	at java.base/jdk.internal.reflect.NativeMethodAccessorImpl.invoke0(Native Method)
	at java.base/jdk.internal.reflect.NativeMethodAccessorImpl.invoke(NativeMethodAccessorImpl.java:77)
	at java.base/jdk.internal.reflect.DelegatingMethodAccessorImpl.invoke(DelegatingMethodAccessorImpl.java:43)
	at java.base/java.lang.reflect.Method.invoke(Method.java:569)
	at org.springframework.aop.support.AopUtils.invokeJoinpointUsingReflection(AopUtils.java:352)
	at org.springframework.aop.framework.CglibAopProxy$DynamicAdvisedInterceptor.intercept(CglibAopProxy.java:713)
	at cn.yanque.models.studentFront.service.impl.StudentMockInterviewServiceImpl$$SpringCGLIB$$0.getProfile(<generated>)
	at cn.yanque.models.studentFront.controller.StudentMockInterviewController.getProfile(StudentMockInterviewController.java:33)
	at java.base/jdk.internal.reflect.NativeMethodAccessorImpl.invoke0(Native Method)
	at java.base/jdk.internal.reflect.NativeMethodAccessorImpl.invoke(NativeMethodAccessorImpl.java:77)
	at java.base/jdk.internal.reflect.DelegatingMethodAccessorImpl.invoke(DelegatingMethodAccessorImpl.java:43)
	at java.base/java.lang.reflect.Method.invoke(Method.java:569)
	at org.springframework.aop.support.AopUtils.invokeJoinpointUsingReflection(AopUtils.java:352)
	at org.springframework.aop.framework.ReflectiveMethodInvocation.invokeJoinpoint(ReflectiveMethodInvocation.java:196)
	at org.springframework.aop.framework.ReflectiveMethodInvocation.proceed(ReflectiveMethodInvocation.java:163)
	at org.springframework.aop.framework.CglibAopProxy$CglibMethodInvocation.proceed(CglibAopProxy.java:765)
	at org.springframework.aop.aspectj.MethodInvocationProceedingJoinPoint.proceed(MethodInvocationProceedingJoinPoint.java:89)
	at cn.yanque.common.aop.ControllerLogAspect.logController(ControllerLogAspect.java:57)
	at java.base/jdk.internal.reflect.NativeMethodAccessorImpl.invoke0(Native Method)
	at java.base/jdk.internal.reflect.NativeMethodAccessorImpl.invoke(NativeMethodAccessorImpl.java:77)
	at java.base/jdk.internal.reflect.DelegatingMethodAccessorImpl.invoke(DelegatingMethodAccessorImpl.java:43)
	at java.base/java.lang.reflect.Method.invoke(Method.java:569)
	at org.springframework.aop.aspectj.AbstractAspectJAdvice.invokeAdviceMethodWithGivenArgs(AbstractAspectJAdvice.java:637)
	at org.springframework.aop.aspectj.AbstractAspectJAdvice.invokeAdviceMethod(AbstractAspectJAdvice.java:627)
	at org.springframework.aop.aspectj.AspectJAroundAdvice.invoke(AspectJAroundAdvice.java:71)
	at org.springframework.aop.framework.ReflectiveMethodInvocation.proceed(ReflectiveMethodInvocation.java:184)
	at org.springframework.aop.framework.CglibAopProxy$CglibMethodInvocation.proceed(CglibAopProxy.java:765)
	at org.springframework.aop.interceptor.ExposeInvocationInterceptor.invoke(ExposeInvocationInterceptor.java:97)
	at org.springframework.aop.framework.ReflectiveMethodInvocation.proceed(ReflectiveMethodInvocation.java:184)
	at org.springframework.aop.framework.CglibAopProxy$CglibMethodInvocation.proceed(CglibAopProxy.java:765)
	at org.springframework.aop.framework.CglibAopProxy$DynamicAdvisedInterceptor.intercept(CglibAopProxy.java:717)
	at cn.yanque.models.studentFront.controller.StudentMockInterviewController$$SpringCGLIB$$0.getProfile(<generated>)
	at java.base/jdk.internal.reflect.NativeMethodAccessorImpl.invoke0(Native Method)
	at java.base/jdk.internal.reflect.NativeMethodAccessorImpl.invoke(NativeMethodAccessorImpl.java:77)
	at java.base/jdk.internal.reflect.DelegatingMethodAccessorImpl.invoke(DelegatingMethodAccessorImpl.java:43)
	at java.base/java.lang.reflect.Method.invoke(Method.java:569)
	at org.springframework.web.method.support.InvocableHandlerMethod.doInvoke(InvocableHandlerMethod.java:254)
	at org.springframework.web.method.support.InvocableHandlerMethod.invokeForRequest(InvocableHandlerMethod.java:182)
	at org.springframework.web.servlet.mvc.method.annotation.ServletInvocableHandlerMethod.invokeAndHandle(ServletInvocableHandlerMethod.java:118)
	at org.springframework.web.servlet.mvc.method.annotation.RequestMappingHandlerAdapter.invokeHandlerMethod(RequestMappingHandlerAdapter.java:917)
	at org.springframework.web.servlet.mvc.method.annotation.RequestMappingHandlerAdapter.handleInternal(RequestMappingHandlerAdapter.java:829)
	at org.springframework.web.servlet.mvc.method.AbstractHandlerMethodAdapter.handle(AbstractHandlerMethodAdapter.java:87)
	at org.springframework.web.servlet.DispatcherServlet.doDispatch(DispatcherServlet.java:1089)
	at org.springframework.web.servlet.DispatcherServlet.doService(DispatcherServlet.java:979)
	at org.springframework.web.servlet.FrameworkServlet.processRequest(FrameworkServlet.java:1014)
	at org.springframework.web.servlet.FrameworkServlet.doGet(FrameworkServlet.java:903)
	at jakarta.servlet.http.HttpServlet.service(HttpServlet.java:564)
	at org.springframework.web.servlet.FrameworkServlet.service(FrameworkServlet.java:885)
	at jakarta.servlet.http.HttpServlet.service(HttpServlet.java:658)
	at org.apache.catalina.core.ApplicationFilterChain.internalDoFilter(ApplicationFilterChain.java:205)
	at org.apache.catalina.core.ApplicationFilterChain.doFilter(ApplicationFilterChain.java:149)
	at org.apache.tomcat.websocket.server.WsFilter.doFilter(WsFilter.java:51)
	at org.apache.catalina.core.ApplicationFilterChain.internalDoFilter(ApplicationFilterChain.java:174)
	at org.apache.catalina.core.ApplicationFilterChain.doFilter(ApplicationFilterChain.java:149)
	at org.springframework.web.filter.RequestContextFilter.doFilterInternal(RequestContextFilter.java:100)
	at org.springframework.web.filter.OncePerRequestFilter.doFilter(OncePerRequestFilter.java:116)
	at org.apache.catalina.core.ApplicationFilterChain.internalDoFilter(ApplicationFilterChain.java:174)
	at org.apache.catalina.core.ApplicationFilterChain.doFilter(ApplicationFilterChain.java:149)
	at org.springframework.web.filter.FormContentFilter.doFilterInternal(FormContentFilter.java:93)
	at org.springframework.web.filter.OncePerRequestFilter.doFilter(OncePerRequestFilter.java:116)
	at org.apache.catalina.core.ApplicationFilterChain.internalDoFilter(ApplicationFilterChain.java:174)
	at org.apache.catalina.core.ApplicationFilterChain.doFilter(ApplicationFilterChain.java:149)
	at org.springframework.web.filter.CharacterEncodingFilter.doFilterInternal(CharacterEncodingFilter.java:201)
	at org.springframework.web.filter.OncePerRequestFilter.doFilter(OncePerRequestFilter.java:116)
	at org.apache.catalina.core.ApplicationFilterChain.internalDoFilter(ApplicationFilterChain.java:174)
	at org.apache.catalina.core.ApplicationFilterChain.doFilter(ApplicationFilterChain.java:149)
	at cn.yanque.config.RequestGuidFilter.doFilterInternal(RequestGuidFilter.java:37)
	at org.springframework.web.filter.OncePerRequestFilter.doFilter(OncePerRequestFilter.java:116)
	at org.apache.catalina.core.ApplicationFilterChain.internalDoFilter(ApplicationFilterChain.java:174)
	at org.apache.catalina.core.ApplicationFilterChain.doFilter(ApplicationFilterChain.java:149)
	at org.apache.catalina.core.StandardWrapperValve.invoke(StandardWrapperValve.java:167)
	at org.apache.catalina.core.StandardContextValve.invoke(StandardContextValve.java:90)
	at org.apache.catalina.authenticator.AuthenticatorBase.invoke(AuthenticatorBase.java:482)
	at org.apache.catalina.core.StandardHostValve.invoke(StandardHostValve.java:115)
	at org.apache.catalina.valves.ErrorReportValve.invoke(ErrorReportValve.java:93)
	at org.apache.catalina.core.StandardEngineValve.invoke(StandardEngineValve.java:74)
	at org.apache.catalina.connector.CoyoteAdapter.service(CoyoteAdapter.java:340)
	at org.apache.coyote.http11.Http11Processor.service(Http11Processor.java:391)
	at org.apache.coyote.AbstractProcessorLight.process(AbstractProcessorLight.java:63)
	at org.apache.coyote.AbstractProtocol$ConnectionHandler.process(AbstractProtocol.java:896)
	at org.apache.tomcat.util.net.NioEndpoint$SocketProcessor.doRun(NioEndpoint.java:1744)
	at org.apache.tomcat.util.net.SocketProcessorBase.run(SocketProcessorBase.java:52)
	at org.apache.tomcat.util.threads.ThreadPoolExecutor.runWorker(ThreadPoolExecutor.java:1191)
	at org.apache.tomcat.util.threads.ThreadPoolExecutor$Worker.run(ThreadPoolExecutor.java:659)
	at org.apache.tomcat.util.threads.TaskThread$WrappingRunnable.run(TaskThread.java:61)
	at java.base/java.lang.Thread.run(Thread.java:840)
Caused by: java.sql.SQLSyntaxErrorException: Unknown column 'resume_object_key' in 'field list'
	at com.mysql.cj.jdbc.exceptions.SQLError.createSQLException(SQLError.java:121)
	at com.mysql.cj.jdbc.exceptions.SQLExceptionsMapping.translateException(SQLExceptionsMapping.java:122)
	at com.mysql.cj.jdbc.ClientPreparedStatement.executeInternal(ClientPreparedStatement.java:916)
	at com.mysql.cj.jdbc.ClientPreparedStatement.execute(ClientPreparedStatement.java:354)
	at com.zaxxer.hikari.pool.ProxyPreparedStatement.execute(ProxyPreparedStatement.java:44)
	at com.zaxxer.hikari.pool.HikariProxyPreparedStatement.execute(HikariProxyPreparedStatement.java)
	at org.apache.ibatis.executor.statement.PreparedStatementHandler.query(PreparedStatementHandler.java:65)
	at org.apache.ibatis.executor.statement.RoutingStatementHandler.query(RoutingStatementHandler.java:80)
	at org.apache.ibatis.executor.SimpleExecutor.doQuery(SimpleExecutor.java:65)
	at org.apache.ibatis.executor.BaseExecutor.queryFromDatabase(BaseExecutor.java:336)
	at org.apache.ibatis.executor.BaseExecutor.query(BaseExecutor.java:158)
	at org.apache.ibatis.executor.CachingExecutor.query(CachingExecutor.java:110)
	at com.github.pagehelper.PageInterceptor.intercept(PageInterceptor.java:169)
	at org.apache.ibatis.plugin.Plugin.invoke(Plugin.java:59)
	at jdk.proxy2/jdk.proxy2.$Proxy157.query(Unknown Source)
	at org.apache.ibatis.session.defaults.DefaultSqlSession.selectList(DefaultSqlSession.java:154)
	at org.apache.ibatis.session.defaults.DefaultSqlSession.selectList(DefaultSqlSession.java:147)
	at org.apache.ibatis.session.defaults.DefaultSqlSession.selectList(DefaultSqlSession.java:142)
	at org.apache.ibatis.session.defaults.DefaultSqlSession.selectOne(DefaultSqlSession.java:75)
	at jdk.internal.reflect.GeneratedMethodAccessor12.invoke(Unknown Source)
	at java.base/jdk.internal.reflect.DelegatingMethodAccessorImpl.invoke(DelegatingMethodAccessorImpl.java:43)
	at java.base/java.lang.reflect.Method.invoke(Method.java:569)
	at org.mybatis.spring.SqlSessionTemplate$SqlSessionInterceptor.invoke(SqlSessionTemplate.java:425)
	... 93 common frames omitted
2026-07-21 20:47:57.604 [http-nio-8080-exec-6] INFO  cn.yanque.common.aop.ControllerLogAspect [guid=df8f665b2cf748fa945cbfbedab128d4] - 接口开始: uri=/yq-admin/api/student/resume, httpMethod=GET, controller=StudentResumeController#get, args=[]
2026-07-21 20:47:57.604 [http-nio-8080-exec-7] INFO  cn.yanque.common.aop.ControllerLogAspect [guid=f5f0f808b52840acace5476900db007e] - 接口开始: uri=/yq-admin/api/student/pay/required-order, httpMethod=GET, controller=StudentPayController#requiredOrder, args=[]
2026-07-21 20:47:57.611 [http-nio-8080-exec-6] INFO  cn.yanque.common.aop.ControllerLogAspect [guid=df8f665b2cf748fa945cbfbedab128d4] - 接口结束: uri=/yq-admin/api/student/resume, controller=StudentResumeController#get, cost=8ms, result={"code":200,"message":"success","data":{"studentId":12,"studentName":"去去去","objectKey":"homework/resume/2026/07/21/去去去/0b53f01b-d43f-4557-bfdd-d9be7782ab16-ee7555f4-6b04-4926-a4f7-6b18eaf6d2e5.docx","fileName":"ee7555f4-6b04-4926-a4f7-6b18eaf6d2e5.docx","fileSize":40444,"uploadedAt":"Tue Jul 21 20:33:40 CST 2026","parseStatus":"PROCESSING"}}
2026-07-21 20:47:57.615 [http-nio-8080-exec-7] INFO  cn.yanque.common.aop.ControllerLogAspect [guid=f5f0f808b52840acace5476900db007e] - 接口结束: uri=/yq-admin/api/student/pay/required-order, controller=StudentPayController#requiredOrder, cost=11ms, result={"code":200,"message":"success"}
2026-07-21 20:48:00.635 [http-nio-8080-exec-9] INFO  cn.yanque.common.aop.ControllerLogAspect [guid=dbcae5c317004fc086b13e983bf26e9f] - 接口开始: uri=/yq-admin/api/student/resume, httpMethod=GET, controller=StudentResumeController#get, args=[]
2026-07-21 20:48:00.638 [http-nio-8080-exec-9] INFO  cn.yanque.common.aop.ControllerLogAspect [guid=dbcae5c317004fc086b13e983bf26e9f] - 接口结束: uri=/yq-admin/api/student/resume, controller=StudentResumeController#get, cost=2ms, result={"code":200,"message":"success","data":{"studentId":12,"studentName":"去去去","objectKey":"homework/resume/2026/07/21/去去去/0b53f01b-d43f-4557-bfdd-d9be7782ab16-ee7555f4-6b04-4926-a4f7-6b18eaf6d2e5.docx","fileName":"ee7555f4-6b04-4926-a4f7-6b18eaf6d2e5.docx","fileSize":40444,"uploadedAt":"Tue Jul 21 20:33:40 CST 2026","parseStatus":"PROCESSING"}}
2026-07-21 20:48:03.636 [http-nio-8080-exec-8] INFO  cn.yanque.common.aop.ControllerLogAspect [guid=29be7027c13b4adf9e4f71686a62c36d] - 接口开始: uri=/yq-admin/api/student/resume, httpMethod=GET, controller=StudentResumeController#get, args=[]
2026-07-21 20:48:03.639 [http-nio-8080-exec-8] INFO  cn.yanque.common.aop.ControllerLogAspect [guid=29be7027c13b4adf9e4f71686a62c36d] - 接口结束: uri=/yq-admin/api/student/resume, controller=StudentResumeController#get, cost=3ms, result={"code":200,"message":"success","data":{"studentId":12,"studentName":"去去去","objectKey":"homework/resume/2026/07/21/去去去/0b53f01b-d43f-4557-bfdd-d9be7782ab16-ee7555f4-6b04-4926-a4f7-6b18eaf6d2e5.docx","fileName":"ee7555f4-6b04-4926-a4f7-6b18eaf6d2e5.docx","fileSize":40444,"uploadedAt":"Tue Jul 21 20:33:40 CST 2026","parseStatus":"PROCESSING"}}
2026-07-21 20:48:06.630 [http-nio-8080-exec-1] INFO  cn.yanque.common.aop.ControllerLogAspect [guid=48877dc1a23340328964cd7c3c58cfd3] - 接口开始: uri=/yq-admin/api/student/resume, httpMethod=GET, controller=StudentResumeController#get, args=[]
2026-07-21 20:48:06.632 [http-nio-8080-exec-1] INFO  cn.yanque.common.aop.ControllerLogAspect [guid=48877dc1a23340328964cd7c3c58cfd3] - 接口结束: uri=/yq-admin/api/student/resume, controller=StudentResumeController#get, cost=2ms, result={"code":200,"message":"success","data":{"studentId":12,"studentName":"去去去","objectKey":"homework/resume/2026/07/21/去去去/0b53f01b-d43f-4557-bfdd-d9be7782ab16-ee7555f4-6b04-4926-a4f7-6b18eaf6d2e5.docx","fileName":"ee7555f4-6b04-4926-a4f7-6b18eaf6d2e5.docx","fileSize":40444,"uploadedAt":"Tue Jul 21 20:33:40 CST 2026","parseStatus":"PROCESSING"}}
2026-07-21 20:48:09.638 [http-nio-8080-exec-10] INFO  cn.yanque.common.aop.ControllerLogAspect [guid=a646ff2bb6e54fdaaf253a4c755e1f67] - 接口开始: uri=/yq-admin/api/student/resume, httpMethod=GET, controller=StudentResumeController#get, args=[]
2026-07-21 20:48:09.643 [http-nio-8080-exec-10] INFO  cn.yanque.common.aop.ControllerLogAspect [guid=a646ff2bb6e54fdaaf253a4c755e1f67] - 接口结束: uri=/yq-admin/api/student/resume, controller=StudentResumeController#get, cost=5ms, result={"code":200,"message":"success","data":{"studentId":12,"studentName":"去去去","objectKey":"homework/resume/2026/07/21/去去去/0b53f01b-d43f-4557-bfdd-d9be7782ab16-ee7555f4-6b04-4926-a4f7-6b18eaf6d2e5.docx","fileName":"ee7555f4-6b04-4926-a4f7-6b18eaf6d2e5.docx","fileSize":40444,"uploadedAt":"Tue Jul 21 20:33:40 CST 2026","parseStatus":"PROCESSING"}}
2026-07-21 20:48:12.627 [http-nio-8080-exec-3] INFO  cn.yanque.common.aop.ControllerLogAspect [guid=aef6687e65b94353a7bb760f43483923] - 接口开始: uri=/yq-admin/api/student/resume, httpMethod=GET, controller=StudentResumeController#get, args=[]
2026-07-21 20:48:12.643 [http-nio-8080-exec-3] INFO  cn.yanque.common.aop.ControllerLogAspect [guid=aef6687e65b94353a7bb760f43483923] - 接口结束: uri=/yq-admin/api/student/resume, controller=StudentResumeController#get, cost=16ms, result={"code":200,"message":"success","data":{"studentId":12,"studentName":"去去去","objectKey":"homework/resume/2026/07/21/去去去/0b53f01b-d43f-4557-bfdd-d9be7782ab16-ee7555f4-6b04-4926-a4f7-6b18eaf6d2e5.docx","fileName":"ee7555f4-6b04-4926-a4f7-6b18eaf6d2e5.docx","fileSize":40444,"uploadedAt":"Tue Jul 21 20:33:40 CST 2026","parseStatus":"PROCESSING"}}
2026-07-21 20:48:15.640 [http-nio-8080-exec-2] INFO  cn.yanque.common.aop.ControllerLogAspect [guid=d7246b5b375f4d6ab8b81b88758af647] - 接口开始: uri=/yq-admin/api/student/resume, httpMethod=GET, controller=StudentResumeController#get, args=[]
2026-07-21 20:48:15.642 [http-nio-8080-exec-2] INFO  cn.yanque.common.aop.ControllerLogAspect [guid=d7246b5b375f4d6ab8b81b88758af647] - 接口结束: uri=/yq-admin/api/student/resume, controller=StudentResumeController#get, cost=2ms, result={"code":200,"message":"success","data":{"studentId":12,"studentName":"去去去","objectKey":"homework/resume/2026/07/21/去去去/0b53f01b-d43f-4557-bfdd-d9be7782ab16-ee7555f4-6b04-4926-a4f7-6b18eaf6d2e5.docx","fileName":"ee7555f4-6b04-4926-a4f7-6b18eaf6d2e5.docx","fileSize":40444,"uploadedAt":"Tue Jul 21 20:33:40 CST 2026","parseStatus":"PROCESSING"}}
2026-07-21 20:48:18.634 [http-nio-8080-exec-5] INFO  cn.yanque.common.aop.ControllerLogAspect [guid=e864c3a6fa9f4076a73be75ba25deb0a] - 接口开始: uri=/yq-admin/api/student/resume, httpMethod=GET, controller=StudentResumeController#get, args=[]
2026-07-21 20:48:18.636 [http-nio-8080-exec-5] INFO  cn.yanque.common.aop.ControllerLogAspect [guid=e864c3a6fa9f4076a73be75ba25deb0a] - 接口结束: uri=/yq-admin/api/student/resume, controller=StudentResumeController#get, cost=2ms, result={"code":200,"message":"success","data":{"studentId":12,"studentName":"去去去","objectKey":"homework/resume/2026/07/21/去去去/0b53f01b-d43f-4557-bfdd-d9be7782ab16-ee7555f4-6b04-4926-a4f7-6b18eaf6d2e5.docx","fileName":"ee7555f4-6b04-4926-a4f7-6b18eaf6d2e5.docx","fileSize":40444,"uploadedAt":"Tue Jul 21 20:33:40 CST 2026","parseStatus":"PROCESSING"}}
2026-07-21 20:48:21.628 [http-nio-8080-exec-4] INFO  cn.yanque.common.aop.ControllerLogAspect [guid=5c093ecd19b342019bb3710ad91332d6] - 接口开始: uri=/yq-admin/api/student/resume, httpMethod=GET, controller=StudentResumeController#get, args=[]
2026-07-21 20:48:21.630 [http-nio-8080-exec-4] INFO  cn.yanque.common.aop.ControllerLogAspect [guid=5c093ecd19b342019bb3710ad91332d6] - 接口结束: uri=/yq-admin/api/student/resume, controller=StudentResumeController#get, cost=2ms, result={"code":200,"message":"success","data":{"studentId":12,"studentName":"去去去","objectKey":"homework/resume/2026/07/21/去去去/0b53f01b-d43f-4557-bfdd-d9be7782ab16-ee7555f4-6b04-4926-a4f7-6b18eaf6d2e5.docx","fileName":"ee7555f4-6b04-4926-a4f7-6b18eaf6d2e5.docx","fileSize":40444,"uploadedAt":"Tue Jul 21 20:33:40 CST 2026","parseStatus":"PROCESSING"}}
2026-07-21 20:48:24.640 [http-nio-8080-exec-6] INFO  cn.yanque.common.aop.ControllerLogAspect [guid=17c51992ccad4638a85c685ebceebec3] - 接口开始: uri=/yq-admin/api/student/resume, httpMethod=GET, controller=StudentResumeController#get, args=[]
2026-07-21 20:48:24.650 [http-nio-8080-exec-6] INFO  cn.yanque.common.aop.ControllerLogAspect [guid=17c51992ccad4638a85c685ebceebec3] - 接口结束: uri=/yq-admin/api/student/resume, controller=StudentResumeController#get, cost=10ms, result={"code":200,"message":"success","data":{"studentId":12,"studentName":"去去去","objectKey":"homework/resume/2026/07/21/去去去/0b53f01b-d43f-4557-bfdd-d9be7782ab16-ee7555f4-6b04-4926-a4f7-6b18eaf6d2e5.docx","fileName":"ee7555f4-6b04-4926-a4f7-6b18eaf6d2e5.docx","fileSize":40444,"uploadedAt":"Tue Jul 21 20:33:40 CST 2026","parseStatus":"PROCESSING"}}
2026-07-21 20:48:27.629 [http-nio-8080-exec-7] INFO  cn.yanque.common.aop.ControllerLogAspect [guid=e96a7d62144146c79c6a807540e3160e] - 接口开始: uri=/yq-admin/api/student/resume, httpMethod=GET, controller=StudentResumeController#get, args=[]
2026-07-21 20:48:27.644 [http-nio-8080-exec-7] INFO  cn.yanque.common.aop.ControllerLogAspect [guid=e96a7d62144146c79c6a807540e3160e] - 接口结束: uri=/yq-admin/api/student/resume, controller=StudentResumeController#get, cost=16ms, result={"code":200,"message":"success","data":{"studentId":12,"studentName":"去去去","objectKey":"homework/resume/2026/07/21/去去去/0b53f01b-d43f-4557-bfdd-d9be7782ab16-ee7555f4-6b04-4926-a4f7-6b18eaf6d2e5.docx","fileName":"ee7555f4-6b04-4926-a4f7-6b18eaf6d2e5.docx","fileSize":40444,"uploadedAt":"Tue Jul 21 20:33:40 CST 2026","parseStatus":"PROCESSING"}}
2026-07-21 20:48:30.629 [http-nio-8080-exec-9] INFO  cn.yanque.common.aop.ControllerLogAspect [guid=10be7762c2c14d29a4980f2ab4d60813] - 接口开始: uri=/yq-admin/api/student/resume, httpMethod=GET, controller=StudentResumeController#get, args=[]
2026-07-21 20:48:30.638 [http-nio-8080-exec-9] INFO  cn.yanque.common.aop.ControllerLogAspect [guid=10be7762c2c14d29a4980f2ab4d60813] - 接口结束: uri=/yq-admin/api/student/resume, controller=StudentResumeController#get, cost=9ms, result={"code":200,"message":"success","data":{"studentId":12,"studentName":"去去去","objectKey":"homework/resume/2026/07/21/去去去/0b53f01b-d43f-4557-bfdd-d9be7782ab16-ee7555f4-6b04-4926-a4f7-6b18eaf6d2e5.docx","fileName":"ee7555f4-6b04-4926-a4f7-6b18eaf6d2e5.docx","fileSize":40444,"uploadedAt":"Tue Jul 21 20:33:40 CST 2026","parseStatus":"PROCESSING"}}
2026-07-21 20:48:33.635 [http-nio-8080-exec-8] INFO  cn.yanque.common.aop.ControllerLogAspect [guid=a98a77acc9e3440c9b54ecbe57ff7005] - 接口开始: uri=/yq-admin/api/student/resume, httpMethod=GET, controller=StudentResumeController#get, args=[]
2026-07-21 20:48:33.638 [http-nio-8080-exec-8] INFO  cn.yanque.common.aop.ControllerLogAspect [guid=a98a77acc9e3440c9b54ecbe57ff7005] - 接口结束: uri=/yq-admin/api/student/resume, controller=StudentResumeController#get, cost=2ms, result={"code":200,"message":"success","data":{"studentId":12,"studentName":"去去去","objectKey":"homework/resume/2026/07/21/去去去/0b53f01b-d43f-4557-bfdd-d9be7782ab16-ee7555f4-6b04-4926-a4f7-6b18eaf6d2e5.docx","fileName":"ee7555f4-6b04-4926-a4f7-6b18eaf6d2e5.docx","fileSize":40444,"uploadedAt":"Tue Jul 21 20:33:40 CST 2026","parseStatus":"PROCESSING"}}
2026-07-21 20:48:36.633 [http-nio-8080-exec-1] INFO  cn.yanque.common.aop.ControllerLogAspect [guid=f9d31bc1600845f6b939c5cc140a5731] - 接口开始: uri=/yq-admin/api/student/resume, httpMethod=GET, controller=StudentResumeController#get, args=[]
2026-07-21 20:48:36.635 [http-nio-8080-exec-1] INFO  cn.yanque.common.aop.ControllerLogAspect [guid=f9d31bc1600845f6b939c5cc140a5731] - 接口结束: uri=/yq-admin/api/student/resume, controller=StudentResumeController#get, cost=2ms, result={"code":200,"message":"success","data":{"studentId":12,"studentName":"去去去","objectKey":"homework/resume/2026/07/21/去去去/0b53f01b-d43f-4557-bfdd-d9be7782ab16-ee7555f4-6b04-4926-a4f7-6b18eaf6d2e5.docx","fileName":"ee7555f4-6b04-4926-a4f7-6b18eaf6d2e5.docx","fileSize":40444,"uploadedAt":"Tue Jul 21 20:33:40 CST 2026","parseStatus":"PROCESSING"}}
2026-07-21 20:48:39.642 [http-nio-8080-exec-10] INFO  cn.yanque.common.aop.ControllerLogAspect [guid=b6e9b81831854e8f95390ff130583dd3] - 接口开始: uri=/yq-admin/api/student/resume, httpMethod=GET, controller=StudentResumeController#get, args=[]
2026-07-21 20:48:39.644 [http-nio-8080-exec-10] INFO  cn.yanque.common.aop.ControllerLogAspect [guid=b6e9b81831854e8f95390ff130583dd3] - 接口结束: uri=/yq-admin/api/student/resume, controller=StudentResumeController#get, cost=2ms, result={"code":200,"message":"success","data":{"studentId":12,"studentName":"去去去","objectKey":"homework/resume/2026/07/21/去去去/0b53f01b-d43f-4557-bfdd-d9be7782ab16-ee7555f4-6b04-4926-a4f7-6b18eaf6d2e5.docx","fileName":"ee7555f4-6b04-4926-a4f7-6b18eaf6d2e5.docx","fileSize":40444,"uploadedAt":"Tue Jul 21 20:33:40 CST 2026","parseStatus":"PROCESSING"}}
2026-07-21 20:48:42.636 [http-nio-8080-exec-3] INFO  cn.yanque.common.aop.ControllerLogAspect [guid=b1c07d684a8345d38710bdd1c45ad1a4] - 接口开始: uri=/yq-admin/api/student/resume, httpMethod=GET, controller=StudentResumeController#get, args=[]
2026-07-21 20:48:42.638 [http-nio-8080-exec-3] INFO  cn.yanque.common.aop.ControllerLogAspect [guid=b1c07d684a8345d38710bdd1c45ad1a4] - 接口结束: uri=/yq-admin/api/student/resume, controller=StudentResumeController#get, cost=2ms, result={"code":200,"message":"success","data":{"studentId":12,"studentName":"去去去","objectKey":"homework/resume/2026/07/21/去去去/0b53f01b-d43f-4557-bfdd-d9be7782ab16-ee7555f4-6b04-4926-a4f7-6b18eaf6d2e5.docx","fileName":"ee7555f4-6b04-4926-a4f7-6b18eaf6d2e5.docx","fileSize":40444,"uploadedAt":"Tue Jul 21 20:33:40 CST 2026","parseStatus":"PROCESSING"}}
2026-07-21 20:48:45.628 [http-nio-8080-exec-2] INFO  cn.yanque.common.aop.ControllerLogAspect [guid=f1c7467636f34052b57d52bfb935932f] - 接口开始: uri=/yq-admin/api/student/resume, httpMethod=GET, controller=StudentResumeController#get, args=[]
2026-07-21 20:48:45.631 [http-nio-8080-exec-2] INFO  cn.yanque.common.aop.ControllerLogAspect [guid=f1c7467636f34052b57d52bfb935932f] - 接口结束: uri=/yq-admin/api/student/resume, controller=StudentResumeController#get, cost=3ms, result={"code":200,"message":"success","data":{"studentId":12,"studentName":"去去去","objectKey":"homework/resume/2026/07/21/去去去/0b53f01b-d43f-4557-bfdd-d9be7782ab16-ee7555f4-6b04-4926-a4f7-6b18eaf6d2e5.docx","fileName":"ee7555f4-6b04-4926-a4f7-6b18eaf6d2e5.docx","fileSize":40444,"uploadedAt":"Tue Jul 21 20:33:40 CST 2026","parseStatus":"PROCESSING"}}
2026-07-21 20:48:48.629 [http-nio-8080-exec-5] INFO  cn.yanque.common.aop.ControllerLogAspect [guid=0cb1c49e2a1142efb46ac976c3bd9861] - 接口开始: uri=/yq-admin/api/student/resume, httpMethod=GET, controller=StudentResumeController#get, args=[]
2026-07-21 20:48:48.631 [http-nio-8080-exec-5] INFO  cn.yanque.common.aop.ControllerLogAspect [guid=0cb1c49e2a1142efb46ac976c3bd9861] - 接口结束: uri=/yq-admin/api/student/resume, controller=StudentResumeController#get, cost=2ms, result={"code":200,"message":"success","data":{"studentId":12,"studentName":"去去去","objectKey":"homework/resume/2026/07/21/去去去/0b53f01b-d43f-4557-bfdd-d9be7782ab16-ee7555f4-6b04-4926-a4f7-6b18eaf6d2e5.docx","fileName":"ee7555f4-6b04-4926-a4f7-6b18eaf6d2e5.docx","fileSize":40444,"uploadedAt":"Tue Jul 21 20:33:40 CST 2026","parseStatus":"PROCESSING"}}
2026-07-21 20:48:51.634 [http-nio-8080-exec-4] INFO  cn.yanque.common.aop.ControllerLogAspect [guid=8e0034058b9746e4b149013c961e54ee] - 接口开始: uri=/yq-admin/api/student/resume, httpMethod=GET, controller=StudentResumeController#get, args=[]
2026-07-21 20:48:51.636 [http-nio-8080-exec-4] INFO  cn.yanque.common.aop.ControllerLogAspect [guid=8e0034058b9746e4b149013c961e54ee] - 接口结束: uri=/yq-admin/api/student/resume, controller=StudentResumeController#get, cost=2ms, result={"code":200,"message":"success","data":{"studentId":12,"studentName":"去去去","objectKey":"homework/resume/2026/07/21/去去去/0b53f01b-d43f-4557-bfdd-d9be7782ab16-ee7555f4-6b04-4926-a4f7-6b18eaf6d2e5.docx","fileName":"ee7555f4-6b04-4926-a4f7-6b18eaf6d2e5.docx","fileSize":40444,"uploadedAt":"Tue Jul 21 20:33:40 CST 2026","parseStatus":"PROCESSING"}}
2026-07-21 20:48:54.633 [http-nio-8080-exec-6] INFO  cn.yanque.common.aop.ControllerLogAspect [guid=f3e2eaf9d76a46bfa10598a6b462d86d] - 接口开始: uri=/yq-admin/api/student/resume, httpMethod=GET, controller=StudentResumeController#get, args=[]
2026-07-21 20:48:54.635 [http-nio-8080-exec-6] INFO  cn.yanque.common.aop.ControllerLogAspect [guid=f3e2eaf9d76a46bfa10598a6b462d86d] - 接口结束: uri=/yq-admin/api/student/resume, controller=StudentResumeController#get, cost=2ms, result={"code":200,"message":"success","data":{"studentId":12,"studentName":"去去去","objectKey":"homework/resume/2026/07/21/去去去/0b53f01b-d43f-4557-bfdd-d9be7782ab16-ee7555f4-6b04-4926-a4f7-6b18eaf6d2e5.docx","fileName":"ee7555f4-6b04-4926-a4f7-6b18eaf6d2e5.docx","fileSize":40444,"uploadedAt":"Tue Jul 21 20:33:40 CST 2026","parseStatus":"PROCESSING"}}
2026-07-21 20:48:57.633 [http-nio-8080-exec-7] INFO  cn.yanque.common.aop.ControllerLogAspect [guid=4b4c211c79af4635a262ae3382c794e1] - 接口开始: uri=/yq-admin/api/student/resume, httpMethod=GET, controller=StudentResumeController#get, args=[]
2026-07-21 20:48:57.638 [http-nio-8080-exec-7] INFO  cn.yanque.common.aop.ControllerLogAspect [guid=4b4c211c79af4635a262ae3382c794e1] - 接口结束: uri=/yq-admin/api/student/resume, controller=StudentResumeController#get, cost=6ms, result={"code":200,"message":"success","data":{"studentId":12,"studentName":"去去去","objectKey":"homework/resume/2026/07/21/去去去/0b53f01b-d43f-4557-bfdd-d9be7782ab16-ee7555f4-6b04-4926-a4f7-6b18eaf6d2e5.docx","fileName":"ee7555f4-6b04-4926-a4f7-6b18eaf6d2e5.docx","fileSize":40444,"uploadedAt":"Tue Jul 21 20:33:40 CST 2026","parseStatus":"PROCESSING"}}
2026-07-21 20:49:00.631 [http-nio-8080-exec-9] INFO  cn.yanque.common.aop.ControllerLogAspect [guid=3dea624f0e5742a5b4c9c3130bb1c935] - 接口开始: uri=/yq-admin/api/student/resume, httpMethod=GET, controller=StudentResumeController#get, args=[]
2026-07-21 20:49:00.639 [http-nio-8080-exec-9] INFO  cn.yanque.common.aop.ControllerLogAspect [guid=3dea624f0e5742a5b4c9c3130bb1c935] - 接口结束: uri=/yq-admin/api/student/resume, controller=StudentResumeController#get, cost=8ms, result={"code":200,"message":"success","data":{"studentId":12,"studentName":"去去去","objectKey":"homework/resume/2026/07/21/去去去/0b53f01b-d43f-4557-bfdd-d9be7782ab16-ee7555f4-6b04-4926-a4f7-6b18eaf6d2e5.docx","fileName":"ee7555f4-6b04-4926-a4f7-6b18eaf6d2e5.docx","fileSize":40444,"uploadedAt":"Tue Jul 21 20:33:40 CST 2026","parseStatus":"PROCESSING"}}
2026-07-21 20:49:03.641 [http-nio-8080-exec-8] INFO  cn.yanque.common.aop.ControllerLogAspect [guid=b3d7502084f34132a50cd7fe64bdee41] - 接口开始: uri=/yq-admin/api/student/resume, httpMethod=GET, controller=StudentResumeController#get, args=[]
2026-07-21 20:49:03.644 [http-nio-8080-exec-8] INFO  cn.yanque.common.aop.ControllerLogAspect [guid=b3d7502084f34132a50cd7fe64bdee41] - 接口结束: uri=/yq-admin/api/student/resume, controller=StudentResumeController#get, cost=3ms, result={"code":200,"message":"success","data":{"studentId":12,"studentName":"去去去","objectKey":"homework/resume/2026/07/21/去去去/0b53f01b-d43f-4557-bfdd-d9be7782ab16-ee7555f4-6b04-4926-a4f7-6b18eaf6d2e5.docx","fileName":"ee7555f4-6b04-4926-a4f7-6b18eaf6d2e5.docx","fileSize":40444,"uploadedAt":"Tue Jul 21 20:33:40 CST 2026","parseStatus":"PROCESSING"}}
2026-07-21 20:49:06.630 [http-nio-8080-exec-1] INFO  cn.yanque.common.aop.ControllerLogAspect [guid=1cb5b9f64c0742b4b85f59288429ef16] - 接口开始: uri=/yq-admin/api/student/resume, httpMethod=GET, controller=StudentResumeController#get, args=[]
2026-07-21 20:49:06.633 [http-nio-8080-exec-1] INFO  cn.yanque.common.aop.ControllerLogAspect [guid=1cb5b9f64c0742b4b85f59288429ef16] - 接口结束: uri=/yq-admin/api/student/resume, controller=StudentResumeController#get, cost=3ms, result={"code":200,"message":"success","data":{"studentId":12,"studentName":"去去去","objectKey":"homework/resume/2026/07/21/去去去/0b53f01b-d43f-4557-bfdd-d9be7782ab16-ee7555f4-6b04-4926-a4f7-6b18eaf6d2e5.docx","fileName":"ee7555f4-6b04-4926-a4f7-6b18eaf6d2e5.docx","fileSize":40444,"uploadedAt":"Tue Jul 21 20:33:40 CST 2026","parseStatus":"PROCESSING"}}
2026-07-21 20:49:09.629 [http-nio-8080-exec-10] INFO  cn.yanque.common.aop.ControllerLogAspect [guid=d2425ac6a54941108bf30b62c3227a7a] - 接口开始: uri=/yq-admin/api/student/resume, httpMethod=GET, controller=StudentResumeController#get, args=[]
2026-07-21 20:49:09.631 [http-nio-8080-exec-10] INFO  cn.yanque.common.aop.ControllerLogAspect [guid=d2425ac6a54941108bf30b62c3227a7a] - 接口结束: uri=/yq-admin/api/student/resume, controller=StudentResumeController#get, cost=2ms, result={"code":200,"message":"success","data":{"studentId":12,"studentName":"去去去","objectKey":"homework/resume/2026/07/21/去去去/0b53f01b-d43f-4557-bfdd-d9be7782ab16-ee7555f4-6b04-4926-a4f7-6b18eaf6d2e5.docx","fileName":"ee7555f4-6b04-4926-a4f7-6b18eaf6d2e5.docx","fileSize":40444,"uploadedAt":"Tue Jul 21 20:33:40 CST 2026","parseStatus":"PROCESSING"}}
2026-07-21 20:49:12.626 [http-nio-8080-exec-3] INFO  cn.yanque.common.aop.ControllerLogAspect [guid=ad68e13c73bb45ce948184ad9e7cff03] - 接口开始: uri=/yq-admin/api/student/resume, httpMethod=GET, controller=StudentResumeController#get, args=[]
2026-07-21 20:49:12.644 [http-nio-8080-exec-3] INFO  cn.yanque.common.aop.ControllerLogAspect [guid=ad68e13c73bb45ce948184ad9e7cff03] - 接口结束: uri=/yq-admin/api/student/resume, controller=StudentResumeController#get, cost=18ms, result={"code":200,"message":"success","data":{"studentId":12,"studentName":"去去去","objectKey":"homework/resume/2026/07/21/去去去/0b53f01b-d43f-4557-bfdd-d9be7782ab16-ee7555f4-6b04-4926-a4f7-6b18eaf6d2e5.docx","fileName":"ee7555f4-6b04-4926-a4f7-6b18eaf6d2e5.docx","fileSize":40444,"uploadedAt":"Tue Jul 21 20:33:40 CST 2026","parseStatus":"PROCESSING"}}
2026-07-21 20:49:15.628 [http-nio-8080-exec-2] INFO  cn.yanque.common.aop.ControllerLogAspect [guid=fdb4c4c9060647368374ead28773da5a] - 接口开始: uri=/yq-admin/api/student/resume, httpMethod=GET, controller=StudentResumeController#get, args=[]
2026-07-21 20:49:15.635 [http-nio-8080-exec-2] INFO  cn.yanque.common.aop.ControllerLogAspect [guid=fdb4c4c9060647368374ead28773da5a] - 接口结束: uri=/yq-admin/api/student/resume, controller=StudentResumeController#get, cost=7ms, result={"code":200,"message":"success","data":{"studentId":12,"studentName":"去去去","objectKey":"homework/resume/2026/07/21/去去去/0b53f01b-d43f-4557-bfdd-d9be7782ab16-ee7555f4-6b04-4926-a4f7-6b18eaf6d2e5.docx","fileName":"ee7555f4-6b04-4926-a4f7-6b18eaf6d2e5.docx","fileSize":40444,"uploadedAt":"Tue Jul 21 20:33:40 CST 2026","parseStatus":"PROCESSING"}}
2026-07-21 20:49:18.637 [http-nio-8080-exec-5] INFO  cn.yanque.common.aop.ControllerLogAspect [guid=842dab7148f04ec1a67ced28f59aabfa] - 接口开始: uri=/yq-admin/api/student/resume, httpMethod=GET, controller=StudentResumeController#get, args=[]
2026-07-21 20:49:18.639 [http-nio-8080-exec-5] INFO  cn.yanque.common.aop.ControllerLogAspect [guid=842dab7148f04ec1a67ced28f59aabfa] - 接口结束: uri=/yq-admin/api/student/resume, controller=StudentResumeController#get, cost=2ms, result={"code":200,"message":"success","data":{"studentId":12,"studentName":"去去去","objectKey":"homework/resume/2026/07/21/去去去/0b53f01b-d43f-4557-bfdd-d9be7782ab16-ee7555f4-6b04-4926-a4f7-6b18eaf6d2e5.docx","fileName":"ee7555f4-6b04-4926-a4f7-6b18eaf6d2e5.docx","fileSize":40444,"uploadedAt":"Tue Jul 21 20:33:40 CST 2026","parseStatus":"PROCESSING"}}
2026-07-21 20:49:21.632 [http-nio-8080-exec-4] INFO  cn.yanque.common.aop.ControllerLogAspect [guid=0df9d3b9ab454f20afa6c2291d03de12] - 接口开始: uri=/yq-admin/api/student/resume, httpMethod=GET, controller=StudentResumeController#get, args=[]
2026-07-21 20:49:21.634 [http-nio-8080-exec-4] INFO  cn.yanque.common.aop.ControllerLogAspect [guid=0df9d3b9ab454f20afa6c2291d03de12] - 接口结束: uri=/yq-admin/api/student/resume, controller=StudentResumeController#get, cost=1ms, result={"code":200,"message":"success","data":{"studentId":12,"studentName":"去去去","objectKey":"homework/resume/2026/07/21/去去去/0b53f01b-d43f-4557-bfdd-d9be7782ab16-ee7555f4-6b04-4926-a4f7-6b18eaf6d2e5.docx","fileName":"ee7555f4-6b04-4926-a4f7-6b18eaf6d2e5.docx","fileSize":40444,"uploadedAt":"Tue Jul 21 20:33:40 CST 2026","parseStatus":"PROCESSING"}}
2026-07-21 20:49:24.627 [http-nio-8080-exec-6] INFO  cn.yanque.common.aop.ControllerLogAspect [guid=a368e805c7e04475bab6cd7331e0a8da] - 接口开始: uri=/yq-admin/api/student/resume, httpMethod=GET, controller=StudentResumeController#get, args=[]
2026-07-21 20:49:24.632 [http-nio-8080-exec-6] INFO  cn.yanque.common.aop.ControllerLogAspect [guid=a368e805c7e04475bab6cd7331e0a8da] - 接口结束: uri=/yq-admin/api/student/resume, controller=StudentResumeController#get, cost=5ms, result={"code":200,"message":"success","data":{"studentId":12,"studentName":"去去去","objectKey":"homework/resume/2026/07/21/去去去/0b53f01b-d43f-4557-bfdd-d9be7782ab16-ee7555f4-6b04-4926-a4f7-6b18eaf6d2e5.docx","fileName":"ee7555f4-6b04-4926-a4f7-6b18eaf6d2e5.docx","fileSize":40444,"uploadedAt":"Tue Jul 21 20:33:40 CST 2026","parseStatus":"PROCESSING"}}
2026-07-21 20:49:27.629 [http-nio-8080-exec-7] INFO  cn.yanque.common.aop.ControllerLogAspect [guid=f9c4f1ec627642f98f6743e07e296c31] - 接口开始: uri=/yq-admin/api/student/resume, httpMethod=GET, controller=StudentResumeController#get, args=[]
2026-07-21 20:49:27.633 [http-nio-8080-exec-7] INFO  cn.yanque.common.aop.ControllerLogAspect [guid=f9c4f1ec627642f98f6743e07e296c31] - 接口结束: uri=/yq-admin/api/student/resume, controller=StudentResumeController#get, cost=4ms, result={"code":200,"message":"success","data":{"studentId":12,"studentName":"去去去","objectKey":"homework/resume/2026/07/21/去去去/0b53f01b-d43f-4557-bfdd-d9be7782ab16-ee7555f4-6b04-4926-a4f7-6b18eaf6d2e5.docx","fileName":"ee7555f4-6b04-4926-a4f7-6b18eaf6d2e5.docx","fileSize":40444,"uploadedAt":"Tue Jul 21 20:33:40 CST 2026","parseStatus":"PROCESSING"}}
2026-07-21 20:49:30.639 [http-nio-8080-exec-9] INFO  cn.yanque.common.aop.ControllerLogAspect [guid=7527c9b9eebc4a1f88b20216e81970f7] - 接口开始: uri=/yq-admin/api/student/resume, httpMethod=GET, controller=StudentResumeController#get, args=[]
2026-07-21 20:49:30.640 [http-nio-8080-exec-9] INFO  cn.yanque.common.aop.ControllerLogAspect [guid=7527c9b9eebc4a1f88b20216e81970f7] - 接口结束: uri=/yq-admin/api/student/resume, controller=StudentResumeController#get, cost=1ms, result={"code":200,"message":"success","data":{"studentId":12,"studentName":"去去去","objectKey":"homework/resume/2026/07/21/去去去/0b53f01b-d43f-4557-bfdd-d9be7782ab16-ee7555f4-6b04-4926-a4f7-6b18eaf6d2e5.docx","fileName":"ee7555f4-6b04-4926-a4f7-6b18eaf6d2e5.docx","fileSize":40444,"uploadedAt":"Tue Jul 21 20:33:40 CST 2026","parseStatus":"PROCESSING"}}
2026-07-21 20:49:33.628 [http-nio-8080-exec-8] INFO  cn.yanque.common.aop.ControllerLogAspect [guid=3ce8e670bf4e4af5850f287feb270bf1] - 接口开始: uri=/yq-admin/api/student/resume, httpMethod=GET, controller=StudentResumeController#get, args=[]
2026-07-21 20:49:33.629 [http-nio-8080-exec-8] INFO  cn.yanque.common.aop.ControllerLogAspect [guid=3ce8e670bf4e4af5850f287feb270bf1] - 接口结束: uri=/yq-admin/api/student/resume, controller=StudentResumeController#get, cost=1ms, result={"code":200,"message":"success","data":{"studentId":12,"studentName":"去去去","objectKey":"homework/resume/2026/07/21/去去去/0b53f01b-d43f-4557-bfdd-d9be7782ab16-ee7555f4-6b04-4926-a4f7-6b18eaf6d2e5.docx","fileName":"ee7555f4-6b04-4926-a4f7-6b18eaf6d2e5.docx","fileSize":40444,"uploadedAt":"Tue Jul 21 20:33:40 CST 2026","parseStatus":"PROCESSING"}}
2026-07-21 20:49:36.634 [http-nio-8080-exec-1] INFO  cn.yanque.common.aop.ControllerLogAspect [guid=eb04e596b26b4c2a875669840f69e60a] - 接口开始: uri=/yq-admin/api/student/resume, httpMethod=GET, controller=StudentResumeController#get, args=[]
2026-07-21 20:49:36.639 [http-nio-8080-exec-1] INFO  cn.yanque.common.aop.ControllerLogAspect [guid=eb04e596b26b4c2a875669840f69e60a] - 接口结束: uri=/yq-admin/api/student/resume, controller=StudentResumeController#get, cost=6ms, result={"code":200,"message":"success","data":{"studentId":12,"studentName":"去去去","objectKey":"homework/resume/2026/07/21/去去去/0b53f01b-d43f-4557-bfdd-d9be7782ab16-ee7555f4-6b04-4926-a4f7-6b18eaf6d2e5.docx","fileName":"ee7555f4-6b04-4926-a4f7-6b18eaf6d2e5.docx","fileSize":40444,"uploadedAt":"Tue Jul 21 20:33:40 CST 2026","parseStatus":"PROCESSING"}}
2026-07-21 20:49:39.625 [http-nio-8080-exec-10] INFO  cn.yanque.common.aop.ControllerLogAspect [guid=9952df58b9964ad59272d602eee9fe5e] - 接口开始: uri=/yq-admin/api/student/resume, httpMethod=GET, controller=StudentResumeController#get, args=[]
2026-07-21 20:49:39.628 [http-nio-8080-exec-10] INFO  cn.yanque.common.aop.ControllerLogAspect [guid=9952df58b9964ad59272d602eee9fe5e] - 接口结束: uri=/yq-admin/api/student/resume, controller=StudentResumeController#get, cost=3ms, result={"code":200,"message":"success","data":{"studentId":12,"studentName":"去去去","objectKey":"homework/resume/2026/07/21/去去去/0b53f01b-d43f-4557-bfdd-d9be7782ab16-ee7555f4-6b04-4926-a4f7-6b18eaf6d2e5.docx","fileName":"ee7555f4-6b04-4926-a4f7-6b18eaf6d2e5.docx","fileSize":40444,"uploadedAt":"Tue Jul 21 20:33:40 CST 2026","parseStatus":"PROCESSING"}}
2026-07-21 20:49:42.358 [http-nio-8080-exec-2] INFO  cn.yanque.common.aop.ControllerLogAspect [guid=adab63a691bf46cbba8eec482a181a46] - 接口开始: uri=/yq-admin/api/student/pay/required-order, httpMethod=GET, controller=StudentPayController#requiredOrder, args=[]
2026-07-21 20:49:42.358 [http-nio-8080-exec-3] INFO  cn.yanque.common.aop.ControllerLogAspect [guid=71ef517369ac498d82c69c375406ac4b] - 接口开始: uri=/yq-admin/api/student/resume, httpMethod=GET, controller=StudentResumeController#get, args=[]
2026-07-21 20:49:42.360 [http-nio-8080-exec-3] INFO  cn.yanque.common.aop.ControllerLogAspect [guid=71ef517369ac498d82c69c375406ac4b] - 接口结束: uri=/yq-admin/api/student/resume, controller=StudentResumeController#get, cost=2ms, result={"code":200,"message":"success","data":{"studentId":12,"studentName":"去去去","objectKey":"homework/resume/2026/07/21/去去去/0b53f01b-d43f-4557-bfdd-d9be7782ab16-ee7555f4-6b04-4926-a4f7-6b18eaf6d2e5.docx","fileName":"ee7555f4-6b04-4926-a4f7-6b18eaf6d2e5.docx","fileSize":40444,"uploadedAt":"Tue Jul 21 20:33:40 CST 2026","parseStatus":"PROCESSING"}}
2026-07-21 20:49:42.361 [http-nio-8080-exec-2] INFO  cn.yanque.common.aop.ControllerLogAspect [guid=adab63a691bf46cbba8eec482a181a46] - 接口结束: uri=/yq-admin/api/student/pay/required-order, controller=StudentPayController#requiredOrder, cost=3ms, result={"code":200,"message":"success"}
2026-07-21 20:49:43.213 [http-nio-8080-exec-5] INFO  cn.yanque.common.aop.ControllerLogAspect [guid=aec9fdce5eaa485d905a64e6a240d18e] - 接口开始: uri=/yq-admin/api/student/resume, httpMethod=GET, controller=StudentResumeController#get, args=[]
2026-07-21 20:49:43.213 [http-nio-8080-exec-4] INFO  cn.yanque.common.aop.ControllerLogAspect [guid=59399a81ca554b16a21432aee62532b9] - 接口开始: uri=/yq-admin/api/student/pay/required-order, httpMethod=GET, controller=StudentPayController#requiredOrder, args=[]
2026-07-21 20:49:43.214 [http-nio-8080-exec-5] INFO  cn.yanque.common.aop.ControllerLogAspect [guid=aec9fdce5eaa485d905a64e6a240d18e] - 接口结束: uri=/yq-admin/api/student/resume, controller=StudentResumeController#get, cost=1ms, result={"code":200,"message":"success","data":{"studentId":12,"studentName":"去去去","objectKey":"homework/resume/2026/07/21/去去去/0b53f01b-d43f-4557-bfdd-d9be7782ab16-ee7555f4-6b04-4926-a4f7-6b18eaf6d2e5.docx","fileName":"ee7555f4-6b04-4926-a4f7-6b18eaf6d2e5.docx","fileSize":40444,"uploadedAt":"Tue Jul 21 20:33:40 CST 2026","parseStatus":"PROCESSING"}}
2026-07-21 20:49:43.216 [http-nio-8080-exec-4] INFO  cn.yanque.common.aop.ControllerLogAspect [guid=59399a81ca554b16a21432aee62532b9] - 接口结束: uri=/yq-admin/api/student/pay/required-order, controller=StudentPayController#requiredOrder, cost=3ms, result={"code":200,"message":"success"}
2026-07-21 20:49:46.238 [http-nio-8080-exec-6] INFO  cn.yanque.common.aop.ControllerLogAspect [guid=d0cd334d9cdf47439e2d1edc1d5e0389] - 接口开始: uri=/yq-admin/api/student/resume, httpMethod=GET, controller=StudentResumeController#get, args=[]
2026-07-21 20:49:46.240 [http-nio-8080-exec-6] INFO  cn.yanque.common.aop.ControllerLogAspect [guid=d0cd334d9cdf47439e2d1edc1d5e0389] - 接口结束: uri=/yq-admin/api/student/resume, controller=StudentResumeController#get, cost=2ms, result={"code":200,"message":"success","data":{"studentId":12,"studentName":"去去去","objectKey":"homework/resume/2026/07/21/去去去/0b53f01b-d43f-4557-bfdd-d9be7782ab16-ee7555f4-6b04-4926-a4f7-6b18eaf6d2e5.docx","fileName":"ee7555f4-6b04-4926-a4f7-6b18eaf6d2e5.docx","fileSize":40444,"uploadedAt":"Tue Jul 21 20:33:40 CST 2026","parseStatus":"PROCESSING"}}
2026-07-21 20:49:48.582 [http-nio-8080-exec-7] INFO  cn.yanque.common.aop.ControllerLogAspect [guid=adc44bd86fda4db4841c76f8039c3ef4] - 接口开始: uri=/yq-admin/api/student/resume/preview-url, httpMethod=GET, controller=StudentResumeController#previewUrl, args=[]
2026-07-21 20:49:48.659 [http-nio-8080-exec-7] INFO  cn.yanque.common.aop.ControllerLogAspect [guid=adc44bd86fda4db4841c76f8039c3ef4] - 接口结束: uri=/yq-admin/api/student/resume/preview-url, controller=StudentResumeController#previewUrl, cost=77ms, result={"code":200,"message":"success","data":"http://yq-homework.oss-cn-beijing.aliyuncs.com/homework/resume/2026/07/21/%E5%8E%BB%E5%8E%BB%E5%8E%BB/0b53f01b-d43f-4557-bfdd-d9be7782ab16-ee7555f4-6b04-4926-a4f7-6b18eaf6d2e5.docx?Expires=1784638788&OSSAccessKeyId=LTAI5t7Pf4jSKFXSyZBmPgrT&Signature=TQMxhA6EKtJ31aqcWuHZ79l5WgI%3D&response-content-disposition=inline"}
2026-07-21 20:49:49.852 [http-nio-8080-exec-9] INFO  cn.yanque.common.aop.ControllerLogAspect [guid=47726a15290544419f645fe93ce3b77e] - 接口开始: uri=/yq-admin/api/student/resume, httpMethod=GET, controller=StudentResumeController#get, args=[]
2026-07-21 20:49:49.853 [http-nio-8080-exec-9] INFO  cn.yanque.common.aop.ControllerLogAspect [guid=47726a15290544419f645fe93ce3b77e] - 接口结束: uri=/yq-admin/api/student/resume, controller=StudentResumeController#get, cost=1ms, result={"code":200,"message":"success","data":{"studentId":12,"studentName":"去去去","objectKey":"homework/resume/2026/07/21/去去去/0b53f01b-d43f-4557-bfdd-d9be7782ab16-ee7555f4-6b04-4926-a4f7-6b18eaf6d2e5.docx","fileName":"ee7555f4-6b04-4926-a4f7-6b18eaf6d2e5.docx","fileSize":40444,"uploadedAt":"Tue Jul 21 20:33:40 CST 2026","parseStatus":"PROCESSING"}}
2026-07-21 20:49:52.849 [http-nio-8080-exec-8] INFO  cn.yanque.common.aop.ControllerLogAspect [guid=6138f41f23cf42fc9e2ef3428fc55507] - 接口开始: uri=/yq-admin/api/student/resume, httpMethod=GET, controller=StudentResumeController#get, args=[]
2026-07-21 20:49:52.852 [http-nio-8080-exec-8] INFO  cn.yanque.common.aop.ControllerLogAspect [guid=6138f41f23cf42fc9e2ef3428fc55507] - 接口结束: uri=/yq-admin/api/student/resume, controller=StudentResumeController#get, cost=2ms, result={"code":200,"message":"success","data":{"studentId":12,"studentName":"去去去","objectKey":"homework/resume/2026/07/21/去去去/0b53f01b-d43f-4557-bfdd-d9be7782ab16-ee7555f4-6b04-4926-a4f7-6b18eaf6d2e5.docx","fileName":"ee7555f4-6b04-4926-a4f7-6b18eaf6d2e5.docx","fileSize":40444,"uploadedAt":"Tue Jul 21 20:33:40 CST 2026","parseStatus":"PROCESSING"}}
2026-07-21 20:49:55.858 [http-nio-8080-exec-1] INFO  cn.yanque.common.aop.ControllerLogAspect [guid=67c1e719dc9940ce9db22c0e0405b9a9] - 接口开始: uri=/yq-admin/api/student/resume, httpMethod=GET, controller=StudentResumeController#get, args=[]
2026-07-21 20:49:55.860 [http-nio-8080-exec-1] INFO  cn.yanque.common.aop.ControllerLogAspect [guid=67c1e719dc9940ce9db22c0e0405b9a9] - 接口结束: uri=/yq-admin/api/student/resume, controller=StudentResumeController#get, cost=2ms, result={"code":200,"message":"success","data":{"studentId":12,"studentName":"去去去","objectKey":"homework/resume/2026/07/21/去去去/0b53f01b-d43f-4557-bfdd-d9be7782ab16-ee7555f4-6b04-4926-a4f7-6b18eaf6d2e5.docx","fileName":"ee7555f4-6b04-4926-a4f7-6b18eaf6d2e5.docx","fileSize":40444,"uploadedAt":"Tue Jul 21 20:33:40 CST 2026","parseStatus":"PROCESSING"}}
2026-07-21 20:49:58.245 [http-nio-8080-exec-10] INFO  cn.yanque.common.aop.ControllerLogAspect [guid=1040bef6bffd49719ab646ca325e7d79] - 接口开始: uri=/yq-admin/api/student/resume, httpMethod=GET, controller=StudentResumeController#get, args=[]
2026-07-21 20:49:58.247 [http-nio-8080-exec-10] INFO  cn.yanque.common.aop.ControllerLogAspect [guid=1040bef6bffd49719ab646ca325e7d79] - 接口结束: uri=/yq-admin/api/student/resume, controller=StudentResumeController#get, cost=2ms, result={"code":200,"message":"success","data":{"studentId":12,"studentName":"去去去","objectKey":"homework/resume/2026/07/21/去去去/0b53f01b-d43f-4557-bfdd-d9be7782ab16-ee7555f4-6b04-4926-a4f7-6b18eaf6d2e5.docx","fileName":"ee7555f4-6b04-4926-a4f7-6b18eaf6d2e5.docx","fileSize":40444,"uploadedAt":"Tue Jul 21 20:33:40 CST 2026","parseStatus":"PROCESSING"}}
2026-07-21 20:50:01.250 [http-nio-8080-exec-3] INFO  cn.yanque.common.aop.ControllerLogAspect [guid=e62006547c4d41828ead53be60a7b325] - 接口开始: uri=/yq-admin/api/student/resume, httpMethod=GET, controller=StudentResumeController#get, args=[]
2026-07-21 20:50:01.251 [http-nio-8080-exec-3] INFO  cn.yanque.common.aop.ControllerLogAspect [guid=e62006547c4d41828ead53be60a7b325] - 接口结束: uri=/yq-admin/api/student/resume, controller=StudentResumeController#get, cost=1ms, result={"code":200,"message":"success","data":{"studentId":12,"studentName":"去去去","objectKey":"homework/resume/2026/07/21/去去去/0b53f01b-d43f-4557-bfdd-d9be7782ab16-ee7555f4-6b04-4926-a4f7-6b18eaf6d2e5.docx","fileName":"ee7555f4-6b04-4926-a4f7-6b18eaf6d2e5.docx","fileSize":40444,"uploadedAt":"Tue Jul 21 20:33:40 CST 2026","parseStatus":"PROCESSING"}}
2026-07-21 20:50:02.418 [http-nio-8080-exec-2] INFO  cn.yanque.common.aop.ControllerLogAspect [guid=2bebfab97e8547a0a0570bc8bb56c0b2] - 接口开始: uri=/yq-admin/api/file/upload, httpMethod=POST, controller=FileController#upload, args=[{"name":"bizType","value":"resume"}]
2026-07-21 20:50:02.647 [http-nio-8080-exec-2] INFO  cn.yanque.common.aop.ControllerLogAspect [guid=2bebfab97e8547a0a0570bc8bb56c0b2] - 接口结束: uri=/yq-admin/api/file/upload, controller=FileController#upload, cost=229ms, result={"code":200,"message":"success","data":{"name":"ee7555f4-6b04-4926-a4f7-6b18eaf6d2e5.docx","url":"homework/resume/2026/07/21/去去去/750cd9d1-f223-4f75-8f00-dd4065562ab9-ee7555f4-6b04-4926-a4f7-6b18eaf6d2e5.docx","type":"application/vnd.openxmlformats-officedocument.wordprocessingml.document","size":40444,"previewUrl":"http://yq-homework.oss-cn-beijing.aliyuncs.com/homework/resume/2026/07/21/%E5%8E%BB%E5%8E%BB%E5%8E%BB/750cd9d1-f223-4f75-8f00-dd4065562ab9-ee7555f4-6b04-4926-a4f7-6b18eaf6d2e5.docx?Expires=1784638802&OSSAccessKeyId=LTAI5t7Pf4jSKFXSyZBmPgrT&Signature=pVVBhJr6wUj%2FHbSb8COA9vEVbRI%3D&response-content-disposition=inline"}}
2026-07-21 20:50:02.695 [http-nio-8080-exec-5] INFO  cn.yanque.common.aop.ControllerLogAspect [guid=125d0fd7f4c64d3e83c510cf774cca61] - 接口开始: uri=/yq-admin/api/student/resume, httpMethod=PUT, controller=StudentResumeController#save, args=[{"name":"req","value":{"objectKey":"homework/resume/2026/07/21/去去去/750cd9d1-f223-4f75-8f00-dd4065562ab9-ee7555f4-6b04-4926-a4f7-6b18eaf6d2e5.docx","fileName":"ee7555f4-6b04-4926-a4f7-6b18eaf6d2e5.docx","fileSize":40444}}]
2026-07-21 20:50:02.701 [http-nio-8080-exec-5] INFO  cn.yanque.common.aop.ControllerLogAspect [guid=125d0fd7f4c64d3e83c510cf774cca61] - 接口结束: uri=/yq-admin/api/student/resume, controller=StudentResumeController#save, cost=6ms, result={"code":200,"message":"success","data":{"studentId":12,"studentName":"去去去","objectKey":"homework/resume/2026/07/21/去去去/750cd9d1-f223-4f75-8f00-dd4065562ab9-ee7555f4-6b04-4926-a4f7-6b18eaf6d2e5.docx","fileName":"ee7555f4-6b04-4926-a4f7-6b18eaf6d2e5.docx","fileSize":40444,"uploadedAt":"Tue Jul 21 20:50:02 CST 2026","parseStatus":"PENDING"}}
2026-07-21 20:50:04.238 [http-nio-8080-exec-4] INFO  cn.yanque.common.aop.ControllerLogAspect [guid=4b7e3ef747d4426aaaa41c4194c1b95c] - 接口开始: uri=/yq-admin/api/student/resume, httpMethod=GET, controller=StudentResumeController#get, args=[]
2026-07-21 20:50:04.241 [http-nio-8080-exec-4] INFO  cn.yanque.common.aop.ControllerLogAspect [guid=4b7e3ef747d4426aaaa41c4194c1b95c] - 接口结束: uri=/yq-admin/api/student/resume, controller=StudentResumeController#get, cost=3ms, result={"code":200,"message":"success","data":{"studentId":12,"studentName":"去去去","objectKey":"homework/resume/2026/07/21/去去去/750cd9d1-f223-4f75-8f00-dd4065562ab9-ee7555f4-6b04-4926-a4f7-6b18eaf6d2e5.docx","fileName":"ee7555f4-6b04-4926-a4f7-6b18eaf6d2e5.docx","fileSize":40444,"uploadedAt":"Tue Jul 21 20:50:02 CST 2026","parseStatus":"PROCESSING"}}
2026-07-21 20:50:05.538 [http-nio-8080-exec-7] INFO  cn.yanque.common.aop.ControllerLogAspect [guid=84d73bae92fc47238d80b2a9bbb53687] - 接口开始: uri=/yq-admin/api/student/pay/required-order, httpMethod=GET, controller=StudentPayController#requiredOrder, args=[]
2026-07-21 20:50:05.538 [http-nio-8080-exec-6] INFO  cn.yanque.common.aop.ControllerLogAspect [guid=301d34b9824f45adb5eac0e11be30c18] - 接口开始: uri=/yq-admin/api/student/mock-interview/profile, httpMethod=GET, controller=StudentMockInterviewController#getProfile, args=[{"name":"studentId","value":12}]
2026-07-21 20:50:05.542 [http-nio-8080-exec-7] INFO  cn.yanque.common.aop.ControllerLogAspect [guid=84d73bae92fc47238d80b2a9bbb53687] - 接口结束: uri=/yq-admin/api/student/pay/required-order, controller=StudentPayController#requiredOrder, cost=4ms, result={"code":200,"message":"success"}
2026-07-21 20:50:05.542 [http-nio-8080-exec-6] ERROR cn.yanque.common.exception.GlobalExceptionHandler [guid=301d34b9824f45adb5eac0e11be30c18] - 系统异常
org.springframework.jdbc.BadSqlGrammarException: 
### Error querying database.  Cause: java.sql.SQLSyntaxErrorException: Unknown column 'resume_object_key' in 'field list'
### The error may exist in file [D:\Java\code\yq\YanQue-Admin\target\classes\mapper\MockInterviewSessionMapper.xml]
### The error may involve defaultParameterMap
### The error occurred while setting parameters
### SQL: select           id, student_id, resume_object_key, resume_file_name, resume_text_snapshot,         profile_json, profile_status, profile_error_message, profile_generated_at,         voice_session_id, status, started_at, finished_at, created_at, updated_at               from mock_interview_session         where student_id = ?         order by id desc         limit 1
### Cause: java.sql.SQLSyntaxErrorException: Unknown column 'resume_object_key' in 'field list'
; bad SQL grammar []
	at org.springframework.jdbc.support.SQLErrorCodeSQLExceptionTranslator.doTranslate(SQLErrorCodeSQLExceptionTranslator.java:246)
	at org.springframework.jdbc.support.AbstractFallbackSQLExceptionTranslator.translate(AbstractFallbackSQLExceptionTranslator.java:107)
	at org.mybatis.spring.MyBatisExceptionTranslator.translateExceptionIfPossible(MyBatisExceptionTranslator.java:92)
	at org.mybatis.spring.SqlSessionTemplate$SqlSessionInterceptor.invoke(SqlSessionTemplate.java:439)
	at jdk.proxy2/jdk.proxy2.$Proxy88.selectOne(Unknown Source)
	at org.mybatis.spring.SqlSessionTemplate.selectOne(SqlSessionTemplate.java:160)
	at org.apache.ibatis.binding.MapperMethod.execute(MapperMethod.java:87)
	at org.apache.ibatis.binding.MapperProxy$PlainMethodInvoker.invoke(MapperProxy.java:141)
	at org.apache.ibatis.binding.MapperProxy.invoke(MapperProxy.java:86)
	at jdk.proxy2/jdk.proxy2.$Proxy99.selectLatestByStudentId(Unknown Source)
	at cn.yanque.models.studentFront.service.impl.StudentMockInterviewServiceImpl.getProfile(StudentMockInterviewServiceImpl.java:59)
	at java.base/jdk.internal.reflect.NativeMethodAccessorImpl.invoke0(Native Method)
	at java.base/jdk.internal.reflect.NativeMethodAccessorImpl.invoke(NativeMethodAccessorImpl.java:77)
	at java.base/jdk.internal.reflect.DelegatingMethodAccessorImpl.invoke(DelegatingMethodAccessorImpl.java:43)
	at java.base/java.lang.reflect.Method.invoke(Method.java:569)
	at org.springframework.aop.support.AopUtils.invokeJoinpointUsingReflection(AopUtils.java:352)
	at org.springframework.aop.framework.CglibAopProxy$DynamicAdvisedInterceptor.intercept(CglibAopProxy.java:713)
	at cn.yanque.models.studentFront.service.impl.StudentMockInterviewServiceImpl$$SpringCGLIB$$0.getProfile(<generated>)
	at cn.yanque.models.studentFront.controller.StudentMockInterviewController.getProfile(StudentMockInterviewController.java:33)
	at java.base/jdk.internal.reflect.NativeMethodAccessorImpl.invoke0(Native Method)
	at java.base/jdk.internal.reflect.NativeMethodAccessorImpl.invoke(NativeMethodAccessorImpl.java:77)
	at java.base/jdk.internal.reflect.DelegatingMethodAccessorImpl.invoke(DelegatingMethodAccessorImpl.java:43)
	at java.base/java.lang.reflect.Method.invoke(Method.java:569)
	at org.springframework.aop.support.AopUtils.invokeJoinpointUsingReflection(AopUtils.java:352)
	at org.springframework.aop.framework.ReflectiveMethodInvocation.invokeJoinpoint(ReflectiveMethodInvocation.java:196)
	at org.springframework.aop.framework.ReflectiveMethodInvocation.proceed(ReflectiveMethodInvocation.java:163)
	at org.springframework.aop.framework.CglibAopProxy$CglibMethodInvocation.proceed(CglibAopProxy.java:765)
	at org.springframework.aop.aspectj.MethodInvocationProceedingJoinPoint.proceed(MethodInvocationProceedingJoinPoint.java:89)
	at cn.yanque.common.aop.ControllerLogAspect.logController(ControllerLogAspect.java:57)
	at jdk.internal.reflect.GeneratedMethodAccessor13.invoke(Unknown Source)
	at java.base/jdk.internal.reflect.DelegatingMethodAccessorImpl.invoke(DelegatingMethodAccessorImpl.java:43)
	at java.base/java.lang.reflect.Method.invoke(Method.java:569)
	at org.springframework.aop.aspectj.AbstractAspectJAdvice.invokeAdviceMethodWithGivenArgs(AbstractAspectJAdvice.java:637)
	at org.springframework.aop.aspectj.AbstractAspectJAdvice.invokeAdviceMethod(AbstractAspectJAdvice.java:627)
	at org.springframework.aop.aspectj.AspectJAroundAdvice.invoke(AspectJAroundAdvice.java:71)
	at org.springframework.aop.framework.ReflectiveMethodInvocation.proceed(ReflectiveMethodInvocation.java:184)
	at org.springframework.aop.framework.CglibAopProxy$CglibMethodInvocation.proceed(CglibAopProxy.java:765)
	at org.springframework.aop.interceptor.ExposeInvocationInterceptor.invoke(ExposeInvocationInterceptor.java:97)
	at org.springframework.aop.framework.ReflectiveMethodInvocation.proceed(ReflectiveMethodInvocation.java:184)
	at org.springframework.aop.framework.CglibAopProxy$CglibMethodInvocation.proceed(CglibAopProxy.java:765)
	at org.springframework.aop.framework.CglibAopProxy$DynamicAdvisedInterceptor.intercept(CglibAopProxy.java:717)
	at cn.yanque.models.studentFront.controller.StudentMockInterviewController$$SpringCGLIB$$0.getProfile(<generated>)
	at java.base/jdk.internal.reflect.NativeMethodAccessorImpl.invoke0(Native Method)
	at java.base/jdk.internal.reflect.NativeMethodAccessorImpl.invoke(NativeMethodAccessorImpl.java:77)
	at java.base/jdk.internal.reflect.DelegatingMethodAccessorImpl.invoke(DelegatingMethodAccessorImpl.java:43)
	at java.base/java.lang.reflect.Method.invoke(Method.java:569)
	at org.springframework.web.method.support.InvocableHandlerMethod.doInvoke(InvocableHandlerMethod.java:254)
	at org.springframework.web.method.support.InvocableHandlerMethod.invokeForRequest(InvocableHandlerMethod.java:182)
	at org.springframework.web.servlet.mvc.method.annotation.ServletInvocableHandlerMethod.invokeAndHandle(ServletInvocableHandlerMethod.java:118)
	at org.springframework.web.servlet.mvc.method.annotation.RequestMappingHandlerAdapter.invokeHandlerMethod(RequestMappingHandlerAdapter.java:917)
	at org.springframework.web.servlet.mvc.method.annotation.RequestMappingHandlerAdapter.handleInternal(RequestMappingHandlerAdapter.java:829)
	at org.springframework.web.servlet.mvc.method.AbstractHandlerMethodAdapter.handle(AbstractHandlerMethodAdapter.java:87)
	at org.springframework.web.servlet.DispatcherServlet.doDispatch(DispatcherServlet.java:1089)
	at org.springframework.web.servlet.DispatcherServlet.doService(DispatcherServlet.java:979)
	at org.springframework.web.servlet.FrameworkServlet.processRequest(FrameworkServlet.java:1014)
	at org.springframework.web.servlet.FrameworkServlet.doGet(FrameworkServlet.java:903)
	at jakarta.servlet.http.HttpServlet.service(HttpServlet.java:564)
	at org.springframework.web.servlet.FrameworkServlet.service(FrameworkServlet.java:885)
	at jakarta.servlet.http.HttpServlet.service(HttpServlet.java:658)
	at org.apache.catalina.core.ApplicationFilterChain.internalDoFilter(ApplicationFilterChain.java:205)
	at org.apache.catalina.core.ApplicationFilterChain.doFilter(ApplicationFilterChain.java:149)
	at org.apache.tomcat.websocket.server.WsFilter.doFilter(WsFilter.java:51)
	at org.apache.catalina.core.ApplicationFilterChain.internalDoFilter(ApplicationFilterChain.java:174)
	at org.apache.catalina.core.ApplicationFilterChain.doFilter(ApplicationFilterChain.java:149)
	at org.springframework.web.filter.RequestContextFilter.doFilterInternal(RequestContextFilter.java:100)
	at org.springframework.web.filter.OncePerRequestFilter.doFilter(OncePerRequestFilter.java:116)
	at org.apache.catalina.core.ApplicationFilterChain.internalDoFilter(ApplicationFilterChain.java:174)
	at org.apache.catalina.core.ApplicationFilterChain.doFilter(ApplicationFilterChain.java:149)
	at org.springframework.web.filter.FormContentFilter.doFilterInternal(FormContentFilter.java:93)
	at org.springframework.web.filter.OncePerRequestFilter.doFilter(OncePerRequestFilter.java:116)
	at org.apache.catalina.core.ApplicationFilterChain.internalDoFilter(ApplicationFilterChain.java:174)
	at org.apache.catalina.core.ApplicationFilterChain.doFilter(ApplicationFilterChain.java:149)
	at org.springframework.web.filter.CharacterEncodingFilter.doFilterInternal(CharacterEncodingFilter.java:201)
	at org.springframework.web.filter.OncePerRequestFilter.doFilter(OncePerRequestFilter.java:116)
	at org.apache.catalina.core.ApplicationFilterChain.internalDoFilter(ApplicationFilterChain.java:174)
	at org.apache.catalina.core.ApplicationFilterChain.doFilter(ApplicationFilterChain.java:149)
	at cn.yanque.config.RequestGuidFilter.doFilterInternal(RequestGuidFilter.java:37)
	at org.springframework.web.filter.OncePerRequestFilter.doFilter(OncePerRequestFilter.java:116)
	at org.apache.catalina.core.ApplicationFilterChain.internalDoFilter(ApplicationFilterChain.java:174)
	at org.apache.catalina.core.ApplicationFilterChain.doFilter(ApplicationFilterChain.java:149)
	at org.apache.catalina.core.StandardWrapperValve.invoke(StandardWrapperValve.java:167)
	at org.apache.catalina.core.StandardContextValve.invoke(StandardContextValve.java:90)
	at org.apache.catalina.authenticator.AuthenticatorBase.invoke(AuthenticatorBase.java:482)
	at org.apache.catalina.core.StandardHostValve.invoke(StandardHostValve.java:115)
	at org.apache.catalina.valves.ErrorReportValve.invoke(ErrorReportValve.java:93)
	at org.apache.catalina.core.StandardEngineValve.invoke(StandardEngineValve.java:74)
	at org.apache.catalina.connector.CoyoteAdapter.service(CoyoteAdapter.java:340)
	at org.apache.coyote.http11.Http11Processor.service(Http11Processor.java:391)
	at org.apache.coyote.AbstractProcessorLight.process(AbstractProcessorLight.java:63)
	at org.apache.coyote.AbstractProtocol$ConnectionHandler.process(AbstractProtocol.java:896)
	at org.apache.tomcat.util.net.NioEndpoint$SocketProcessor.doRun(NioEndpoint.java:1744)
	at org.apache.tomcat.util.net.SocketProcessorBase.run(SocketProcessorBase.java:52)
	at org.apache.tomcat.util.threads.ThreadPoolExecutor.runWorker(ThreadPoolExecutor.java:1191)
	at org.apache.tomcat.util.threads.ThreadPoolExecutor$Worker.run(ThreadPoolExecutor.java:659)
	at org.apache.tomcat.util.threads.TaskThread$WrappingRunnable.run(TaskThread.java:61)
	at java.base/java.lang.Thread.run(Thread.java:840)
Caused by: java.sql.SQLSyntaxErrorException: Unknown column 'resume_object_key' in 'field list'
	at com.mysql.cj.jdbc.exceptions.SQLError.createSQLException(SQLError.java:121)
	at com.mysql.cj.jdbc.exceptions.SQLExceptionsMapping.translateException(SQLExceptionsMapping.java:122)
	at com.mysql.cj.jdbc.ClientPreparedStatement.executeInternal(ClientPreparedStatement.java:916)
	at com.mysql.cj.jdbc.ClientPreparedStatement.execute(ClientPreparedStatement.java:354)
	at com.zaxxer.hikari.pool.ProxyPreparedStatement.execute(ProxyPreparedStatement.java:44)
	at com.zaxxer.hikari.pool.HikariProxyPreparedStatement.execute(HikariProxyPreparedStatement.java)
	at org.apache.ibatis.executor.statement.PreparedStatementHandler.query(PreparedStatementHandler.java:65)
	at org.apache.ibatis.executor.statement.RoutingStatementHandler.query(RoutingStatementHandler.java:80)
	at org.apache.ibatis.executor.SimpleExecutor.doQuery(SimpleExecutor.java:65)
	at org.apache.ibatis.executor.BaseExecutor.queryFromDatabase(BaseExecutor.java:336)
	at org.apache.ibatis.executor.BaseExecutor.query(BaseExecutor.java:158)
	at org.apache.ibatis.executor.CachingExecutor.query(CachingExecutor.java:110)
	at com.github.pagehelper.PageInterceptor.intercept(PageInterceptor.java:169)
	at org.apache.ibatis.plugin.Plugin.invoke(Plugin.java:59)
	at jdk.proxy2/jdk.proxy2.$Proxy157.query(Unknown Source)
	at org.apache.ibatis.session.defaults.DefaultSqlSession.selectList(DefaultSqlSession.java:154)
	at org.apache.ibatis.session.defaults.DefaultSqlSession.selectList(DefaultSqlSession.java:147)
	at org.apache.ibatis.session.defaults.DefaultSqlSession.selectList(DefaultSqlSession.java:142)
	at org.apache.ibatis.session.defaults.DefaultSqlSession.selectOne(DefaultSqlSession.java:75)
	at jdk.internal.reflect.GeneratedMethodAccessor12.invoke(Unknown Source)
	at java.base/jdk.internal.reflect.DelegatingMethodAccessorImpl.invoke(DelegatingMethodAccessorImpl.java:43)
	at java.base/java.lang.reflect.Method.invoke(Method.java:569)
	at org.mybatis.spring.SqlSessionTemplate$SqlSessionInterceptor.invoke(SqlSessionTemplate.java:425)
	... 92 common frames omitted
2026-07-21 20:50:07.020 [http-nio-8080-exec-9] INFO  cn.yanque.common.aop.ControllerLogAspect [guid=e70531586f2840ddb728f1b4c53556fd] - 接口开始: uri=/yq-admin/api/student/resume, httpMethod=GET, controller=StudentResumeController#get, args=[]
2026-07-21 20:50:07.020 [http-nio-8080-exec-8] INFO  cn.yanque.common.aop.ControllerLogAspect [guid=9d5fad2db79542e5898c09a28a50f1f8] - 接口开始: uri=/yq-admin/api/student/pay/required-order, httpMethod=GET, controller=StudentPayController#requiredOrder, args=[]
2026-07-21 20:50:07.022 [http-nio-8080-exec-9] INFO  cn.yanque.common.aop.ControllerLogAspect [guid=e70531586f2840ddb728f1b4c53556fd] - 接口结束: uri=/yq-admin/api/student/resume, controller=StudentResumeController#get, cost=2ms, result={"code":200,"message":"success","data":{"studentId":12,"studentName":"去去去","objectKey":"homework/resume/2026/07/21/去去去/750cd9d1-f223-4f75-8f00-dd4065562ab9-ee7555f4-6b04-4926-a4f7-6b18eaf6d2e5.docx","fileName":"ee7555f4-6b04-4926-a4f7-6b18eaf6d2e5.docx","fileSize":40444,"uploadedAt":"Tue Jul 21 20:50:02 CST 2026","parseStatus":"PROCESSING"}}
2026-07-21 20:50:07.022 [http-nio-8080-exec-8] INFO  cn.yanque.common.aop.ControllerLogAspect [guid=9d5fad2db79542e5898c09a28a50f1f8] - 接口结束: uri=/yq-admin/api/student/pay/required-order, controller=StudentPayController#requiredOrder, cost=2ms, result={"code":200,"message":"success"}
2026-07-21 20:50:10.042 [http-nio-8080-exec-1] INFO  cn.yanque.common.aop.ControllerLogAspect [guid=42b0146d3e5c436ebe9d8fc4f938800f] - 接口开始: uri=/yq-admin/api/student/resume, httpMethod=GET, controller=StudentResumeController#get, args=[]
2026-07-21 20:50:10.044 [http-nio-8080-exec-1] INFO  cn.yanque.common.aop.ControllerLogAspect [guid=42b0146d3e5c436ebe9d8fc4f938800f] - 接口结束: uri=/yq-admin/api/student/resume, controller=StudentResumeController#get, cost=2ms, result={"code":200,"message":"success","data":{"studentId":12,"studentName":"去去去","objectKey":"homework/resume/2026/07/21/去去去/750cd9d1-f223-4f75-8f00-dd4065562ab9-ee7555f4-6b04-4926-a4f7-6b18eaf6d2e5.docx","fileName":"ee7555f4-6b04-4926-a4f7-6b18eaf6d2e5.docx","fileSize":40444,"uploadedAt":"Tue Jul 21 20:50:02 CST 2026","parseStatus":"PROCESSING"}}
2026-07-21 20:50:13.039 [http-nio-8080-exec-10] INFO  cn.yanque.common.aop.ControllerLogAspect [guid=7faa5e5ca104493f8ed44a191ec2eb06] - 接口开始: uri=/yq-admin/api/student/resume, httpMethod=GET, controller=StudentResumeController#get, args=[]
2026-07-21 20:50:13.040 [http-nio-8080-exec-10] INFO  cn.yanque.common.aop.ControllerLogAspect [guid=7faa5e5ca104493f8ed44a191ec2eb06] - 接口结束: uri=/yq-admin/api/student/resume, controller=StudentResumeController#get, cost=2ms, result={"code":200,"message":"success","data":{"studentId":12,"studentName":"去去去","objectKey":"homework/resume/2026/07/21/去去去/750cd9d1-f223-4f75-8f00-dd4065562ab9-ee7555f4-6b04-4926-a4f7-6b18eaf6d2e5.docx","fileName":"ee7555f4-6b04-4926-a4f7-6b18eaf6d2e5.docx","fileSize":40444,"uploadedAt":"Tue Jul 21 20:50:02 CST 2026","parseStatus":"PROCESSING"}}
2026-07-21 20:50:16.040 [http-nio-8080-exec-3] INFO  cn.yanque.common.aop.ControllerLogAspect [guid=a3bc12d728aa405985c2c16f5449d5a8] - 接口开始: uri=/yq-admin/api/student/resume, httpMethod=GET, controller=StudentResumeController#get, args=[]
2026-07-21 20:50:16.042 [http-nio-8080-exec-3] INFO  cn.yanque.common.aop.ControllerLogAspect [guid=a3bc12d728aa405985c2c16f5449d5a8] - 接口结束: uri=/yq-admin/api/student/resume, controller=StudentResumeController#get, cost=2ms, result={"code":200,"message":"success","data":{"studentId":12,"studentName":"去去去","objectKey":"homework/resume/2026/07/21/去去去/750cd9d1-f223-4f75-8f00-dd4065562ab9-ee7555f4-6b04-4926-a4f7-6b18eaf6d2e5.docx","fileName":"ee7555f4-6b04-4926-a4f7-6b18eaf6d2e5.docx","fileSize":40444,"uploadedAt":"Tue Jul 21 20:50:02 CST 2026","parseStatus":"PROCESSING"}}
2026-07-21 20:50:19.041 [http-nio-8080-exec-2] INFO  cn.yanque.common.aop.ControllerLogAspect [guid=926ace955a424fd286399a2e556a8935] - 接口开始: uri=/yq-admin/api/student/resume, httpMethod=GET, controller=StudentResumeController#get, args=[]
2026-07-21 20:50:19.043 [http-nio-8080-exec-2] INFO  cn.yanque.common.aop.ControllerLogAspect [guid=926ace955a424fd286399a2e556a8935] - 接口结束: uri=/yq-admin/api/student/resume, controller=StudentResumeController#get, cost=2ms, result={"code":200,"message":"success","data":{"studentId":12,"studentName":"去去去","objectKey":"homework/resume/2026/07/21/去去去/750cd9d1-f223-4f75-8f00-dd4065562ab9-ee7555f4-6b04-4926-a4f7-6b18eaf6d2e5.docx","fileName":"ee7555f4-6b04-4926-a4f7-6b18eaf6d2e5.docx","fileSize":40444,"uploadedAt":"Tue Jul 21 20:50:02 CST 2026","parseStatus":"PROCESSING"}}
2026-07-21 20:50:22.048 [http-nio-8080-exec-5] INFO  cn.yanque.common.aop.ControllerLogAspect [guid=31e488ad5835429e9b0316f8672a9012] - 接口开始: uri=/yq-admin/api/student/resume, httpMethod=GET, controller=StudentResumeController#get, args=[]
2026-07-21 20:50:22.049 [http-nio-8080-exec-5] INFO  cn.yanque.common.aop.ControllerLogAspect [guid=31e488ad5835429e9b0316f8672a9012] - 接口结束: uri=/yq-admin/api/student/resume, controller=StudentResumeController#get, cost=1ms, result={"code":200,"message":"success","data":{"studentId":12,"studentName":"去去去","objectKey":"homework/resume/2026/07/21/去去去/750cd9d1-f223-4f75-8f00-dd4065562ab9-ee7555f4-6b04-4926-a4f7-6b18eaf6d2e5.docx","fileName":"ee7555f4-6b04-4926-a4f7-6b18eaf6d2e5.docx","fileSize":40444,"uploadedAt":"Tue Jul 21 20:50:02 CST 2026","parseStatus":"PROCESSING"}}
2026-07-21 20:50:25.043 [http-nio-8080-exec-4] INFO  cn.yanque.common.aop.ControllerLogAspect [guid=b082ccd4c1e04838add1c4d3f2b725d3] - 接口开始: uri=/yq-admin/api/student/resume, httpMethod=GET, controller=StudentResumeController#get, args=[]
2026-07-21 20:50:25.045 [http-nio-8080-exec-4] INFO  cn.yanque.common.aop.ControllerLogAspect [guid=b082ccd4c1e04838add1c4d3f2b725d3] - 接口结束: uri=/yq-admin/api/student/resume, controller=StudentResumeController#get, cost=1ms, result={"code":200,"message":"success","data":{"studentId":12,"studentName":"去去去","objectKey":"homework/resume/2026/07/21/去去去/750cd9d1-f223-4f75-8f00-dd4065562ab9-ee7555f4-6b04-4926-a4f7-6b18eaf6d2e5.docx","fileName":"ee7555f4-6b04-4926-a4f7-6b18eaf6d2e5.docx","fileSize":40444,"uploadedAt":"Tue Jul 21 20:50:02 CST 2026","parseStatus":"PROCESSING"}}
2026-07-21 20:50:28.043 [http-nio-8080-exec-7] INFO  cn.yanque.common.aop.ControllerLogAspect [guid=03d7e9ac281e4fc9b0f417544aa02fc8] - 接口开始: uri=/yq-admin/api/student/resume, httpMethod=GET, controller=StudentResumeController#get, args=[]
2026-07-21 20:50:28.044 [http-nio-8080-exec-7] INFO  cn.yanque.common.aop.ControllerLogAspect [guid=03d7e9ac281e4fc9b0f417544aa02fc8] - 接口结束: uri=/yq-admin/api/student/resume, controller=StudentResumeController#get, cost=1ms, result={"code":200,"message":"success","data":{"studentId":12,"studentName":"去去去","objectKey":"homework/resume/2026/07/21/去去去/750cd9d1-f223-4f75-8f00-dd4065562ab9-ee7555f4-6b04-4926-a4f7-6b18eaf6d2e5.docx","fileName":"ee7555f4-6b04-4926-a4f7-6b18eaf6d2e5.docx","fileSize":40444,"uploadedAt":"Tue Jul 21 20:50:02 CST 2026","parseStatus":"PROCESSING"}}
2026-07-21 20:50:31.035 [http-nio-8080-exec-6] INFO  cn.yanque.common.aop.ControllerLogAspect [guid=280473f94f754753a8617198bec7c99c] - 接口开始: uri=/yq-admin/api/student/resume, httpMethod=GET, controller=StudentResumeController#get, args=[]
2026-07-21 20:50:31.037 [http-nio-8080-exec-6] INFO  cn.yanque.common.aop.ControllerLogAspect [guid=280473f94f754753a8617198bec7c99c] - 接口结束: uri=/yq-admin/api/student/resume, controller=StudentResumeController#get, cost=2ms, result={"code":200,"message":"success","data":{"studentId":12,"studentName":"去去去","objectKey":"homework/resume/2026/07/21/去去去/750cd9d1-f223-4f75-8f00-dd4065562ab9-ee7555f4-6b04-4926-a4f7-6b18eaf6d2e5.docx","fileName":"ee7555f4-6b04-4926-a4f7-6b18eaf6d2e5.docx","fileSize":40444,"uploadedAt":"Tue Jul 21 20:50:02 CST 2026","parseStatus":"PROCESSING"}}
2026-07-21 20:50:34.043 [http-nio-8080-exec-9] INFO  cn.yanque.common.aop.ControllerLogAspect [guid=5b415ae971a146afa7208db35aa2fecf] - 接口开始: uri=/yq-admin/api/student/resume, httpMethod=GET, controller=StudentResumeController#get, args=[]
2026-07-21 20:50:34.045 [http-nio-8080-exec-9] INFO  cn.yanque.common.aop.ControllerLogAspect [guid=5b415ae971a146afa7208db35aa2fecf] - 接口结束: uri=/yq-admin/api/student/resume, controller=StudentResumeController#get, cost=2ms, result={"code":200,"message":"success","data":{"studentId":12,"studentName":"去去去","objectKey":"homework/resume/2026/07/21/去去去/750cd9d1-f223-4f75-8f00-dd4065562ab9-ee7555f4-6b04-4926-a4f7-6b18eaf6d2e5.docx","fileName":"ee7555f4-6b04-4926-a4f7-6b18eaf6d2e5.docx","fileSize":40444,"uploadedAt":"Tue Jul 21 20:50:02 CST 2026","parseStatus":"PROCESSING"}}
2026-07-21 20:50:37.047 [http-nio-8080-exec-8] INFO  cn.yanque.common.aop.ControllerLogAspect [guid=43e9bff14bd04844bf3c92759a690c37] - 接口开始: uri=/yq-admin/api/student/resume, httpMethod=GET, controller=StudentResumeController#get, args=[]
2026-07-21 20:50:37.049 [http-nio-8080-exec-8] INFO  cn.yanque.common.aop.ControllerLogAspect [guid=43e9bff14bd04844bf3c92759a690c37] - 接口结束: uri=/yq-admin/api/student/resume, controller=StudentResumeController#get, cost=2ms, result={"code":200,"message":"success","data":{"studentId":12,"studentName":"去去去","objectKey":"homework/resume/2026/07/21/去去去/750cd9d1-f223-4f75-8f00-dd4065562ab9-ee7555f4-6b04-4926-a4f7-6b18eaf6d2e5.docx","fileName":"ee7555f4-6b04-4926-a4f7-6b18eaf6d2e5.docx","fileSize":40444,"uploadedAt":"Tue Jul 21 20:50:02 CST 2026","parseStatus":"PROCESSING"}}
2026-07-21 20:50:40.045 [http-nio-8080-exec-1] INFO  cn.yanque.common.aop.ControllerLogAspect [guid=28da794196c241ca892a93dbf4bfdc31] - 接口开始: uri=/yq-admin/api/student/resume, httpMethod=GET, controller=StudentResumeController#get, args=[]
2026-07-21 20:50:40.047 [http-nio-8080-exec-1] INFO  cn.yanque.common.aop.ControllerLogAspect [guid=28da794196c241ca892a93dbf4bfdc31] - 接口结束: uri=/yq-admin/api/student/resume, controller=StudentResumeController#get, cost=2ms, result={"code":200,"message":"success","data":{"studentId":12,"studentName":"去去去","objectKey":"homework/resume/2026/07/21/去去去/750cd9d1-f223-4f75-8f00-dd4065562ab9-ee7555f4-6b04-4926-a4f7-6b18eaf6d2e5.docx","fileName":"ee7555f4-6b04-4926-a4f7-6b18eaf6d2e5.docx","fileSize":40444,"uploadedAt":"Tue Jul 21 20:50:02 CST 2026","parseStatus":"PROCESSING"}}
2026-07-21 20:50:43.042 [http-nio-8080-exec-10] INFO  cn.yanque.common.aop.ControllerLogAspect [guid=a560746cce664a4d9856333f4474162c] - 接口开始: uri=/yq-admin/api/student/resume, httpMethod=GET, controller=StudentResumeController#get, args=[]
2026-07-21 20:50:43.044 [http-nio-8080-exec-10] INFO  cn.yanque.common.aop.ControllerLogAspect [guid=a560746cce664a4d9856333f4474162c] - 接口结束: uri=/yq-admin/api/student/resume, controller=StudentResumeController#get, cost=2ms, result={"code":200,"message":"success","data":{"studentId":12,"studentName":"去去去","objectKey":"homework/resume/2026/07/21/去去去/750cd9d1-f223-4f75-8f00-dd4065562ab9-ee7555f4-6b04-4926-a4f7-6b18eaf6d2e5.docx","fileName":"ee7555f4-6b04-4926-a4f7-6b18eaf6d2e5.docx","fileSize":40444,"uploadedAt":"Tue Jul 21 20:50:02 CST 2026","parseStatus":"PROCESSING"}}
2026-07-21 20:50:46.037 [http-nio-8080-exec-3] INFO  cn.yanque.common.aop.ControllerLogAspect [guid=d665e364e42f48c1874d8a6119b5b050] - 接口开始: uri=/yq-admin/api/student/resume, httpMethod=GET, controller=StudentResumeController#get, args=[]
2026-07-21 20:50:46.039 [http-nio-8080-exec-3] INFO  cn.yanque.common.aop.ControllerLogAspect [guid=d665e364e42f48c1874d8a6119b5b050] - 接口结束: uri=/yq-admin/api/student/resume, controller=StudentResumeController#get, cost=1ms, result={"code":200,"message":"success","data":{"studentId":12,"studentName":"去去去","objectKey":"homework/resume/2026/07/21/去去去/750cd9d1-f223-4f75-8f00-dd4065562ab9-ee7555f4-6b04-4926-a4f7-6b18eaf6d2e5.docx","fileName":"ee7555f4-6b04-4926-a4f7-6b18eaf6d2e5.docx","fileSize":40444,"uploadedAt":"Tue Jul 21 20:50:02 CST 2026","parseStatus":"PROCESSING"}}
2026-07-21 20:50:49.044 [http-nio-8080-exec-2] INFO  cn.yanque.common.aop.ControllerLogAspect [guid=d03d3349b8664f9c897e99f910c42dc1] - 接口开始: uri=/yq-admin/api/student/resume, httpMethod=GET, controller=StudentResumeController#get, args=[]
2026-07-21 20:50:49.046 [http-nio-8080-exec-2] INFO  cn.yanque.common.aop.ControllerLogAspect [guid=d03d3349b8664f9c897e99f910c42dc1] - 接口结束: uri=/yq-admin/api/student/resume, controller=StudentResumeController#get, cost=2ms, result={"code":200,"message":"success","data":{"studentId":12,"studentName":"去去去","objectKey":"homework/resume/2026/07/21/去去去/750cd9d1-f223-4f75-8f00-dd4065562ab9-ee7555f4-6b04-4926-a4f7-6b18eaf6d2e5.docx","fileName":"ee7555f4-6b04-4926-a4f7-6b18eaf6d2e5.docx","fileSize":40444,"uploadedAt":"Tue Jul 21 20:50:02 CST 2026","parseStatus":"PROCESSING"}}
2026-07-21 20:50:52.038 [http-nio-8080-exec-5] INFO  cn.yanque.common.aop.ControllerLogAspect [guid=49558944d6574810815c6772217bb416] - 接口开始: uri=/yq-admin/api/student/resume, httpMethod=GET, controller=StudentResumeController#get, args=[]
2026-07-21 20:50:52.040 [http-nio-8080-exec-5] INFO  cn.yanque.common.aop.ControllerLogAspect [guid=49558944d6574810815c6772217bb416] - 接口结束: uri=/yq-admin/api/student/resume, controller=StudentResumeController#get, cost=2ms, result={"code":200,"message":"success","data":{"studentId":12,"studentName":"去去去","objectKey":"homework/resume/2026/07/21/去去去/750cd9d1-f223-4f75-8f00-dd4065562ab9-ee7555f4-6b04-4926-a4f7-6b18eaf6d2e5.docx","fileName":"ee7555f4-6b04-4926-a4f7-6b18eaf6d2e5.docx","fileSize":40444,"uploadedAt":"Tue Jul 21 20:50:02 CST 2026","parseStatus":"PROCESSING"}}
2026-07-21 20:50:55.043 [http-nio-8080-exec-4] INFO  cn.yanque.common.aop.ControllerLogAspect [guid=f114e06aa92b4b659fdcefa2aa4197f5] - 接口开始: uri=/yq-admin/api/student/resume, httpMethod=GET, controller=StudentResumeController#get, args=[]
2026-07-21 20:50:55.044 [http-nio-8080-exec-4] INFO  cn.yanque.common.aop.ControllerLogAspect [guid=f114e06aa92b4b659fdcefa2aa4197f5] - 接口结束: uri=/yq-admin/api/student/resume, controller=StudentResumeController#get, cost=1ms, result={"code":200,"message":"success","data":{"studentId":12,"studentName":"去去去","objectKey":"homework/resume/2026/07/21/去去去/750cd9d1-f223-4f75-8f00-dd4065562ab9-ee7555f4-6b04-4926-a4f7-6b18eaf6d2e5.docx","fileName":"ee7555f4-6b04-4926-a4f7-6b18eaf6d2e5.docx","fileSize":40444,"uploadedAt":"Tue Jul 21 20:50:02 CST 2026","parseStatus":"PROCESSING"}}
2026-07-21 20:50:58.040 [http-nio-8080-exec-7] INFO  cn.yanque.common.aop.ControllerLogAspect [guid=170dd8a8389c45e0b613b75f9bddd102] - 接口开始: uri=/yq-admin/api/student/resume, httpMethod=GET, controller=StudentResumeController#get, args=[]
2026-07-21 20:50:58.043 [http-nio-8080-exec-7] INFO  cn.yanque.common.aop.ControllerLogAspect [guid=170dd8a8389c45e0b613b75f9bddd102] - 接口结束: uri=/yq-admin/api/student/resume, controller=StudentResumeController#get, cost=3ms, result={"code":200,"message":"success","data":{"studentId":12,"studentName":"去去去","objectKey":"homework/resume/2026/07/21/去去去/750cd9d1-f223-4f75-8f00-dd4065562ab9-ee7555f4-6b04-4926-a4f7-6b18eaf6d2e5.docx","fileName":"ee7555f4-6b04-4926-a4f7-6b18eaf6d2e5.docx","fileSize":40444,"uploadedAt":"Tue Jul 21 20:50:02 CST 2026","parseStatus":"PROCESSING"}}
2026-07-21 20:51:01.036 [http-nio-8080-exec-6] INFO  cn.yanque.common.aop.ControllerLogAspect [guid=cbc71789d21b4c82b247b98c7b6a371f] - 接口开始: uri=/yq-admin/api/student/resume, httpMethod=GET, controller=StudentResumeController#get, args=[]
2026-07-21 20:51:01.038 [http-nio-8080-exec-6] INFO  cn.yanque.common.aop.ControllerLogAspect [guid=cbc71789d21b4c82b247b98c7b6a371f] - 接口结束: uri=/yq-admin/api/student/resume, controller=StudentResumeController#get, cost=2ms, result={"code":200,"message":"success","data":{"studentId":12,"studentName":"去去去","objectKey":"homework/resume/2026/07/21/去去去/750cd9d1-f223-4f75-8f00-dd4065562ab9-ee7555f4-6b04-4926-a4f7-6b18eaf6d2e5.docx","fileName":"ee7555f4-6b04-4926-a4f7-6b18eaf6d2e5.docx","fileSize":40444,"uploadedAt":"Tue Jul 21 20:50:02 CST 2026","parseStatus":"PROCESSING"}}
2026-07-21 20:51:04.047 [http-nio-8080-exec-9] INFO  cn.yanque.common.aop.ControllerLogAspect [guid=4023723a33e94f14923a0903d7cf38fb] - 接口开始: uri=/yq-admin/api/student/resume, httpMethod=GET, controller=StudentResumeController#get, args=[]
2026-07-21 20:51:04.049 [http-nio-8080-exec-9] INFO  cn.yanque.common.aop.ControllerLogAspect [guid=4023723a33e94f14923a0903d7cf38fb] - 接口结束: uri=/yq-admin/api/student/resume, controller=StudentResumeController#get, cost=2ms, result={"code":200,"message":"success","data":{"studentId":12,"studentName":"去去去","objectKey":"homework/resume/2026/07/21/去去去/750cd9d1-f223-4f75-8f00-dd4065562ab9-ee7555f4-6b04-4926-a4f7-6b18eaf6d2e5.docx","fileName":"ee7555f4-6b04-4926-a4f7-6b18eaf6d2e5.docx","fileSize":40444,"uploadedAt":"Tue Jul 21 20:50:02 CST 2026","parseStatus":"PROCESSING"}}
2026-07-21 20:51:07.037 [http-nio-8080-exec-8] INFO  cn.yanque.common.aop.ControllerLogAspect [guid=0048263f74e34385adea6efa717f69f3] - 接口开始: uri=/yq-admin/api/student/resume, httpMethod=GET, controller=StudentResumeController#get, args=[]
2026-07-21 20:51:07.039 [http-nio-8080-exec-8] INFO  cn.yanque.common.aop.ControllerLogAspect [guid=0048263f74e34385adea6efa717f69f3] - 接口结束: uri=/yq-admin/api/student/resume, controller=StudentResumeController#get, cost=2ms, result={"code":200,"message":"success","data":{"studentId":12,"studentName":"去去去","objectKey":"homework/resume/2026/07/21/去去去/750cd9d1-f223-4f75-8f00-dd4065562ab9-ee7555f4-6b04-4926-a4f7-6b18eaf6d2e5.docx","fileName":"ee7555f4-6b04-4926-a4f7-6b18eaf6d2e5.docx","fileSize":40444,"uploadedAt":"Tue Jul 21 20:50:02 CST 2026","parseStatus":"PROCESSING"}}
2026-07-21 20:51:10.050 [http-nio-8080-exec-1] INFO  cn.yanque.common.aop.ControllerLogAspect [guid=184df5e2965f442bb4c591cea5d77ef9] - 接口开始: uri=/yq-admin/api/student/resume, httpMethod=GET, controller=StudentResumeController#get, args=[]
2026-07-21 20:51:10.051 [http-nio-8080-exec-1] INFO  cn.yanque.common.aop.ControllerLogAspect [guid=184df5e2965f442bb4c591cea5d77ef9] - 接口结束: uri=/yq-admin/api/student/resume, controller=StudentResumeController#get, cost=1ms, result={"code":200,"message":"success","data":{"studentId":12,"studentName":"去去去","objectKey":"homework/resume/2026/07/21/去去去/750cd9d1-f223-4f75-8f00-dd4065562ab9-ee7555f4-6b04-4926-a4f7-6b18eaf6d2e5.docx","fileName":"ee7555f4-6b04-4926-a4f7-6b18eaf6d2e5.docx","fileSize":40444,"uploadedAt":"Tue Jul 21 20:50:02 CST 2026","parseStatus":"PROCESSING"}}
2026-07-21 20:51:13.038 [http-nio-8080-exec-10] INFO  cn.yanque.common.aop.ControllerLogAspect [guid=4dd7d8401d3f4b2f894317d448ea9401] - 接口开始: uri=/yq-admin/api/student/resume, httpMethod=GET, controller=StudentResumeController#get, args=[]
2026-07-21 20:51:13.040 [http-nio-8080-exec-10] INFO  cn.yanque.common.aop.ControllerLogAspect [guid=4dd7d8401d3f4b2f894317d448ea9401] - 接口结束: uri=/yq-admin/api/student/resume, controller=StudentResumeController#get, cost=1ms, result={"code":200,"message":"success","data":{"studentId":12,"studentName":"去去去","objectKey":"homework/resume/2026/07/21/去去去/750cd9d1-f223-4f75-8f00-dd4065562ab9-ee7555f4-6b04-4926-a4f7-6b18eaf6d2e5.docx","fileName":"ee7555f4-6b04-4926-a4f7-6b18eaf6d2e5.docx","fileSize":40444,"uploadedAt":"Tue Jul 21 20:50:02 CST 2026","parseStatus":"PROCESSING"}}
2026-07-21 20:51:16.037 [http-nio-8080-exec-3] INFO  cn.yanque.common.aop.ControllerLogAspect [guid=2ae5647b448247808c4c195b9018ed9d] - 接口开始: uri=/yq-admin/api/student/resume, httpMethod=GET, controller=StudentResumeController#get, args=[]
2026-07-21 20:51:16.039 [http-nio-8080-exec-3] INFO  cn.yanque.common.aop.ControllerLogAspect [guid=2ae5647b448247808c4c195b9018ed9d] - 接口结束: uri=/yq-admin/api/student/resume, controller=StudentResumeController#get, cost=2ms, result={"code":200,"message":"success","data":{"studentId":12,"studentName":"去去去","objectKey":"homework/resume/2026/07/21/去去去/750cd9d1-f223-4f75-8f00-dd4065562ab9-ee7555f4-6b04-4926-a4f7-6b18eaf6d2e5.docx","fileName":"ee7555f4-6b04-4926-a4f7-6b18eaf6d2e5.docx","fileSize":40444,"uploadedAt":"Tue Jul 21 20:50:02 CST 2026","parseStatus":"PROCESSING"}}
2026-07-21 20:51:19.049 [http-nio-8080-exec-2] INFO  cn.yanque.common.aop.ControllerLogAspect [guid=008eb6a00d0a4297877d4fa407587153] - 接口开始: uri=/yq-admin/api/student/resume, httpMethod=GET, controller=StudentResumeController#get, args=[]
2026-07-21 20:51:19.051 [http-nio-8080-exec-2] INFO  cn.yanque.common.aop.ControllerLogAspect [guid=008eb6a00d0a4297877d4fa407587153] - 接口结束: uri=/yq-admin/api/student/resume, controller=StudentResumeController#get, cost=2ms, result={"code":200,"message":"success","data":{"studentId":12,"studentName":"去去去","objectKey":"homework/resume/2026/07/21/去去去/750cd9d1-f223-4f75-8f00-dd4065562ab9-ee7555f4-6b04-4926-a4f7-6b18eaf6d2e5.docx","fileName":"ee7555f4-6b04-4926-a4f7-6b18eaf6d2e5.docx","fileSize":40444,"uploadedAt":"Tue Jul 21 20:50:02 CST 2026","parseStatus":"PROCESSING"}}
2026-07-21 20:51:22.038 [http-nio-8080-exec-5] INFO  cn.yanque.common.aop.ControllerLogAspect [guid=1270cbee00814411b6b9bfeff22ba587] - 接口开始: uri=/yq-admin/api/student/resume, httpMethod=GET, controller=StudentResumeController#get, args=[]
2026-07-21 20:51:22.039 [http-nio-8080-exec-5] INFO  cn.yanque.common.aop.ControllerLogAspect [guid=1270cbee00814411b6b9bfeff22ba587] - 接口结束: uri=/yq-admin/api/student/resume, controller=StudentResumeController#get, cost=1ms, result={"code":200,"message":"success","data":{"studentId":12,"studentName":"去去去","objectKey":"homework/resume/2026/07/21/去去去/750cd9d1-f223-4f75-8f00-dd4065562ab9-ee7555f4-6b04-4926-a4f7-6b18eaf6d2e5.docx","fileName":"ee7555f4-6b04-4926-a4f7-6b18eaf6d2e5.docx","fileSize":40444,"uploadedAt":"Tue Jul 21 20:50:02 CST 2026","parseStatus":"PROCESSING"}}
2026-07-21 20:51:25.038 [http-nio-8080-exec-4] INFO  cn.yanque.common.aop.ControllerLogAspect [guid=b0a73e4775484abeb44775f8f9b2c23c] - 接口开始: uri=/yq-admin/api/student/resume, httpMethod=GET, controller=StudentResumeController#get, args=[]
2026-07-21 20:51:25.041 [http-nio-8080-exec-4] INFO  cn.yanque.common.aop.ControllerLogAspect [guid=b0a73e4775484abeb44775f8f9b2c23c] - 接口结束: uri=/yq-admin/api/student/resume, controller=StudentResumeController#get, cost=2ms, result={"code":200,"message":"success","data":{"studentId":12,"studentName":"去去去","objectKey":"homework/resume/2026/07/21/去去去/750cd9d1-f223-4f75-8f00-dd4065562ab9-ee7555f4-6b04-4926-a4f7-6b18eaf6d2e5.docx","fileName":"ee7555f4-6b04-4926-a4f7-6b18eaf6d2e5.docx","fileSize":40444,"uploadedAt":"Tue Jul 21 20:50:02 CST 2026","parseStatus":"PROCESSING"}}
2026-07-21 20:51:28.042 [http-nio-8080-exec-7] INFO  cn.yanque.common.aop.ControllerLogAspect [guid=de4e26220f5c4050bb8135c86da0dc0c] - 接口开始: uri=/yq-admin/api/student/resume, httpMethod=GET, controller=StudentResumeController#get, args=[]
2026-07-21 20:51:28.044 [http-nio-8080-exec-7] INFO  cn.yanque.common.aop.ControllerLogAspect [guid=de4e26220f5c4050bb8135c86da0dc0c] - 接口结束: uri=/yq-admin/api/student/resume, controller=StudentResumeController#get, cost=1ms, result={"code":200,"message":"success","data":{"studentId":12,"studentName":"去去去","objectKey":"homework/resume/2026/07/21/去去去/750cd9d1-f223-4f75-8f00-dd4065562ab9-ee7555f4-6b04-4926-a4f7-6b18eaf6d2e5.docx","fileName":"ee7555f4-6b04-4926-a4f7-6b18eaf6d2e5.docx","fileSize":40444,"uploadedAt":"Tue Jul 21 20:50:02 CST 2026","parseStatus":"PROCESSING"}}
2026-07-21 20:51:31.050 [http-nio-8080-exec-6] INFO  cn.yanque.common.aop.ControllerLogAspect [guid=5f50056a65be49029171d32d31b44159] - 接口开始: uri=/yq-admin/api/student/resume, httpMethod=GET, controller=StudentResumeController#get, args=[]
2026-07-21 20:51:31.060 [http-nio-8080-exec-6] INFO  cn.yanque.common.aop.ControllerLogAspect [guid=5f50056a65be49029171d32d31b44159] - 接口结束: uri=/yq-admin/api/student/resume, controller=StudentResumeController#get, cost=10ms, result={"code":200,"message":"success","data":{"studentId":12,"studentName":"去去去","objectKey":"homework/resume/2026/07/21/去去去/750cd9d1-f223-4f75-8f00-dd4065562ab9-ee7555f4-6b04-4926-a4f7-6b18eaf6d2e5.docx","fileName":"ee7555f4-6b04-4926-a4f7-6b18eaf6d2e5.docx","fileSize":40444,"uploadedAt":"Tue Jul 21 20:50:02 CST 2026","parseStatus":"PROCESSING"}}
2026-07-21 20:51:34.042 [http-nio-8080-exec-9] INFO  cn.yanque.common.aop.ControllerLogAspect [guid=9d2438da7291403c8d16256b3691eab2] - 接口开始: uri=/yq-admin/api/student/resume, httpMethod=GET, controller=StudentResumeController#get, args=[]
2026-07-21 20:51:34.044 [http-nio-8080-exec-9] INFO  cn.yanque.common.aop.ControllerLogAspect [guid=9d2438da7291403c8d16256b3691eab2] - 接口结束: uri=/yq-admin/api/student/resume, controller=StudentResumeController#get, cost=2ms, result={"code":200,"message":"success","data":{"studentId":12,"studentName":"去去去","objectKey":"homework/resume/2026/07/21/去去去/750cd9d1-f223-4f75-8f00-dd4065562ab9-ee7555f4-6b04-4926-a4f7-6b18eaf6d2e5.docx","fileName":"ee7555f4-6b04-4926-a4f7-6b18eaf6d2e5.docx","fileSize":40444,"uploadedAt":"Tue Jul 21 20:50:02 CST 2026","parseStatus":"PROCESSING"}}
2026-07-21 20:51:37.047 [http-nio-8080-exec-8] INFO  cn.yanque.common.aop.ControllerLogAspect [guid=9db7614069c6447ca98221e778cdbc1d] - 接口开始: uri=/yq-admin/api/student/resume, httpMethod=GET, controller=StudentResumeController#get, args=[]
2026-07-21 20:51:37.049 [http-nio-8080-exec-8] INFO  cn.yanque.common.aop.ControllerLogAspect [guid=9db7614069c6447ca98221e778cdbc1d] - 接口结束: uri=/yq-admin/api/student/resume, controller=StudentResumeController#get, cost=2ms, result={"code":200,"message":"success","data":{"studentId":12,"studentName":"去去去","objectKey":"homework/resume/2026/07/21/去去去/750cd9d1-f223-4f75-8f00-dd4065562ab9-ee7555f4-6b04-4926-a4f7-6b18eaf6d2e5.docx","fileName":"ee7555f4-6b04-4926-a4f7-6b18eaf6d2e5.docx","fileSize":40444,"uploadedAt":"Tue Jul 21 20:50:02 CST 2026","parseStatus":"PROCESSING"}}
2026-07-21 20:51:40.048 [http-nio-8080-exec-1] INFO  cn.yanque.common.aop.ControllerLogAspect [guid=c3c4accce16e415c91556ba4e8db8d8f] - 接口开始: uri=/yq-admin/api/student/resume, httpMethod=GET, controller=StudentResumeController#get, args=[]
2026-07-21 20:51:40.050 [http-nio-8080-exec-1] INFO  cn.yanque.common.aop.ControllerLogAspect [guid=c3c4accce16e415c91556ba4e8db8d8f] - 接口结束: uri=/yq-admin/api/student/resume, controller=StudentResumeController#get, cost=3ms, result={"code":200,"message":"success","data":{"studentId":12,"studentName":"去去去","objectKey":"homework/resume/2026/07/21/去去去/750cd9d1-f223-4f75-8f00-dd4065562ab9-ee7555f4-6b04-4926-a4f7-6b18eaf6d2e5.docx","fileName":"ee7555f4-6b04-4926-a4f7-6b18eaf6d2e5.docx","fileSize":40444,"uploadedAt":"Tue Jul 21 20:50:02 CST 2026","parseStatus":"PROCESSING"}}
2026-07-21 20:51:43.047 [http-nio-8080-exec-10] INFO  cn.yanque.common.aop.ControllerLogAspect [guid=d0fba264f4734abbbcbf2ab436d12057] - 接口开始: uri=/yq-admin/api/student/resume, httpMethod=GET, controller=StudentResumeController#get, args=[]
2026-07-21 20:51:43.059 [http-nio-8080-exec-10] INFO  cn.yanque.common.aop.ControllerLogAspect [guid=d0fba264f4734abbbcbf2ab436d12057] - 接口结束: uri=/yq-admin/api/student/resume, controller=StudentResumeController#get, cost=11ms, result={"code":200,"message":"success","data":{"studentId":12,"studentName":"去去去","objectKey":"homework/resume/2026/07/21/去去去/750cd9d1-f223-4f75-8f00-dd4065562ab9-ee7555f4-6b04-4926-a4f7-6b18eaf6d2e5.docx","fileName":"ee7555f4-6b04-4926-a4f7-6b18eaf6d2e5.docx","fileSize":40444,"uploadedAt":"Tue Jul 21 20:50:02 CST 2026","parseStatus":"PROCESSING"}}
2026-07-21 20:51:46.046 [http-nio-8080-exec-3] INFO  cn.yanque.common.aop.ControllerLogAspect [guid=3abb135639294ff79b0f88ef8c403ab1] - 接口开始: uri=/yq-admin/api/student/resume, httpMethod=GET, controller=StudentResumeController#get, args=[]
2026-07-21 20:51:46.048 [http-nio-8080-exec-3] INFO  cn.yanque.common.aop.ControllerLogAspect [guid=3abb135639294ff79b0f88ef8c403ab1] - 接口结束: uri=/yq-admin/api/student/resume, controller=StudentResumeController#get, cost=2ms, result={"code":200,"message":"success","data":{"studentId":12,"studentName":"去去去","objectKey":"homework/resume/2026/07/21/去去去/750cd9d1-f223-4f75-8f00-dd4065562ab9-ee7555f4-6b04-4926-a4f7-6b18eaf6d2e5.docx","fileName":"ee7555f4-6b04-4926-a4f7-6b18eaf6d2e5.docx","fileSize":40444,"uploadedAt":"Tue Jul 21 20:50:02 CST 2026","parseStatus":"PROCESSING"}}
2026-07-21 20:51:49.045 [http-nio-8080-exec-2] INFO  cn.yanque.common.aop.ControllerLogAspect [guid=8953df3853ba452c9a3f02e67066dffa] - 接口开始: uri=/yq-admin/api/student/resume, httpMethod=GET, controller=StudentResumeController#get, args=[]
2026-07-21 20:51:49.047 [http-nio-8080-exec-2] INFO  cn.yanque.common.aop.ControllerLogAspect [guid=8953df3853ba452c9a3f02e67066dffa] - 接口结束: uri=/yq-admin/api/student/resume, controller=StudentResumeController#get, cost=2ms, result={"code":200,"message":"success","data":{"studentId":12,"studentName":"去去去","objectKey":"homework/resume/2026/07/21/去去去/750cd9d1-f223-4f75-8f00-dd4065562ab9-ee7555f4-6b04-4926-a4f7-6b18eaf6d2e5.docx","fileName":"ee7555f4-6b04-4926-a4f7-6b18eaf6d2e5.docx","fileSize":40444,"uploadedAt":"Tue Jul 21 20:50:02 CST 2026","parseStatus":"PROCESSING"}}
2026-07-21 20:51:52.047 [http-nio-8080-exec-5] INFO  cn.yanque.common.aop.ControllerLogAspect [guid=629d9ab60c7c4251a3bd489b082e4282] - 接口开始: uri=/yq-admin/api/student/resume, httpMethod=GET, controller=StudentResumeController#get, args=[]
2026-07-21 20:51:52.048 [http-nio-8080-exec-5] INFO  cn.yanque.common.aop.ControllerLogAspect [guid=629d9ab60c7c4251a3bd489b082e4282] - 接口结束: uri=/yq-admin/api/student/resume, controller=StudentResumeController#get, cost=1ms, result={"code":200,"message":"success","data":{"studentId":12,"studentName":"去去去","objectKey":"homework/resume/2026/07/21/去去去/750cd9d1-f223-4f75-8f00-dd4065562ab9-ee7555f4-6b04-4926-a4f7-6b18eaf6d2e5.docx","fileName":"ee7555f4-6b04-4926-a4f7-6b18eaf6d2e5.docx","fileSize":40444,"uploadedAt":"Tue Jul 21 20:50:02 CST 2026","parseStatus":"PROCESSING"}}
2026-07-21 20:51:55.039 [http-nio-8080-exec-4] INFO  cn.yanque.common.aop.ControllerLogAspect [guid=58cce4c5ad1c48c3b13c63476a635378] - 接口开始: uri=/yq-admin/api/student/resume, httpMethod=GET, controller=StudentResumeController#get, args=[]
2026-07-21 20:51:55.040 [http-nio-8080-exec-4] INFO  cn.yanque.common.aop.ControllerLogAspect [guid=58cce4c5ad1c48c3b13c63476a635378] - 接口结束: uri=/yq-admin/api/student/resume, controller=StudentResumeController#get, cost=1ms, result={"code":200,"message":"success","data":{"studentId":12,"studentName":"去去去","objectKey":"homework/resume/2026/07/21/去去去/750cd9d1-f223-4f75-8f00-dd4065562ab9-ee7555f4-6b04-4926-a4f7-6b18eaf6d2e5.docx","fileName":"ee7555f4-6b04-4926-a4f7-6b18eaf6d2e5.docx","fileSize":40444,"uploadedAt":"Tue Jul 21 20:50:02 CST 2026","parseStatus":"PROCESSING"}}
2026-07-21 20:51:58.045 [http-nio-8080-exec-7] INFO  cn.yanque.common.aop.ControllerLogAspect [guid=8b0f66c87b424dc59183c92e84d8d9f2] - 接口开始: uri=/yq-admin/api/student/resume, httpMethod=GET, controller=StudentResumeController#get, args=[]
2026-07-21 20:51:58.048 [http-nio-8080-exec-7] INFO  cn.yanque.common.aop.ControllerLogAspect [guid=8b0f66c87b424dc59183c92e84d8d9f2] - 接口结束: uri=/yq-admin/api/student/resume, controller=StudentResumeController#get, cost=2ms, result={"code":200,"message":"success","data":{"studentId":12,"studentName":"去去去","objectKey":"homework/resume/2026/07/21/去去去/750cd9d1-f223-4f75-8f00-dd4065562ab9-ee7555f4-6b04-4926-a4f7-6b18eaf6d2e5.docx","fileName":"ee7555f4-6b04-4926-a4f7-6b18eaf6d2e5.docx","fileSize":40444,"uploadedAt":"Tue Jul 21 20:50:02 CST 2026","parseStatus":"PROCESSING"}}
2026-07-21 20:52:01.041 [http-nio-8080-exec-6] INFO  cn.yanque.common.aop.ControllerLogAspect [guid=774ef8ce9ac342f7bdefab1f78c0cb4d] - 接口开始: uri=/yq-admin/api/student/resume, httpMethod=GET, controller=StudentResumeController#get, args=[]
2026-07-21 20:52:01.043 [http-nio-8080-exec-6] INFO  cn.yanque.common.aop.ControllerLogAspect [guid=774ef8ce9ac342f7bdefab1f78c0cb4d] - 接口结束: uri=/yq-admin/api/student/resume, controller=StudentResumeController#get, cost=2ms, result={"code":200,"message":"success","data":{"studentId":12,"studentName":"去去去","objectKey":"homework/resume/2026/07/21/去去去/750cd9d1-f223-4f75-8f00-dd4065562ab9-ee7555f4-6b04-4926-a4f7-6b18eaf6d2e5.docx","fileName":"ee7555f4-6b04-4926-a4f7-6b18eaf6d2e5.docx","fileSize":40444,"uploadedAt":"Tue Jul 21 20:50:02 CST 2026","parseStatus":"PROCESSING"}}
2026-07-21 20:52:04.038 [http-nio-8080-exec-9] INFO  cn.yanque.common.aop.ControllerLogAspect [guid=ae13cd7c0df040d1a60d51c03bddc819] - 接口开始: uri=/yq-admin/api/student/resume, httpMethod=GET, controller=StudentResumeController#get, args=[]
2026-07-21 20:52:04.040 [http-nio-8080-exec-9] INFO  cn.yanque.common.aop.ControllerLogAspect [guid=ae13cd7c0df040d1a60d51c03bddc819] - 接口结束: uri=/yq-admin/api/student/resume, controller=StudentResumeController#get, cost=2ms, result={"code":200,"message":"success","data":{"studentId":12,"studentName":"去去去","objectKey":"homework/resume/2026/07/21/去去去/750cd9d1-f223-4f75-8f00-dd4065562ab9-ee7555f4-6b04-4926-a4f7-6b18eaf6d2e5.docx","fileName":"ee7555f4-6b04-4926-a4f7-6b18eaf6d2e5.docx","fileSize":40444,"uploadedAt":"Tue Jul 21 20:50:02 CST 2026","parseStatus":"PROCESSING"}}
2026-07-21 20:52:07.043 [http-nio-8080-exec-8] INFO  cn.yanque.common.aop.ControllerLogAspect [guid=a6b23f28f10b4a7e9053a4c16c97ba85] - 接口开始: uri=/yq-admin/api/student/resume, httpMethod=GET, controller=StudentResumeController#get, args=[]
2026-07-21 20:52:07.045 [http-nio-8080-exec-8] INFO  cn.yanque.common.aop.ControllerLogAspect [guid=a6b23f28f10b4a7e9053a4c16c97ba85] - 接口结束: uri=/yq-admin/api/student/resume, controller=StudentResumeController#get, cost=2ms, result={"code":200,"message":"success","data":{"studentId":12,"studentName":"去去去","objectKey":"homework/resume/2026/07/21/去去去/750cd9d1-f223-4f75-8f00-dd4065562ab9-ee7555f4-6b04-4926-a4f7-6b18eaf6d2e5.docx","fileName":"ee7555f4-6b04-4926-a4f7-6b18eaf6d2e5.docx","fileSize":40444,"uploadedAt":"Tue Jul 21 20:50:02 CST 2026","parseStatus":"PROCESSING"}}
2026-07-21 20:52:10.041 [http-nio-8080-exec-1] INFO  cn.yanque.common.aop.ControllerLogAspect [guid=937c9e35c66b4cfabecd82fcd4aa8e8a] - 接口开始: uri=/yq-admin/api/student/resume, httpMethod=GET, controller=StudentResumeController#get, args=[]
2026-07-21 20:52:10.042 [http-nio-8080-exec-1] INFO  cn.yanque.common.aop.ControllerLogAspect [guid=937c9e35c66b4cfabecd82fcd4aa8e8a] - 接口结束: uri=/yq-admin/api/student/resume, controller=StudentResumeController#get, cost=1ms, result={"code":200,"message":"success","data":{"studentId":12,"studentName":"去去去","objectKey":"homework/resume/2026/07/21/去去去/750cd9d1-f223-4f75-8f00-dd4065562ab9-ee7555f4-6b04-4926-a4f7-6b18eaf6d2e5.docx","fileName":"ee7555f4-6b04-4926-a4f7-6b18eaf6d2e5.docx","fileSize":40444,"uploadedAt":"Tue Jul 21 20:50:02 CST 2026","parseStatus":"PROCESSING"}}
2026-07-21 20:52:13.045 [http-nio-8080-exec-10] INFO  cn.yanque.common.aop.ControllerLogAspect [guid=ba579a7279b44dbea79f667523f9fcce] - 接口开始: uri=/yq-admin/api/student/resume, httpMethod=GET, controller=StudentResumeController#get, args=[]
2026-07-21 20:52:13.047 [http-nio-8080-exec-10] INFO  cn.yanque.common.aop.ControllerLogAspect [guid=ba579a7279b44dbea79f667523f9fcce] - 接口结束: uri=/yq-admin/api/student/resume, controller=StudentResumeController#get, cost=2ms, result={"code":200,"message":"success","data":{"studentId":12,"studentName":"去去去","objectKey":"homework/resume/2026/07/21/去去去/750cd9d1-f223-4f75-8f00-dd4065562ab9-ee7555f4-6b04-4926-a4f7-6b18eaf6d2e5.docx","fileName":"ee7555f4-6b04-4926-a4f7-6b18eaf6d2e5.docx","fileSize":40444,"uploadedAt":"Tue Jul 21 20:50:02 CST 2026","parseStatus":"PROCESSING"}}
2026-07-21 20:52:16.038 [http-nio-8080-exec-3] INFO  cn.yanque.common.aop.ControllerLogAspect [guid=01a801c26f86443eb0e5714063fe42f3] - 接口开始: uri=/yq-admin/api/student/resume, httpMethod=GET, controller=StudentResumeController#get, args=[]
2026-07-21 20:52:16.039 [http-nio-8080-exec-3] INFO  cn.yanque.common.aop.ControllerLogAspect [guid=01a801c26f86443eb0e5714063fe42f3] - 接口结束: uri=/yq-admin/api/student/resume, controller=StudentResumeController#get, cost=1ms, result={"code":200,"message":"success","data":{"studentId":12,"studentName":"去去去","objectKey":"homework/resume/2026/07/21/去去去/750cd9d1-f223-4f75-8f00-dd4065562ab9-ee7555f4-6b04-4926-a4f7-6b18eaf6d2e5.docx","fileName":"ee7555f4-6b04-4926-a4f7-6b18eaf6d2e5.docx","fileSize":40444,"uploadedAt":"Tue Jul 21 20:50:02 CST 2026","parseStatus":"PROCESSING"}}
2026-07-21 20:52:19.041 [http-nio-8080-exec-2] INFO  cn.yanque.common.aop.ControllerLogAspect [guid=db1f033aeebb48f2b50e11aa3971faea] - 接口开始: uri=/yq-admin/api/student/resume, httpMethod=GET, controller=StudentResumeController#get, args=[]
2026-07-21 20:52:19.044 [http-nio-8080-exec-2] INFO  cn.yanque.common.aop.ControllerLogAspect [guid=db1f033aeebb48f2b50e11aa3971faea] - 接口结束: uri=/yq-admin/api/student/resume, controller=StudentResumeController#get, cost=3ms, result={"code":200,"message":"success","data":{"studentId":12,"studentName":"去去去","objectKey":"homework/resume/2026/07/21/去去去/750cd9d1-f223-4f75-8f00-dd4065562ab9-ee7555f4-6b04-4926-a4f7-6b18eaf6d2e5.docx","fileName":"ee7555f4-6b04-4926-a4f7-6b18eaf6d2e5.docx","fileSize":40444,"uploadedAt":"Tue Jul 21 20:50:02 CST 2026","parseStatus":"PROCESSING"}}
2026-07-21 20:52:22.050 [http-nio-8080-exec-5] INFO  cn.yanque.common.aop.ControllerLogAspect [guid=35c071e664b741f4abab1b2ab6032c35] - 接口开始: uri=/yq-admin/api/student/resume, httpMethod=GET, controller=StudentResumeController#get, args=[]
2026-07-21 20:52:22.052 [http-nio-8080-exec-5] INFO  cn.yanque.common.aop.ControllerLogAspect [guid=35c071e664b741f4abab1b2ab6032c35] - 接口结束: uri=/yq-admin/api/student/resume, controller=StudentResumeController#get, cost=2ms, result={"code":200,"message":"success","data":{"studentId":12,"studentName":"去去去","objectKey":"homework/resume/2026/07/21/去去去/750cd9d1-f223-4f75-8f00-dd4065562ab9-ee7555f4-6b04-4926-a4f7-6b18eaf6d2e5.docx","fileName":"ee7555f4-6b04-4926-a4f7-6b18eaf6d2e5.docx","fileSize":40444,"uploadedAt":"Tue Jul 21 20:50:02 CST 2026","parseStatus":"PROCESSING"}}
2026-07-21 20:52:25.039 [http-nio-8080-exec-4] INFO  cn.yanque.common.aop.ControllerLogAspect [guid=7ed436c62f9749049c02f80851a6308c] - 接口开始: uri=/yq-admin/api/student/resume, httpMethod=GET, controller=StudentResumeController#get, args=[]
2026-07-21 20:52:25.041 [http-nio-8080-exec-4] INFO  cn.yanque.common.aop.ControllerLogAspect [guid=7ed436c62f9749049c02f80851a6308c] - 接口结束: uri=/yq-admin/api/student/resume, controller=StudentResumeController#get, cost=2ms, result={"code":200,"message":"success","data":{"studentId":12,"studentName":"去去去","objectKey":"homework/resume/2026/07/21/去去去/750cd9d1-f223-4f75-8f00-dd4065562ab9-ee7555f4-6b04-4926-a4f7-6b18eaf6d2e5.docx","fileName":"ee7555f4-6b04-4926-a4f7-6b18eaf6d2e5.docx","fileSize":40444,"uploadedAt":"Tue Jul 21 20:50:02 CST 2026","parseStatus":"PROCESSING"}}
2026-07-21 20:52:28.040 [http-nio-8080-exec-7] INFO  cn.yanque.common.aop.ControllerLogAspect [guid=68801938a2ff4df3a41df2c60399cdd8] - 接口开始: uri=/yq-admin/api/student/resume, httpMethod=GET, controller=StudentResumeController#get, args=[]
2026-07-21 20:52:28.041 [http-nio-8080-exec-7] INFO  cn.yanque.common.aop.ControllerLogAspect [guid=68801938a2ff4df3a41df2c60399cdd8] - 接口结束: uri=/yq-admin/api/student/resume, controller=StudentResumeController#get, cost=1ms, result={"code":200,"message":"success","data":{"studentId":12,"studentName":"去去去","objectKey":"homework/resume/2026/07/21/去去去/750cd9d1-f223-4f75-8f00-dd4065562ab9-ee7555f4-6b04-4926-a4f7-6b18eaf6d2e5.docx","fileName":"ee7555f4-6b04-4926-a4f7-6b18eaf6d2e5.docx","fileSize":40444,"uploadedAt":"Tue Jul 21 20:50:02 CST 2026","parseStatus":"PROCESSING"}}
2026-07-21 20:52:31.042 [http-nio-8080-exec-6] INFO  cn.yanque.common.aop.ControllerLogAspect [guid=9dbc28f295694ccbb3d589bbea05000b] - 接口开始: uri=/yq-admin/api/student/resume, httpMethod=GET, controller=StudentResumeController#get, args=[]
2026-07-21 20:52:31.045 [http-nio-8080-exec-6] INFO  cn.yanque.common.aop.ControllerLogAspect [guid=9dbc28f295694ccbb3d589bbea05000b] - 接口结束: uri=/yq-admin/api/student/resume, controller=StudentResumeController#get, cost=3ms, result={"code":200,"message":"success","data":{"studentId":12,"studentName":"去去去","objectKey":"homework/resume/2026/07/21/去去去/750cd9d1-f223-4f75-8f00-dd4065562ab9-ee7555f4-6b04-4926-a4f7-6b18eaf6d2e5.docx","fileName":"ee7555f4-6b04-4926-a4f7-6b18eaf6d2e5.docx","fileSize":40444,"uploadedAt":"Tue Jul 21 20:50:02 CST 2026","parseStatus":"PROCESSING"}}
2026-07-21 20:52:34.046 [http-nio-8080-exec-9] INFO  cn.yanque.common.aop.ControllerLogAspect [guid=f479105145bf4c1eb481e6105394192c] - 接口开始: uri=/yq-admin/api/student/resume, httpMethod=GET, controller=StudentResumeController#get, args=[]
2026-07-21 20:52:34.048 [http-nio-8080-exec-9] INFO  cn.yanque.common.aop.ControllerLogAspect [guid=f479105145bf4c1eb481e6105394192c] - 接口结束: uri=/yq-admin/api/student/resume, controller=StudentResumeController#get, cost=2ms, result={"code":200,"message":"success","data":{"studentId":12,"studentName":"去去去","objectKey":"homework/resume/2026/07/21/去去去/750cd9d1-f223-4f75-8f00-dd4065562ab9-ee7555f4-6b04-4926-a4f7-6b18eaf6d2e5.docx","fileName":"ee7555f4-6b04-4926-a4f7-6b18eaf6d2e5.docx","fileSize":40444,"uploadedAt":"Tue Jul 21 20:50:02 CST 2026","parseStatus":"PROCESSING"}}
2026-07-21 20:52:37.040 [http-nio-8080-exec-8] INFO  cn.yanque.common.aop.ControllerLogAspect [guid=73b2203b5f314ca2853e45e799eefc4a] - 接口开始: uri=/yq-admin/api/student/resume, httpMethod=GET, controller=StudentResumeController#get, args=[]
2026-07-21 20:52:37.041 [http-nio-8080-exec-8] INFO  cn.yanque.common.aop.ControllerLogAspect [guid=73b2203b5f314ca2853e45e799eefc4a] - 接口结束: uri=/yq-admin/api/student/resume, controller=StudentResumeController#get, cost=1ms, result={"code":200,"message":"success","data":{"studentId":12,"studentName":"去去去","objectKey":"homework/resume/2026/07/21/去去去/750cd9d1-f223-4f75-8f00-dd4065562ab9-ee7555f4-6b04-4926-a4f7-6b18eaf6d2e5.docx","fileName":"ee7555f4-6b04-4926-a4f7-6b18eaf6d2e5.docx","fileSize":40444,"uploadedAt":"Tue Jul 21 20:50:02 CST 2026","parseStatus":"PROCESSING"}}
2026-07-21 20:52:40.038 [http-nio-8080-exec-1] INFO  cn.yanque.common.aop.ControllerLogAspect [guid=a97a29f22b894f6098513f264d8b1cc9] - 接口开始: uri=/yq-admin/api/student/resume, httpMethod=GET, controller=StudentResumeController#get, args=[]
2026-07-21 20:52:40.039 [http-nio-8080-exec-1] INFO  cn.yanque.common.aop.ControllerLogAspect [guid=a97a29f22b894f6098513f264d8b1cc9] - 接口结束: uri=/yq-admin/api/student/resume, controller=StudentResumeController#get, cost=1ms, result={"code":200,"message":"success","data":{"studentId":12,"studentName":"去去去","objectKey":"homework/resume/2026/07/21/去去去/750cd9d1-f223-4f75-8f00-dd4065562ab9-ee7555f4-6b04-4926-a4f7-6b18eaf6d2e5.docx","fileName":"ee7555f4-6b04-4926-a4f7-6b18eaf6d2e5.docx","fileSize":40444,"uploadedAt":"Tue Jul 21 20:50:02 CST 2026","parseStatus":"PROCESSING"}}
2026-07-21 20:52:43.042 [http-nio-8080-exec-10] INFO  cn.yanque.common.aop.ControllerLogAspect [guid=4612f4aef85c484ca7707f99a973066b] - 接口开始: uri=/yq-admin/api/student/resume, httpMethod=GET, controller=StudentResumeController#get, args=[]
2026-07-21 20:52:43.044 [http-nio-8080-exec-10] INFO  cn.yanque.common.aop.ControllerLogAspect [guid=4612f4aef85c484ca7707f99a973066b] - 接口结束: uri=/yq-admin/api/student/resume, controller=StudentResumeController#get, cost=2ms, result={"code":200,"message":"success","data":{"studentId":12,"studentName":"去去去","objectKey":"homework/resume/2026/07/21/去去去/750cd9d1-f223-4f75-8f00-dd4065562ab9-ee7555f4-6b04-4926-a4f7-6b18eaf6d2e5.docx","fileName":"ee7555f4-6b04-4926-a4f7-6b18eaf6d2e5.docx","fileSize":40444,"uploadedAt":"Tue Jul 21 20:50:02 CST 2026","parseStatus":"PROCESSING"}}
2026-07-21 20:52:46.047 [http-nio-8080-exec-3] INFO  cn.yanque.common.aop.ControllerLogAspect [guid=fec05da10752467aac06ff4862af3be6] - 接口开始: uri=/yq-admin/api/student/resume, httpMethod=GET, controller=StudentResumeController#get, args=[]
2026-07-21 20:52:46.048 [http-nio-8080-exec-3] INFO  cn.yanque.common.aop.ControllerLogAspect [guid=fec05da10752467aac06ff4862af3be6] - 接口结束: uri=/yq-admin/api/student/resume, controller=StudentResumeController#get, cost=1ms, result={"code":200,"message":"success","data":{"studentId":12,"studentName":"去去去","objectKey":"homework/resume/2026/07/21/去去去/750cd9d1-f223-4f75-8f00-dd4065562ab9-ee7555f4-6b04-4926-a4f7-6b18eaf6d2e5.docx","fileName":"ee7555f4-6b04-4926-a4f7-6b18eaf6d2e5.docx","fileSize":40444,"uploadedAt":"Tue Jul 21 20:50:02 CST 2026","parseStatus":"PROCESSING"}}
2026-07-21 20:52:49.038 [http-nio-8080-exec-2] INFO  cn.yanque.common.aop.ControllerLogAspect [guid=6fe9ad3776844bd78adaa5352206e5b6] - 接口开始: uri=/yq-admin/api/student/resume, httpMethod=GET, controller=StudentResumeController#get, args=[]
2026-07-21 20:52:49.041 [http-nio-8080-exec-2] INFO  cn.yanque.common.aop.ControllerLogAspect [guid=6fe9ad3776844bd78adaa5352206e5b6] - 接口结束: uri=/yq-admin/api/student/resume, controller=StudentResumeController#get, cost=3ms, result={"code":200,"message":"success","data":{"studentId":12,"studentName":"去去去","objectKey":"homework/resume/2026/07/21/去去去/750cd9d1-f223-4f75-8f00-dd4065562ab9-ee7555f4-6b04-4926-a4f7-6b18eaf6d2e5.docx","fileName":"ee7555f4-6b04-4926-a4f7-6b18eaf6d2e5.docx","fileSize":40444,"uploadedAt":"Tue Jul 21 20:50:02 CST 2026","parseStatus":"PROCESSING"}}
2026-07-21 20:52:52.050 [http-nio-8080-exec-5] INFO  cn.yanque.common.aop.ControllerLogAspect [guid=e71a0e2022b742358467ed0248590d31] - 接口开始: uri=/yq-admin/api/student/resume, httpMethod=GET, controller=StudentResumeController#get, args=[]
2026-07-21 20:52:52.052 [http-nio-8080-exec-5] INFO  cn.yanque.common.aop.ControllerLogAspect [guid=e71a0e2022b742358467ed0248590d31] - 接口结束: uri=/yq-admin/api/student/resume, controller=StudentResumeController#get, cost=2ms, result={"code":200,"message":"success","data":{"studentId":12,"studentName":"去去去","objectKey":"homework/resume/2026/07/21/去去去/750cd9d1-f223-4f75-8f00-dd4065562ab9-ee7555f4-6b04-4926-a4f7-6b18eaf6d2e5.docx","fileName":"ee7555f4-6b04-4926-a4f7-6b18eaf6d2e5.docx","fileSize":40444,"uploadedAt":"Tue Jul 21 20:50:02 CST 2026","parseStatus":"PROCESSING"}}
2026-07-21 20:52:55.036 [http-nio-8080-exec-4] INFO  cn.yanque.common.aop.ControllerLogAspect [guid=e48db3b2b5de469394a71d1e0ec9a170] - 接口开始: uri=/yq-admin/api/student/resume, httpMethod=GET, controller=StudentResumeController#get, args=[]
2026-07-21 20:52:55.038 [http-nio-8080-exec-4] INFO  cn.yanque.common.aop.ControllerLogAspect [guid=e48db3b2b5de469394a71d1e0ec9a170] - 接口结束: uri=/yq-admin/api/student/resume, controller=StudentResumeController#get, cost=2ms, result={"code":200,"message":"success","data":{"studentId":12,"studentName":"去去去","objectKey":"homework/resume/2026/07/21/去去去/750cd9d1-f223-4f75-8f00-dd4065562ab9-ee7555f4-6b04-4926-a4f7-6b18eaf6d2e5.docx","fileName":"ee7555f4-6b04-4926-a4f7-6b18eaf6d2e5.docx","fileSize":40444,"uploadedAt":"Tue Jul 21 20:50:02 CST 2026","parseStatus":"PROCESSING"}}
2026-07-21 20:52:58.048 [http-nio-8080-exec-7] INFO  cn.yanque.common.aop.ControllerLogAspect [guid=e1cad8b32ae443f6921b7dce1306b944] - 接口开始: uri=/yq-admin/api/student/resume, httpMethod=GET, controller=StudentResumeController#get, args=[]
2026-07-21 20:52:58.050 [http-nio-8080-exec-7] INFO  cn.yanque.common.aop.ControllerLogAspect [guid=e1cad8b32ae443f6921b7dce1306b944] - 接口结束: uri=/yq-admin/api/student/resume, controller=StudentResumeController#get, cost=2ms, result={"code":200,"message":"success","data":{"studentId":12,"studentName":"去去去","objectKey":"homework/resume/2026/07/21/去去去/750cd9d1-f223-4f75-8f00-dd4065562ab9-ee7555f4-6b04-4926-a4f7-6b18eaf6d2e5.docx","fileName":"ee7555f4-6b04-4926-a4f7-6b18eaf6d2e5.docx","fileSize":40444,"uploadedAt":"Tue Jul 21 20:50:02 CST 2026","parseStatus":"PROCESSING"}}
2026-07-21 20:53:01.043 [http-nio-8080-exec-6] INFO  cn.yanque.common.aop.ControllerLogAspect [guid=fcb4f8c9642b4b9f951ff74a194f798b] - 接口开始: uri=/yq-admin/api/student/resume, httpMethod=GET, controller=StudentResumeController#get, args=[]
2026-07-21 20:53:01.045 [http-nio-8080-exec-6] INFO  cn.yanque.common.aop.ControllerLogAspect [guid=fcb4f8c9642b4b9f951ff74a194f798b] - 接口结束: uri=/yq-admin/api/student/resume, controller=StudentResumeController#get, cost=2ms, result={"code":200,"message":"success","data":{"studentId":12,"studentName":"去去去","objectKey":"homework/resume/2026/07/21/去去去/750cd9d1-f223-4f75-8f00-dd4065562ab9-ee7555f4-6b04-4926-a4f7-6b18eaf6d2e5.docx","fileName":"ee7555f4-6b04-4926-a4f7-6b18eaf6d2e5.docx","fileSize":40444,"uploadedAt":"Tue Jul 21 20:50:02 CST 2026","parseStatus":"PROCESSING"}}
2026-07-21 20:53:04.040 [http-nio-8080-exec-9] INFO  cn.yanque.common.aop.ControllerLogAspect [guid=69568913dd8944948621332936becfea] - 接口开始: uri=/yq-admin/api/student/resume, httpMethod=GET, controller=StudentResumeController#get, args=[]
2026-07-21 20:53:04.042 [http-nio-8080-exec-9] INFO  cn.yanque.common.aop.ControllerLogAspect [guid=69568913dd8944948621332936becfea] - 接口结束: uri=/yq-admin/api/student/resume, controller=StudentResumeController#get, cost=2ms, result={"code":200,"message":"success","data":{"studentId":12,"studentName":"去去去","objectKey":"homework/resume/2026/07/21/去去去/750cd9d1-f223-4f75-8f00-dd4065562ab9-ee7555f4-6b04-4926-a4f7-6b18eaf6d2e5.docx","fileName":"ee7555f4-6b04-4926-a4f7-6b18eaf6d2e5.docx","fileSize":40444,"uploadedAt":"Tue Jul 21 20:50:02 CST 2026","parseStatus":"PROCESSING"}}
2026-07-21 20:53:07.050 [http-nio-8080-exec-8] INFO  cn.yanque.common.aop.ControllerLogAspect [guid=1f45feda2ad344adbc9373a2686e95a5] - 接口开始: uri=/yq-admin/api/student/resume, httpMethod=GET, controller=StudentResumeController#get, args=[]
2026-07-21 20:53:07.052 [http-nio-8080-exec-8] INFO  cn.yanque.common.aop.ControllerLogAspect [guid=1f45feda2ad344adbc9373a2686e95a5] - 接口结束: uri=/yq-admin/api/student/resume, controller=StudentResumeController#get, cost=2ms, result={"code":200,"message":"success","data":{"studentId":12,"studentName":"去去去","objectKey":"homework/resume/2026/07/21/去去去/750cd9d1-f223-4f75-8f00-dd4065562ab9-ee7555f4-6b04-4926-a4f7-6b18eaf6d2e5.docx","fileName":"ee7555f4-6b04-4926-a4f7-6b18eaf6d2e5.docx","fileSize":40444,"uploadedAt":"Tue Jul 21 20:50:02 CST 2026","parseStatus":"PROCESSING"}}
2026-07-21 20:53:10.045 [http-nio-8080-exec-1] INFO  cn.yanque.common.aop.ControllerLogAspect [guid=ea28f1bacb2e4c35b44fc31b5ed03d87] - 接口开始: uri=/yq-admin/api/student/resume, httpMethod=GET, controller=StudentResumeController#get, args=[]
2026-07-21 20:53:10.046 [http-nio-8080-exec-1] INFO  cn.yanque.common.aop.ControllerLogAspect [guid=ea28f1bacb2e4c35b44fc31b5ed03d87] - 接口结束: uri=/yq-admin/api/student/resume, controller=StudentResumeController#get, cost=2ms, result={"code":200,"message":"success","data":{"studentId":12,"studentName":"去去去","objectKey":"homework/resume/2026/07/21/去去去/750cd9d1-f223-4f75-8f00-dd4065562ab9-ee7555f4-6b04-4926-a4f7-6b18eaf6d2e5.docx","fileName":"ee7555f4-6b04-4926-a4f7-6b18eaf6d2e5.docx","fileSize":40444,"uploadedAt":"Tue Jul 21 20:50:02 CST 2026","parseStatus":"PROCESSING"}}
2026-07-21 20:53:13.040 [http-nio-8080-exec-10] INFO  cn.yanque.common.aop.ControllerLogAspect [guid=225123f25786477fbc602bf059e9795a] - 接口开始: uri=/yq-admin/api/student/resume, httpMethod=GET, controller=StudentResumeController#get, args=[]
2026-07-21 20:53:13.042 [http-nio-8080-exec-10] INFO  cn.yanque.common.aop.ControllerLogAspect [guid=225123f25786477fbc602bf059e9795a] - 接口结束: uri=/yq-admin/api/student/resume, controller=StudentResumeController#get, cost=2ms, result={"code":200,"message":"success","data":{"studentId":12,"studentName":"去去去","objectKey":"homework/resume/2026/07/21/去去去/750cd9d1-f223-4f75-8f00-dd4065562ab9-ee7555f4-6b04-4926-a4f7-6b18eaf6d2e5.docx","fileName":"ee7555f4-6b04-4926-a4f7-6b18eaf6d2e5.docx","fileSize":40444,"uploadedAt":"Tue Jul 21 20:50:02 CST 2026","parseStatus":"PROCESSING"}}
2026-07-21 20:53:16.037 [http-nio-8080-exec-3] INFO  cn.yanque.common.aop.ControllerLogAspect [guid=98ee449d83e147198ebda35e7883050a] - 接口开始: uri=/yq-admin/api/student/resume, httpMethod=GET, controller=StudentResumeController#get, args=[]
2026-07-21 20:53:16.039 [http-nio-8080-exec-3] INFO  cn.yanque.common.aop.ControllerLogAspect [guid=98ee449d83e147198ebda35e7883050a] - 接口结束: uri=/yq-admin/api/student/resume, controller=StudentResumeController#get, cost=2ms, result={"code":200,"message":"success","data":{"studentId":12,"studentName":"去去去","objectKey":"homework/resume/2026/07/21/去去去/750cd9d1-f223-4f75-8f00-dd4065562ab9-ee7555f4-6b04-4926-a4f7-6b18eaf6d2e5.docx","fileName":"ee7555f4-6b04-4926-a4f7-6b18eaf6d2e5.docx","fileSize":40444,"uploadedAt":"Tue Jul 21 20:50:02 CST 2026","parseStatus":"PROCESSING"}}
2026-07-21 20:53:19.043 [http-nio-8080-exec-2] INFO  cn.yanque.common.aop.ControllerLogAspect [guid=69563ac477d1414692228b39addb830f] - 接口开始: uri=/yq-admin/api/student/resume, httpMethod=GET, controller=StudentResumeController#get, args=[]
2026-07-21 20:53:19.044 [http-nio-8080-exec-2] INFO  cn.yanque.common.aop.ControllerLogAspect [guid=69563ac477d1414692228b39addb830f] - 接口结束: uri=/yq-admin/api/student/resume, controller=StudentResumeController#get, cost=1ms, result={"code":200,"message":"success","data":{"studentId":12,"studentName":"去去去","objectKey":"homework/resume/2026/07/21/去去去/750cd9d1-f223-4f75-8f00-dd4065562ab9-ee7555f4-6b04-4926-a4f7-6b18eaf6d2e5.docx","fileName":"ee7555f4-6b04-4926-a4f7-6b18eaf6d2e5.docx","fileSize":40444,"uploadedAt":"Tue Jul 21 20:50:02 CST 2026","parseStatus":"PROCESSING"}}
2026-07-21 20:53:22.043 [http-nio-8080-exec-5] INFO  cn.yanque.common.aop.ControllerLogAspect [guid=58c4a2cf7a18484da400a4401b27e31c] - 接口开始: uri=/yq-admin/api/student/resume, httpMethod=GET, controller=StudentResumeController#get, args=[]
2026-07-21 20:53:22.044 [http-nio-8080-exec-5] INFO  cn.yanque.common.aop.ControllerLogAspect [guid=58c4a2cf7a18484da400a4401b27e31c] - 接口结束: uri=/yq-admin/api/student/resume, controller=StudentResumeController#get, cost=1ms, result={"code":200,"message":"success","data":{"studentId":12,"studentName":"去去去","objectKey":"homework/resume/2026/07/21/去去去/750cd9d1-f223-4f75-8f00-dd4065562ab9-ee7555f4-6b04-4926-a4f7-6b18eaf6d2e5.docx","fileName":"ee7555f4-6b04-4926-a4f7-6b18eaf6d2e5.docx","fileSize":40444,"uploadedAt":"Tue Jul 21 20:50:02 CST 2026","parseStatus":"PROCESSING"}}
2026-07-21 20:53:25.039 [http-nio-8080-exec-4] INFO  cn.yanque.common.aop.ControllerLogAspect [guid=c31f405e96924867b34e9f2f137205f9] - 接口开始: uri=/yq-admin/api/student/resume, httpMethod=GET, controller=StudentResumeController#get, args=[]
2026-07-21 20:53:25.040 [http-nio-8080-exec-4] INFO  cn.yanque.common.aop.ControllerLogAspect [guid=c31f405e96924867b34e9f2f137205f9] - 接口结束: uri=/yq-admin/api/student/resume, controller=StudentResumeController#get, cost=1ms, result={"code":200,"message":"success","data":{"studentId":12,"studentName":"去去去","objectKey":"homework/resume/2026/07/21/去去去/750cd9d1-f223-4f75-8f00-dd4065562ab9-ee7555f4-6b04-4926-a4f7-6b18eaf6d2e5.docx","fileName":"ee7555f4-6b04-4926-a4f7-6b18eaf6d2e5.docx","fileSize":40444,"uploadedAt":"Tue Jul 21 20:50:02 CST 2026","parseStatus":"PROCESSING"}}
2026-07-21 20:53:28.043 [http-nio-8080-exec-7] INFO  cn.yanque.common.aop.ControllerLogAspect [guid=4b206a1fd0f1456fae53fcfb06f40cf1] - 接口开始: uri=/yq-admin/api/student/resume, httpMethod=GET, controller=StudentResumeController#get, args=[]
2026-07-21 20:53:28.044 [http-nio-8080-exec-7] INFO  cn.yanque.common.aop.ControllerLogAspect [guid=4b206a1fd0f1456fae53fcfb06f40cf1] - 接口结束: uri=/yq-admin/api/student/resume, controller=StudentResumeController#get, cost=1ms, result={"code":200,"message":"success","data":{"studentId":12,"studentName":"去去去","objectKey":"homework/resume/2026/07/21/去去去/750cd9d1-f223-4f75-8f00-dd4065562ab9-ee7555f4-6b04-4926-a4f7-6b18eaf6d2e5.docx","fileName":"ee7555f4-6b04-4926-a4f7-6b18eaf6d2e5.docx","fileSize":40444,"uploadedAt":"Tue Jul 21 20:50:02 CST 2026","parseStatus":"PROCESSING"}}
2026-07-21 20:53:31.041 [http-nio-8080-exec-6] INFO  cn.yanque.common.aop.ControllerLogAspect [guid=90d7fbc1a30849c0a25960994c9402fb] - 接口开始: uri=/yq-admin/api/student/resume, httpMethod=GET, controller=StudentResumeController#get, args=[]
2026-07-21 20:53:31.042 [http-nio-8080-exec-6] INFO  cn.yanque.common.aop.ControllerLogAspect [guid=90d7fbc1a30849c0a25960994c9402fb] - 接口结束: uri=/yq-admin/api/student/resume, controller=StudentResumeController#get, cost=1ms, result={"code":200,"message":"success","data":{"studentId":12,"studentName":"去去去","objectKey":"homework/resume/2026/07/21/去去去/750cd9d1-f223-4f75-8f00-dd4065562ab9-ee7555f4-6b04-4926-a4f7-6b18eaf6d2e5.docx","fileName":"ee7555f4-6b04-4926-a4f7-6b18eaf6d2e5.docx","fileSize":40444,"uploadedAt":"Tue Jul 21 20:50:02 CST 2026","parseStatus":"PROCESSING"}}
2026-07-21 20:53:34.037 [http-nio-8080-exec-9] INFO  cn.yanque.common.aop.ControllerLogAspect [guid=a8a766a921a04e5b9eaa6cc8ff62cade] - 接口开始: uri=/yq-admin/api/student/resume, httpMethod=GET, controller=StudentResumeController#get, args=[]
2026-07-21 20:53:34.038 [http-nio-8080-exec-9] INFO  cn.yanque.common.aop.ControllerLogAspect [guid=a8a766a921a04e5b9eaa6cc8ff62cade] - 接口结束: uri=/yq-admin/api/student/resume, controller=StudentResumeController#get, cost=1ms, result={"code":200,"message":"success","data":{"studentId":12,"studentName":"去去去","objectKey":"homework/resume/2026/07/21/去去去/750cd9d1-f223-4f75-8f00-dd4065562ab9-ee7555f4-6b04-4926-a4f7-6b18eaf6d2e5.docx","fileName":"ee7555f4-6b04-4926-a4f7-6b18eaf6d2e5.docx","fileSize":40444,"uploadedAt":"Tue Jul 21 20:50:02 CST 2026","parseStatus":"PROCESSING"}}
2026-07-21 20:53:37.048 [http-nio-8080-exec-8] INFO  cn.yanque.common.aop.ControllerLogAspect [guid=81d798a5cbdc423a9aa299502dc27d35] - 接口开始: uri=/yq-admin/api/student/resume, httpMethod=GET, controller=StudentResumeController#get, args=[]
2026-07-21 20:53:37.051 [http-nio-8080-exec-8] INFO  cn.yanque.common.aop.ControllerLogAspect [guid=81d798a5cbdc423a9aa299502dc27d35] - 接口结束: uri=/yq-admin/api/student/resume, controller=StudentResumeController#get, cost=3ms, result={"code":200,"message":"success","data":{"studentId":12,"studentName":"去去去","objectKey":"homework/resume/2026/07/21/去去去/750cd9d1-f223-4f75-8f00-dd4065562ab9-ee7555f4-6b04-4926-a4f7-6b18eaf6d2e5.docx","fileName":"ee7555f4-6b04-4926-a4f7-6b18eaf6d2e5.docx","fileSize":40444,"uploadedAt":"Tue Jul 21 20:50:02 CST 2026","parseStatus":"PROCESSING"}}
2026-07-21 20:53:40.036 [http-nio-8080-exec-1] INFO  cn.yanque.common.aop.ControllerLogAspect [guid=a48b580ee7ae4ba3990d9ad545fd20cc] - 接口开始: uri=/yq-admin/api/student/resume, httpMethod=GET, controller=StudentResumeController#get, args=[]
2026-07-21 20:53:40.038 [http-nio-8080-exec-1] INFO  cn.yanque.common.aop.ControllerLogAspect [guid=a48b580ee7ae4ba3990d9ad545fd20cc] - 接口结束: uri=/yq-admin/api/student/resume, controller=StudentResumeController#get, cost=2ms, result={"code":200,"message":"success","data":{"studentId":12,"studentName":"去去去","objectKey":"homework/resume/2026/07/21/去去去/750cd9d1-f223-4f75-8f00-dd4065562ab9-ee7555f4-6b04-4926-a4f7-6b18eaf6d2e5.docx","fileName":"ee7555f4-6b04-4926-a4f7-6b18eaf6d2e5.docx","fileSize":40444,"uploadedAt":"Tue Jul 21 20:50:02 CST 2026","parseStatus":"PROCESSING"}}
2026-07-21 20:53:43.034 [http-nio-8080-exec-10] INFO  cn.yanque.common.aop.ControllerLogAspect [guid=229b13e00cf94a4aa9d92d9de5aad08d] - 接口开始: uri=/yq-admin/api/student/resume, httpMethod=GET, controller=StudentResumeController#get, args=[]
2026-07-21 20:53:43.035 [http-nio-8080-exec-10] INFO  cn.yanque.common.aop.ControllerLogAspect [guid=229b13e00cf94a4aa9d92d9de5aad08d] - 接口结束: uri=/yq-admin/api/student/resume, controller=StudentResumeController#get, cost=1ms, result={"code":200,"message":"success","data":{"studentId":12,"studentName":"去去去","objectKey":"homework/resume/2026/07/21/去去去/750cd9d1-f223-4f75-8f00-dd4065562ab9-ee7555f4-6b04-4926-a4f7-6b18eaf6d2e5.docx","fileName":"ee7555f4-6b04-4926-a4f7-6b18eaf6d2e5.docx","fileSize":40444,"uploadedAt":"Tue Jul 21 20:50:02 CST 2026","parseStatus":"PROCESSING"}}
2026-07-21 20:53:46.047 [http-nio-8080-exec-3] INFO  cn.yanque.common.aop.ControllerLogAspect [guid=364061b168c44b8f9f60612777dec569] - 接口开始: uri=/yq-admin/api/student/resume, httpMethod=GET, controller=StudentResumeController#get, args=[]
2026-07-21 20:53:46.049 [http-nio-8080-exec-3] INFO  cn.yanque.common.aop.ControllerLogAspect [guid=364061b168c44b8f9f60612777dec569] - 接口结束: uri=/yq-admin/api/student/resume, controller=StudentResumeController#get, cost=2ms, result={"code":200,"message":"success","data":{"studentId":12,"studentName":"去去去","objectKey":"homework/resume/2026/07/21/去去去/750cd9d1-f223-4f75-8f00-dd4065562ab9-ee7555f4-6b04-4926-a4f7-6b18eaf6d2e5.docx","fileName":"ee7555f4-6b04-4926-a4f7-6b18eaf6d2e5.docx","fileSize":40444,"uploadedAt":"Tue Jul 21 20:50:02 CST 2026","parseStatus":"PROCESSING"}}
2026-07-21 20:53:49.041 [http-nio-8080-exec-2] INFO  cn.yanque.common.aop.ControllerLogAspect [guid=9ff0d8240e2e44918bc17f9407cd30df] - 接口开始: uri=/yq-admin/api/student/resume, httpMethod=GET, controller=StudentResumeController#get, args=[]
2026-07-21 20:53:49.042 [http-nio-8080-exec-2] INFO  cn.yanque.common.aop.ControllerLogAspect [guid=9ff0d8240e2e44918bc17f9407cd30df] - 接口结束: uri=/yq-admin/api/student/resume, controller=StudentResumeController#get, cost=1ms, result={"code":200,"message":"success","data":{"studentId":12,"studentName":"去去去","objectKey":"homework/resume/2026/07/21/去去去/750cd9d1-f223-4f75-8f00-dd4065562ab9-ee7555f4-6b04-4926-a4f7-6b18eaf6d2e5.docx","fileName":"ee7555f4-6b04-4926-a4f7-6b18eaf6d2e5.docx","fileSize":40444,"uploadedAt":"Tue Jul 21 20:50:02 CST 2026","parseStatus":"PROCESSING"}}
2026-07-21 20:53:52.050 [http-nio-8080-exec-5] INFO  cn.yanque.common.aop.ControllerLogAspect [guid=29af19c5b304465489facfc78bf0591e] - 接口开始: uri=/yq-admin/api/student/resume, httpMethod=GET, controller=StudentResumeController#get, args=[]
2026-07-21 20:53:52.051 [http-nio-8080-exec-5] INFO  cn.yanque.common.aop.ControllerLogAspect [guid=29af19c5b304465489facfc78bf0591e] - 接口结束: uri=/yq-admin/api/student/resume, controller=StudentResumeController#get, cost=1ms, result={"code":200,"message":"success","data":{"studentId":12,"studentName":"去去去","objectKey":"homework/resume/2026/07/21/去去去/750cd9d1-f223-4f75-8f00-dd4065562ab9-ee7555f4-6b04-4926-a4f7-6b18eaf6d2e5.docx","fileName":"ee7555f4-6b04-4926-a4f7-6b18eaf6d2e5.docx","fileSize":40444,"uploadedAt":"Tue Jul 21 20:50:02 CST 2026","parseStatus":"PROCESSING"}}
2026-07-21 20:53:55.045 [http-nio-8080-exec-4] INFO  cn.yanque.common.aop.ControllerLogAspect [guid=e22d7f8b872d4fd99f273c09eee63983] - 接口开始: uri=/yq-admin/api/student/resume, httpMethod=GET, controller=StudentResumeController#get, args=[]
2026-07-21 20:53:55.047 [http-nio-8080-exec-4] INFO  cn.yanque.common.aop.ControllerLogAspect [guid=e22d7f8b872d4fd99f273c09eee63983] - 接口结束: uri=/yq-admin/api/student/resume, controller=StudentResumeController#get, cost=1ms, result={"code":200,"message":"success","data":{"studentId":12,"studentName":"去去去","objectKey":"homework/resume/2026/07/21/去去去/750cd9d1-f223-4f75-8f00-dd4065562ab9-ee7555f4-6b04-4926-a4f7-6b18eaf6d2e5.docx","fileName":"ee7555f4-6b04-4926-a4f7-6b18eaf6d2e5.docx","fileSize":40444,"uploadedAt":"Tue Jul 21 20:50:02 CST 2026","parseStatus":"PROCESSING"}}
2026-07-21 20:53:58.039 [http-nio-8080-exec-7] INFO  cn.yanque.common.aop.ControllerLogAspect [guid=257e236375544658a4a4e6f5970dd412] - 接口开始: uri=/yq-admin/api/student/resume, httpMethod=GET, controller=StudentResumeController#get, args=[]
2026-07-21 20:53:58.040 [http-nio-8080-exec-7] INFO  cn.yanque.common.aop.ControllerLogAspect [guid=257e236375544658a4a4e6f5970dd412] - 接口结束: uri=/yq-admin/api/student/resume, controller=StudentResumeController#get, cost=1ms, result={"code":200,"message":"success","data":{"studentId":12,"studentName":"去去去","objectKey":"homework/resume/2026/07/21/去去去/750cd9d1-f223-4f75-8f00-dd4065562ab9-ee7555f4-6b04-4926-a4f7-6b18eaf6d2e5.docx","fileName":"ee7555f4-6b04-4926-a4f7-6b18eaf6d2e5.docx","fileSize":40444,"uploadedAt":"Tue Jul 21 20:50:02 CST 2026","parseStatus":"PROCESSING"}}
2026-07-21 20:54:01.035 [http-nio-8080-exec-6] INFO  cn.yanque.common.aop.ControllerLogAspect [guid=8eeff0b77cd948c69b47ac37f7baf3d8] - 接口开始: uri=/yq-admin/api/student/resume, httpMethod=GET, controller=StudentResumeController#get, args=[]
2026-07-21 20:54:01.037 [http-nio-8080-exec-6] INFO  cn.yanque.common.aop.ControllerLogAspect [guid=8eeff0b77cd948c69b47ac37f7baf3d8] - 接口结束: uri=/yq-admin/api/student/resume, controller=StudentResumeController#get, cost=2ms, result={"code":200,"message":"success","data":{"studentId":12,"studentName":"去去去","objectKey":"homework/resume/2026/07/21/去去去/750cd9d1-f223-4f75-8f00-dd4065562ab9-ee7555f4-6b04-4926-a4f7-6b18eaf6d2e5.docx","fileName":"ee7555f4-6b04-4926-a4f7-6b18eaf6d2e5.docx","fileSize":40444,"uploadedAt":"Tue Jul 21 20:50:02 CST 2026","parseStatus":"PROCESSING"}}
2026-07-21 20:54:04.042 [http-nio-8080-exec-9] INFO  cn.yanque.common.aop.ControllerLogAspect [guid=e2d57b129aaa49818645c9f20bcd0495] - 接口开始: uri=/yq-admin/api/student/resume, httpMethod=GET, controller=StudentResumeController#get, args=[]
2026-07-21 20:54:04.044 [http-nio-8080-exec-9] INFO  cn.yanque.common.aop.ControllerLogAspect [guid=e2d57b129aaa49818645c9f20bcd0495] - 接口结束: uri=/yq-admin/api/student/resume, controller=StudentResumeController#get, cost=2ms, result={"code":200,"message":"success","data":{"studentId":12,"studentName":"去去去","objectKey":"homework/resume/2026/07/21/去去去/750cd9d1-f223-4f75-8f00-dd4065562ab9-ee7555f4-6b04-4926-a4f7-6b18eaf6d2e5.docx","fileName":"ee7555f4-6b04-4926-a4f7-6b18eaf6d2e5.docx","fileSize":40444,"uploadedAt":"Tue Jul 21 20:50:02 CST 2026","parseStatus":"PROCESSING"}}
2026-07-21 20:54:07.042 [http-nio-8080-exec-8] INFO  cn.yanque.common.aop.ControllerLogAspect [guid=2c9f74ec91574848ba2461f5d6525620] - 接口开始: uri=/yq-admin/api/student/resume, httpMethod=GET, controller=StudentResumeController#get, args=[]
2026-07-21 20:54:07.043 [http-nio-8080-exec-8] INFO  cn.yanque.common.aop.ControllerLogAspect [guid=2c9f74ec91574848ba2461f5d6525620] - 接口结束: uri=/yq-admin/api/student/resume, controller=StudentResumeController#get, cost=1ms, result={"code":200,"message":"success","data":{"studentId":12,"studentName":"去去去","objectKey":"homework/resume/2026/07/21/去去去/750cd9d1-f223-4f75-8f00-dd4065562ab9-ee7555f4-6b04-4926-a4f7-6b18eaf6d2e5.docx","fileName":"ee7555f4-6b04-4926-a4f7-6b18eaf6d2e5.docx","fileSize":40444,"uploadedAt":"Tue Jul 21 20:50:02 CST 2026","parseStatus":"PROCESSING"}}
2026-07-21 20:54:10.039 [http-nio-8080-exec-1] INFO  cn.yanque.common.aop.ControllerLogAspect [guid=a6ee33cd706c4372a4b016cab4511365] - 接口开始: uri=/yq-admin/api/student/resume, httpMethod=GET, controller=StudentResumeController#get, args=[]
2026-07-21 20:54:10.040 [http-nio-8080-exec-1] INFO  cn.yanque.common.aop.ControllerLogAspect [guid=a6ee33cd706c4372a4b016cab4511365] - 接口结束: uri=/yq-admin/api/student/resume, controller=StudentResumeController#get, cost=1ms, result={"code":200,"message":"success","data":{"studentId":12,"studentName":"去去去","objectKey":"homework/resume/2026/07/21/去去去/750cd9d1-f223-4f75-8f00-dd4065562ab9-ee7555f4-6b04-4926-a4f7-6b18eaf6d2e5.docx","fileName":"ee7555f4-6b04-4926-a4f7-6b18eaf6d2e5.docx","fileSize":40444,"uploadedAt":"Tue Jul 21 20:50:02 CST 2026","parseStatus":"PROCESSING"}}
2026-07-21 20:54:13.049 [http-nio-8080-exec-10] INFO  cn.yanque.common.aop.ControllerLogAspect [guid=71794235939c4adc9b2d64bba8b849c4] - 接口开始: uri=/yq-admin/api/student/resume, httpMethod=GET, controller=StudentResumeController#get, args=[]
2026-07-21 20:54:13.051 [http-nio-8080-exec-10] INFO  cn.yanque.common.aop.ControllerLogAspect [guid=71794235939c4adc9b2d64bba8b849c4] - 接口结束: uri=/yq-admin/api/student/resume, controller=StudentResumeController#get, cost=2ms, result={"code":200,"message":"success","data":{"studentId":12,"studentName":"去去去","objectKey":"homework/resume/2026/07/21/去去去/750cd9d1-f223-4f75-8f00-dd4065562ab9-ee7555f4-6b04-4926-a4f7-6b18eaf6d2e5.docx","fileName":"ee7555f4-6b04-4926-a4f7-6b18eaf6d2e5.docx","fileSize":40444,"uploadedAt":"Tue Jul 21 20:50:02 CST 2026","parseStatus":"PROCESSING"}}
2026-07-21 20:54:16.038 [http-nio-8080-exec-3] INFO  cn.yanque.common.aop.ControllerLogAspect [guid=3dddf6aa74b445b6b267fbf3621c30c5] - 接口开始: uri=/yq-admin/api/student/resume, httpMethod=GET, controller=StudentResumeController#get, args=[]
2026-07-21 20:54:16.039 [http-nio-8080-exec-3] INFO  cn.yanque.common.aop.ControllerLogAspect [guid=3dddf6aa74b445b6b267fbf3621c30c5] - 接口结束: uri=/yq-admin/api/student/resume, controller=StudentResumeController#get, cost=1ms, result={"code":200,"message":"success","data":{"studentId":12,"studentName":"去去去","objectKey":"homework/resume/2026/07/21/去去去/750cd9d1-f223-4f75-8f00-dd4065562ab9-ee7555f4-6b04-4926-a4f7-6b18eaf6d2e5.docx","fileName":"ee7555f4-6b04-4926-a4f7-6b18eaf6d2e5.docx","fileSize":40444,"uploadedAt":"Tue Jul 21 20:50:02 CST 2026","parseStatus":"PROCESSING"}}
2026-07-21 20:54:19.040 [http-nio-8080-exec-2] INFO  cn.yanque.common.aop.ControllerLogAspect [guid=fdc2dbf4e130423a81026fa31e90cb9b] - 接口开始: uri=/yq-admin/api/student/resume, httpMethod=GET, controller=StudentResumeController#get, args=[]
2026-07-21 20:54:19.042 [http-nio-8080-exec-2] INFO  cn.yanque.common.aop.ControllerLogAspect [guid=fdc2dbf4e130423a81026fa31e90cb9b] - 接口结束: uri=/yq-admin/api/student/resume, controller=StudentResumeController#get, cost=1ms, result={"code":200,"message":"success","data":{"studentId":12,"studentName":"去去去","objectKey":"homework/resume/2026/07/21/去去去/750cd9d1-f223-4f75-8f00-dd4065562ab9-ee7555f4-6b04-4926-a4f7-6b18eaf6d2e5.docx","fileName":"ee7555f4-6b04-4926-a4f7-6b18eaf6d2e5.docx","fileSize":40444,"uploadedAt":"Tue Jul 21 20:50:02 CST 2026","parseStatus":"PROCESSING"}}
2026-07-21 20:54:22.041 [http-nio-8080-exec-5] INFO  cn.yanque.common.aop.ControllerLogAspect [guid=0bda23dced7841daa4de64f95ba096f2] - 接口开始: uri=/yq-admin/api/student/resume, httpMethod=GET, controller=StudentResumeController#get, args=[]
2026-07-21 20:54:22.043 [http-nio-8080-exec-5] INFO  cn.yanque.common.aop.ControllerLogAspect [guid=0bda23dced7841daa4de64f95ba096f2] - 接口结束: uri=/yq-admin/api/student/resume, controller=StudentResumeController#get, cost=2ms, result={"code":200,"message":"success","data":{"studentId":12,"studentName":"去去去","objectKey":"homework/resume/2026/07/21/去去去/750cd9d1-f223-4f75-8f00-dd4065562ab9-ee7555f4-6b04-4926-a4f7-6b18eaf6d2e5.docx","fileName":"ee7555f4-6b04-4926-a4f7-6b18eaf6d2e5.docx","fileSize":40444,"uploadedAt":"Tue Jul 21 20:50:02 CST 2026","parseStatus":"PROCESSING"}}
2026-07-21 20:54:25.034 [http-nio-8080-exec-4] INFO  cn.yanque.common.aop.ControllerLogAspect [guid=6b10b932b3de445093704e034f9f6028] - 接口开始: uri=/yq-admin/api/student/resume, httpMethod=GET, controller=StudentResumeController#get, args=[]
2026-07-21 20:54:25.035 [http-nio-8080-exec-4] INFO  cn.yanque.common.aop.ControllerLogAspect [guid=6b10b932b3de445093704e034f9f6028] - 接口结束: uri=/yq-admin/api/student/resume, controller=StudentResumeController#get, cost=1ms, result={"code":200,"message":"success","data":{"studentId":12,"studentName":"去去去","objectKey":"homework/resume/2026/07/21/去去去/750cd9d1-f223-4f75-8f00-dd4065562ab9-ee7555f4-6b04-4926-a4f7-6b18eaf6d2e5.docx","fileName":"ee7555f4-6b04-4926-a4f7-6b18eaf6d2e5.docx","fileSize":40444,"uploadedAt":"Tue Jul 21 20:50:02 CST 2026","parseStatus":"PROCESSING"}}
2026-07-21 20:54:28.041 [http-nio-8080-exec-7] INFO  cn.yanque.common.aop.ControllerLogAspect [guid=c3b8e7bef8fd4cb2a60d0ffce6a55b56] - 接口开始: uri=/yq-admin/api/student/resume, httpMethod=GET, controller=StudentResumeController#get, args=[]
2026-07-21 20:54:28.042 [http-nio-8080-exec-7] INFO  cn.yanque.common.aop.ControllerLogAspect [guid=c3b8e7bef8fd4cb2a60d0ffce6a55b56] - 接口结束: uri=/yq-admin/api/student/resume, controller=StudentResumeController#get, cost=1ms, result={"code":200,"message":"success","data":{"studentId":12,"studentName":"去去去","objectKey":"homework/resume/2026/07/21/去去去/750cd9d1-f223-4f75-8f00-dd4065562ab9-ee7555f4-6b04-4926-a4f7-6b18eaf6d2e5.docx","fileName":"ee7555f4-6b04-4926-a4f7-6b18eaf6d2e5.docx","fileSize":40444,"uploadedAt":"Tue Jul 21 20:50:02 CST 2026","parseStatus":"PROCESSING"}}
2026-07-21 20:54:31.050 [http-nio-8080-exec-6] INFO  cn.yanque.common.aop.ControllerLogAspect [guid=bd46e5f2bd7445518d67a1a9cd0c69b7] - 接口开始: uri=/yq-admin/api/student/resume, httpMethod=GET, controller=StudentResumeController#get, args=[]
2026-07-21 20:54:31.052 [http-nio-8080-exec-6] INFO  cn.yanque.common.aop.ControllerLogAspect [guid=bd46e5f2bd7445518d67a1a9cd0c69b7] - 接口结束: uri=/yq-admin/api/student/resume, controller=StudentResumeController#get, cost=2ms, result={"code":200,"message":"success","data":{"studentId":12,"studentName":"去去去","objectKey":"homework/resume/2026/07/21/去去去/750cd9d1-f223-4f75-8f00-dd4065562ab9-ee7555f4-6b04-4926-a4f7-6b18eaf6d2e5.docx","fileName":"ee7555f4-6b04-4926-a4f7-6b18eaf6d2e5.docx","fileSize":40444,"uploadedAt":"Tue Jul 21 20:50:02 CST 2026","parseStatus":"PROCESSING"}}
2026-07-21 20:54:34.043 [http-nio-8080-exec-9] INFO  cn.yanque.common.aop.ControllerLogAspect [guid=ffd73db822b447bdbf07c36af718aa53] - 接口开始: uri=/yq-admin/api/student/resume, httpMethod=GET, controller=StudentResumeController#get, args=[]
2026-07-21 20:54:34.046 [http-nio-8080-exec-9] INFO  cn.yanque.common.aop.ControllerLogAspect [guid=ffd73db822b447bdbf07c36af718aa53] - 接口结束: uri=/yq-admin/api/student/resume, controller=StudentResumeController#get, cost=1ms, result={"code":200,"message":"success","data":{"studentId":12,"studentName":"去去去","objectKey":"homework/resume/2026/07/21/去去去/750cd9d1-f223-4f75-8f00-dd4065562ab9-ee7555f4-6b04-4926-a4f7-6b18eaf6d2e5.docx","fileName":"ee7555f4-6b04-4926-a4f7-6b18eaf6d2e5.docx","fileSize":40444,"uploadedAt":"Tue Jul 21 20:50:02 CST 2026","parseStatus":"PROCESSING"}}
2026-07-21 20:54:37.042 [http-nio-8080-exec-8] INFO  cn.yanque.common.aop.ControllerLogAspect [guid=59c047f00181401fb5c1c64c3a772ad4] - 接口开始: uri=/yq-admin/api/student/resume, httpMethod=GET, controller=StudentResumeController#get, args=[]
2026-07-21 20:54:37.044 [http-nio-8080-exec-8] INFO  cn.yanque.common.aop.ControllerLogAspect [guid=59c047f00181401fb5c1c64c3a772ad4] - 接口结束: uri=/yq-admin/api/student/resume, controller=StudentResumeController#get, cost=2ms, result={"code":200,"message":"success","data":{"studentId":12,"studentName":"去去去","objectKey":"homework/resume/2026/07/21/去去去/750cd9d1-f223-4f75-8f00-dd4065562ab9-ee7555f4-6b04-4926-a4f7-6b18eaf6d2e5.docx","fileName":"ee7555f4-6b04-4926-a4f7-6b18eaf6d2e5.docx","fileSize":40444,"uploadedAt":"Tue Jul 21 20:50:02 CST 2026","parseStatus":"PROCESSING"}}
2026-07-21 20:54:40.045 [http-nio-8080-exec-1] INFO  cn.yanque.common.aop.ControllerLogAspect [guid=5b43cacfd4a8473894c9da647afa98ca] - 接口开始: uri=/yq-admin/api/student/resume, httpMethod=GET, controller=StudentResumeController#get, args=[]
2026-07-21 20:54:40.047 [http-nio-8080-exec-1] INFO  cn.yanque.common.aop.ControllerLogAspect [guid=5b43cacfd4a8473894c9da647afa98ca] - 接口结束: uri=/yq-admin/api/student/resume, controller=StudentResumeController#get, cost=2ms, result={"code":200,"message":"success","data":{"studentId":12,"studentName":"去去去","objectKey":"homework/resume/2026/07/21/去去去/750cd9d1-f223-4f75-8f00-dd4065562ab9-ee7555f4-6b04-4926-a4f7-6b18eaf6d2e5.docx","fileName":"ee7555f4-6b04-4926-a4f7-6b18eaf6d2e5.docx","fileSize":40444,"uploadedAt":"Tue Jul 21 20:50:02 CST 2026","parseStatus":"PROCESSING"}}
2026-07-21 20:54:43.042 [http-nio-8080-exec-10] INFO  cn.yanque.common.aop.ControllerLogAspect [guid=6518ed1ef57c43c4bdcc15d0da71b732] - 接口开始: uri=/yq-admin/api/student/resume, httpMethod=GET, controller=StudentResumeController#get, args=[]
2026-07-21 20:54:43.044 [http-nio-8080-exec-10] INFO  cn.yanque.common.aop.ControllerLogAspect [guid=6518ed1ef57c43c4bdcc15d0da71b732] - 接口结束: uri=/yq-admin/api/student/resume, controller=StudentResumeController#get, cost=2ms, result={"code":200,"message":"success","data":{"studentId":12,"studentName":"去去去","objectKey":"homework/resume/2026/07/21/去去去/750cd9d1-f223-4f75-8f00-dd4065562ab9-ee7555f4-6b04-4926-a4f7-6b18eaf6d2e5.docx","fileName":"ee7555f4-6b04-4926-a4f7-6b18eaf6d2e5.docx","fileSize":40444,"uploadedAt":"Tue Jul 21 20:50:02 CST 2026","parseStatus":"PROCESSING"}}
2026-07-21 20:54:46.040 [http-nio-8080-exec-3] INFO  cn.yanque.common.aop.ControllerLogAspect [guid=ec78a0929bae4d38b0b37abf9d057c5d] - 接口开始: uri=/yq-admin/api/student/resume, httpMethod=GET, controller=StudentResumeController#get, args=[]
2026-07-21 20:54:46.042 [http-nio-8080-exec-3] INFO  cn.yanque.common.aop.ControllerLogAspect [guid=ec78a0929bae4d38b0b37abf9d057c5d] - 接口结束: uri=/yq-admin/api/student/resume, controller=StudentResumeController#get, cost=2ms, result={"code":200,"message":"success","data":{"studentId":12,"studentName":"去去去","objectKey":"homework/resume/2026/07/21/去去去/750cd9d1-f223-4f75-8f00-dd4065562ab9-ee7555f4-6b04-4926-a4f7-6b18eaf6d2e5.docx","fileName":"ee7555f4-6b04-4926-a4f7-6b18eaf6d2e5.docx","fileSize":40444,"uploadedAt":"Tue Jul 21 20:50:02 CST 2026","parseStatus":"PROCESSING"}}
2026-07-21 20:54:49.037 [http-nio-8080-exec-2] INFO  cn.yanque.common.aop.ControllerLogAspect [guid=4919ab68f28247b580f071f1cb0db19c] - 接口开始: uri=/yq-admin/api/student/resume, httpMethod=GET, controller=StudentResumeController#get, args=[]
2026-07-21 20:54:49.038 [http-nio-8080-exec-2] INFO  cn.yanque.common.aop.ControllerLogAspect [guid=4919ab68f28247b580f071f1cb0db19c] - 接口结束: uri=/yq-admin/api/student/resume, controller=StudentResumeController#get, cost=1ms, result={"code":200,"message":"success","data":{"studentId":12,"studentName":"去去去","objectKey":"homework/resume/2026/07/21/去去去/750cd9d1-f223-4f75-8f00-dd4065562ab9-ee7555f4-6b04-4926-a4f7-6b18eaf6d2e5.docx","fileName":"ee7555f4-6b04-4926-a4f7-6b18eaf6d2e5.docx","fileSize":40444,"uploadedAt":"Tue Jul 21 20:50:02 CST 2026","parseStatus":"PROCESSING"}}
2026-07-21 20:54:52.049 [http-nio-8080-exec-5] INFO  cn.yanque.common.aop.ControllerLogAspect [guid=b7f8c89648ab41949321c58834531e82] - 接口开始: uri=/yq-admin/api/student/resume, httpMethod=GET, controller=StudentResumeController#get, args=[]
2026-07-21 20:54:52.052 [http-nio-8080-exec-5] INFO  cn.yanque.common.aop.ControllerLogAspect [guid=b7f8c89648ab41949321c58834531e82] - 接口结束: uri=/yq-admin/api/student/resume, controller=StudentResumeController#get, cost=3ms, result={"code":200,"message":"success","data":{"studentId":12,"studentName":"去去去","objectKey":"homework/resume/2026/07/21/去去去/750cd9d1-f223-4f75-8f00-dd4065562ab9-ee7555f4-6b04-4926-a4f7-6b18eaf6d2e5.docx","fileName":"ee7555f4-6b04-4926-a4f7-6b18eaf6d2e5.docx","fileSize":40444,"uploadedAt":"Tue Jul 21 20:50:02 CST 2026","parseStatus":"PROCESSING"}}
2026-07-21 20:54:55.040 [http-nio-8080-exec-4] INFO  cn.yanque.common.aop.ControllerLogAspect [guid=bb9e86badf4d4ba4ac37cc7611bf2533] - 接口开始: uri=/yq-admin/api/student/resume, httpMethod=GET, controller=StudentResumeController#get, args=[]
2026-07-21 20:54:55.042 [http-nio-8080-exec-4] INFO  cn.yanque.common.aop.ControllerLogAspect [guid=bb9e86badf4d4ba4ac37cc7611bf2533] - 接口结束: uri=/yq-admin/api/student/resume, controller=StudentResumeController#get, cost=2ms, result={"code":200,"message":"success","data":{"studentId":12,"studentName":"去去去","objectKey":"homework/resume/2026/07/21/去去去/750cd9d1-f223-4f75-8f00-dd4065562ab9-ee7555f4-6b04-4926-a4f7-6b18eaf6d2e5.docx","fileName":"ee7555f4-6b04-4926-a4f7-6b18eaf6d2e5.docx","fileSize":40444,"uploadedAt":"Tue Jul 21 20:50:02 CST 2026","parseStatus":"PROCESSING"}}
2026-07-21 20:54:58.039 [http-nio-8080-exec-7] INFO  cn.yanque.common.aop.ControllerLogAspect [guid=d599b694e7b24074bc57d96ee1efde94] - 接口开始: uri=/yq-admin/api/student/resume, httpMethod=GET, controller=StudentResumeController#get, args=[]
2026-07-21 20:54:58.041 [http-nio-8080-exec-7] INFO  cn.yanque.common.aop.ControllerLogAspect [guid=d599b694e7b24074bc57d96ee1efde94] - 接口结束: uri=/yq-admin/api/student/resume, controller=StudentResumeController#get, cost=1ms, result={"code":200,"message":"success","data":{"studentId":12,"studentName":"去去去","objectKey":"homework/resume/2026/07/21/去去去/750cd9d1-f223-4f75-8f00-dd4065562ab9-ee7555f4-6b04-4926-a4f7-6b18eaf6d2e5.docx","fileName":"ee7555f4-6b04-4926-a4f7-6b18eaf6d2e5.docx","fileSize":40444,"uploadedAt":"Tue Jul 21 20:50:02 CST 2026","parseStatus":"PROCESSING"}}
2026-07-21 20:55:01.047 [http-nio-8080-exec-6] INFO  cn.yanque.common.aop.ControllerLogAspect [guid=f419274b45424531ad781943982795c3] - 接口开始: uri=/yq-admin/api/student/resume, httpMethod=GET, controller=StudentResumeController#get, args=[]
2026-07-21 20:55:01.049 [http-nio-8080-exec-6] INFO  cn.yanque.common.aop.ControllerLogAspect [guid=f419274b45424531ad781943982795c3] - 接口结束: uri=/yq-admin/api/student/resume, controller=StudentResumeController#get, cost=2ms, result={"code":200,"message":"success","data":{"studentId":12,"studentName":"去去去","objectKey":"homework/resume/2026/07/21/去去去/750cd9d1-f223-4f75-8f00-dd4065562ab9-ee7555f4-6b04-4926-a4f7-6b18eaf6d2e5.docx","fileName":"ee7555f4-6b04-4926-a4f7-6b18eaf6d2e5.docx","fileSize":40444,"uploadedAt":"Tue Jul 21 20:50:02 CST 2026","parseStatus":"PROCESSING"}}
2026-07-21 20:55:04.043 [http-nio-8080-exec-9] INFO  cn.yanque.common.aop.ControllerLogAspect [guid=4bd51c1b748f4f04bd69db8d3bb303bd] - 接口开始: uri=/yq-admin/api/student/resume, httpMethod=GET, controller=StudentResumeController#get, args=[]
2026-07-21 20:55:04.045 [http-nio-8080-exec-9] INFO  cn.yanque.common.aop.ControllerLogAspect [guid=4bd51c1b748f4f04bd69db8d3bb303bd] - 接口结束: uri=/yq-admin/api/student/resume, controller=StudentResumeController#get, cost=2ms, result={"code":200,"message":"success","data":{"studentId":12,"studentName":"去去去","objectKey":"homework/resume/2026/07/21/去去去/750cd9d1-f223-4f75-8f00-dd4065562ab9-ee7555f4-6b04-4926-a4f7-6b18eaf6d2e5.docx","fileName":"ee7555f4-6b04-4926-a4f7-6b18eaf6d2e5.docx","fileSize":40444,"uploadedAt":"Tue Jul 21 20:50:02 CST 2026","parseStatus":"PROCESSING"}}
2026-07-21 20:55:07.043 [http-nio-8080-exec-8] INFO  cn.yanque.common.aop.ControllerLogAspect [guid=b6511b95cc6d4be0bd27ad462700d7b0] - 接口开始: uri=/yq-admin/api/student/resume, httpMethod=GET, controller=StudentResumeController#get, args=[]
2026-07-21 20:55:07.046 [http-nio-8080-exec-8] INFO  cn.yanque.common.aop.ControllerLogAspect [guid=b6511b95cc6d4be0bd27ad462700d7b0] - 接口结束: uri=/yq-admin/api/student/resume, controller=StudentResumeController#get, cost=3ms, result={"code":200,"message":"success","data":{"studentId":12,"studentName":"去去去","objectKey":"homework/resume/2026/07/21/去去去/750cd9d1-f223-4f75-8f00-dd4065562ab9-ee7555f4-6b04-4926-a4f7-6b18eaf6d2e5.docx","fileName":"ee7555f4-6b04-4926-a4f7-6b18eaf6d2e5.docx","fileSize":40444,"uploadedAt":"Tue Jul 21 20:50:02 CST 2026","parseStatus":"PROCESSING"}}
2026-07-21 20:55:10.038 [http-nio-8080-exec-1] INFO  cn.yanque.common.aop.ControllerLogAspect [guid=15ea444c1ce646de947106162ffa3c41] - 接口开始: uri=/yq-admin/api/student/resume, httpMethod=GET, controller=StudentResumeController#get, args=[]
2026-07-21 20:55:10.039 [http-nio-8080-exec-1] INFO  cn.yanque.common.aop.ControllerLogAspect [guid=15ea444c1ce646de947106162ffa3c41] - 接口结束: uri=/yq-admin/api/student/resume, controller=StudentResumeController#get, cost=1ms, result={"code":200,"message":"success","data":{"studentId":12,"studentName":"去去去","objectKey":"homework/resume/2026/07/21/去去去/750cd9d1-f223-4f75-8f00-dd4065562ab9-ee7555f4-6b04-4926-a4f7-6b18eaf6d2e5.docx","fileName":"ee7555f4-6b04-4926-a4f7-6b18eaf6d2e5.docx","fileSize":40444,"uploadedAt":"Tue Jul 21 20:50:02 CST 2026","parseStatus":"PROCESSING"}}
2026-07-21 20:55:13.039 [http-nio-8080-exec-10] INFO  cn.yanque.common.aop.ControllerLogAspect [guid=7a15bafcfc134e36911614225a3e99af] - 接口开始: uri=/yq-admin/api/student/resume, httpMethod=GET, controller=StudentResumeController#get, args=[]
2026-07-21 20:55:13.040 [http-nio-8080-exec-10] INFO  cn.yanque.common.aop.ControllerLogAspect [guid=7a15bafcfc134e36911614225a3e99af] - 接口结束: uri=/yq-admin/api/student/resume, controller=StudentResumeController#get, cost=1ms, result={"code":200,"message":"success","data":{"studentId":12,"studentName":"去去去","objectKey":"homework/resume/2026/07/21/去去去/750cd9d1-f223-4f75-8f00-dd4065562ab9-ee7555f4-6b04-4926-a4f7-6b18eaf6d2e5.docx","fileName":"ee7555f4-6b04-4926-a4f7-6b18eaf6d2e5.docx","fileSize":40444,"uploadedAt":"Tue Jul 21 20:50:02 CST 2026","parseStatus":"PROCESSING"}}
2026-07-21 20:55:16.038 [http-nio-8080-exec-3] INFO  cn.yanque.common.aop.ControllerLogAspect [guid=0cecca41e623498d9099751d4fac9e27] - 接口开始: uri=/yq-admin/api/student/resume, httpMethod=GET, controller=StudentResumeController#get, args=[]
2026-07-21 20:55:16.039 [http-nio-8080-exec-3] INFO  cn.yanque.common.aop.ControllerLogAspect [guid=0cecca41e623498d9099751d4fac9e27] - 接口结束: uri=/yq-admin/api/student/resume, controller=StudentResumeController#get, cost=1ms, result={"code":200,"message":"success","data":{"studentId":12,"studentName":"去去去","objectKey":"homework/resume/2026/07/21/去去去/750cd9d1-f223-4f75-8f00-dd4065562ab9-ee7555f4-6b04-4926-a4f7-6b18eaf6d2e5.docx","fileName":"ee7555f4-6b04-4926-a4f7-6b18eaf6d2e5.docx","fileSize":40444,"uploadedAt":"Tue Jul 21 20:50:02 CST 2026","parseStatus":"PROCESSING"}}
2026-07-21 20:55:19.040 [http-nio-8080-exec-2] INFO  cn.yanque.common.aop.ControllerLogAspect [guid=034812131573468faef812c4906ce58a] - 接口开始: uri=/yq-admin/api/student/resume, httpMethod=GET, controller=StudentResumeController#get, args=[]
2026-07-21 20:55:19.041 [http-nio-8080-exec-2] INFO  cn.yanque.common.aop.ControllerLogAspect [guid=034812131573468faef812c4906ce58a] - 接口结束: uri=/yq-admin/api/student/resume, controller=StudentResumeController#get, cost=1ms, result={"code":200,"message":"success","data":{"studentId":12,"studentName":"去去去","objectKey":"homework/resume/2026/07/21/去去去/750cd9d1-f223-4f75-8f00-dd4065562ab9-ee7555f4-6b04-4926-a4f7-6b18eaf6d2e5.docx","fileName":"ee7555f4-6b04-4926-a4f7-6b18eaf6d2e5.docx","fileSize":40444,"uploadedAt":"Tue Jul 21 20:50:02 CST 2026","parseStatus":"PROCESSING"}}
2026-07-21 20:55:22.046 [http-nio-8080-exec-5] INFO  cn.yanque.common.aop.ControllerLogAspect [guid=af6e052f79bb40118116ceccad8e8fe9] - 接口开始: uri=/yq-admin/api/student/resume, httpMethod=GET, controller=StudentResumeController#get, args=[]
2026-07-21 20:55:22.047 [http-nio-8080-exec-5] INFO  cn.yanque.common.aop.ControllerLogAspect [guid=af6e052f79bb40118116ceccad8e8fe9] - 接口结束: uri=/yq-admin/api/student/resume, controller=StudentResumeController#get, cost=1ms, result={"code":200,"message":"success","data":{"studentId":12,"studentName":"去去去","objectKey":"homework/resume/2026/07/21/去去去/750cd9d1-f223-4f75-8f00-dd4065562ab9-ee7555f4-6b04-4926-a4f7-6b18eaf6d2e5.docx","fileName":"ee7555f4-6b04-4926-a4f7-6b18eaf6d2e5.docx","fileSize":40444,"uploadedAt":"Tue Jul 21 20:50:02 CST 2026","parseStatus":"PROCESSING"}}
2026-07-21 20:55:25.038 [http-nio-8080-exec-4] INFO  cn.yanque.common.aop.ControllerLogAspect [guid=b7b64e794cec4ddfad69c383227418da] - 接口开始: uri=/yq-admin/api/student/resume, httpMethod=GET, controller=StudentResumeController#get, args=[]
2026-07-21 20:55:25.040 [http-nio-8080-exec-4] INFO  cn.yanque.common.aop.ControllerLogAspect [guid=b7b64e794cec4ddfad69c383227418da] - 接口结束: uri=/yq-admin/api/student/resume, controller=StudentResumeController#get, cost=2ms, result={"code":200,"message":"success","data":{"studentId":12,"studentName":"去去去","objectKey":"homework/resume/2026/07/21/去去去/750cd9d1-f223-4f75-8f00-dd4065562ab9-ee7555f4-6b04-4926-a4f7-6b18eaf6d2e5.docx","fileName":"ee7555f4-6b04-4926-a4f7-6b18eaf6d2e5.docx","fileSize":40444,"uploadedAt":"Tue Jul 21 20:50:02 CST 2026","parseStatus":"PROCESSING"}}
2026-07-21 20:55:28.050 [http-nio-8080-exec-7] INFO  cn.yanque.common.aop.ControllerLogAspect [guid=9bca2a908df34fcb9abeccbe6523760e] - 接口开始: uri=/yq-admin/api/student/resume, httpMethod=GET, controller=StudentResumeController#get, args=[]
2026-07-21 20:55:28.051 [http-nio-8080-exec-7] INFO  cn.yanque.common.aop.ControllerLogAspect [guid=9bca2a908df34fcb9abeccbe6523760e] - 接口结束: uri=/yq-admin/api/student/resume, controller=StudentResumeController#get, cost=1ms, result={"code":200,"message":"success","data":{"studentId":12,"studentName":"去去去","objectKey":"homework/resume/2026/07/21/去去去/750cd9d1-f223-4f75-8f00-dd4065562ab9-ee7555f4-6b04-4926-a4f7-6b18eaf6d2e5.docx","fileName":"ee7555f4-6b04-4926-a4f7-6b18eaf6d2e5.docx","fileSize":40444,"uploadedAt":"Tue Jul 21 20:50:02 CST 2026","parseStatus":"PROCESSING"}}
2026-07-21 20:55:31.050 [http-nio-8080-exec-6] INFO  cn.yanque.common.aop.ControllerLogAspect [guid=825379f8a1dd45ab9e608bf685f353f7] - 接口开始: uri=/yq-admin/api/student/resume, httpMethod=GET, controller=StudentResumeController#get, args=[]
2026-07-21 20:55:31.052 [http-nio-8080-exec-6] INFO  cn.yanque.common.aop.ControllerLogAspect [guid=825379f8a1dd45ab9e608bf685f353f7] - 接口结束: uri=/yq-admin/api/student/resume, controller=StudentResumeController#get, cost=2ms, result={"code":200,"message":"success","data":{"studentId":12,"studentName":"去去去","objectKey":"homework/resume/2026/07/21/去去去/750cd9d1-f223-4f75-8f00-dd4065562ab9-ee7555f4-6b04-4926-a4f7-6b18eaf6d2e5.docx","fileName":"ee7555f4-6b04-4926-a4f7-6b18eaf6d2e5.docx","fileSize":40444,"uploadedAt":"Tue Jul 21 20:50:02 CST 2026","parseStatus":"PROCESSING"}}
2026-07-21 20:55:34.049 [http-nio-8080-exec-9] INFO  cn.yanque.common.aop.ControllerLogAspect [guid=4ad33bae9c7c4a09b91858bfcf297c00] - 接口开始: uri=/yq-admin/api/student/resume, httpMethod=GET, controller=StudentResumeController#get, args=[]
2026-07-21 20:55:34.051 [http-nio-8080-exec-9] INFO  cn.yanque.common.aop.ControllerLogAspect [guid=4ad33bae9c7c4a09b91858bfcf297c00] - 接口结束: uri=/yq-admin/api/student/resume, controller=StudentResumeController#get, cost=2ms, result={"code":200,"message":"success","data":{"studentId":12,"studentName":"去去去","objectKey":"homework/resume/2026/07/21/去去去/750cd9d1-f223-4f75-8f00-dd4065562ab9-ee7555f4-6b04-4926-a4f7-6b18eaf6d2e5.docx","fileName":"ee7555f4-6b04-4926-a4f7-6b18eaf6d2e5.docx","fileSize":40444,"uploadedAt":"Tue Jul 21 20:50:02 CST 2026","parseStatus":"PROCESSING"}}
2026-07-21 20:55:37.047 [http-nio-8080-exec-8] INFO  cn.yanque.common.aop.ControllerLogAspect [guid=9540edb94c3c4fd2afbd65159fe2c5bf] - 接口开始: uri=/yq-admin/api/student/resume, httpMethod=GET, controller=StudentResumeController#get, args=[]
2026-07-21 20:55:37.049 [http-nio-8080-exec-8] INFO  cn.yanque.common.aop.ControllerLogAspect [guid=9540edb94c3c4fd2afbd65159fe2c5bf] - 接口结束: uri=/yq-admin/api/student/resume, controller=StudentResumeController#get, cost=2ms, result={"code":200,"message":"success","data":{"studentId":12,"studentName":"去去去","objectKey":"homework/resume/2026/07/21/去去去/750cd9d1-f223-4f75-8f00-dd4065562ab9-ee7555f4-6b04-4926-a4f7-6b18eaf6d2e5.docx","fileName":"ee7555f4-6b04-4926-a4f7-6b18eaf6d2e5.docx","fileSize":40444,"uploadedAt":"Tue Jul 21 20:50:02 CST 2026","parseStatus":"PROCESSING"}}
2026-07-21 20:55:40.043 [http-nio-8080-exec-1] INFO  cn.yanque.common.aop.ControllerLogAspect [guid=1a6640d65e8a427c8521fe2add10d8a5] - 接口开始: uri=/yq-admin/api/student/resume, httpMethod=GET, controller=StudentResumeController#get, args=[]
2026-07-21 20:55:40.044 [http-nio-8080-exec-1] INFO  cn.yanque.common.aop.ControllerLogAspect [guid=1a6640d65e8a427c8521fe2add10d8a5] - 接口结束: uri=/yq-admin/api/student/resume, controller=StudentResumeController#get, cost=1ms, result={"code":200,"message":"success","data":{"studentId":12,"studentName":"去去去","objectKey":"homework/resume/2026/07/21/去去去/750cd9d1-f223-4f75-8f00-dd4065562ab9-ee7555f4-6b04-4926-a4f7-6b18eaf6d2e5.docx","fileName":"ee7555f4-6b04-4926-a4f7-6b18eaf6d2e5.docx","fileSize":40444,"uploadedAt":"Tue Jul 21 20:50:02 CST 2026","parseStatus":"PROCESSING"}}
2026-07-21 20:55:43.038 [http-nio-8080-exec-10] INFO  cn.yanque.common.aop.ControllerLogAspect [guid=b38b090e5ebe4c8987df18b0ccab4dd4] - 接口开始: uri=/yq-admin/api/student/resume, httpMethod=GET, controller=StudentResumeController#get, args=[]
2026-07-21 20:55:43.040 [http-nio-8080-exec-10] INFO  cn.yanque.common.aop.ControllerLogAspect [guid=b38b090e5ebe4c8987df18b0ccab4dd4] - 接口结束: uri=/yq-admin/api/student/resume, controller=StudentResumeController#get, cost=2ms, result={"code":200,"message":"success","data":{"studentId":12,"studentName":"去去去","objectKey":"homework/resume/2026/07/21/去去去/750cd9d1-f223-4f75-8f00-dd4065562ab9-ee7555f4-6b04-4926-a4f7-6b18eaf6d2e5.docx","fileName":"ee7555f4-6b04-4926-a4f7-6b18eaf6d2e5.docx","fileSize":40444,"uploadedAt":"Tue Jul 21 20:50:02 CST 2026","parseStatus":"PROCESSING"}}
2026-07-21 20:55:46.041 [http-nio-8080-exec-3] INFO  cn.yanque.common.aop.ControllerLogAspect [guid=d100965b10bb4e57919fc7a6af81b679] - 接口开始: uri=/yq-admin/api/student/resume, httpMethod=GET, controller=StudentResumeController#get, args=[]
2026-07-21 20:55:46.042 [http-nio-8080-exec-3] INFO  cn.yanque.common.aop.ControllerLogAspect [guid=d100965b10bb4e57919fc7a6af81b679] - 接口结束: uri=/yq-admin/api/student/resume, controller=StudentResumeController#get, cost=2ms, result={"code":200,"message":"success","data":{"studentId":12,"studentName":"去去去","objectKey":"homework/resume/2026/07/21/去去去/750cd9d1-f223-4f75-8f00-dd4065562ab9-ee7555f4-6b04-4926-a4f7-6b18eaf6d2e5.docx","fileName":"ee7555f4-6b04-4926-a4f7-6b18eaf6d2e5.docx","fileSize":40444,"uploadedAt":"Tue Jul 21 20:50:02 CST 2026","parseStatus":"PROCESSING"}}
2026-07-21 20:55:49.046 [http-nio-8080-exec-2] INFO  cn.yanque.common.aop.ControllerLogAspect [guid=1d37a2eff8bc4e0698d86151d9e98351] - 接口开始: uri=/yq-admin/api/student/resume, httpMethod=GET, controller=StudentResumeController#get, args=[]
2026-07-21 20:55:49.047 [http-nio-8080-exec-2] INFO  cn.yanque.common.aop.ControllerLogAspect [guid=1d37a2eff8bc4e0698d86151d9e98351] - 接口结束: uri=/yq-admin/api/student/resume, controller=StudentResumeController#get, cost=1ms, result={"code":200,"message":"success","data":{"studentId":12,"studentName":"去去去","objectKey":"homework/resume/2026/07/21/去去去/750cd9d1-f223-4f75-8f00-dd4065562ab9-ee7555f4-6b04-4926-a4f7-6b18eaf6d2e5.docx","fileName":"ee7555f4-6b04-4926-a4f7-6b18eaf6d2e5.docx","fileSize":40444,"uploadedAt":"Tue Jul 21 20:50:02 CST 2026","parseStatus":"PROCESSING"}}
2026-07-21 20:55:52.037 [http-nio-8080-exec-5] INFO  cn.yanque.common.aop.ControllerLogAspect [guid=1005673d81b64b0795cd3a398ef8e628] - 接口开始: uri=/yq-admin/api/student/resume, httpMethod=GET, controller=StudentResumeController#get, args=[]
2026-07-21 20:55:52.038 [http-nio-8080-exec-5] INFO  cn.yanque.common.aop.ControllerLogAspect [guid=1005673d81b64b0795cd3a398ef8e628] - 接口结束: uri=/yq-admin/api/student/resume, controller=StudentResumeController#get, cost=1ms, result={"code":200,"message":"success","data":{"studentId":12,"studentName":"去去去","objectKey":"homework/resume/2026/07/21/去去去/750cd9d1-f223-4f75-8f00-dd4065562ab9-ee7555f4-6b04-4926-a4f7-6b18eaf6d2e5.docx","fileName":"ee7555f4-6b04-4926-a4f7-6b18eaf6d2e5.docx","fileSize":40444,"uploadedAt":"Tue Jul 21 20:50:02 CST 2026","parseStatus":"PROCESSING"}}
2026-07-21 20:55:55.035 [http-nio-8080-exec-4] INFO  cn.yanque.common.aop.ControllerLogAspect [guid=9fdcec849a994916bac3df4d6f615e53] - 接口开始: uri=/yq-admin/api/student/resume, httpMethod=GET, controller=StudentResumeController#get, args=[]
2026-07-21 20:55:55.037 [http-nio-8080-exec-4] INFO  cn.yanque.common.aop.ControllerLogAspect [guid=9fdcec849a994916bac3df4d6f615e53] - 接口结束: uri=/yq-admin/api/student/resume, controller=StudentResumeController#get, cost=2ms, result={"code":200,"message":"success","data":{"studentId":12,"studentName":"去去去","objectKey":"homework/resume/2026/07/21/去去去/750cd9d1-f223-4f75-8f00-dd4065562ab9-ee7555f4-6b04-4926-a4f7-6b18eaf6d2e5.docx","fileName":"ee7555f4-6b04-4926-a4f7-6b18eaf6d2e5.docx","fileSize":40444,"uploadedAt":"Tue Jul 21 20:50:02 CST 2026","parseStatus":"PROCESSING"}}
2026-07-21 20:55:58.038 [http-nio-8080-exec-7] INFO  cn.yanque.common.aop.ControllerLogAspect [guid=04690f83661f4491816ff7f822259d8e] - 接口开始: uri=/yq-admin/api/student/resume, httpMethod=GET, controller=StudentResumeController#get, args=[]
2026-07-21 20:55:58.040 [http-nio-8080-exec-7] INFO  cn.yanque.common.aop.ControllerLogAspect [guid=04690f83661f4491816ff7f822259d8e] - 接口结束: uri=/yq-admin/api/student/resume, controller=StudentResumeController#get, cost=2ms, result={"code":200,"message":"success","data":{"studentId":12,"studentName":"去去去","objectKey":"homework/resume/2026/07/21/去去去/750cd9d1-f223-4f75-8f00-dd4065562ab9-ee7555f4-6b04-4926-a4f7-6b18eaf6d2e5.docx","fileName":"ee7555f4-6b04-4926-a4f7-6b18eaf6d2e5.docx","fileSize":40444,"uploadedAt":"Tue Jul 21 20:50:02 CST 2026","parseStatus":"PROCESSING"}}
2026-07-21 20:56:01.049 [http-nio-8080-exec-6] INFO  cn.yanque.common.aop.ControllerLogAspect [guid=9de859ef0ce844efaaffc24cdba1f7b0] - 接口开始: uri=/yq-admin/api/student/resume, httpMethod=GET, controller=StudentResumeController#get, args=[]
2026-07-21 20:56:01.051 [http-nio-8080-exec-6] INFO  cn.yanque.common.aop.ControllerLogAspect [guid=9de859ef0ce844efaaffc24cdba1f7b0] - 接口结束: uri=/yq-admin/api/student/resume, controller=StudentResumeController#get, cost=2ms, result={"code":200,"message":"success","data":{"studentId":12,"studentName":"去去去","objectKey":"homework/resume/2026/07/21/去去去/750cd9d1-f223-4f75-8f00-dd4065562ab9-ee7555f4-6b04-4926-a4f7-6b18eaf6d2e5.docx","fileName":"ee7555f4-6b04-4926-a4f7-6b18eaf6d2e5.docx","fileSize":40444,"uploadedAt":"Tue Jul 21 20:50:02 CST 2026","parseStatus":"PROCESSING"}}
2026-07-21 20:56:04.045 [http-nio-8080-exec-9] INFO  cn.yanque.common.aop.ControllerLogAspect [guid=3ddeee1498a940ff89ea6c60e0460737] - 接口开始: uri=/yq-admin/api/student/resume, httpMethod=GET, controller=StudentResumeController#get, args=[]
2026-07-21 20:56:04.046 [http-nio-8080-exec-9] INFO  cn.yanque.common.aop.ControllerLogAspect [guid=3ddeee1498a940ff89ea6c60e0460737] - 接口结束: uri=/yq-admin/api/student/resume, controller=StudentResumeController#get, cost=1ms, result={"code":200,"message":"success","data":{"studentId":12,"studentName":"去去去","objectKey":"homework/resume/2026/07/21/去去去/750cd9d1-f223-4f75-8f00-dd4065562ab9-ee7555f4-6b04-4926-a4f7-6b18eaf6d2e5.docx","fileName":"ee7555f4-6b04-4926-a4f7-6b18eaf6d2e5.docx","fileSize":40444,"uploadedAt":"Tue Jul 21 20:50:02 CST 2026","parseStatus":"PROCESSING"}}
2026-07-21 20:56:07.036 [http-nio-8080-exec-8] INFO  cn.yanque.common.aop.ControllerLogAspect [guid=706ca5c415314e1aa7fcd9de76800431] - 接口开始: uri=/yq-admin/api/student/resume, httpMethod=GET, controller=StudentResumeController#get, args=[]
2026-07-21 20:56:07.039 [http-nio-8080-exec-8] INFO  cn.yanque.common.aop.ControllerLogAspect [guid=706ca5c415314e1aa7fcd9de76800431] - 接口结束: uri=/yq-admin/api/student/resume, controller=StudentResumeController#get, cost=3ms, result={"code":200,"message":"success","data":{"studentId":12,"studentName":"去去去","objectKey":"homework/resume/2026/07/21/去去去/750cd9d1-f223-4f75-8f00-dd4065562ab9-ee7555f4-6b04-4926-a4f7-6b18eaf6d2e5.docx","fileName":"ee7555f4-6b04-4926-a4f7-6b18eaf6d2e5.docx","fileSize":40444,"uploadedAt":"Tue Jul 21 20:50:02 CST 2026","parseStatus":"PROCESSING"}}
2026-07-21 20:56:10.039 [http-nio-8080-exec-1] INFO  cn.yanque.common.aop.ControllerLogAspect [guid=6156dad26480456c9a6a7c0a41fa1234] - 接口开始: uri=/yq-admin/api/student/resume, httpMethod=GET, controller=StudentResumeController#get, args=[]
2026-07-21 20:56:10.041 [http-nio-8080-exec-1] INFO  cn.yanque.common.aop.ControllerLogAspect [guid=6156dad26480456c9a6a7c0a41fa1234] - 接口结束: uri=/yq-admin/api/student/resume, controller=StudentResumeController#get, cost=2ms, result={"code":200,"message":"success","data":{"studentId":12,"studentName":"去去去","objectKey":"homework/resume/2026/07/21/去去去/750cd9d1-f223-4f75-8f00-dd4065562ab9-ee7555f4-6b04-4926-a4f7-6b18eaf6d2e5.docx","fileName":"ee7555f4-6b04-4926-a4f7-6b18eaf6d2e5.docx","fileSize":40444,"uploadedAt":"Tue Jul 21 20:50:02 CST 2026","parseStatus":"PROCESSING"}}
2026-07-21 20:56:13.043 [http-nio-8080-exec-10] INFO  cn.yanque.common.aop.ControllerLogAspect [guid=3f4a386838d64c159532d8563683dc23] - 接口开始: uri=/yq-admin/api/student/resume, httpMethod=GET, controller=StudentResumeController#get, args=[]
2026-07-21 20:56:13.045 [http-nio-8080-exec-10] INFO  cn.yanque.common.aop.ControllerLogAspect [guid=3f4a386838d64c159532d8563683dc23] - 接口结束: uri=/yq-admin/api/student/resume, controller=StudentResumeController#get, cost=2ms, result={"code":200,"message":"success","data":{"studentId":12,"studentName":"去去去","objectKey":"homework/resume/2026/07/21/去去去/750cd9d1-f223-4f75-8f00-dd4065562ab9-ee7555f4-6b04-4926-a4f7-6b18eaf6d2e5.docx","fileName":"ee7555f4-6b04-4926-a4f7-6b18eaf6d2e5.docx","fileSize":40444,"uploadedAt":"Tue Jul 21 20:50:02 CST 2026","parseStatus":"PROCESSING"}}
2026-07-21 20:56:16.044 [http-nio-8080-exec-3] INFO  cn.yanque.common.aop.ControllerLogAspect [guid=92563d7f2c5340619de4e289feff02ea] - 接口开始: uri=/yq-admin/api/student/resume, httpMethod=GET, controller=StudentResumeController#get, args=[]
2026-07-21 20:56:16.047 [http-nio-8080-exec-3] INFO  cn.yanque.common.aop.ControllerLogAspect [guid=92563d7f2c5340619de4e289feff02ea] - 接口结束: uri=/yq-admin/api/student/resume, controller=StudentResumeController#get, cost=3ms, result={"code":200,"message":"success","data":{"studentId":12,"studentName":"去去去","objectKey":"homework/resume/2026/07/21/去去去/750cd9d1-f223-4f75-8f00-dd4065562ab9-ee7555f4-6b04-4926-a4f7-6b18eaf6d2e5.docx","fileName":"ee7555f4-6b04-4926-a4f7-6b18eaf6d2e5.docx","fileSize":40444,"uploadedAt":"Tue Jul 21 20:50:02 CST 2026","parseStatus":"PROCESSING"}}
2026-07-21 20:56:19.038 [http-nio-8080-exec-2] INFO  cn.yanque.common.aop.ControllerLogAspect [guid=6d1a704ed2ad4b988918fa21f4814d72] - 接口开始: uri=/yq-admin/api/student/resume, httpMethod=GET, controller=StudentResumeController#get, args=[]
2026-07-21 20:56:19.040 [http-nio-8080-exec-2] INFO  cn.yanque.common.aop.ControllerLogAspect [guid=6d1a704ed2ad4b988918fa21f4814d72] - 接口结束: uri=/yq-admin/api/student/resume, controller=StudentResumeController#get, cost=2ms, result={"code":200,"message":"success","data":{"studentId":12,"studentName":"去去去","objectKey":"homework/resume/2026/07/21/去去去/750cd9d1-f223-4f75-8f00-dd4065562ab9-ee7555f4-6b04-4926-a4f7-6b18eaf6d2e5.docx","fileName":"ee7555f4-6b04-4926-a4f7-6b18eaf6d2e5.docx","fileSize":40444,"uploadedAt":"Tue Jul 21 20:50:02 CST 2026","parseStatus":"PROCESSING"}}
2026-07-21 20:56:22.044 [http-nio-8080-exec-5] INFO  cn.yanque.common.aop.ControllerLogAspect [guid=8124e06a9f9e41aea230d5fe46719ffe] - 接口开始: uri=/yq-admin/api/student/resume, httpMethod=GET, controller=StudentResumeController#get, args=[]
2026-07-21 20:56:22.046 [http-nio-8080-exec-5] INFO  cn.yanque.common.aop.ControllerLogAspect [guid=8124e06a9f9e41aea230d5fe46719ffe] - 接口结束: uri=/yq-admin/api/student/resume, controller=StudentResumeController#get, cost=2ms, result={"code":200,"message":"success","data":{"studentId":12,"studentName":"去去去","objectKey":"homework/resume/2026/07/21/去去去/750cd9d1-f223-4f75-8f00-dd4065562ab9-ee7555f4-6b04-4926-a4f7-6b18eaf6d2e5.docx","fileName":"ee7555f4-6b04-4926-a4f7-6b18eaf6d2e5.docx","fileSize":40444,"uploadedAt":"Tue Jul 21 20:50:02 CST 2026","parseStatus":"PROCESSING"}}
2026-07-21 20:56:25.047 [http-nio-8080-exec-4] INFO  cn.yanque.common.aop.ControllerLogAspect [guid=b26adb232c7d4a5e89a81d91a57ee93e] - 接口开始: uri=/yq-admin/api/student/resume, httpMethod=GET, controller=StudentResumeController#get, args=[]
2026-07-21 20:56:25.048 [http-nio-8080-exec-4] INFO  cn.yanque.common.aop.ControllerLogAspect [guid=b26adb232c7d4a5e89a81d91a57ee93e] - 接口结束: uri=/yq-admin/api/student/resume, controller=StudentResumeController#get, cost=1ms, result={"code":200,"message":"success","data":{"studentId":12,"studentName":"去去去","objectKey":"homework/resume/2026/07/21/去去去/750cd9d1-f223-4f75-8f00-dd4065562ab9-ee7555f4-6b04-4926-a4f7-6b18eaf6d2e5.docx","fileName":"ee7555f4-6b04-4926-a4f7-6b18eaf6d2e5.docx","fileSize":40444,"uploadedAt":"Tue Jul 21 20:50:02 CST 2026","parseStatus":"PROCESSING"}}
2026-07-21 20:56:28.042 [http-nio-8080-exec-7] INFO  cn.yanque.common.aop.ControllerLogAspect [guid=cd96d3a3149e468fb7eedce7c3ec654f] - 接口开始: uri=/yq-admin/api/student/resume, httpMethod=GET, controller=StudentResumeController#get, args=[]
2026-07-21 20:56:28.044 [http-nio-8080-exec-7] INFO  cn.yanque.common.aop.ControllerLogAspect [guid=cd96d3a3149e468fb7eedce7c3ec654f] - 接口结束: uri=/yq-admin/api/student/resume, controller=StudentResumeController#get, cost=2ms, result={"code":200,"message":"success","data":{"studentId":12,"studentName":"去去去","objectKey":"homework/resume/2026/07/21/去去去/750cd9d1-f223-4f75-8f00-dd4065562ab9-ee7555f4-6b04-4926-a4f7-6b18eaf6d2e5.docx","fileName":"ee7555f4-6b04-4926-a4f7-6b18eaf6d2e5.docx","fileSize":40444,"uploadedAt":"Tue Jul 21 20:50:02 CST 2026","parseStatus":"PROCESSING"}}
2026-07-21 20:56:31.049 [http-nio-8080-exec-6] INFO  cn.yanque.common.aop.ControllerLogAspect [guid=0b972da6c5c3470fa7a5838b000a2c9f] - 接口开始: uri=/yq-admin/api/student/resume, httpMethod=GET, controller=StudentResumeController#get, args=[]
2026-07-21 20:56:31.050 [http-nio-8080-exec-6] INFO  cn.yanque.common.aop.ControllerLogAspect [guid=0b972da6c5c3470fa7a5838b000a2c9f] - 接口结束: uri=/yq-admin/api/student/resume, controller=StudentResumeController#get, cost=1ms, result={"code":200,"message":"success","data":{"studentId":12,"studentName":"去去去","objectKey":"homework/resume/2026/07/21/去去去/750cd9d1-f223-4f75-8f00-dd4065562ab9-ee7555f4-6b04-4926-a4f7-6b18eaf6d2e5.docx","fileName":"ee7555f4-6b04-4926-a4f7-6b18eaf6d2e5.docx","fileSize":40444,"uploadedAt":"Tue Jul 21 20:50:02 CST 2026","parseStatus":"PROCESSING"}}
2026-07-21 20:56:34.048 [http-nio-8080-exec-9] INFO  cn.yanque.common.aop.ControllerLogAspect [guid=e17a834eaf1d470182b063779bedf4a0] - 接口开始: uri=/yq-admin/api/student/resume, httpMethod=GET, controller=StudentResumeController#get, args=[]
2026-07-21 20:56:34.051 [http-nio-8080-exec-9] INFO  cn.yanque.common.aop.ControllerLogAspect [guid=e17a834eaf1d470182b063779bedf4a0] - 接口结束: uri=/yq-admin/api/student/resume, controller=StudentResumeController#get, cost=3ms, result={"code":200,"message":"success","data":{"studentId":12,"studentName":"去去去","objectKey":"homework/resume/2026/07/21/去去去/750cd9d1-f223-4f75-8f00-dd4065562ab9-ee7555f4-6b04-4926-a4f7-6b18eaf6d2e5.docx","fileName":"ee7555f4-6b04-4926-a4f7-6b18eaf6d2e5.docx","fileSize":40444,"uploadedAt":"Tue Jul 21 20:50:02 CST 2026","parseStatus":"PROCESSING"}}
2026-07-21 20:56:37.041 [http-nio-8080-exec-8] INFO  cn.yanque.common.aop.ControllerLogAspect [guid=077f3ad2cd9d46489a063fdae2ae7f7b] - 接口开始: uri=/yq-admin/api/student/resume, httpMethod=GET, controller=StudentResumeController#get, args=[]
2026-07-21 20:56:37.042 [http-nio-8080-exec-8] INFO  cn.yanque.common.aop.ControllerLogAspect [guid=077f3ad2cd9d46489a063fdae2ae7f7b] - 接口结束: uri=/yq-admin/api/student/resume, controller=StudentResumeController#get, cost=1ms, result={"code":200,"message":"success","data":{"studentId":12,"studentName":"去去去","objectKey":"homework/resume/2026/07/21/去去去/750cd9d1-f223-4f75-8f00-dd4065562ab9-ee7555f4-6b04-4926-a4f7-6b18eaf6d2e5.docx","fileName":"ee7555f4-6b04-4926-a4f7-6b18eaf6d2e5.docx","fileSize":40444,"uploadedAt":"Tue Jul 21 20:50:02 CST 2026","parseStatus":"PROCESSING"}}
2026-07-21 20:56:40.037 [http-nio-8080-exec-1] INFO  cn.yanque.common.aop.ControllerLogAspect [guid=5d9f5d0461e64a21885c58c886efa6e0] - 接口开始: uri=/yq-admin/api/student/resume, httpMethod=GET, controller=StudentResumeController#get, args=[]
2026-07-21 20:56:40.038 [http-nio-8080-exec-1] INFO  cn.yanque.common.aop.ControllerLogAspect [guid=5d9f5d0461e64a21885c58c886efa6e0] - 接口结束: uri=/yq-admin/api/student/resume, controller=StudentResumeController#get, cost=1ms, result={"code":200,"message":"success","data":{"studentId":12,"studentName":"去去去","objectKey":"homework/resume/2026/07/21/去去去/750cd9d1-f223-4f75-8f00-dd4065562ab9-ee7555f4-6b04-4926-a4f7-6b18eaf6d2e5.docx","fileName":"ee7555f4-6b04-4926-a4f7-6b18eaf6d2e5.docx","fileSize":40444,"uploadedAt":"Tue Jul 21 20:50:02 CST 2026","parseStatus":"PROCESSING"}}
2026-07-21 20:56:43.040 [http-nio-8080-exec-10] INFO  cn.yanque.common.aop.ControllerLogAspect [guid=36915c0d79464013873528c13b285555] - 接口开始: uri=/yq-admin/api/student/resume, httpMethod=GET, controller=StudentResumeController#get, args=[]
2026-07-21 20:56:43.042 [http-nio-8080-exec-10] INFO  cn.yanque.common.aop.ControllerLogAspect [guid=36915c0d79464013873528c13b285555] - 接口结束: uri=/yq-admin/api/student/resume, controller=StudentResumeController#get, cost=2ms, result={"code":200,"message":"success","data":{"studentId":12,"studentName":"去去去","objectKey":"homework/resume/2026/07/21/去去去/750cd9d1-f223-4f75-8f00-dd4065562ab9-ee7555f4-6b04-4926-a4f7-6b18eaf6d2e5.docx","fileName":"ee7555f4-6b04-4926-a4f7-6b18eaf6d2e5.docx","fileSize":40444,"uploadedAt":"Tue Jul 21 20:50:02 CST 2026","parseStatus":"PROCESSING"}}
2026-07-21 20:56:46.035 [http-nio-8080-exec-3] INFO  cn.yanque.common.aop.ControllerLogAspect [guid=ffa7025e38a24e65bcc78caf08859c1d] - 接口开始: uri=/yq-admin/api/student/resume, httpMethod=GET, controller=StudentResumeController#get, args=[]
2026-07-21 20:56:46.038 [http-nio-8080-exec-3] INFO  cn.yanque.common.aop.ControllerLogAspect [guid=ffa7025e38a24e65bcc78caf08859c1d] - 接口结束: uri=/yq-admin/api/student/resume, controller=StudentResumeController#get, cost=3ms, result={"code":200,"message":"success","data":{"studentId":12,"studentName":"去去去","objectKey":"homework/resume/2026/07/21/去去去/750cd9d1-f223-4f75-8f00-dd4065562ab9-ee7555f4-6b04-4926-a4f7-6b18eaf6d2e5.docx","fileName":"ee7555f4-6b04-4926-a4f7-6b18eaf6d2e5.docx","fileSize":40444,"uploadedAt":"Tue Jul 21 20:50:02 CST 2026","parseStatus":"PROCESSING"}}
2026-07-21 20:56:49.042 [http-nio-8080-exec-2] INFO  cn.yanque.common.aop.ControllerLogAspect [guid=6f771b475f3c4c55a4771f0a1e4dc135] - 接口开始: uri=/yq-admin/api/student/resume, httpMethod=GET, controller=StudentResumeController#get, args=[]
2026-07-21 20:56:49.043 [http-nio-8080-exec-2] INFO  cn.yanque.common.aop.ControllerLogAspect [guid=6f771b475f3c4c55a4771f0a1e4dc135] - 接口结束: uri=/yq-admin/api/student/resume, controller=StudentResumeController#get, cost=1ms, result={"code":200,"message":"success","data":{"studentId":12,"studentName":"去去去","objectKey":"homework/resume/2026/07/21/去去去/750cd9d1-f223-4f75-8f00-dd4065562ab9-ee7555f4-6b04-4926-a4f7-6b18eaf6d2e5.docx","fileName":"ee7555f4-6b04-4926-a4f7-6b18eaf6d2e5.docx","fileSize":40444,"uploadedAt":"Tue Jul 21 20:50:02 CST 2026","parseStatus":"PROCESSING"}}
2026-07-21 20:56:52.046 [http-nio-8080-exec-5] INFO  cn.yanque.common.aop.ControllerLogAspect [guid=474c90cbeaf8406c9dc772b810ec5362] - 接口开始: uri=/yq-admin/api/student/resume, httpMethod=GET, controller=StudentResumeController#get, args=[]
2026-07-21 20:56:52.048 [http-nio-8080-exec-5] INFO  cn.yanque.common.aop.ControllerLogAspect [guid=474c90cbeaf8406c9dc772b810ec5362] - 接口结束: uri=/yq-admin/api/student/resume, controller=StudentResumeController#get, cost=2ms, result={"code":200,"message":"success","data":{"studentId":12,"studentName":"去去去","objectKey":"homework/resume/2026/07/21/去去去/750cd9d1-f223-4f75-8f00-dd4065562ab9-ee7555f4-6b04-4926-a4f7-6b18eaf6d2e5.docx","fileName":"ee7555f4-6b04-4926-a4f7-6b18eaf6d2e5.docx","fileSize":40444,"uploadedAt":"Tue Jul 21 20:50:02 CST 2026","parseStatus":"PROCESSING"}}
2026-07-21 20:56:55.038 [http-nio-8080-exec-4] INFO  cn.yanque.common.aop.ControllerLogAspect [guid=f72f69f533d047e68d6d2e46787b0d54] - 接口开始: uri=/yq-admin/api/student/resume, httpMethod=GET, controller=StudentResumeController#get, args=[]
2026-07-21 20:56:55.039 [http-nio-8080-exec-4] INFO  cn.yanque.common.aop.ControllerLogAspect [guid=f72f69f533d047e68d6d2e46787b0d54] - 接口结束: uri=/yq-admin/api/student/resume, controller=StudentResumeController#get, cost=1ms, result={"code":200,"message":"success","data":{"studentId":12,"studentName":"去去去","objectKey":"homework/resume/2026/07/21/去去去/750cd9d1-f223-4f75-8f00-dd4065562ab9-ee7555f4-6b04-4926-a4f7-6b18eaf6d2e5.docx","fileName":"ee7555f4-6b04-4926-a4f7-6b18eaf6d2e5.docx","fileSize":40444,"uploadedAt":"Tue Jul 21 20:50:02 CST 2026","parseStatus":"PROCESSING"}}
2026-07-21 20:56:58.048 [http-nio-8080-exec-7] INFO  cn.yanque.common.aop.ControllerLogAspect [guid=a2029b7d4ee345328b894395a4def7f5] - 接口开始: uri=/yq-admin/api/student/resume, httpMethod=GET, controller=StudentResumeController#get, args=[]
2026-07-21 20:56:58.049 [http-nio-8080-exec-7] INFO  cn.yanque.common.aop.ControllerLogAspect [guid=a2029b7d4ee345328b894395a4def7f5] - 接口结束: uri=/yq-admin/api/student/resume, controller=StudentResumeController#get, cost=1ms, result={"code":200,"message":"success","data":{"studentId":12,"studentName":"去去去","objectKey":"homework/resume/2026/07/21/去去去/750cd9d1-f223-4f75-8f00-dd4065562ab9-ee7555f4-6b04-4926-a4f7-6b18eaf6d2e5.docx","fileName":"ee7555f4-6b04-4926-a4f7-6b18eaf6d2e5.docx","fileSize":40444,"uploadedAt":"Tue Jul 21 20:50:02 CST 2026","parseStatus":"PROCESSING"}}
2026-07-21 20:57:01.044 [http-nio-8080-exec-6] INFO  cn.yanque.common.aop.ControllerLogAspect [guid=bad576dc5ee8414790a541627b036af5] - 接口开始: uri=/yq-admin/api/student/resume, httpMethod=GET, controller=StudentResumeController#get, args=[]
2026-07-21 20:57:01.046 [http-nio-8080-exec-6] INFO  cn.yanque.common.aop.ControllerLogAspect [guid=bad576dc5ee8414790a541627b036af5] - 接口结束: uri=/yq-admin/api/student/resume, controller=StudentResumeController#get, cost=2ms, result={"code":200,"message":"success","data":{"studentId":12,"studentName":"去去去","objectKey":"homework/resume/2026/07/21/去去去/750cd9d1-f223-4f75-8f00-dd4065562ab9-ee7555f4-6b04-4926-a4f7-6b18eaf6d2e5.docx","fileName":"ee7555f4-6b04-4926-a4f7-6b18eaf6d2e5.docx","fileSize":40444,"uploadedAt":"Tue Jul 21 20:50:02 CST 2026","parseStatus":"PROCESSING"}}
2026-07-21 20:57:04.045 [http-nio-8080-exec-9] INFO  cn.yanque.common.aop.ControllerLogAspect [guid=ef9519a3fb844d91ad21438d8da12fc5] - 接口开始: uri=/yq-admin/api/student/resume, httpMethod=GET, controller=StudentResumeController#get, args=[]
2026-07-21 20:57:04.047 [http-nio-8080-exec-9] INFO  cn.yanque.common.aop.ControllerLogAspect [guid=ef9519a3fb844d91ad21438d8da12fc5] - 接口结束: uri=/yq-admin/api/student/resume, controller=StudentResumeController#get, cost=1ms, result={"code":200,"message":"success","data":{"studentId":12,"studentName":"去去去","objectKey":"homework/resume/2026/07/21/去去去/750cd9d1-f223-4f75-8f00-dd4065562ab9-ee7555f4-6b04-4926-a4f7-6b18eaf6d2e5.docx","fileName":"ee7555f4-6b04-4926-a4f7-6b18eaf6d2e5.docx","fileSize":40444,"uploadedAt":"Tue Jul 21 20:50:02 CST 2026","parseStatus":"PROCESSING"}}
2026-07-21 20:57:07.049 [http-nio-8080-exec-8] INFO  cn.yanque.common.aop.ControllerLogAspect [guid=7854a874213b45c3bbcf0c0571c7a75d] - 接口开始: uri=/yq-admin/api/student/resume, httpMethod=GET, controller=StudentResumeController#get, args=[]
2026-07-21 20:57:07.051 [http-nio-8080-exec-8] INFO  cn.yanque.common.aop.ControllerLogAspect [guid=7854a874213b45c3bbcf0c0571c7a75d] - 接口结束: uri=/yq-admin/api/student/resume, controller=StudentResumeController#get, cost=2ms, result={"code":200,"message":"success","data":{"studentId":12,"studentName":"去去去","objectKey":"homework/resume/2026/07/21/去去去/750cd9d1-f223-4f75-8f00-dd4065562ab9-ee7555f4-6b04-4926-a4f7-6b18eaf6d2e5.docx","fileName":"ee7555f4-6b04-4926-a4f7-6b18eaf6d2e5.docx","fileSize":40444,"uploadedAt":"Tue Jul 21 20:50:02 CST 2026","parseStatus":"PROCESSING"}}
2026-07-21 20:57:10.046 [http-nio-8080-exec-1] INFO  cn.yanque.common.aop.ControllerLogAspect [guid=dfc0219f3e86456bb47c8b99aa8c6c3d] - 接口开始: uri=/yq-admin/api/student/resume, httpMethod=GET, controller=StudentResumeController#get, args=[]
2026-07-21 20:57:10.047 [http-nio-8080-exec-1] INFO  cn.yanque.common.aop.ControllerLogAspect [guid=dfc0219f3e86456bb47c8b99aa8c6c3d] - 接口结束: uri=/yq-admin/api/student/resume, controller=StudentResumeController#get, cost=1ms, result={"code":200,"message":"success","data":{"studentId":12,"studentName":"去去去","objectKey":"homework/resume/2026/07/21/去去去/750cd9d1-f223-4f75-8f00-dd4065562ab9-ee7555f4-6b04-4926-a4f7-6b18eaf6d2e5.docx","fileName":"ee7555f4-6b04-4926-a4f7-6b18eaf6d2e5.docx","fileSize":40444,"uploadedAt":"Tue Jul 21 20:50:02 CST 2026","parseStatus":"PROCESSING"}}
2026-07-21 20:57:13.046 [http-nio-8080-exec-10] INFO  cn.yanque.common.aop.ControllerLogAspect [guid=dba0f162f56a4ee9a87264a8c5f8343a] - 接口开始: uri=/yq-admin/api/student/resume, httpMethod=GET, controller=StudentResumeController#get, args=[]
2026-07-21 20:57:13.047 [http-nio-8080-exec-10] INFO  cn.yanque.common.aop.ControllerLogAspect [guid=dba0f162f56a4ee9a87264a8c5f8343a] - 接口结束: uri=/yq-admin/api/student/resume, controller=StudentResumeController#get, cost=1ms, result={"code":200,"message":"success","data":{"studentId":12,"studentName":"去去去","objectKey":"homework/resume/2026/07/21/去去去/750cd9d1-f223-4f75-8f00-dd4065562ab9-ee7555f4-6b04-4926-a4f7-6b18eaf6d2e5.docx","fileName":"ee7555f4-6b04-4926-a4f7-6b18eaf6d2e5.docx","fileSize":40444,"uploadedAt":"Tue Jul 21 20:50:02 CST 2026","parseStatus":"PROCESSING"}}
2026-07-21 20:57:16.048 [http-nio-8080-exec-3] INFO  cn.yanque.common.aop.ControllerLogAspect [guid=d189c10ba2454234ac36959930277b54] - 接口开始: uri=/yq-admin/api/student/resume, httpMethod=GET, controller=StudentResumeController#get, args=[]
2026-07-21 20:57:16.049 [http-nio-8080-exec-3] INFO  cn.yanque.common.aop.ControllerLogAspect [guid=d189c10ba2454234ac36959930277b54] - 接口结束: uri=/yq-admin/api/student/resume, controller=StudentResumeController#get, cost=1ms, result={"code":200,"message":"success","data":{"studentId":12,"studentName":"去去去","objectKey":"homework/resume/2026/07/21/去去去/750cd9d1-f223-4f75-8f00-dd4065562ab9-ee7555f4-6b04-4926-a4f7-6b18eaf6d2e5.docx","fileName":"ee7555f4-6b04-4926-a4f7-6b18eaf6d2e5.docx","fileSize":40444,"uploadedAt":"Tue Jul 21 20:50:02 CST 2026","parseStatus":"PROCESSING"}}
2026-07-21 20:57:19.036 [http-nio-8080-exec-2] INFO  cn.yanque.common.aop.ControllerLogAspect [guid=5975574b59e34116a2ed517a3bc982a4] - 接口开始: uri=/yq-admin/api/student/resume, httpMethod=GET, controller=StudentResumeController#get, args=[]
2026-07-21 20:57:19.037 [http-nio-8080-exec-2] INFO  cn.yanque.common.aop.ControllerLogAspect [guid=5975574b59e34116a2ed517a3bc982a4] - 接口结束: uri=/yq-admin/api/student/resume, controller=StudentResumeController#get, cost=1ms, result={"code":200,"message":"success","data":{"studentId":12,"studentName":"去去去","objectKey":"homework/resume/2026/07/21/去去去/750cd9d1-f223-4f75-8f00-dd4065562ab9-ee7555f4-6b04-4926-a4f7-6b18eaf6d2e5.docx","fileName":"ee7555f4-6b04-4926-a4f7-6b18eaf6d2e5.docx","fileSize":40444,"uploadedAt":"Tue Jul 21 20:50:02 CST 2026","parseStatus":"PROCESSING"}}
2026-07-21 20:57:22.047 [http-nio-8080-exec-5] INFO  cn.yanque.common.aop.ControllerLogAspect [guid=50b32e1753db47a38f3baa9be7d768b8] - 接口开始: uri=/yq-admin/api/student/resume, httpMethod=GET, controller=StudentResumeController#get, args=[]
2026-07-21 20:57:22.049 [http-nio-8080-exec-5] INFO  cn.yanque.common.aop.ControllerLogAspect [guid=50b32e1753db47a38f3baa9be7d768b8] - 接口结束: uri=/yq-admin/api/student/resume, controller=StudentResumeController#get, cost=1ms, result={"code":200,"message":"success","data":{"studentId":12,"studentName":"去去去","objectKey":"homework/resume/2026/07/21/去去去/750cd9d1-f223-4f75-8f00-dd4065562ab9-ee7555f4-6b04-4926-a4f7-6b18eaf6d2e5.docx","fileName":"ee7555f4-6b04-4926-a4f7-6b18eaf6d2e5.docx","fileSize":40444,"uploadedAt":"Tue Jul 21 20:50:02 CST 2026","parseStatus":"PROCESSING"}}
2026-07-21 20:57:25.044 [http-nio-8080-exec-4] INFO  cn.yanque.common.aop.ControllerLogAspect [guid=ded8f8fb27d246c5ab7158768c91aec5] - 接口开始: uri=/yq-admin/api/student/resume, httpMethod=GET, controller=StudentResumeController#get, args=[]
2026-07-21 20:57:25.046 [http-nio-8080-exec-4] INFO  cn.yanque.common.aop.ControllerLogAspect [guid=ded8f8fb27d246c5ab7158768c91aec5] - 接口结束: uri=/yq-admin/api/student/resume, controller=StudentResumeController#get, cost=2ms, result={"code":200,"message":"success","data":{"studentId":12,"studentName":"去去去","objectKey":"homework/resume/2026/07/21/去去去/750cd9d1-f223-4f75-8f00-dd4065562ab9-ee7555f4-6b04-4926-a4f7-6b18eaf6d2e5.docx","fileName":"ee7555f4-6b04-4926-a4f7-6b18eaf6d2e5.docx","fileSize":40444,"uploadedAt":"Tue Jul 21 20:50:02 CST 2026","parseStatus":"PROCESSING"}}
2026-07-21 20:57:28.047 [http-nio-8080-exec-7] INFO  cn.yanque.common.aop.ControllerLogAspect [guid=a40b27fde8294feba5898a8d1b0e4051] - 接口开始: uri=/yq-admin/api/student/resume, httpMethod=GET, controller=StudentResumeController#get, args=[]
2026-07-21 20:57:28.048 [http-nio-8080-exec-7] INFO  cn.yanque.common.aop.ControllerLogAspect [guid=a40b27fde8294feba5898a8d1b0e4051] - 接口结束: uri=/yq-admin/api/student/resume, controller=StudentResumeController#get, cost=1ms, result={"code":200,"message":"success","data":{"studentId":12,"studentName":"去去去","objectKey":"homework/resume/2026/07/21/去去去/750cd9d1-f223-4f75-8f00-dd4065562ab9-ee7555f4-6b04-4926-a4f7-6b18eaf6d2e5.docx","fileName":"ee7555f4-6b04-4926-a4f7-6b18eaf6d2e5.docx","fileSize":40444,"uploadedAt":"Tue Jul 21 20:50:02 CST 2026","parseStatus":"PROCESSING"}}
2026-07-21 20:57:31.042 [http-nio-8080-exec-6] INFO  cn.yanque.common.aop.ControllerLogAspect [guid=ae750cce969243cbb0894a72348db7ff] - 接口开始: uri=/yq-admin/api/student/resume, httpMethod=GET, controller=StudentResumeController#get, args=[]
2026-07-21 20:57:31.044 [http-nio-8080-exec-6] INFO  cn.yanque.common.aop.ControllerLogAspect [guid=ae750cce969243cbb0894a72348db7ff] - 接口结束: uri=/yq-admin/api/student/resume, controller=StudentResumeController#get, cost=2ms, result={"code":200,"message":"success","data":{"studentId":12,"studentName":"去去去","objectKey":"homework/resume/2026/07/21/去去去/750cd9d1-f223-4f75-8f00-dd4065562ab9-ee7555f4-6b04-4926-a4f7-6b18eaf6d2e5.docx","fileName":"ee7555f4-6b04-4926-a4f7-6b18eaf6d2e5.docx","fileSize":40444,"uploadedAt":"Tue Jul 21 20:50:02 CST 2026","parseStatus":"PROCESSING"}}
2026-07-21 20:57:34.048 [http-nio-8080-exec-9] INFO  cn.yanque.common.aop.ControllerLogAspect [guid=bf9c3dee90ba46b9b1a9025508971fb0] - 接口开始: uri=/yq-admin/api/student/resume, httpMethod=GET, controller=StudentResumeController#get, args=[]
2026-07-21 20:57:34.049 [http-nio-8080-exec-9] INFO  cn.yanque.common.aop.ControllerLogAspect [guid=bf9c3dee90ba46b9b1a9025508971fb0] - 接口结束: uri=/yq-admin/api/student/resume, controller=StudentResumeController#get, cost=1ms, result={"code":200,"message":"success","data":{"studentId":12,"studentName":"去去去","objectKey":"homework/resume/2026/07/21/去去去/750cd9d1-f223-4f75-8f00-dd4065562ab9-ee7555f4-6b04-4926-a4f7-6b18eaf6d2e5.docx","fileName":"ee7555f4-6b04-4926-a4f7-6b18eaf6d2e5.docx","fileSize":40444,"uploadedAt":"Tue Jul 21 20:50:02 CST 2026","parseStatus":"PROCESSING"}}
2026-07-21 20:57:37.049 [http-nio-8080-exec-8] INFO  cn.yanque.common.aop.ControllerLogAspect [guid=b20ae78a84aa4b19ba44d1f1b522b517] - 接口开始: uri=/yq-admin/api/student/resume, httpMethod=GET, controller=StudentResumeController#get, args=[]
2026-07-21 20:57:37.051 [http-nio-8080-exec-8] INFO  cn.yanque.common.aop.ControllerLogAspect [guid=b20ae78a84aa4b19ba44d1f1b522b517] - 接口结束: uri=/yq-admin/api/student/resume, controller=StudentResumeController#get, cost=2ms, result={"code":200,"message":"success","data":{"studentId":12,"studentName":"去去去","objectKey":"homework/resume/2026/07/21/去去去/750cd9d1-f223-4f75-8f00-dd4065562ab9-ee7555f4-6b04-4926-a4f7-6b18eaf6d2e5.docx","fileName":"ee7555f4-6b04-4926-a4f7-6b18eaf6d2e5.docx","fileSize":40444,"uploadedAt":"Tue Jul 21 20:50:02 CST 2026","parseStatus":"PROCESSING"}}
2026-07-21 20:57:40.041 [http-nio-8080-exec-1] INFO  cn.yanque.common.aop.ControllerLogAspect [guid=0bfdb0f2e8b34828a8877bf28fb6a730] - 接口开始: uri=/yq-admin/api/student/resume, httpMethod=GET, controller=StudentResumeController#get, args=[]
2026-07-21 20:57:40.042 [http-nio-8080-exec-1] INFO  cn.yanque.common.aop.ControllerLogAspect [guid=0bfdb0f2e8b34828a8877bf28fb6a730] - 接口结束: uri=/yq-admin/api/student/resume, controller=StudentResumeController#get, cost=1ms, result={"code":200,"message":"success","data":{"studentId":12,"studentName":"去去去","objectKey":"homework/resume/2026/07/21/去去去/750cd9d1-f223-4f75-8f00-dd4065562ab9-ee7555f4-6b04-4926-a4f7-6b18eaf6d2e5.docx","fileName":"ee7555f4-6b04-4926-a4f7-6b18eaf6d2e5.docx","fileSize":40444,"uploadedAt":"Tue Jul 21 20:50:02 CST 2026","parseStatus":"PROCESSING"}}
2026-07-21 20:57:43.042 [http-nio-8080-exec-10] INFO  cn.yanque.common.aop.ControllerLogAspect [guid=7e0eefe481ae4fed80064922154451bb] - 接口开始: uri=/yq-admin/api/student/resume, httpMethod=GET, controller=StudentResumeController#get, args=[]
2026-07-21 20:57:43.043 [http-nio-8080-exec-10] INFO  cn.yanque.common.aop.ControllerLogAspect [guid=7e0eefe481ae4fed80064922154451bb] - 接口结束: uri=/yq-admin/api/student/resume, controller=StudentResumeController#get, cost=1ms, result={"code":200,"message":"success","data":{"studentId":12,"studentName":"去去去","objectKey":"homework/resume/2026/07/21/去去去/750cd9d1-f223-4f75-8f00-dd4065562ab9-ee7555f4-6b04-4926-a4f7-6b18eaf6d2e5.docx","fileName":"ee7555f4-6b04-4926-a4f7-6b18eaf6d2e5.docx","fileSize":40444,"uploadedAt":"Tue Jul 21 20:50:02 CST 2026","parseStatus":"PROCESSING"}}
2026-07-21 20:57:46.051 [http-nio-8080-exec-3] INFO  cn.yanque.common.aop.ControllerLogAspect [guid=6705bf460ebd4fbf972fd8fbb121b688] - 接口开始: uri=/yq-admin/api/student/resume, httpMethod=GET, controller=StudentResumeController#get, args=[]
2026-07-21 20:57:46.051 [http-nio-8080-exec-3] INFO  cn.yanque.common.aop.ControllerLogAspect [guid=6705bf460ebd4fbf972fd8fbb121b688] - 接口结束: uri=/yq-admin/api/student/resume, controller=StudentResumeController#get, cost=0ms, result={"code":200,"message":"success","data":{"studentId":12,"studentName":"去去去","objectKey":"homework/resume/2026/07/21/去去去/750cd9d1-f223-4f75-8f00-dd4065562ab9-ee7555f4-6b04-4926-a4f7-6b18eaf6d2e5.docx","fileName":"ee7555f4-6b04-4926-a4f7-6b18eaf6d2e5.docx","fileSize":40444,"uploadedAt":"Tue Jul 21 20:50:02 CST 2026","parseStatus":"PROCESSING"}}
2026-07-21 20:57:49.042 [http-nio-8080-exec-2] INFO  cn.yanque.common.aop.ControllerLogAspect [guid=fb4a4b1f895c4c1ea28ea77a1b6e1b31] - 接口开始: uri=/yq-admin/api/student/resume, httpMethod=GET, controller=StudentResumeController#get, args=[]
2026-07-21 20:57:49.043 [http-nio-8080-exec-2] INFO  cn.yanque.common.aop.ControllerLogAspect [guid=fb4a4b1f895c4c1ea28ea77a1b6e1b31] - 接口结束: uri=/yq-admin/api/student/resume, controller=StudentResumeController#get, cost=1ms, result={"code":200,"message":"success","data":{"studentId":12,"studentName":"去去去","objectKey":"homework/resume/2026/07/21/去去去/750cd9d1-f223-4f75-8f00-dd4065562ab9-ee7555f4-6b04-4926-a4f7-6b18eaf6d2e5.docx","fileName":"ee7555f4-6b04-4926-a4f7-6b18eaf6d2e5.docx","fileSize":40444,"uploadedAt":"Tue Jul 21 20:50:02 CST 2026","parseStatus":"PROCESSING"}}
2026-07-21 20:57:52.045 [http-nio-8080-exec-5] INFO  cn.yanque.common.aop.ControllerLogAspect [guid=9f15317fc3a340759dcc51ec1cd74c6b] - 接口开始: uri=/yq-admin/api/student/resume, httpMethod=GET, controller=StudentResumeController#get, args=[]
2026-07-21 20:57:52.046 [http-nio-8080-exec-5] INFO  cn.yanque.common.aop.ControllerLogAspect [guid=9f15317fc3a340759dcc51ec1cd74c6b] - 接口结束: uri=/yq-admin/api/student/resume, controller=StudentResumeController#get, cost=1ms, result={"code":200,"message":"success","data":{"studentId":12,"studentName":"去去去","objectKey":"homework/resume/2026/07/21/去去去/750cd9d1-f223-4f75-8f00-dd4065562ab9-ee7555f4-6b04-4926-a4f7-6b18eaf6d2e5.docx","fileName":"ee7555f4-6b04-4926-a4f7-6b18eaf6d2e5.docx","fileSize":40444,"uploadedAt":"Tue Jul 21 20:50:02 CST 2026","parseStatus":"PROCESSING"}}
2026-07-21 20:57:55.039 [http-nio-8080-exec-4] INFO  cn.yanque.common.aop.ControllerLogAspect [guid=564ad59c592a43bcb10ed8c6ef9c090e] - 接口开始: uri=/yq-admin/api/student/resume, httpMethod=GET, controller=StudentResumeController#get, args=[]
2026-07-21 20:57:55.040 [http-nio-8080-exec-4] INFO  cn.yanque.common.aop.ControllerLogAspect [guid=564ad59c592a43bcb10ed8c6ef9c090e] - 接口结束: uri=/yq-admin/api/student/resume, controller=StudentResumeController#get, cost=1ms, result={"code":200,"message":"success","data":{"studentId":12,"studentName":"去去去","objectKey":"homework/resume/2026/07/21/去去去/750cd9d1-f223-4f75-8f00-dd4065562ab9-ee7555f4-6b04-4926-a4f7-6b18eaf6d2e5.docx","fileName":"ee7555f4-6b04-4926-a4f7-6b18eaf6d2e5.docx","fileSize":40444,"uploadedAt":"Tue Jul 21 20:50:02 CST 2026","parseStatus":"PROCESSING"}}
2026-07-21 20:57:58.036 [http-nio-8080-exec-7] INFO  cn.yanque.common.aop.ControllerLogAspect [guid=e17833506afa47b195cb26a27074676a] - 接口开始: uri=/yq-admin/api/student/resume, httpMethod=GET, controller=StudentResumeController#get, args=[]
2026-07-21 20:57:58.038 [http-nio-8080-exec-7] INFO  cn.yanque.common.aop.ControllerLogAspect [guid=e17833506afa47b195cb26a27074676a] - 接口结束: uri=/yq-admin/api/student/resume, controller=StudentResumeController#get, cost=2ms, result={"code":200,"message":"success","data":{"studentId":12,"studentName":"去去去","objectKey":"homework/resume/2026/07/21/去去去/750cd9d1-f223-4f75-8f00-dd4065562ab9-ee7555f4-6b04-4926-a4f7-6b18eaf6d2e5.docx","fileName":"ee7555f4-6b04-4926-a4f7-6b18eaf6d2e5.docx","fileSize":40444,"uploadedAt":"Tue Jul 21 20:50:02 CST 2026","parseStatus":"PROCESSING"}}
2026-07-21 20:58:01.039 [http-nio-8080-exec-6] INFO  cn.yanque.common.aop.ControllerLogAspect [guid=385c059651154463be2289bb86fbfb09] - 接口开始: uri=/yq-admin/api/student/resume, httpMethod=GET, controller=StudentResumeController#get, args=[]
2026-07-21 20:58:01.040 [http-nio-8080-exec-6] INFO  cn.yanque.common.aop.ControllerLogAspect [guid=385c059651154463be2289bb86fbfb09] - 接口结束: uri=/yq-admin/api/student/resume, controller=StudentResumeController#get, cost=1ms, result={"code":200,"message":"success","data":{"studentId":12,"studentName":"去去去","objectKey":"homework/resume/2026/07/21/去去去/750cd9d1-f223-4f75-8f00-dd4065562ab9-ee7555f4-6b04-4926-a4f7-6b18eaf6d2e5.docx","fileName":"ee7555f4-6b04-4926-a4f7-6b18eaf6d2e5.docx","fileSize":40444,"uploadedAt":"Tue Jul 21 20:50:02 CST 2026","parseStatus":"PROCESSING"}}
2026-07-21 20:58:04.037 [http-nio-8080-exec-9] INFO  cn.yanque.common.aop.ControllerLogAspect [guid=67e8e2ea303d4af5b209c6484102b7cf] - 接口开始: uri=/yq-admin/api/student/resume, httpMethod=GET, controller=StudentResumeController#get, args=[]
2026-07-21 20:58:04.040 [http-nio-8080-exec-9] INFO  cn.yanque.common.aop.ControllerLogAspect [guid=67e8e2ea303d4af5b209c6484102b7cf] - 接口结束: uri=/yq-admin/api/student/resume, controller=StudentResumeController#get, cost=3ms, result={"code":200,"message":"success","data":{"studentId":12,"studentName":"去去去","objectKey":"homework/resume/2026/07/21/去去去/750cd9d1-f223-4f75-8f00-dd4065562ab9-ee7555f4-6b04-4926-a4f7-6b18eaf6d2e5.docx","fileName":"ee7555f4-6b04-4926-a4f7-6b18eaf6d2e5.docx","fileSize":40444,"uploadedAt":"Tue Jul 21 20:50:02 CST 2026","parseStatus":"PROCESSING"}}
2026-07-21 20:58:07.039 [http-nio-8080-exec-8] INFO  cn.yanque.common.aop.ControllerLogAspect [guid=552f581b39ec41c58d36b44756228d47] - 接口开始: uri=/yq-admin/api/student/resume, httpMethod=GET, controller=StudentResumeController#get, args=[]
2026-07-21 20:58:07.040 [http-nio-8080-exec-8] INFO  cn.yanque.common.aop.ControllerLogAspect [guid=552f581b39ec41c58d36b44756228d47] - 接口结束: uri=/yq-admin/api/student/resume, controller=StudentResumeController#get, cost=1ms, result={"code":200,"message":"success","data":{"studentId":12,"studentName":"去去去","objectKey":"homework/resume/2026/07/21/去去去/750cd9d1-f223-4f75-8f00-dd4065562ab9-ee7555f4-6b04-4926-a4f7-6b18eaf6d2e5.docx","fileName":"ee7555f4-6b04-4926-a4f7-6b18eaf6d2e5.docx","fileSize":40444,"uploadedAt":"Tue Jul 21 20:50:02 CST 2026","parseStatus":"PROCESSING"}}
2026-07-21 20:58:10.038 [http-nio-8080-exec-1] INFO  cn.yanque.common.aop.ControllerLogAspect [guid=ab9f331391ba41edb0436d7e94164d4a] - 接口开始: uri=/yq-admin/api/student/resume, httpMethod=GET, controller=StudentResumeController#get, args=[]
2026-07-21 20:58:10.040 [http-nio-8080-exec-1] INFO  cn.yanque.common.aop.ControllerLogAspect [guid=ab9f331391ba41edb0436d7e94164d4a] - 接口结束: uri=/yq-admin/api/student/resume, controller=StudentResumeController#get, cost=2ms, result={"code":200,"message":"success","data":{"studentId":12,"studentName":"去去去","objectKey":"homework/resume/2026/07/21/去去去/750cd9d1-f223-4f75-8f00-dd4065562ab9-ee7555f4-6b04-4926-a4f7-6b18eaf6d2e5.docx","fileName":"ee7555f4-6b04-4926-a4f7-6b18eaf6d2e5.docx","fileSize":40444,"uploadedAt":"Tue Jul 21 20:50:02 CST 2026","parseStatus":"PROCESSING"}}
2026-07-21 20:58:13.046 [http-nio-8080-exec-10] INFO  cn.yanque.common.aop.ControllerLogAspect [guid=c66cce4633e04ad4966ddeee2d5d23c9] - 接口开始: uri=/yq-admin/api/student/resume, httpMethod=GET, controller=StudentResumeController#get, args=[]
2026-07-21 20:58:13.047 [http-nio-8080-exec-10] INFO  cn.yanque.common.aop.ControllerLogAspect [guid=c66cce4633e04ad4966ddeee2d5d23c9] - 接口结束: uri=/yq-admin/api/student/resume, controller=StudentResumeController#get, cost=1ms, result={"code":200,"message":"success","data":{"studentId":12,"studentName":"去去去","objectKey":"homework/resume/2026/07/21/去去去/750cd9d1-f223-4f75-8f00-dd4065562ab9-ee7555f4-6b04-4926-a4f7-6b18eaf6d2e5.docx","fileName":"ee7555f4-6b04-4926-a4f7-6b18eaf6d2e5.docx","fileSize":40444,"uploadedAt":"Tue Jul 21 20:50:02 CST 2026","parseStatus":"PROCESSING"}}
2026-07-21 20:58:16.052 [http-nio-8080-exec-3] INFO  cn.yanque.common.aop.ControllerLogAspect [guid=ae0e06726c1b47ebbb90487779aefa4b] - 接口开始: uri=/yq-admin/api/student/resume, httpMethod=GET, controller=StudentResumeController#get, args=[]
2026-07-21 20:58:16.054 [http-nio-8080-exec-3] INFO  cn.yanque.common.aop.ControllerLogAspect [guid=ae0e06726c1b47ebbb90487779aefa4b] - 接口结束: uri=/yq-admin/api/student/resume, controller=StudentResumeController#get, cost=2ms, result={"code":200,"message":"success","data":{"studentId":12,"studentName":"去去去","objectKey":"homework/resume/2026/07/21/去去去/750cd9d1-f223-4f75-8f00-dd4065562ab9-ee7555f4-6b04-4926-a4f7-6b18eaf6d2e5.docx","fileName":"ee7555f4-6b04-4926-a4f7-6b18eaf6d2e5.docx","fileSize":40444,"uploadedAt":"Tue Jul 21 20:50:02 CST 2026","parseStatus":"PROCESSING"}}
2026-07-21 20:58:19.042 [http-nio-8080-exec-2] INFO  cn.yanque.common.aop.ControllerLogAspect [guid=13514f78060949dbbf053dfb761bfa05] - 接口开始: uri=/yq-admin/api/student/resume, httpMethod=GET, controller=StudentResumeController#get, args=[]
2026-07-21 20:58:19.043 [http-nio-8080-exec-2] INFO  cn.yanque.common.aop.ControllerLogAspect [guid=13514f78060949dbbf053dfb761bfa05] - 接口结束: uri=/yq-admin/api/student/resume, controller=StudentResumeController#get, cost=2ms, result={"code":200,"message":"success","data":{"studentId":12,"studentName":"去去去","objectKey":"homework/resume/2026/07/21/去去去/750cd9d1-f223-4f75-8f00-dd4065562ab9-ee7555f4-6b04-4926-a4f7-6b18eaf6d2e5.docx","fileName":"ee7555f4-6b04-4926-a4f7-6b18eaf6d2e5.docx","fileSize":40444,"uploadedAt":"Tue Jul 21 20:50:02 CST 2026","parseStatus":"PROCESSING"}}
2026-07-21 20:58:22.044 [http-nio-8080-exec-5] INFO  cn.yanque.common.aop.ControllerLogAspect [guid=b0cd813bfe6b4573bc868fdb5616f280] - 接口开始: uri=/yq-admin/api/student/resume, httpMethod=GET, controller=StudentResumeController#get, args=[]
2026-07-21 20:58:22.047 [http-nio-8080-exec-5] INFO  cn.yanque.common.aop.ControllerLogAspect [guid=b0cd813bfe6b4573bc868fdb5616f280] - 接口结束: uri=/yq-admin/api/student/resume, controller=StudentResumeController#get, cost=3ms, result={"code":200,"message":"success","data":{"studentId":12,"studentName":"去去去","objectKey":"homework/resume/2026/07/21/去去去/750cd9d1-f223-4f75-8f00-dd4065562ab9-ee7555f4-6b04-4926-a4f7-6b18eaf6d2e5.docx","fileName":"ee7555f4-6b04-4926-a4f7-6b18eaf6d2e5.docx","fileSize":40444,"uploadedAt":"Tue Jul 21 20:50:02 CST 2026","parseStatus":"PROCESSING"}}
2026-07-21 20:58:25.037 [http-nio-8080-exec-4] INFO  cn.yanque.common.aop.ControllerLogAspect [guid=b04fa45684b84bef8df2b06411fa2c53] - 接口开始: uri=/yq-admin/api/student/resume, httpMethod=GET, controller=StudentResumeController#get, args=[]
2026-07-21 20:58:25.039 [http-nio-8080-exec-4] INFO  cn.yanque.common.aop.ControllerLogAspect [guid=b04fa45684b84bef8df2b06411fa2c53] - 接口结束: uri=/yq-admin/api/student/resume, controller=StudentResumeController#get, cost=2ms, result={"code":200,"message":"success","data":{"studentId":12,"studentName":"去去去","objectKey":"homework/resume/2026/07/21/去去去/750cd9d1-f223-4f75-8f00-dd4065562ab9-ee7555f4-6b04-4926-a4f7-6b18eaf6d2e5.docx","fileName":"ee7555f4-6b04-4926-a4f7-6b18eaf6d2e5.docx","fileSize":40444,"uploadedAt":"Tue Jul 21 20:50:02 CST 2026","parseStatus":"PROCESSING"}}
2026-07-21 20:58:28.036 [http-nio-8080-exec-7] INFO  cn.yanque.common.aop.ControllerLogAspect [guid=10fb2769cfd34f6dbf311a2c9a1bd5f7] - 接口开始: uri=/yq-admin/api/student/resume, httpMethod=GET, controller=StudentResumeController#get, args=[]
2026-07-21 20:58:28.039 [http-nio-8080-exec-7] INFO  cn.yanque.common.aop.ControllerLogAspect [guid=10fb2769cfd34f6dbf311a2c9a1bd5f7] - 接口结束: uri=/yq-admin/api/student/resume, controller=StudentResumeController#get, cost=3ms, result={"code":200,"message":"success","data":{"studentId":12,"studentName":"去去去","objectKey":"homework/resume/2026/07/21/去去去/750cd9d1-f223-4f75-8f00-dd4065562ab9-ee7555f4-6b04-4926-a4f7-6b18eaf6d2e5.docx","fileName":"ee7555f4-6b04-4926-a4f7-6b18eaf6d2e5.docx","fileSize":40444,"uploadedAt":"Tue Jul 21 20:50:02 CST 2026","parseStatus":"PROCESSING"}}
2026-07-21 20:58:31.048 [http-nio-8080-exec-6] INFO  cn.yanque.common.aop.ControllerLogAspect [guid=3066ffd1c9f748f69a15cb7ab9f6cf81] - 接口开始: uri=/yq-admin/api/student/resume, httpMethod=GET, controller=StudentResumeController#get, args=[]
2026-07-21 20:58:31.049 [http-nio-8080-exec-6] INFO  cn.yanque.common.aop.ControllerLogAspect [guid=3066ffd1c9f748f69a15cb7ab9f6cf81] - 接口结束: uri=/yq-admin/api/student/resume, controller=StudentResumeController#get, cost=1ms, result={"code":200,"message":"success","data":{"studentId":12,"studentName":"去去去","objectKey":"homework/resume/2026/07/21/去去去/750cd9d1-f223-4f75-8f00-dd4065562ab9-ee7555f4-6b04-4926-a4f7-6b18eaf6d2e5.docx","fileName":"ee7555f4-6b04-4926-a4f7-6b18eaf6d2e5.docx","fileSize":40444,"uploadedAt":"Tue Jul 21 20:50:02 CST 2026","parseStatus":"PROCESSING"}}
2026-07-21 20:58:34.049 [http-nio-8080-exec-9] INFO  cn.yanque.common.aop.ControllerLogAspect [guid=f6a946a4b1014ce9a0015db5c6ebf3b4] - 接口开始: uri=/yq-admin/api/student/resume, httpMethod=GET, controller=StudentResumeController#get, args=[]
2026-07-21 20:58:34.050 [http-nio-8080-exec-9] INFO  cn.yanque.common.aop.ControllerLogAspect [guid=f6a946a4b1014ce9a0015db5c6ebf3b4] - 接口结束: uri=/yq-admin/api/student/resume, controller=StudentResumeController#get, cost=1ms, result={"code":200,"message":"success","data":{"studentId":12,"studentName":"去去去","objectKey":"homework/resume/2026/07/21/去去去/750cd9d1-f223-4f75-8f00-dd4065562ab9-ee7555f4-6b04-4926-a4f7-6b18eaf6d2e5.docx","fileName":"ee7555f4-6b04-4926-a4f7-6b18eaf6d2e5.docx","fileSize":40444,"uploadedAt":"Tue Jul 21 20:50:02 CST 2026","parseStatus":"PROCESSING"}}
2026-07-21 20:58:37.041 [http-nio-8080-exec-8] INFO  cn.yanque.common.aop.ControllerLogAspect [guid=280c4a9704594ebdb2bcd73cd6eab36a] - 接口开始: uri=/yq-admin/api/student/resume, httpMethod=GET, controller=StudentResumeController#get, args=[]
2026-07-21 20:58:37.042 [http-nio-8080-exec-8] INFO  cn.yanque.common.aop.ControllerLogAspect [guid=280c4a9704594ebdb2bcd73cd6eab36a] - 接口结束: uri=/yq-admin/api/student/resume, controller=StudentResumeController#get, cost=1ms, result={"code":200,"message":"success","data":{"studentId":12,"studentName":"去去去","objectKey":"homework/resume/2026/07/21/去去去/750cd9d1-f223-4f75-8f00-dd4065562ab9-ee7555f4-6b04-4926-a4f7-6b18eaf6d2e5.docx","fileName":"ee7555f4-6b04-4926-a4f7-6b18eaf6d2e5.docx","fileSize":40444,"uploadedAt":"Tue Jul 21 20:50:02 CST 2026","parseStatus":"PROCESSING"}}
2026-07-21 20:58:40.042 [http-nio-8080-exec-1] INFO  cn.yanque.common.aop.ControllerLogAspect [guid=b5ad036fd9c346be991660121c8c79df] - 接口开始: uri=/yq-admin/api/student/resume, httpMethod=GET, controller=StudentResumeController#get, args=[]
2026-07-21 20:58:40.043 [http-nio-8080-exec-1] INFO  cn.yanque.common.aop.ControllerLogAspect [guid=b5ad036fd9c346be991660121c8c79df] - 接口结束: uri=/yq-admin/api/student/resume, controller=StudentResumeController#get, cost=1ms, result={"code":200,"message":"success","data":{"studentId":12,"studentName":"去去去","objectKey":"homework/resume/2026/07/21/去去去/750cd9d1-f223-4f75-8f00-dd4065562ab9-ee7555f4-6b04-4926-a4f7-6b18eaf6d2e5.docx","fileName":"ee7555f4-6b04-4926-a4f7-6b18eaf6d2e5.docx","fileSize":40444,"uploadedAt":"Tue Jul 21 20:50:02 CST 2026","parseStatus":"PROCESSING"}}
2026-07-21 20:58:43.049 [http-nio-8080-exec-10] INFO  cn.yanque.common.aop.ControllerLogAspect [guid=712172d145094441b835035be2360905] - 接口开始: uri=/yq-admin/api/student/resume, httpMethod=GET, controller=StudentResumeController#get, args=[]
2026-07-21 20:58:43.050 [http-nio-8080-exec-10] INFO  cn.yanque.common.aop.ControllerLogAspect [guid=712172d145094441b835035be2360905] - 接口结束: uri=/yq-admin/api/student/resume, controller=StudentResumeController#get, cost=1ms, result={"code":200,"message":"success","data":{"studentId":12,"studentName":"去去去","objectKey":"homework/resume/2026/07/21/去去去/750cd9d1-f223-4f75-8f00-dd4065562ab9-ee7555f4-6b04-4926-a4f7-6b18eaf6d2e5.docx","fileName":"ee7555f4-6b04-4926-a4f7-6b18eaf6d2e5.docx","fileSize":40444,"uploadedAt":"Tue Jul 21 20:50:02 CST 2026","parseStatus":"PROCESSING"}}
2026-07-21 20:58:46.049 [http-nio-8080-exec-3] INFO  cn.yanque.common.aop.ControllerLogAspect [guid=6a683b1b75d9414aab5d7fd9d771b241] - 接口开始: uri=/yq-admin/api/student/resume, httpMethod=GET, controller=StudentResumeController#get, args=[]
2026-07-21 20:58:46.050 [http-nio-8080-exec-3] INFO  cn.yanque.common.aop.ControllerLogAspect [guid=6a683b1b75d9414aab5d7fd9d771b241] - 接口结束: uri=/yq-admin/api/student/resume, controller=StudentResumeController#get, cost=1ms, result={"code":200,"message":"success","data":{"studentId":12,"studentName":"去去去","objectKey":"homework/resume/2026/07/21/去去去/750cd9d1-f223-4f75-8f00-dd4065562ab9-ee7555f4-6b04-4926-a4f7-6b18eaf6d2e5.docx","fileName":"ee7555f4-6b04-4926-a4f7-6b18eaf6d2e5.docx","fileSize":40444,"uploadedAt":"Tue Jul 21 20:50:02 CST 2026","parseStatus":"PROCESSING"}}
2026-07-21 20:58:49.040 [http-nio-8080-exec-2] INFO  cn.yanque.common.aop.ControllerLogAspect [guid=5eb1817f762645ccbe1493906a766803] - 接口开始: uri=/yq-admin/api/student/resume, httpMethod=GET, controller=StudentResumeController#get, args=[]
2026-07-21 20:58:49.042 [http-nio-8080-exec-2] INFO  cn.yanque.common.aop.ControllerLogAspect [guid=5eb1817f762645ccbe1493906a766803] - 接口结束: uri=/yq-admin/api/student/resume, controller=StudentResumeController#get, cost=1ms, result={"code":200,"message":"success","data":{"studentId":12,"studentName":"去去去","objectKey":"homework/resume/2026/07/21/去去去/750cd9d1-f223-4f75-8f00-dd4065562ab9-ee7555f4-6b04-4926-a4f7-6b18eaf6d2e5.docx","fileName":"ee7555f4-6b04-4926-a4f7-6b18eaf6d2e5.docx","fileSize":40444,"uploadedAt":"Tue Jul 21 20:50:02 CST 2026","parseStatus":"PROCESSING"}}
2026-07-21 20:58:52.036 [http-nio-8080-exec-5] INFO  cn.yanque.common.aop.ControllerLogAspect [guid=d54688118bc54a2eb767bed4f7e98a63] - 接口开始: uri=/yq-admin/api/student/resume, httpMethod=GET, controller=StudentResumeController#get, args=[]
2026-07-21 20:58:52.037 [http-nio-8080-exec-5] INFO  cn.yanque.common.aop.ControllerLogAspect [guid=d54688118bc54a2eb767bed4f7e98a63] - 接口结束: uri=/yq-admin/api/student/resume, controller=StudentResumeController#get, cost=1ms, result={"code":200,"message":"success","data":{"studentId":12,"studentName":"去去去","objectKey":"homework/resume/2026/07/21/去去去/750cd9d1-f223-4f75-8f00-dd4065562ab9-ee7555f4-6b04-4926-a4f7-6b18eaf6d2e5.docx","fileName":"ee7555f4-6b04-4926-a4f7-6b18eaf6d2e5.docx","fileSize":40444,"uploadedAt":"Tue Jul 21 20:50:02 CST 2026","parseStatus":"PROCESSING"}}
2026-07-21 20:58:55.050 [http-nio-8080-exec-4] INFO  cn.yanque.common.aop.ControllerLogAspect [guid=8304bcc6a043487d8d60b33fbb9b42cc] - 接口开始: uri=/yq-admin/api/student/resume, httpMethod=GET, controller=StudentResumeController#get, args=[]
2026-07-21 20:58:55.052 [http-nio-8080-exec-4] INFO  cn.yanque.common.aop.ControllerLogAspect [guid=8304bcc6a043487d8d60b33fbb9b42cc] - 接口结束: uri=/yq-admin/api/student/resume, controller=StudentResumeController#get, cost=1ms, result={"code":200,"message":"success","data":{"studentId":12,"studentName":"去去去","objectKey":"homework/resume/2026/07/21/去去去/750cd9d1-f223-4f75-8f00-dd4065562ab9-ee7555f4-6b04-4926-a4f7-6b18eaf6d2e5.docx","fileName":"ee7555f4-6b04-4926-a4f7-6b18eaf6d2e5.docx","fileSize":40444,"uploadedAt":"Tue Jul 21 20:50:02 CST 2026","parseStatus":"PROCESSING"}}
[INFO] ------------------------------------------------------------------------
[INFO] BUILD FAILURE
[INFO] ------------------------------------------------------------------------
[INFO] Total time:  11:33 min
[INFO] Finished at: 2026-07-21T20:58:55+08:00
[INFO] ------------------------------------------------------------------------
[ERROR] Failed to execute goal org.springframework.boot:spring-boot-maven-plugin:3.2.0:run (default-cli) on project YanQue-Admin: Process terminated with exit code: -1 -> [Help 1]
[ERROR] 
[ERROR] To see the full stack trace of the errors, re-run Maven with the -e switch.
[ERROR] Re-run Maven using the -X switch to enable full debug logging.
[ERROR] 
[ERROR] For more information about the errors and possible solutions, please read the following articles:
[ERROR] [Help 1] http://cwiki.apache.org/confluence/display/MAVEN/MojoExecutionException
