2026-06-12 00:01:27.520 [http-nio-8080-exec-8] [516287a4] [1] DEBUG c.y.m.u.m.SysUserMapper.selectById - ==>  Preparing: select id, username, password, nickname, real_name, phone, email, union_id, status, created_at, updated_at from sys_user where id = ?
2026-06-12 00:01:27.524 [http-nio-8080-exec-8] [516287a4] [1] DEBUG c.y.m.u.m.SysUserMapper.selectById - ==> Parameters: 1(Long)
2026-06-12 00:01:27.524 [http-nio-8080-exec-8] [516287a4] [1] DEBUG c.y.m.u.m.SysUserMapper.selectById - <==      Total: 1
2026-06-12 00:01:27.525 [http-nio-8080-exec-8] [516287a4] [1] DEBUG c.y.m.u.m.S.selectRoleIdsByUserId - ==>  Preparing: select role_id from sys_user_role where user_id = ? order by role_id asc
2026-06-12 00:01:27.525 [http-nio-8080-exec-8] [516287a4] [1] DEBUG c.y.m.u.m.S.selectRoleIdsByUserId - ==> Parameters: 1(Long)
2026-06-12 00:01:27.526 [http-nio-8080-exec-8] [516287a4] [1] DEBUG c.y.m.u.m.S.selectRoleIdsByUserId - <==      Total: 1
2026-06-12 00:01:27.526 [http-nio-8080-exec-8] [516287a4] [1] DEBUG c.y.m.u.m.SysRoleMapper.selectList - ==>  Preparing: select id, role_code, role_name, description, status, created_at, updated_at from sys_role WHERE id in ( ? )
2026-06-12 00:01:27.526 [http-nio-8080-exec-8] [516287a4] [1] DEBUG c.y.m.u.m.SysRoleMapper.selectList - ==> Parameters: 1(Long)
2026-06-12 00:01:27.527 [http-nio-8080-exec-8] [516287a4] [1] DEBUG c.y.m.u.m.SysRoleMapper.selectList - <==      Total: 1
2026-06-12 00:01:27.527 [http-nio-8080-exec-8] [516287a4] [1] DEBUG c.y.m.u.m.S.selectPermissionIdsByRoleId - ==>  Preparing: select permission_id from sys_role_permission where role_id in ( ? ) order by permission_id asc
2026-06-12 00:01:27.527 [http-nio-8080-exec-8] [516287a4] [1] DEBUG c.y.m.u.m.S.selectPermissionIdsByRoleId - ==> Parameters: 1(Long)
2026-06-12 00:01:27.527 [http-nio-8080-exec-8] [516287a4] [1] DEBUG c.y.m.u.m.S.selectPermissionIdsByRoleId - <==      Total: 4
2026-06-12 00:01:27.529 [http-nio-8080-exec-8] [516287a4] [1] DEBUG c.y.m.u.m.S.selectList - ==>  Preparing: select id, parent_id, permission_code, permission_name, permission_type, api_path, sort_num, description, status, created_at, updated_at from sys_permission WHERE id in ( ? , ? , ? , ? )
2026-06-12 00:01:27.529 [http-nio-8080-exec-8] [516287a4] [1] DEBUG c.y.m.u.m.S.selectList - ==> Parameters: 101(Long), 106(Long), 113(Long), 117(Long)
2026-06-12 00:01:27.529 [http-nio-8080-exec-8] [516287a4] [1] DEBUG c.y.m.u.m.S.selectList - <==      Total: 4
2026-06-12 00:01:27.530 [http-nio-8080-exec-8] [516287a4] [1] INFO  c.y.common.aop.ControllerLogAspect - 接口开始: uri=/yq-admin/api/sysUser, httpMethod=GET, controller=SysUserController#pageUser, args=[{"name":"req","value":{"pageNum":1,"pageSize":10}}]
2026-06-12 00:01:27.534 [http-nio-8080-exec-8] [516287a4] [1] DEBUG c.y.m.u.m.S.selectPage_COUNT - ==>  Preparing: SELECT count(0) FROM sys_user
2026-06-12 00:01:27.534 [http-nio-8080-exec-8] [516287a4] [1] DEBUG c.y.m.u.m.S.selectPage_COUNT - ==> Parameters: 
2026-06-12 00:01:27.536 [http-nio-8080-exec-8] [516287a4] [1] DEBUG c.y.m.u.m.S.selectPage_COUNT - <==      Total: 1
2026-06-12 00:01:27.537 [http-nio-8080-exec-8] [516287a4] [1] DEBUG c.y.m.u.m.SysUserMapper.selectPage - ==>  Preparing: select id, username, password, nickname, real_name, phone, email, union_id, status, created_at, updated_at from sys_user order by id desc LIMIT ?
2026-06-12 00:01:27.537 [http-nio-8080-exec-8] [516287a4] [1] DEBUG c.y.m.u.m.SysUserMapper.selectPage - ==> Parameters: 10(Integer)
2026-06-12 00:01:27.537 [http-nio-8080-exec-8] [516287a4] [1] DEBUG c.y.m.u.m.SysUserMapper.selectPage - <==      Total: 6
2026-06-12 00:01:27.537 [http-nio-8080-exec-8] [516287a4] [1] INFO  c.y.common.aop.ControllerLogAspect - 接口结束: uri=/yq-admin/api/sysUser, controller=SysUserController#pageUser, cost=7ms, result={"code":200,"message":"success","data":{"total":6,"pageNum":1,"pageSize":10,"records":[{"id":6,"username":"haha","nickname":"哈哈哈","realName":"哈哈","phone":"15118191032","email":"913038933@qq.com","status":"ACTIVE","createdAt":"Fri Apr 17 15:54:46 CST 2026"},{"id":5,"username":"laoshi2","nickname":"老师2","realName":"老师2","phone":"13762922584","status":"ACTIVE","createdAt":"Sun Apr 12 01:48:55 CST 2026"},{"id":4,"username":"laoshi1","nickname":"老师1","realName":"老师1","phone":"13273576020","status":"ACTIVE","createdAt":"Sun Apr 12 01:48:37 CST 2026"},{"id":3,"username":"banzhuren","nickname":"班主任老师","realName":"班主任老师","phone":"15118191032","status":"ACTIVE","createdAt":"Sat Apr 11 17:06:53 CST 2026"},{"id":2,"username":"huangjin","nickname":"黄瑾","realName":"黄瑾","phone":"13273672819","email":"913038933@qq.com","status":"ACTIVE","createdAt":"Thu Apr 09 22:04:43 CST 2026"},{"id":1,"username":"admin","nickname":"系统管理员","realName":"超级管理员","phone":"13800000000","email":"admin@yq.com","status":"ACTIVE","createdAt":"Thu Apr 09 20:50:39 CST 2026"}]}}
2026-06-12 00:01:28.647 [http-nio-8080-exec-9] [5096ab8f] [1] DEBUG c.y.m.u.m.SysUserMapper.selectById - ==>  Preparing: select id, username, password, nickname, real_name, phone, email, union_id, status, created_at, updated_at from sys_user where id = ?
2026-06-12 00:01:28.647 [http-nio-8080-exec-9] [5096ab8f] [1] DEBUG c.y.m.u.m.SysUserMapper.selectById - ==> Parameters: 1(Long)
2026-06-12 00:01:28.648 [http-nio-8080-exec-9] [5096ab8f] [1] DEBUG c.y.m.u.m.SysUserMapper.selectById - <==      Total: 1
2026-06-12 00:01:28.649 [http-nio-8080-exec-9] [5096ab8f] [1] DEBUG c.y.m.u.m.S.selectRoleIdsByUserId - ==>  Preparing: select role_id from sys_user_role where user_id = ? order by role_id asc
2026-06-12 00:01:28.649 [http-nio-8080-exec-9] [5096ab8f] [1] DEBUG c.y.m.u.m.S.selectRoleIdsByUserId - ==> Parameters: 1(Long)
2026-06-12 00:01:28.649 [http-nio-8080-exec-9] [5096ab8f] [1] DEBUG c.y.m.u.m.S.selectRoleIdsByUserId - <==      Total: 1
2026-06-12 00:01:28.649 [http-nio-8080-exec-9] [5096ab8f] [1] DEBUG c.y.m.u.m.SysRoleMapper.selectList - ==>  Preparing: select id, role_code, role_name, description, status, created_at, updated_at from sys_role WHERE id in ( ? )
2026-06-12 00:01:28.650 [http-nio-8080-exec-9] [5096ab8f] [1] DEBUG c.y.m.u.m.SysRoleMapper.selectList - ==> Parameters: 1(Long)
2026-06-12 00:01:28.650 [http-nio-8080-exec-9] [5096ab8f] [1] DEBUG c.y.m.u.m.SysRoleMapper.selectList - <==      Total: 1
2026-06-12 00:01:28.650 [http-nio-8080-exec-9] [5096ab8f] [1] DEBUG c.y.m.u.m.S.selectPermissionIdsByRoleId - ==>  Preparing: select permission_id from sys_role_permission where role_id in ( ? ) order by permission_id asc
2026-06-12 00:01:28.650 [http-nio-8080-exec-9] [5096ab8f] [1] DEBUG c.y.m.u.m.S.selectPermissionIdsByRoleId - ==> Parameters: 1(Long)
2026-06-12 00:01:28.650 [http-nio-8080-exec-9] [5096ab8f] [1] DEBUG c.y.m.u.m.S.selectPermissionIdsByRoleId - <==      Total: 4
2026-06-12 00:01:28.651 [http-nio-8080-exec-9] [5096ab8f] [1] DEBUG c.y.m.u.m.S.selectList - ==>  Preparing: select id, parent_id, permission_code, permission_name, permission_type, api_path, sort_num, description, status, created_at, updated_at from sys_permission WHERE id in ( ? , ? , ? , ? )
2026-06-12 00:01:28.651 [http-nio-8080-exec-9] [5096ab8f] [1] DEBUG c.y.m.u.m.S.selectList - ==> Parameters: 101(Long), 106(Long), 113(Long), 117(Long)
2026-06-12 00:01:28.651 [http-nio-8080-exec-9] [5096ab8f] [1] DEBUG c.y.m.u.m.S.selectList - <==      Total: 4
2026-06-12 00:01:28.652 [http-nio-8080-exec-9] [5096ab8f] [1] INFO  c.y.common.aop.ControllerLogAspect - 接口开始: uri=/yq-admin/api/sysRole, httpMethod=GET, controller=SysRoleController#pageRole, args=[{"name":"req","value":{"pageNum":1,"pageSize":10}}]
2026-06-12 00:01:28.656 [http-nio-8080-exec-9] [5096ab8f] [1] DEBUG c.y.m.u.m.S.selectPage_COUNT - ==>  Preparing: SELECT count(0) FROM sys_role
2026-06-12 00:01:28.656 [http-nio-8080-exec-9] [5096ab8f] [1] DEBUG c.y.m.u.m.S.selectPage_COUNT - ==> Parameters: 
2026-06-12 00:01:28.657 [http-nio-8080-exec-9] [5096ab8f] [1] DEBUG c.y.m.u.m.S.selectPage_COUNT - <==      Total: 1
2026-06-12 00:01:28.657 [http-nio-8080-exec-9] [5096ab8f] [1] DEBUG c.y.m.u.m.SysRoleMapper.selectPage - ==>  Preparing: select id, role_code, role_name, description, status, created_at, updated_at from sys_role order by id desc LIMIT ?
2026-06-12 00:01:28.657 [http-nio-8080-exec-9] [5096ab8f] [1] DEBUG c.y.m.u.m.SysRoleMapper.selectPage - ==> Parameters: 10(Integer)
2026-06-12 00:01:28.659 [http-nio-8080-exec-9] [5096ab8f] [1] DEBUG c.y.m.u.m.SysRoleMapper.selectPage - <==      Total: 3
2026-06-12 00:01:28.659 [http-nio-8080-exec-9] [5096ab8f] [1] INFO  c.y.common.aop.ControllerLogAspect - 接口结束: uri=/yq-admin/api/sysRole, controller=SysRoleController#pageRole, cost=7ms, result={"code":200,"message":"success","data":{"total":3,"pageNum":1,"pageSize":10,"records":[{"id":3,"roleCode":"head_teacher","roleName":"班主任","description":"班主任","status":"ACTIVE","createdAt":"Sat Apr 11 17:06:26 CST 2026"},{"id":2,"roleCode":"teacher","roleName":"讲师","status":"ACTIVE","createdAt":"Thu Apr 09 21:28:05 CST 2026"},{"id":1,"roleCode":"SUPER_ADMIN","roleName":"超级管理员","description":"拥有全部后台权限","status":"ACTIVE","createdAt":"Thu Apr 09 20:50:38 CST 2026"}]}}
2026-06-12 00:01:29.426 [http-nio-8080-exec-10] [92db08a0] [1] DEBUG c.y.m.u.m.SysUserMapper.selectById - ==>  Preparing: select id, username, password, nickname, real_name, phone, email, union_id, status, created_at, updated_at from sys_user where id = ?
2026-06-12 00:01:29.426 [http-nio-8080-exec-10] [92db08a0] [1] DEBUG c.y.m.u.m.SysUserMapper.selectById - ==> Parameters: 1(Long)
2026-06-12 00:01:29.428 [http-nio-8080-exec-10] [92db08a0] [1] DEBUG c.y.m.u.m.SysUserMapper.selectById - <==      Total: 1
2026-06-12 00:01:29.428 [http-nio-8080-exec-10] [92db08a0] [1] DEBUG c.y.m.u.m.S.selectRoleIdsByUserId - ==>  Preparing: select role_id from sys_user_role where user_id = ? order by role_id asc
2026-06-12 00:01:29.428 [http-nio-8080-exec-10] [92db08a0] [1] DEBUG c.y.m.u.m.S.selectRoleIdsByUserId - ==> Parameters: 1(Long)
2026-06-12 00:01:29.429 [http-nio-8080-exec-10] [92db08a0] [1] DEBUG c.y.m.u.m.S.selectRoleIdsByUserId - <==      Total: 1
2026-06-12 00:01:29.429 [http-nio-8080-exec-10] [92db08a0] [1] DEBUG c.y.m.u.m.SysRoleMapper.selectList - ==>  Preparing: select id, role_code, role_name, description, status, created_at, updated_at from sys_role WHERE id in ( ? )
2026-06-12 00:01:29.429 [http-nio-8080-exec-10] [92db08a0] [1] DEBUG c.y.m.u.m.SysRoleMapper.selectList - ==> Parameters: 1(Long)
2026-06-12 00:01:29.429 [http-nio-8080-exec-10] [92db08a0] [1] DEBUG c.y.m.u.m.SysRoleMapper.selectList - <==      Total: 1
2026-06-12 00:01:29.429 [http-nio-8080-exec-10] [92db08a0] [1] DEBUG c.y.m.u.m.S.selectPermissionIdsByRoleId - ==>  Preparing: select permission_id from sys_role_permission where role_id in ( ? ) order by permission_id asc
2026-06-12 00:01:29.429 [http-nio-8080-exec-10] [92db08a0] [1] DEBUG c.y.m.u.m.S.selectPermissionIdsByRoleId - ==> Parameters: 1(Long)
2026-06-12 00:01:29.430 [http-nio-8080-exec-10] [92db08a0] [1] DEBUG c.y.m.u.m.S.selectPermissionIdsByRoleId - <==      Total: 4
2026-06-12 00:01:29.430 [http-nio-8080-exec-10] [92db08a0] [1] DEBUG c.y.m.u.m.S.selectList - ==>  Preparing: select id, parent_id, permission_code, permission_name, permission_type, api_path, sort_num, description, status, created_at, updated_at from sys_permission WHERE id in ( ? , ? , ? , ? )
2026-06-12 00:01:29.430 [http-nio-8080-exec-10] [92db08a0] [1] DEBUG c.y.m.u.m.S.selectList - ==> Parameters: 101(Long), 106(Long), 113(Long), 117(Long)
2026-06-12 00:01:29.430 [http-nio-8080-exec-10] [92db08a0] [1] DEBUG c.y.m.u.m.S.selectList - <==      Total: 4
2026-06-12 00:01:29.431 [http-nio-8080-exec-10] [92db08a0] [1] INFO  c.y.common.aop.ControllerLogAspect - 接口开始: uri=/yq-admin/api/sysPermission, httpMethod=GET, controller=SysPermissionController#pagePermission, args=[{"name":"req","value":{"pageNum":1,"pageSize":1000}}]
2026-06-12 00:01:29.437 [http-nio-8080-exec-10] [92db08a0] [1] DEBUG c.y.m.u.m.S.selectPage_COUNT - ==>  Preparing: SELECT count(0) FROM sys_permission
2026-06-12 00:01:29.437 [http-nio-8080-exec-10] [92db08a0] [1] DEBUG c.y.m.u.m.S.selectPage_COUNT - ==> Parameters: 
2026-06-12 00:01:29.439 [http-nio-8080-exec-10] [92db08a0] [1] DEBUG c.y.m.u.m.S.selectPage_COUNT - <==      Total: 1
2026-06-12 00:01:29.439 [http-nio-8080-exec-10] [92db08a0] [1] DEBUG c.y.m.u.m.S.selectPage - ==>  Preparing: select id, parent_id, permission_code, permission_name, permission_type, api_path, sort_num, description, status, created_at, updated_at from sys_permission order by sort_num asc, id desc LIMIT ?
2026-06-12 00:01:29.439 [http-nio-8080-exec-10] [92db08a0] [1] DEBUG c.y.m.u.m.S.selectPage - ==> Parameters: 1000(Integer)
2026-06-12 00:01:29.442 [http-nio-8080-exec-10] [92db08a0] [1] DEBUG c.y.m.u.m.S.selectPage - <==      Total: 177
2026-06-12 00:01:29.444 [http-nio-8080-exec-10] [92db08a0] [1] INFO  c.y.common.aop.ControllerLogAspect - 接口结束: uri=/yq-admin/api/sysPermission, controller=SysPermissionController#pagePermission, cost=12ms, result={"code":200,"message":"success","data":{"total":177,"pageNum":1,"pageSize":1000,"records":[{"id":287,"parentId":286,"permissionName":"面试复盘上传音频按钮","permissionType":"BUTTON","permissionCode":"button:interview-review:upload","sortNum":1,"status":"1","description":"面试复盘页面的上传音频按钮","createdAt":"Wed May 20 22:13:56 CST 2026"},{"id":272,"parentId":271,"permissionName":"自媒体生成选题按钮","permissionType":"BUTTON","permissionCode":"button:media-agent:generate-topics","sortNum":1,"status":"1","description":"自媒体创作页面的生成选题按钮","createdAt":"Sat May 09 16:32:32 CST 2026"},{"id":268,"parentId":267,"permissionName":"数据分析执行按钮","permissionType":"BUTTON","permissionCode":"button:data-analysis:analyze","sortNum":1,"status":"1","description":"数据分析页面的开始分析按钮","createdAt":"Fri May 08 16:42:19 CST 2026"},{"id":249,"parentId":121,"permissionName":"发布作业按钮","permissionType":"BUTTON","permissionCode":"button:homework:create","sortNum":1,"status":"1","description":"作业管理页面的发布作业按钮","createdAt":"Wed Apr 22 16:21:14 CST 2026"},{"id":247,"parentId":118,"permissionName":"学生绑定权限模板按钮","permissionType":"BUTTON","permissionCode":"button:student:bind-permission-template","sortNum":1,"status":"1","description":"学生管理页面的绑定权限模板按钮","createdAt":"Wed Apr 22 14:20:45 CST 2026"},{"id":243,"parentId":119,"permissionName":"学员权限模板新增按钮","permissionType":"BUTTON","permissionCode":"button:student-permission-template:create","sortNum":1,"status":"1","description":"学员权限模板页面的新增按钮","createdAt":"Mon Apr 20 00:05:46 CST 2026"},{"id":240,"parentId":115,"permissionName":"订单新增按钮","permissionType":"BUTTON","permissionCode":"button:order:create","sortNum":1,"status":"1","description":"订单管理页面的新增按钮","createdAt":"Sun Apr 12 23:10:59 CST 2026"},{"id":237,"parentId":114,"permissionName":"产品新增按钮","permissionType":"BUTTON","permissionCode":"button:product:create","sortNum":1,"status":"1","description":"产品管理页面的新增按钮","createdAt":"Sun Apr 12 14:19:04 CST 2026"},{"id":235,"parentId":112,"permissionName":"值班查看按钮","permissionType":"BUTTON","permissionCode":"button:duty:view","sortNum":1,"status":"1","description":"值班管理页面的查看按钮","createdAt":"Sun Apr 12 13:11:55 CST 2026"},{"id":234,"parentId":111,"permissionName":"老师课表查看按钮","permissionType":"BUTTON","permissionCode":"button:teacher-schedule:view","sortNum":1,"status":"1","description":"老师课表页面的查看按钮","createdAt":"Sun Apr 12 03:21:07 CST 2026"},{"id":231,"parentId":110,"permissionName":"课表查看按钮","permissionType":"BUTTON","permissionCode":"button:schedule:view","sortNum":1,"status":"1","description":"课表管理页面的查看按钮","createdAt":"Sat Apr 11 19:46:45 CST 2026"},{"id":227,"parentId":109,"permissionName":"班级新增按钮","permissionType":"BUTTON","permissionCode":"button:class:create","sortNum":1,"status":"1","description":"班级管理页面的新增按钮","createdAt":"Sat Apr 11 17:05:40 CST 2026"},{"id":218,"parentId":108,"permissionName":"课程新增按钮","permissionType":"BUTTON","permissionCode":"button:course:create","sortNum":1,"status":"1","description":"课程管理页面的新增按钮","createdAt":"Sat Apr 11 16:02:19 CST 2026"},{"id":215,"parentId":107,"permissionName":"校区新增按钮","permissionType":"BUTTON","permissionCode":"button:campus:create","sortNum":1,"status":"1","description":"校区管理页面的新增按钮","createdAt":"Sat Apr 11 15:49:16 CST 2026"},{"id":212,"parentId":105,"permissionName":"系统参数新增按钮","permissionType":"BUTTON","permissionCode":"button:config:create","sortNum":1,"status":"1","description":"系统参数页面的新增配置按钮","createdAt":"Fri Apr 10 20:08:09 CST 2026"},{"id":209,"parentId":104,"permissionName":"权限新增按钮","permissionType":"BUTTON","permissionCode":"button:permission:create","sortNum":1,"status":"1","description":"权限管理页面的新增权限按钮","createdAt":"Thu Apr 09 21:22:28 CST 2026"},{"id":205,"parentId":103,"permissionName":"角色新增按钮","permissionType":"BUTTON","permissionCode":"button:role:create","sortNum":1,"status":"1","description":"角色管理页面的新增角色按钮","createdAt":"Thu Apr 09 21:22:28 CST 2026"},{"id":201,"parentId":102,"permissionName":"用户新增按钮","permissionType":"BUTTON","permissionCode":"button:user:create","sortNum":1,"status":"ACTIVE","desc...(truncated)
2026-06-12 00:01:30.093 [http-nio-8080-exec-1] [b40b8aa0] [1] DEBUG c.y.m.u.m.SysUserMapper.selectById - ==>  Preparing: select id, username, password, nickname, real_name, phone, email, union_id, status, created_at, updated_at from sys_user where id = ?
2026-06-12 00:01:30.093 [http-nio-8080-exec-1] [b40b8aa0] [1] DEBUG c.y.m.u.m.SysUserMapper.selectById - ==> Parameters: 1(Long)
2026-06-12 00:01:30.094 [http-nio-8080-exec-1] [b40b8aa0] [1] DEBUG c.y.m.u.m.SysUserMapper.selectById - <==      Total: 1
2026-06-12 00:01:30.094 [http-nio-8080-exec-1] [b40b8aa0] [1] DEBUG c.y.m.u.m.S.selectRoleIdsByUserId - ==>  Preparing: select role_id from sys_user_role where user_id = ? order by role_id asc
2026-06-12 00:01:30.094 [http-nio-8080-exec-1] [b40b8aa0] [1] DEBUG c.y.m.u.m.S.selectRoleIdsByUserId - ==> Parameters: 1(Long)
2026-06-12 00:01:30.094 [http-nio-8080-exec-1] [b40b8aa0] [1] DEBUG c.y.m.u.m.S.selectRoleIdsByUserId - <==      Total: 1
2026-06-12 00:01:30.095 [http-nio-8080-exec-1] [b40b8aa0] [1] DEBUG c.y.m.u.m.SysRoleMapper.selectList - ==>  Preparing: select id, role_code, role_name, description, status, created_at, updated_at from sys_role WHERE id in ( ? )
2026-06-12 00:01:30.095 [http-nio-8080-exec-1] [b40b8aa0] [1] DEBUG c.y.m.u.m.SysRoleMapper.selectList - ==> Parameters: 1(Long)
2026-06-12 00:01:30.095 [http-nio-8080-exec-1] [b40b8aa0] [1] DEBUG c.y.m.u.m.SysRoleMapper.selectList - <==      Total: 1
2026-06-12 00:01:30.096 [http-nio-8080-exec-1] [b40b8aa0] [1] DEBUG c.y.m.u.m.S.selectPermissionIdsByRoleId - ==>  Preparing: select permission_id from sys_role_permission where role_id in ( ? ) order by permission_id asc
2026-06-12 00:01:30.096 [http-nio-8080-exec-1] [b40b8aa0] [1] DEBUG c.y.m.u.m.S.selectPermissionIdsByRoleId - ==> Parameters: 1(Long)
2026-06-12 00:01:30.096 [http-nio-8080-exec-1] [b40b8aa0] [1] DEBUG c.y.m.u.m.S.selectPermissionIdsByRoleId - <==      Total: 4
2026-06-12 00:01:30.097 [http-nio-8080-exec-1] [b40b8aa0] [1] DEBUG c.y.m.u.m.S.selectList - ==>  Preparing: select id, parent_id, permission_code, permission_name, permission_type, api_path, sort_num, description, status, created_at, updated_at from sys_permission WHERE id in ( ? , ? , ? , ? )
2026-06-12 00:01:30.097 [http-nio-8080-exec-1] [b40b8aa0] [1] DEBUG c.y.m.u.m.S.selectList - ==> Parameters: 101(Long), 106(Long), 113(Long), 117(Long)
2026-06-12 00:01:30.097 [http-nio-8080-exec-1] [b40b8aa0] [1] DEBUG c.y.m.u.m.S.selectList - <==      Total: 4
2026-06-12 00:01:30.097 [http-nio-8080-exec-1] [b40b8aa0] [1] INFO  c.y.common.aop.ControllerLogAspect - 接口开始: uri=/yq-admin/api/sysConfig, httpMethod=GET, controller=SysConfigController#listAll, args=[]
2026-06-12 00:01:30.098 [http-nio-8080-exec-1] [b40b8aa0] [1] INFO  c.y.common.aop.ControllerLogAspect - 接口结束: uri=/yq-admin/api/sysConfig, controller=SysConfigController#listAll, cost=1ms, result={"code":200,"message":"success","data":[{"id":1,"k":"jwtSecretk","v":"yq-ai-admin-jwt-secret"},{"id":2,"k":"jwtExpireTime","v":"7200"},{"id":3,"k":"signSecretExpireSeconds","v":"7200"},{"id":4,"k":"signTimestampSkewSeconds","v":"300"},{"id":5,"k":"signNonceExpireSeconds","v":"300"},{"id":6,"k":"studentAiSummaryTriggerUncompressedCount","v":"6"},{"id":7,"k":"studentAiSummaryKeepRecentCount","v":"3"}]}
2026-06-12 00:01:33.598 [http-nio-8080-exec-2] [7d234a26] [1] DEBUG c.y.m.u.m.SysUserMapper.selectById - ==>  Preparing: select id, username, password, nickname, real_name, phone, email, union_id, status, created_at, updated_at from sys_user where id = ?
2026-06-12 00:01:33.598 [http-nio-8080-exec-2] [7d234a26] [1] DEBUG c.y.m.u.m.SysUserMapper.selectById - ==> Parameters: 1(Long)
2026-06-12 00:01:33.599 [http-nio-8080-exec-2] [7d234a26] [1] DEBUG c.y.m.u.m.SysUserMapper.selectById - <==      Total: 1
2026-06-12 00:01:33.599 [http-nio-8080-exec-2] [7d234a26] [1] DEBUG c.y.m.u.m.S.selectRoleIdsByUserId - ==>  Preparing: select role_id from sys_user_role where user_id = ? order by role_id asc
2026-06-12 00:01:33.600 [http-nio-8080-exec-2] [7d234a26] [1] DEBUG c.y.m.u.m.S.selectRoleIdsByUserId - ==> Parameters: 1(Long)
2026-06-12 00:01:33.600 [http-nio-8080-exec-2] [7d234a26] [1] DEBUG c.y.m.u.m.S.selectRoleIdsByUserId - <==      Total: 1
2026-06-12 00:01:33.601 [http-nio-8080-exec-2] [7d234a26] [1] DEBUG c.y.m.u.m.SysRoleMapper.selectList - ==>  Preparing: select id, role_code, role_name, description, status, created_at, updated_at from sys_role WHERE id in ( ? )
2026-06-12 00:01:33.601 [http-nio-8080-exec-2] [7d234a26] [1] DEBUG c.y.m.u.m.SysRoleMapper.selectList - ==> Parameters: 1(Long)
2026-06-12 00:01:33.601 [http-nio-8080-exec-2] [7d234a26] [1] DEBUG c.y.m.u.m.SysRoleMapper.selectList - <==      Total: 1
2026-06-12 00:01:33.601 [http-nio-8080-exec-2] [7d234a26] [1] DEBUG c.y.m.u.m.S.selectPermissionIdsByRoleId - ==>  Preparing: select permission_id from sys_role_permission where role_id in ( ? ) order by permission_id asc
2026-06-12 00:01:33.601 [http-nio-8080-exec-2] [7d234a26] [1] DEBUG c.y.m.u.m.S.selectPermissionIdsByRoleId - ==> Parameters: 1(Long)
2026-06-12 00:01:33.602 [http-nio-8080-exec-2] [7d234a26] [1] DEBUG c.y.m.u.m.S.selectPermissionIdsByRoleId - <==      Total: 4
2026-06-12 00:01:33.602 [http-nio-8080-exec-2] [7d234a26] [1] DEBUG c.y.m.u.m.S.selectList - ==>  Preparing: select id, parent_id, permission_code, permission_name, permission_type, api_path, sort_num, description, status, created_at, updated_at from sys_permission WHERE id in ( ? , ? , ? , ? )
2026-06-12 00:01:33.602 [http-nio-8080-exec-2] [7d234a26] [1] DEBUG c.y.m.u.m.S.selectList - ==> Parameters: 101(Long), 106(Long), 113(Long), 117(Long)
2026-06-12 00:01:33.603 [http-nio-8080-exec-2] [7d234a26] [1] DEBUG c.y.m.u.m.S.selectList - <==      Total: 4
2026-06-12 00:01:33.603 [http-nio-8080-exec-2] [7d234a26] [1] INFO  c.y.common.aop.ControllerLogAspect - 接口开始: uri=/yq-admin/api/sysUser, httpMethod=GET, controller=SysUserController#pageUser, args=[{"name":"req","value":{"pageNum":1,"pageSize":10}}]
2026-06-12 00:01:33.608 [http-nio-8080-exec-2] [7d234a26] [1] DEBUG c.y.m.u.m.S.selectPage_COUNT - ==>  Preparing: SELECT count(0) FROM sys_user
2026-06-12 00:01:33.608 [http-nio-8080-exec-2] [7d234a26] [1] DEBUG c.y.m.u.m.S.selectPage_COUNT - ==> Parameters: 
2026-06-12 00:01:33.609 [http-nio-8080-exec-2] [7d234a26] [1] DEBUG c.y.m.u.m.S.selectPage_COUNT - <==      Total: 1
2026-06-12 00:01:33.610 [http-nio-8080-exec-2] [7d234a26] [1] DEBUG c.y.m.u.m.SysUserMapper.selectPage - ==>  Preparing: select id, username, password, nickname, real_name, phone, email, union_id, status, created_at, updated_at from sys_user order by id desc LIMIT ?
2026-06-12 00:01:33.610 [http-nio-8080-exec-2] [7d234a26] [1] DEBUG c.y.m.u.m.SysUserMapper.selectPage - ==> Parameters: 10(Integer)
2026-06-12 00:01:33.611 [http-nio-8080-exec-2] [7d234a26] [1] DEBUG c.y.m.u.m.SysUserMapper.selectPage - <==      Total: 6
2026-06-12 00:01:33.611 [http-nio-8080-exec-2] [7d234a26] [1] INFO  c.y.common.aop.ControllerLogAspect - 接口结束: uri=/yq-admin/api/sysUser, controller=SysUserController#pageUser, cost=8ms, result={"code":200,"message":"success","data":{"total":6,"pageNum":1,"pageSize":10,"records":[{"id":6,"username":"haha","nickname":"哈哈哈","realName":"哈哈","phone":"15118191032","email":"913038933@qq.com","status":"ACTIVE","createdAt":"Fri Apr 17 15:54:46 CST 2026"},{"id":5,"username":"laoshi2","nickname":"老师2","realName":"老师2","phone":"13762922584","status":"ACTIVE","createdAt":"Sun Apr 12 01:48:55 CST 2026"},{"id":4,"username":"laoshi1","nickname":"老师1","realName":"老师1","phone":"13273576020","status":"ACTIVE","createdAt":"Sun Apr 12 01:48:37 CST 2026"},{"id":3,"username":"banzhuren","nickname":"班主任老师","realName":"班主任老师","phone":"15118191032","status":"ACTIVE","createdAt":"Sat Apr 11 17:06:53 CST 2026"},{"id":2,"username":"huangjin","nickname":"黄瑾","realName":"黄瑾","phone":"13273672819","email":"913038933@qq.com","status":"ACTIVE","createdAt":"Thu Apr 09 22:04:43 CST 2026"},{"id":1,"username":"admin","nickname":"系统管理员","realName":"超级管理员","phone":"13800000000","email":"admin@yq.com","status":"ACTIVE","createdAt":"Thu Apr 09 20:50:39 CST 2026"}]}}
2026-06-12 00:01:34.378 [http-nio-8080-exec-3] [099086a5] [1] DEBUG c.y.m.u.m.SysUserMapper.selectById - ==>  Preparing: select id, username, password, nickname, real_name, phone, email, union_id, status, created_at, updated_at from sys_user where id = ?
2026-06-12 00:01:34.379 [http-nio-8080-exec-3] [099086a5] [1] DEBUG c.y.m.u.m.SysUserMapper.selectById - ==> Parameters: 1(Long)
2026-06-12 00:01:34.379 [http-nio-8080-exec-3] [099086a5] [1] DEBUG c.y.m.u.m.SysUserMapper.selectById - <==      Total: 1
2026-06-12 00:01:34.379 [http-nio-8080-exec-3] [099086a5] [1] DEBUG c.y.m.u.m.S.selectRoleIdsByUserId - ==>  Preparing: select role_id from sys_user_role where user_id = ? order by role_id asc
2026-06-12 00:01:34.379 [http-nio-8080-exec-3] [099086a5] [1] DEBUG c.y.m.u.m.S.selectRoleIdsByUserId - ==> Parameters: 1(Long)
2026-06-12 00:01:34.380 [http-nio-8080-exec-3] [099086a5] [1] DEBUG c.y.m.u.m.S.selectRoleIdsByUserId - <==      Total: 1
2026-06-12 00:01:34.380 [http-nio-8080-exec-3] [099086a5] [1] DEBUG c.y.m.u.m.SysRoleMapper.selectList - ==>  Preparing: select id, role_code, role_name, description, status, created_at, updated_at from sys_role WHERE id in ( ? )
2026-06-12 00:01:34.380 [http-nio-8080-exec-3] [099086a5] [1] DEBUG c.y.m.u.m.SysRoleMapper.selectList - ==> Parameters: 1(Long)
2026-06-12 00:01:34.381 [http-nio-8080-exec-3] [099086a5] [1] DEBUG c.y.m.u.m.SysRoleMapper.selectList - <==      Total: 1
2026-06-12 00:01:34.381 [http-nio-8080-exec-3] [099086a5] [1] DEBUG c.y.m.u.m.S.selectPermissionIdsByRoleId - ==>  Preparing: select permission_id from sys_role_permission where role_id in ( ? ) order by permission_id asc
2026-06-12 00:01:34.381 [http-nio-8080-exec-3] [099086a5] [1] DEBUG c.y.m.u.m.S.selectPermissionIdsByRoleId - ==> Parameters: 1(Long)
2026-06-12 00:01:34.381 [http-nio-8080-exec-3] [099086a5] [1] DEBUG c.y.m.u.m.S.selectPermissionIdsByRoleId - <==      Total: 4
2026-06-12 00:01:34.382 [http-nio-8080-exec-3] [099086a5] [1] DEBUG c.y.m.u.m.S.selectList - ==>  Preparing: select id, parent_id, permission_code, permission_name, permission_type, api_path, sort_num, description, status, created_at, updated_at from sys_permission WHERE id in ( ? , ? , ? , ? )
2026-06-12 00:01:34.382 [http-nio-8080-exec-3] [099086a5] [1] DEBUG c.y.m.u.m.S.selectList - ==> Parameters: 101(Long), 106(Long), 113(Long), 117(Long)
2026-06-12 00:01:34.382 [http-nio-8080-exec-3] [099086a5] [1] DEBUG c.y.m.u.m.S.selectList - <==      Total: 4
2026-06-12 00:01:34.383 [http-nio-8080-exec-3] [099086a5] [1] INFO  c.y.common.aop.ControllerLogAspect - 接口开始: uri=/yq-admin/api/sysRole, httpMethod=GET, controller=SysRoleController#pageRole, args=[{"name":"req","value":{"pageNum":1,"pageSize":10}}]
2026-06-12 00:01:34.387 [http-nio-8080-exec-3] [099086a5] [1] DEBUG c.y.m.u.m.S.selectPage_COUNT - ==>  Preparing: SELECT count(0) FROM sys_role
2026-06-12 00:01:34.387 [http-nio-8080-exec-3] [099086a5] [1] DEBUG c.y.m.u.m.S.selectPage_COUNT - ==> Parameters: 
2026-06-12 00:01:34.388 [http-nio-8080-exec-3] [099086a5] [1] DEBUG c.y.m.u.m.S.selectPage_COUNT - <==      Total: 1
2026-06-12 00:01:34.388 [http-nio-8080-exec-3] [099086a5] [1] DEBUG c.y.m.u.m.SysRoleMapper.selectPage - ==>  Preparing: select id, role_code, role_name, description, status, created_at, updated_at from sys_role order by id desc LIMIT ?
2026-06-12 00:01:34.388 [http-nio-8080-exec-3] [099086a5] [1] DEBUG c.y.m.u.m.SysRoleMapper.selectPage - ==> Parameters: 10(Integer)
2026-06-12 00:01:34.388 [http-nio-8080-exec-3] [099086a5] [1] DEBUG c.y.m.u.m.SysRoleMapper.selectPage - <==      Total: 3
2026-06-12 00:01:34.390 [http-nio-8080-exec-3] [099086a5] [1] INFO  c.y.common.aop.ControllerLogAspect - 接口结束: uri=/yq-admin/api/sysRole, controller=SysRoleController#pageRole, cost=7ms, result={"code":200,"message":"success","data":{"total":3,"pageNum":1,"pageSize":10,"records":[{"id":3,"roleCode":"head_teacher","roleName":"班主任","description":"班主任","status":"ACTIVE","createdAt":"Sat Apr 11 17:06:26 CST 2026"},{"id":2,"roleCode":"teacher","roleName":"讲师","status":"ACTIVE","createdAt":"Thu Apr 09 21:28:05 CST 2026"},{"id":1,"roleCode":"SUPER_ADMIN","roleName":"超级管理员","description":"拥有全部后台权限","status":"ACTIVE","createdAt":"Thu Apr 09 20:50:38 CST 2026"}]}}
2026-06-12 00:01:34.786 [http-nio-8080-exec-4] [7cd04ece] [1] DEBUG c.y.m.u.m.SysUserMapper.selectById - ==>  Preparing: select id, username, password, nickname, real_name, phone, email, union_id, status, created_at, updated_at from sys_user where id = ?
2026-06-12 00:01:34.786 [http-nio-8080-exec-4] [7cd04ece] [1] DEBUG c.y.m.u.m.SysUserMapper.selectById - ==> Parameters: 1(Long)
2026-06-12 00:01:34.788 [http-nio-8080-exec-4] [7cd04ece] [1] DEBUG c.y.m.u.m.SysUserMapper.selectById - <==      Total: 1
2026-06-12 00:01:34.788 [http-nio-8080-exec-4] [7cd04ece] [1] DEBUG c.y.m.u.m.S.selectRoleIdsByUserId - ==>  Preparing: select role_id from sys_user_role where user_id = ? order by role_id asc
2026-06-12 00:01:34.788 [http-nio-8080-exec-4] [7cd04ece] [1] DEBUG c.y.m.u.m.S.selectRoleIdsByUserId - ==> Parameters: 1(Long)
2026-06-12 00:01:34.788 [http-nio-8080-exec-4] [7cd04ece] [1] DEBUG c.y.m.u.m.S.selectRoleIdsByUserId - <==      Total: 1
2026-06-12 00:01:34.788 [http-nio-8080-exec-4] [7cd04ece] [1] DEBUG c.y.m.u.m.SysRoleMapper.selectList - ==>  Preparing: select id, role_code, role_name, description, status, created_at, updated_at from sys_role WHERE id in ( ? )
2026-06-12 00:01:34.788 [http-nio-8080-exec-4] [7cd04ece] [1] DEBUG c.y.m.u.m.SysRoleMapper.selectList - ==> Parameters: 1(Long)
2026-06-12 00:01:34.790 [http-nio-8080-exec-4] [7cd04ece] [1] DEBUG c.y.m.u.m.SysRoleMapper.selectList - <==      Total: 1
2026-06-12 00:01:34.790 [http-nio-8080-exec-4] [7cd04ece] [1] DEBUG c.y.m.u.m.S.selectPermissionIdsByRoleId - ==>  Preparing: select permission_id from sys_role_permission where role_id in ( ? ) order by permission_id asc
2026-06-12 00:01:34.790 [http-nio-8080-exec-4] [7cd04ece] [1] DEBUG c.y.m.u.m.S.selectPermissionIdsByRoleId - ==> Parameters: 1(Long)
2026-06-12 00:01:34.790 [http-nio-8080-exec-4] [7cd04ece] [1] DEBUG c.y.m.u.m.S.selectPermissionIdsByRoleId - <==      Total: 4
2026-06-12 00:01:34.791 [http-nio-8080-exec-4] [7cd04ece] [1] DEBUG c.y.m.u.m.S.selectList - ==>  Preparing: select id, parent_id, permission_code, permission_name, permission_type, api_path, sort_num, description, status, created_at, updated_at from sys_permission WHERE id in ( ? , ? , ? , ? )
2026-06-12 00:01:34.791 [http-nio-8080-exec-4] [7cd04ece] [1] DEBUG c.y.m.u.m.S.selectList - ==> Parameters: 101(Long), 106(Long), 113(Long), 117(Long)
2026-06-12 00:01:34.791 [http-nio-8080-exec-4] [7cd04ece] [1] DEBUG c.y.m.u.m.S.selectList - <==      Total: 4
2026-06-12 00:01:34.792 [http-nio-8080-exec-4] [7cd04ece] [1] INFO  c.y.common.aop.ControllerLogAspect - 接口开始: uri=/yq-admin/api/sysPermission, httpMethod=GET, controller=SysPermissionController#pagePermission, args=[{"name":"req","value":{"pageNum":1,"pageSize":1000}}]
2026-06-12 00:01:34.798 [http-nio-8080-exec-4] [7cd04ece] [1] DEBUG c.y.m.u.m.S.selectPage_COUNT - ==>  Preparing: SELECT count(0) FROM sys_permission
2026-06-12 00:01:34.798 [http-nio-8080-exec-4] [7cd04ece] [1] DEBUG c.y.m.u.m.S.selectPage_COUNT - ==> Parameters: 
2026-06-12 00:01:34.799 [http-nio-8080-exec-4] [7cd04ece] [1] DEBUG c.y.m.u.m.S.selectPage_COUNT - <==      Total: 1
2026-06-12 00:01:34.799 [http-nio-8080-exec-4] [7cd04ece] [1] DEBUG c.y.m.u.m.S.selectPage - ==>  Preparing: select id, parent_id, permission_code, permission_name, permission_type, api_path, sort_num, description, status, created_at, updated_at from sys_permission order by sort_num asc, id desc LIMIT ?
2026-06-12 00:01:34.799 [http-nio-8080-exec-4] [7cd04ece] [1] DEBUG c.y.m.u.m.S.selectPage - ==> Parameters: 1000(Integer)
2026-06-12 00:01:34.802 [http-nio-8080-exec-4] [7cd04ece] [1] DEBUG c.y.m.u.m.S.selectPage - <==      Total: 177
2026-06-12 00:01:34.805 [http-nio-8080-exec-4] [7cd04ece] [1] INFO  c.y.common.aop.ControllerLogAspect - 接口结束: uri=/yq-admin/api/sysPermission, controller=SysPermissionController#pagePermission, cost=11ms, result={"code":200,"message":"success","data":{"total":177,"pageNum":1,"pageSize":1000,"records":[{"id":287,"parentId":286,"permissionName":"面试复盘上传音频按钮","permissionType":"BUTTON","permissionCode":"button:interview-review:upload","sortNum":1,"status":"1","description":"面试复盘页面的上传音频按钮","createdAt":"Wed May 20 22:13:56 CST 2026"},{"id":272,"parentId":271,"permissionName":"自媒体生成选题按钮","permissionType":"BUTTON","permissionCode":"button:media-agent:generate-topics","sortNum":1,"status":"1","description":"自媒体创作页面的生成选题按钮","createdAt":"Sat May 09 16:32:32 CST 2026"},{"id":268,"parentId":267,"permissionName":"数据分析执行按钮","permissionType":"BUTTON","permissionCode":"button:data-analysis:analyze","sortNum":1,"status":"1","description":"数据分析页面的开始分析按钮","createdAt":"Fri May 08 16:42:19 CST 2026"},{"id":249,"parentId":121,"permissionName":"发布作业按钮","permissionType":"BUTTON","permissionCode":"button:homework:create","sortNum":1,"status":"1","description":"作业管理页面的发布作业按钮","createdAt":"Wed Apr 22 16:21:14 CST 2026"},{"id":247,"parentId":118,"permissionName":"学生绑定权限模板按钮","permissionType":"BUTTON","permissionCode":"button:student:bind-permission-template","sortNum":1,"status":"1","description":"学生管理页面的绑定权限模板按钮","createdAt":"Wed Apr 22 14:20:45 CST 2026"},{"id":243,"parentId":119,"permissionName":"学员权限模板新增按钮","permissionType":"BUTTON","permissionCode":"button:student-permission-template:create","sortNum":1,"status":"1","description":"学员权限模板页面的新增按钮","createdAt":"Mon Apr 20 00:05:46 CST 2026"},{"id":240,"parentId":115,"permissionName":"订单新增按钮","permissionType":"BUTTON","permissionCode":"button:order:create","sortNum":1,"status":"1","description":"订单管理页面的新增按钮","createdAt":"Sun Apr 12 23:10:59 CST 2026"},{"id":237,"parentId":114,"permissionName":"产品新增按钮","permissionType":"BUTTON","permissionCode":"button:product:create","sortNum":1,"status":"1","description":"产品管理页面的新增按钮","createdAt":"Sun Apr 12 14:19:04 CST 2026"},{"id":235,"parentId":112,"permissionName":"值班查看按钮","permissionType":"BUTTON","permissionCode":"button:duty:view","sortNum":1,"status":"1","description":"值班管理页面的查看按钮","createdAt":"Sun Apr 12 13:11:55 CST 2026"},{"id":234,"parentId":111,"permissionName":"老师课表查看按钮","permissionType":"BUTTON","permissionCode":"button:teacher-schedule:view","sortNum":1,"status":"1","description":"老师课表页面的查看按钮","createdAt":"Sun Apr 12 03:21:07 CST 2026"},{"id":231,"parentId":110,"permissionName":"课表查看按钮","permissionType":"BUTTON","permissionCode":"button:schedule:view","sortNum":1,"status":"1","description":"课表管理页面的查看按钮","createdAt":"Sat Apr 11 19:46:45 CST 2026"},{"id":227,"parentId":109,"permissionName":"班级新增按钮","permissionType":"BUTTON","permissionCode":"button:class:create","sortNum":1,"status":"1","description":"班级管理页面的新增按钮","createdAt":"Sat Apr 11 17:05:40 CST 2026"},{"id":218,"parentId":108,"permissionName":"课程新增按钮","permissionType":"BUTTON","permissionCode":"button:course:create","sortNum":1,"status":"1","description":"课程管理页面的新增按钮","createdAt":"Sat Apr 11 16:02:19 CST 2026"},{"id":215,"parentId":107,"permissionName":"校区新增按钮","permissionType":"BUTTON","permissionCode":"button:campus:create","sortNum":1,"status":"1","description":"校区管理页面的新增按钮","createdAt":"Sat Apr 11 15:49:16 CST 2026"},{"id":212,"parentId":105,"permissionName":"系统参数新增按钮","permissionType":"BUTTON","permissionCode":"button:config:create","sortNum":1,"status":"1","description":"系统参数页面的新增配置按钮","createdAt":"Fri Apr 10 20:08:09 CST 2026"},{"id":209,"parentId":104,"permissionName":"权限新增按钮","permissionType":"BUTTON","permissionCode":"button:permission:create","sortNum":1,"status":"1","description":"权限管理页面的新增权限按钮","createdAt":"Thu Apr 09 21:22:28 CST 2026"},{"id":205,"parentId":103,"permissionName":"角色新增按钮","permissionType":"BUTTON","permissionCode":"button:role:create","sortNum":1,"status":"1","description":"角色管理页面的新增角色按钮","createdAt":"Thu Apr 09 21:22:28 CST 2026"},{"id":201,"parentId":102,"permissionName":"用户新增按钮","permissionType":"BUTTON","permissionCode":"button:user:create","sortNum":1,"status":"ACTIVE","desc...(truncated)
2026-06-12 00:01:35.119 [http-nio-8080-exec-5] [a0ce7191] [1] DEBUG c.y.m.u.m.SysUserMapper.selectById - ==>  Preparing: select id, username, password, nickname, real_name, phone, email, union_id, status, created_at, updated_at from sys_user where id = ?
2026-06-12 00:01:35.119 [http-nio-8080-exec-5] [a0ce7191] [1] DEBUG c.y.m.u.m.SysUserMapper.selectById - ==> Parameters: 1(Long)
2026-06-12 00:01:35.120 [http-nio-8080-exec-5] [a0ce7191] [1] DEBUG c.y.m.u.m.SysUserMapper.selectById - <==      Total: 1
2026-06-12 00:01:35.120 [http-nio-8080-exec-5] [a0ce7191] [1] DEBUG c.y.m.u.m.S.selectRoleIdsByUserId - ==>  Preparing: select role_id from sys_user_role where user_id = ? order by role_id asc
2026-06-12 00:01:35.120 [http-nio-8080-exec-5] [a0ce7191] [1] DEBUG c.y.m.u.m.S.selectRoleIdsByUserId - ==> Parameters: 1(Long)
2026-06-12 00:01:35.121 [http-nio-8080-exec-5] [a0ce7191] [1] DEBUG c.y.m.u.m.S.selectRoleIdsByUserId - <==      Total: 1
2026-06-12 00:01:35.121 [http-nio-8080-exec-5] [a0ce7191] [1] DEBUG c.y.m.u.m.SysRoleMapper.selectList - ==>  Preparing: select id, role_code, role_name, description, status, created_at, updated_at from sys_role WHERE id in ( ? )
2026-06-12 00:01:35.121 [http-nio-8080-exec-5] [a0ce7191] [1] DEBUG c.y.m.u.m.SysRoleMapper.selectList - ==> Parameters: 1(Long)
2026-06-12 00:01:35.122 [http-nio-8080-exec-5] [a0ce7191] [1] DEBUG c.y.m.u.m.SysRoleMapper.selectList - <==      Total: 1
2026-06-12 00:01:35.122 [http-nio-8080-exec-5] [a0ce7191] [1] DEBUG c.y.m.u.m.S.selectPermissionIdsByRoleId - ==>  Preparing: select permission_id from sys_role_permission where role_id in ( ? ) order by permission_id asc
2026-06-12 00:01:35.122 [http-nio-8080-exec-5] [a0ce7191] [1] DEBUG c.y.m.u.m.S.selectPermissionIdsByRoleId - ==> Parameters: 1(Long)
2026-06-12 00:01:35.122 [http-nio-8080-exec-5] [a0ce7191] [1] DEBUG c.y.m.u.m.S.selectPermissionIdsByRoleId - <==      Total: 4
2026-06-12 00:01:35.123 [http-nio-8080-exec-5] [a0ce7191] [1] DEBUG c.y.m.u.m.S.selectList - ==>  Preparing: select id, parent_id, permission_code, permission_name, permission_type, api_path, sort_num, description, status, created_at, updated_at from sys_permission WHERE id in ( ? , ? , ? , ? )
2026-06-12 00:01:35.123 [http-nio-8080-exec-5] [a0ce7191] [1] DEBUG c.y.m.u.m.S.selectList - ==> Parameters: 101(Long), 106(Long), 113(Long), 117(Long)
2026-06-12 00:01:35.123 [http-nio-8080-exec-5] [a0ce7191] [1] DEBUG c.y.m.u.m.S.selectList - <==      Total: 4
2026-06-12 00:01:35.125 [http-nio-8080-exec-5] [a0ce7191] [1] INFO  c.y.common.aop.ControllerLogAspect - 接口开始: uri=/yq-admin/api/sysConfig, httpMethod=GET, controller=SysConfigController#listAll, args=[]
2026-06-12 00:01:35.125 [http-nio-8080-exec-5] [a0ce7191] [1] INFO  c.y.common.aop.ControllerLogAspect - 接口结束: uri=/yq-admin/api/sysConfig, controller=SysConfigController#listAll, cost=0ms, result={"code":200,"message":"success","data":[{"id":1,"k":"jwtSecretk","v":"yq-ai-admin-jwt-secret"},{"id":2,"k":"jwtExpireTime","v":"7200"},{"id":3,"k":"signSecretExpireSeconds","v":"7200"},{"id":4,"k":"signTimestampSkewSeconds","v":"300"},{"id":5,"k":"signNonceExpireSeconds","v":"300"},{"id":6,"k":"studentAiSummaryTriggerUncompressedCount","v":"6"},{"id":7,"k":"studentAiSummaryKeepRecentCount","v":"3"}]}
2026-06-12 00:01:37.163 [http-nio-8080-exec-6] [b9c2ecec] [1] DEBUG c.y.m.u.m.SysUserMapper.selectById - ==>  Preparing: select id, username, password, nickname, real_name, phone, email, union_id, status, created_at, updated_at from sys_user where id = ?
2026-06-12 00:01:37.163 [http-nio-8080-exec-6] [b9c2ecec] [1] DEBUG c.y.m.u.m.SysUserMapper.selectById - ==> Parameters: 1(Long)
2026-06-12 00:01:37.164 [http-nio-8080-exec-6] [b9c2ecec] [1] DEBUG c.y.m.u.m.SysUserMapper.selectById - <==      Total: 1
2026-06-12 00:01:37.164 [http-nio-8080-exec-6] [b9c2ecec] [1] DEBUG c.y.m.u.m.S.selectRoleIdsByUserId - ==>  Preparing: select role_id from sys_user_role where user_id = ? order by role_id asc
2026-06-12 00:01:37.164 [http-nio-8080-exec-6] [b9c2ecec] [1] DEBUG c.y.m.u.m.S.selectRoleIdsByUserId - ==> Parameters: 1(Long)
2026-06-12 00:01:37.165 [http-nio-8080-exec-6] [b9c2ecec] [1] DEBUG c.y.m.u.m.S.selectRoleIdsByUserId - <==      Total: 1
2026-06-12 00:01:37.166 [http-nio-8080-exec-6] [b9c2ecec] [1] DEBUG c.y.m.u.m.SysRoleMapper.selectList - ==>  Preparing: select id, role_code, role_name, description, status, created_at, updated_at from sys_role WHERE id in ( ? )
2026-06-12 00:01:37.166 [http-nio-8080-exec-6] [b9c2ecec] [1] DEBUG c.y.m.u.m.SysRoleMapper.selectList - ==> Parameters: 1(Long)
2026-06-12 00:01:37.166 [http-nio-8080-exec-6] [b9c2ecec] [1] DEBUG c.y.m.u.m.SysRoleMapper.selectList - <==      Total: 1
2026-06-12 00:01:37.166 [http-nio-8080-exec-6] [b9c2ecec] [1] DEBUG c.y.m.u.m.S.selectPermissionIdsByRoleId - ==>  Preparing: select permission_id from sys_role_permission where role_id in ( ? ) order by permission_id asc
2026-06-12 00:01:37.167 [http-nio-8080-exec-6] [b9c2ecec] [1] DEBUG c.y.m.u.m.S.selectPermissionIdsByRoleId - ==> Parameters: 1(Long)
2026-06-12 00:01:37.167 [http-nio-8080-exec-6] [b9c2ecec] [1] DEBUG c.y.m.u.m.S.selectPermissionIdsByRoleId - <==      Total: 4
2026-06-12 00:01:37.167 [http-nio-8080-exec-6] [b9c2ecec] [1] DEBUG c.y.m.u.m.S.selectList - ==>  Preparing: select id, parent_id, permission_code, permission_name, permission_type, api_path, sort_num, description, status, created_at, updated_at from sys_permission WHERE id in ( ? , ? , ? , ? )
2026-06-12 00:01:37.167 [http-nio-8080-exec-6] [b9c2ecec] [1] DEBUG c.y.m.u.m.S.selectList - ==> Parameters: 101(Long), 106(Long), 113(Long), 117(Long)
2026-06-12 00:01:37.168 [http-nio-8080-exec-6] [b9c2ecec] [1] DEBUG c.y.m.u.m.S.selectList - <==      Total: 4
2026-06-12 00:01:37.168 [http-nio-8080-exec-6] [b9c2ecec] [1] INFO  c.y.common.aop.ControllerLogAspect - 接口开始: uri=/yq-admin/api/sysPermission, httpMethod=GET, controller=SysPermissionController#pagePermission, args=[{"name":"req","value":{"pageNum":1,"pageSize":1000}}]
2026-06-12 00:01:37.174 [http-nio-8080-exec-6] [b9c2ecec] [1] DEBUG c.y.m.u.m.S.selectPage_COUNT - ==>  Preparing: SELECT count(0) FROM sys_permission
2026-06-12 00:01:37.174 [http-nio-8080-exec-6] [b9c2ecec] [1] DEBUG c.y.m.u.m.S.selectPage_COUNT - ==> Parameters: 
2026-06-12 00:01:37.175 [http-nio-8080-exec-6] [b9c2ecec] [1] DEBUG c.y.m.u.m.S.selectPage_COUNT - <==      Total: 1
2026-06-12 00:01:37.176 [http-nio-8080-exec-6] [b9c2ecec] [1] DEBUG c.y.m.u.m.S.selectPage - ==>  Preparing: select id, parent_id, permission_code, permission_name, permission_type, api_path, sort_num, description, status, created_at, updated_at from sys_permission order by sort_num asc, id desc LIMIT ?
2026-06-12 00:01:37.176 [http-nio-8080-exec-6] [b9c2ecec] [1] DEBUG c.y.m.u.m.S.selectPage - ==> Parameters: 1000(Integer)
2026-06-12 00:01:37.180 [http-nio-8080-exec-6] [b9c2ecec] [1] DEBUG c.y.m.u.m.S.selectPage - <==      Total: 177
2026-06-12 00:01:37.182 [http-nio-8080-exec-6] [b9c2ecec] [1] INFO  c.y.common.aop.ControllerLogAspect - 接口结束: uri=/yq-admin/api/sysPermission, controller=SysPermissionController#pagePermission, cost=13ms, result={"code":200,"message":"success","data":{"total":177,"pageNum":1,"pageSize":1000,"records":[{"id":287,"parentId":286,"permissionName":"面试复盘上传音频按钮","permissionType":"BUTTON","permissionCode":"button:interview-review:upload","sortNum":1,"status":"1","description":"面试复盘页面的上传音频按钮","createdAt":"Wed May 20 22:13:56 CST 2026"},{"id":272,"parentId":271,"permissionName":"自媒体生成选题按钮","permissionType":"BUTTON","permissionCode":"button:media-agent:generate-topics","sortNum":1,"status":"1","description":"自媒体创作页面的生成选题按钮","createdAt":"Sat May 09 16:32:32 CST 2026"},{"id":268,"parentId":267,"permissionName":"数据分析执行按钮","permissionType":"BUTTON","permissionCode":"button:data-analysis:analyze","sortNum":1,"status":"1","description":"数据分析页面的开始分析按钮","createdAt":"Fri May 08 16:42:19 CST 2026"},{"id":249,"parentId":121,"permissionName":"发布作业按钮","permissionType":"BUTTON","permissionCode":"button:homework:create","sortNum":1,"status":"1","description":"作业管理页面的发布作业按钮","createdAt":"Wed Apr 22 16:21:14 CST 2026"},{"id":247,"parentId":118,"permissionName":"学生绑定权限模板按钮","permissionType":"BUTTON","permissionCode":"button:student:bind-permission-template","sortNum":1,"status":"1","description":"学生管理页面的绑定权限模板按钮","createdAt":"Wed Apr 22 14:20:45 CST 2026"},{"id":243,"parentId":119,"permissionName":"学员权限模板新增按钮","permissionType":"BUTTON","permissionCode":"button:student-permission-template:create","sortNum":1,"status":"1","description":"学员权限模板页面的新增按钮","createdAt":"Mon Apr 20 00:05:46 CST 2026"},{"id":240,"parentId":115,"permissionName":"订单新增按钮","permissionType":"BUTTON","permissionCode":"button:order:create","sortNum":1,"status":"1","description":"订单管理页面的新增按钮","createdAt":"Sun Apr 12 23:10:59 CST 2026"},{"id":237,"parentId":114,"permissionName":"产品新增按钮","permissionType":"BUTTON","permissionCode":"button:product:create","sortNum":1,"status":"1","description":"产品管理页面的新增按钮","createdAt":"Sun Apr 12 14:19:04 CST 2026"},{"id":235,"parentId":112,"permissionName":"值班查看按钮","permissionType":"BUTTON","permissionCode":"button:duty:view","sortNum":1,"status":"1","description":"值班管理页面的查看按钮","createdAt":"Sun Apr 12 13:11:55 CST 2026"},{"id":234,"parentId":111,"permissionName":"老师课表查看按钮","permissionType":"BUTTON","permissionCode":"button:teacher-schedule:view","sortNum":1,"status":"1","description":"老师课表页面的查看按钮","createdAt":"Sun Apr 12 03:21:07 CST 2026"},{"id":231,"parentId":110,"permissionName":"课表查看按钮","permissionType":"BUTTON","permissionCode":"button:schedule:view","sortNum":1,"status":"1","description":"课表管理页面的查看按钮","createdAt":"Sat Apr 11 19:46:45 CST 2026"},{"id":227,"parentId":109,"permissionName":"班级新增按钮","permissionType":"BUTTON","permissionCode":"button:class:create","sortNum":1,"status":"1","description":"班级管理页面的新增按钮","createdAt":"Sat Apr 11 17:05:40 CST 2026"},{"id":218,"parentId":108,"permissionName":"课程新增按钮","permissionType":"BUTTON","permissionCode":"button:course:create","sortNum":1,"status":"1","description":"课程管理页面的新增按钮","createdAt":"Sat Apr 11 16:02:19 CST 2026"},{"id":215,"parentId":107,"permissionName":"校区新增按钮","permissionType":"BUTTON","permissionCode":"button:campus:create","sortNum":1,"status":"1","description":"校区管理页面的新增按钮","createdAt":"Sat Apr 11 15:49:16 CST 2026"},{"id":212,"parentId":105,"permissionName":"系统参数新增按钮","permissionType":"BUTTON","permissionCode":"button:config:create","sortNum":1,"status":"1","description":"系统参数页面的新增配置按钮","createdAt":"Fri Apr 10 20:08:09 CST 2026"},{"id":209,"parentId":104,"permissionName":"权限新增按钮","permissionType":"BUTTON","permissionCode":"button:permission:create","sortNum":1,"status":"1","description":"权限管理页面的新增权限按钮","createdAt":"Thu Apr 09 21:22:28 CST 2026"},{"id":205,"parentId":103,"permissionName":"角色新增按钮","permissionType":"BUTTON","permissionCode":"button:role:create","sortNum":1,"status":"1","description":"角色管理页面的新增角色按钮","createdAt":"Thu Apr 09 21:22:28 CST 2026"},{"id":201,"parentId":102,"permissionName":"用户新增按钮","permissionType":"BUTTON","permissionCode":"button:user:create","sortNum":1,"status":"ACTIVE","desc...(truncated)
2026-06-12 00:01:39.258 [http-nio-8080-exec-7] [1a121fdb] [1] DEBUG c.y.m.u.m.SysUserMapper.selectById - ==>  Preparing: select id, username, password, nickname, real_name, phone, email, union_id, status, created_at, updated_at from sys_user where id = ?
2026-06-12 00:01:39.258 [http-nio-8080-exec-7] [1a121fdb] [1] DEBUG c.y.m.u.m.SysUserMapper.selectById - ==> Parameters: 1(Long)
2026-06-12 00:01:39.258 [http-nio-8080-exec-7] [1a121fdb] [1] DEBUG c.y.m.u.m.SysUserMapper.selectById - <==      Total: 1
2026-06-12 00:01:39.259 [http-nio-8080-exec-7] [1a121fdb] [1] DEBUG c.y.m.u.m.S.selectRoleIdsByUserId - ==>  Preparing: select role_id from sys_user_role where user_id = ? order by role_id asc
2026-06-12 00:01:39.259 [http-nio-8080-exec-7] [1a121fdb] [1] DEBUG c.y.m.u.m.S.selectRoleIdsByUserId - ==> Parameters: 1(Long)
2026-06-12 00:01:39.259 [http-nio-8080-exec-7] [1a121fdb] [1] DEBUG c.y.m.u.m.S.selectRoleIdsByUserId - <==      Total: 1
2026-06-12 00:01:39.259 [http-nio-8080-exec-7] [1a121fdb] [1] DEBUG c.y.m.u.m.SysRoleMapper.selectList - ==>  Preparing: select id, role_code, role_name, description, status, created_at, updated_at from sys_role WHERE id in ( ? )
2026-06-12 00:01:39.259 [http-nio-8080-exec-7] [1a121fdb] [1] DEBUG c.y.m.u.m.SysRoleMapper.selectList - ==> Parameters: 1(Long)
2026-06-12 00:01:39.260 [http-nio-8080-exec-7] [1a121fdb] [1] DEBUG c.y.m.u.m.SysRoleMapper.selectList - <==      Total: 1
2026-06-12 00:01:39.260 [http-nio-8080-exec-7] [1a121fdb] [1] DEBUG c.y.m.u.m.S.selectPermissionIdsByRoleId - ==>  Preparing: select permission_id from sys_role_permission where role_id in ( ? ) order by permission_id asc
2026-06-12 00:01:39.260 [http-nio-8080-exec-7] [1a121fdb] [1] DEBUG c.y.m.u.m.S.selectPermissionIdsByRoleId - ==> Parameters: 1(Long)
2026-06-12 00:01:39.260 [http-nio-8080-exec-7] [1a121fdb] [1] DEBUG c.y.m.u.m.S.selectPermissionIdsByRoleId - <==      Total: 4
2026-06-12 00:01:39.261 [http-nio-8080-exec-7] [1a121fdb] [1] DEBUG c.y.m.u.m.S.selectList - ==>  Preparing: select id, parent_id, permission_code, permission_name, permission_type, api_path, sort_num, description, status, created_at, updated_at from sys_permission WHERE id in ( ? , ? , ? , ? )
2026-06-12 00:01:39.261 [http-nio-8080-exec-7] [1a121fdb] [1] DEBUG c.y.m.u.m.S.selectList - ==> Parameters: 101(Long), 106(Long), 113(Long), 117(Long)
2026-06-12 00:01:39.261 [http-nio-8080-exec-7] [1a121fdb] [1] DEBUG c.y.m.u.m.S.selectList - <==      Total: 4
2026-06-12 00:01:39.262 [http-nio-8080-exec-7] [1a121fdb] [1] INFO  c.y.common.aop.ControllerLogAspect - 接口开始: uri=/yq-admin/api/sysRole, httpMethod=GET, controller=SysRoleController#pageRole, args=[{"name":"req","value":{"pageNum":1,"pageSize":10}}]
2026-06-12 00:01:39.265 [http-nio-8080-exec-7] [1a121fdb] [1] DEBUG c.y.m.u.m.S.selectPage_COUNT - ==>  Preparing: SELECT count(0) FROM sys_role
2026-06-12 00:01:39.265 [http-nio-8080-exec-7] [1a121fdb] [1] DEBUG c.y.m.u.m.S.selectPage_COUNT - ==> Parameters: 
2026-06-12 00:01:39.266 [http-nio-8080-exec-7] [1a121fdb] [1] DEBUG c.y.m.u.m.S.selectPage_COUNT - <==      Total: 1
2026-06-12 00:01:39.266 [http-nio-8080-exec-7] [1a121fdb] [1] DEBUG c.y.m.u.m.SysRoleMapper.selectPage - ==>  Preparing: select id, role_code, role_name, description, status, created_at, updated_at from sys_role order by id desc LIMIT ?
2026-06-12 00:01:39.266 [http-nio-8080-exec-7] [1a121fdb] [1] DEBUG c.y.m.u.m.SysRoleMapper.selectPage - ==> Parameters: 10(Integer)
2026-06-12 00:01:39.266 [http-nio-8080-exec-7] [1a121fdb] [1] DEBUG c.y.m.u.m.SysRoleMapper.selectPage - <==      Total: 3
2026-06-12 00:01:39.267 [http-nio-8080-exec-7] [1a121fdb] [1] INFO  c.y.common.aop.ControllerLogAspect - 接口结束: uri=/yq-admin/api/sysRole, controller=SysRoleController#pageRole, cost=5ms, result={"code":200,"message":"success","data":{"total":3,"pageNum":1,"pageSize":10,"records":[{"id":3,"roleCode":"head_teacher","roleName":"班主任","description":"班主任","status":"ACTIVE","createdAt":"Sat Apr 11 17:06:26 CST 2026"},{"id":2,"roleCode":"teacher","roleName":"讲师","status":"ACTIVE","createdAt":"Thu Apr 09 21:28:05 CST 2026"},{"id":1,"roleCode":"SUPER_ADMIN","roleName":"超级管理员","description":"拥有全部后台权限","status":"ACTIVE","createdAt":"Thu Apr 09 20:50:38 CST 2026"}]}}
2026-06-12 00:02:04.629 [http-nio-8080-exec-8] [45d6ae17] [1] DEBUG c.y.m.u.m.SysUserMapper.selectById - ==>  Preparing: select id, username, password, nickname, real_name, phone, email, union_id, status, created_at, updated_at from sys_user where id = ?
2026-06-12 00:02:04.629 [http-nio-8080-exec-8] [45d6ae17] [1] DEBUG c.y.m.u.m.SysUserMapper.selectById - ==> Parameters: 1(Long)
2026-06-12 00:02:04.630 [http-nio-8080-exec-8] [45d6ae17] [1] DEBUG c.y.m.u.m.SysUserMapper.selectById - <==      Total: 1
2026-06-12 00:02:04.630 [http-nio-8080-exec-8] [45d6ae17] [1] DEBUG c.y.m.u.m.S.selectRoleIdsByUserId - ==>  Preparing: select role_id from sys_user_role where user_id = ? order by role_id asc
2026-06-12 00:02:04.631 [http-nio-8080-exec-8] [45d6ae17] [1] DEBUG c.y.m.u.m.S.selectRoleIdsByUserId - ==> Parameters: 1(Long)
2026-06-12 00:02:04.631 [http-nio-8080-exec-8] [45d6ae17] [1] DEBUG c.y.m.u.m.S.selectRoleIdsByUserId - <==      Total: 1
2026-06-12 00:02:04.631 [http-nio-8080-exec-8] [45d6ae17] [1] DEBUG c.y.m.u.m.SysRoleMapper.selectList - ==>  Preparing: select id, role_code, role_name, description, status, created_at, updated_at from sys_role WHERE id in ( ? )
2026-06-12 00:02:04.632 [http-nio-8080-exec-8] [45d6ae17] [1] DEBUG c.y.m.u.m.SysRoleMapper.selectList - ==> Parameters: 1(Long)
2026-06-12 00:02:04.632 [http-nio-8080-exec-8] [45d6ae17] [1] DEBUG c.y.m.u.m.SysRoleMapper.selectList - <==      Total: 1
2026-06-12 00:02:04.632 [http-nio-8080-exec-8] [45d6ae17] [1] DEBUG c.y.m.u.m.S.selectPermissionIdsByRoleId - ==>  Preparing: select permission_id from sys_role_permission where role_id in ( ? ) order by permission_id asc
2026-06-12 00:02:04.632 [http-nio-8080-exec-8] [45d6ae17] [1] DEBUG c.y.m.u.m.S.selectPermissionIdsByRoleId - ==> Parameters: 1(Long)
2026-06-12 00:02:04.633 [http-nio-8080-exec-8] [45d6ae17] [1] DEBUG c.y.m.u.m.S.selectPermissionIdsByRoleId - <==      Total: 4
2026-06-12 00:02:04.633 [http-nio-8080-exec-8] [45d6ae17] [1] DEBUG c.y.m.u.m.S.selectList - ==>  Preparing: select id, parent_id, permission_code, permission_name, permission_type, api_path, sort_num, description, status, created_at, updated_at from sys_permission WHERE id in ( ? , ? , ? , ? )
2026-06-12 00:02:04.633 [http-nio-8080-exec-8] [45d6ae17] [1] DEBUG c.y.m.u.m.S.selectList - ==> Parameters: 101(Long), 106(Long), 113(Long), 117(Long)
2026-06-12 00:02:04.634 [http-nio-8080-exec-8] [45d6ae17] [1] DEBUG c.y.m.u.m.S.selectList - <==      Total: 4
2026-06-12 00:02:04.634 [http-nio-8080-exec-8] [45d6ae17] [1] INFO  c.y.common.aop.ControllerLogAspect - 接口开始: uri=/yq-admin/api/sysRole, httpMethod=GET, controller=SysRoleController#pageRole, args=[{"name":"req","value":{"pageNum":1,"pageSize":10}}]
2026-06-12 00:02:04.640 [http-nio-8080-exec-8] [45d6ae17] [1] DEBUG c.y.m.u.m.S.selectPage_COUNT - ==>  Preparing: SELECT count(0) FROM sys_role
2026-06-12 00:02:04.640 [http-nio-8080-exec-8] [45d6ae17] [1] DEBUG c.y.m.u.m.S.selectPage_COUNT - ==> Parameters: 
2026-06-12 00:02:04.641 [http-nio-8080-exec-8] [45d6ae17] [1] DEBUG c.y.m.u.m.S.selectPage_COUNT - <==      Total: 1
2026-06-12 00:02:04.642 [http-nio-8080-exec-8] [45d6ae17] [1] DEBUG c.y.m.u.m.SysRoleMapper.selectPage - ==>  Preparing: select id, role_code, role_name, description, status, created_at, updated_at from sys_role order by id desc LIMIT ?
2026-06-12 00:02:04.642 [http-nio-8080-exec-8] [45d6ae17] [1] DEBUG c.y.m.u.m.SysRoleMapper.selectPage - ==> Parameters: 10(Integer)
2026-06-12 00:02:04.642 [http-nio-8080-exec-8] [45d6ae17] [1] DEBUG c.y.m.u.m.SysRoleMapper.selectPage - <==      Total: 3
2026-06-12 00:02:04.642 [http-nio-8080-exec-8] [45d6ae17] [1] INFO  c.y.common.aop.ControllerLogAspect - 接口结束: uri=/yq-admin/api/sysRole, controller=SysRoleController#pageRole, cost=8ms, result={"code":200,"message":"success","data":{"total":3,"pageNum":1,"pageSize":10,"records":[{"id":3,"roleCode":"head_teacher","roleName":"班主任","description":"班主任","status":"ACTIVE","createdAt":"Sat Apr 11 17:06:26 CST 2026"},{"id":2,"roleCode":"teacher","roleName":"讲师","status":"ACTIVE","createdAt":"Thu Apr 09 21:28:05 CST 2026"},{"id":1,"roleCode":"SUPER_ADMIN","roleName":"超级管理员","description":"拥有全部后台权限","status":"ACTIVE","createdAt":"Thu Apr 09 20:50:38 CST 2026"}]}}
2026-06-12 00:02:11.487 [http-nio-8080-exec-9] [d4788061] [] INFO  c.y.common.aop.ControllerLogAspect - 接口开始: uri=/yq-admin/api/sysUser/login, httpMethod=POST, controller=SysUserController#login, args=[{"name":"req","value":{"username":"admin","password":"****"}}]
2026-06-12 00:02:11.487 [http-nio-8080-exec-9] [d4788061] [] DEBUG c.y.m.u.m.S.selectByUsername - ==>  Preparing: select id, username, password, nickname, real_name, phone, email, union_id, status, created_at, updated_at from sys_user where username = ?
2026-06-12 00:02:11.487 [http-nio-8080-exec-9] [d4788061] [] DEBUG c.y.m.u.m.S.selectByUsername - ==> Parameters: admin(String)
2026-06-12 00:02:11.488 [http-nio-8080-exec-9] [d4788061] [] DEBUG c.y.m.u.m.S.selectByUsername - <==      Total: 1
2026-06-12 00:02:11.500 [http-nio-8080-exec-9] [d4788061] [] DEBUG c.y.m.u.m.SysUserMapper.selectById - ==>  Preparing: select id, username, password, nickname, real_name, phone, email, union_id, status, created_at, updated_at from sys_user where id = ?
2026-06-12 00:02:11.500 [http-nio-8080-exec-9] [d4788061] [] DEBUG c.y.m.u.m.SysUserMapper.selectById - ==> Parameters: 1(Long)
2026-06-12 00:02:11.500 [http-nio-8080-exec-9] [d4788061] [] DEBUG c.y.m.u.m.SysUserMapper.selectById - <==      Total: 1
2026-06-12 00:02:11.502 [http-nio-8080-exec-9] [d4788061] [] DEBUG c.y.m.u.m.S.selectRoleIdsByUserId - ==>  Preparing: select role_id from sys_user_role where user_id = ? order by role_id asc
2026-06-12 00:02:11.502 [http-nio-8080-exec-9] [d4788061] [] DEBUG c.y.m.u.m.S.selectRoleIdsByUserId - ==> Parameters: 1(Long)
2026-06-12 00:02:11.502 [http-nio-8080-exec-9] [d4788061] [] DEBUG c.y.m.u.m.S.selectRoleIdsByUserId - <==      Total: 1
2026-06-12 00:02:11.503 [http-nio-8080-exec-9] [d4788061] [] DEBUG c.y.m.u.m.SysRoleMapper.selectList - ==>  Preparing: select id, role_code, role_name, description, status, created_at, updated_at from sys_role WHERE id in ( ? )
2026-06-12 00:02:11.503 [http-nio-8080-exec-9] [d4788061] [] DEBUG c.y.m.u.m.SysRoleMapper.selectList - ==> Parameters: 1(Long)
2026-06-12 00:02:11.504 [http-nio-8080-exec-9] [d4788061] [] DEBUG c.y.m.u.m.SysRoleMapper.selectList - <==      Total: 1
2026-06-12 00:02:11.504 [http-nio-8080-exec-9] [d4788061] [] DEBUG c.y.m.u.m.S.selectPermissionIdsByRoleId - ==>  Preparing: select permission_id from sys_role_permission where role_id in ( ? ) order by permission_id asc
2026-06-12 00:02:11.504 [http-nio-8080-exec-9] [d4788061] [] DEBUG c.y.m.u.m.S.selectPermissionIdsByRoleId - ==> Parameters: 1(Long)
2026-06-12 00:02:11.504 [http-nio-8080-exec-9] [d4788061] [] DEBUG c.y.m.u.m.S.selectPermissionIdsByRoleId - <==      Total: 4
2026-06-12 00:02:11.505 [http-nio-8080-exec-9] [d4788061] [] DEBUG c.y.m.u.m.S.selectList - ==>  Preparing: select id, parent_id, permission_code, permission_name, permission_type, api_path, sort_num, description, status, created_at, updated_at from sys_permission WHERE id in ( ? , ? , ? , ? )
2026-06-12 00:02:11.505 [http-nio-8080-exec-9] [d4788061] [] DEBUG c.y.m.u.m.S.selectList - ==> Parameters: 101(Long), 106(Long), 113(Long), 117(Long)
2026-06-12 00:02:11.505 [http-nio-8080-exec-9] [d4788061] [] DEBUG c.y.m.u.m.S.selectList - <==      Total: 4
2026-06-12 00:02:11.508 [http-nio-8080-exec-9] [d4788061] [] INFO  c.y.common.aop.ControllerLogAspect - 接口结束: uri=/yq-admin/api/sysUser/login, controller=SysUserController#login, cost=22ms, result={"code":200,"message":"success","data":{"token":"ey****2s","signSecret":"p3****ZM","userDetailRes":{"id":1,"username":"admin","nickname":"系统管理员","realName":"超级管理员","phone":"13800000000","email":"admin@yq.com","unionId":"on_8dc4e328a2870919088b018841458703","status":"ACTIVE","createdAt":"Thu Apr 09 20:50:39 CST 2026","updatedAt":"Wed Jun 10 20:14:33 CST 2026"},"roleDetailResList":[{"id":1,"roleCode":"SUPER_ADMIN","roleName":"超级管理员","description":"拥有全部后台权限","status":"ACTIVE","createdAt":"Thu Apr 09 20:50:38 CST 2026","updatedAt":"Wed Jun 10 20:13:59 CST 2026"}],"permissionDetailResList":[{"id":101,"parentId":0,"permissionName":"系统配置","permissionType":"MENU","permissionCode":"menu:system","sortNum":1,"status":"ACTIVE","description":"左侧导航中的系统配置父级菜单","createdAt":"Thu Apr 09 21:22:28 CST 2026","updatedAt":"Thu Jun 11 19:21:05 CST 2026"},{"id":106,"parentId":0,"permissionName":"教学管理","permissionType":"MENU","permissionCode":"menu:teaching","sortNum":2,"status":"ACTIVE","description":"左侧导航中的教学管理父级菜单","createdAt":"Sat Apr 11 15:49:16 CST 2026","updatedAt":"Thu Jun 11 19:21:10 CST 2026"},{"id":113,"parentId":0,"permissionName":"销售管理","permissionType":"MENU","permissionCode":"menu:sales","sortNum":3,"status":"ACTIVE","description":"左侧导航中的销售管理父级菜单","createdAt":"Sun Apr 12 14:19:04 CST 2026","updatedAt":"Thu Jun 11 19:21:13 CST 2026"},{"id":117,"parentId":0,"permissionName":"学员管理","permissionType":"MENU","permissionCode":"menu:student","sortNum":4,"status":"ACTIVE","description":"左侧导航中的学员管理父级菜单","createdAt":"Sun Apr 19 23:54:31 CST 2026","updatedAt":"Thu Jun 11 19:21:15 CST 2026"}]}}
2026-06-12 00:02:11.569 [http-nio-8080-exec-10] [c8b47547] [1] DEBUG c.y.m.u.m.SysUserMapper.selectById - ==>  Preparing: select id, username, password, nickname, real_name, phone, email, union_id, status, created_at, updated_at from sys_user where id = ?
2026-06-12 00:02:11.569 [http-nio-8080-exec-10] [c8b47547] [1] DEBUG c.y.m.u.m.SysUserMapper.selectById - ==> Parameters: 1(Long)
2026-06-12 00:02:11.570 [http-nio-8080-exec-10] [c8b47547] [1] DEBUG c.y.m.u.m.SysUserMapper.selectById - <==      Total: 1
2026-06-12 00:02:11.570 [http-nio-8080-exec-10] [c8b47547] [1] DEBUG c.y.m.u.m.S.selectRoleIdsByUserId - ==>  Preparing: select role_id from sys_user_role where user_id = ? order by role_id asc
2026-06-12 00:02:11.570 [http-nio-8080-exec-10] [c8b47547] [1] DEBUG c.y.m.u.m.S.selectRoleIdsByUserId - ==> Parameters: 1(Long)
2026-06-12 00:02:11.571 [http-nio-8080-exec-10] [c8b47547] [1] DEBUG c.y.m.u.m.S.selectRoleIdsByUserId - <==      Total: 1
2026-06-12 00:02:11.571 [http-nio-8080-exec-10] [c8b47547] [1] DEBUG c.y.m.u.m.SysRoleMapper.selectList - ==>  Preparing: select id, role_code, role_name, description, status, created_at, updated_at from sys_role WHERE id in ( ? )
2026-06-12 00:02:11.571 [http-nio-8080-exec-10] [c8b47547] [1] DEBUG c.y.m.u.m.SysRoleMapper.selectList - ==> Parameters: 1(Long)
2026-06-12 00:02:11.571 [http-nio-8080-exec-10] [c8b47547] [1] DEBUG c.y.m.u.m.SysRoleMapper.selectList - <==      Total: 1
2026-06-12 00:02:11.572 [http-nio-8080-exec-10] [c8b47547] [1] DEBUG c.y.m.u.m.S.selectPermissionIdsByRoleId - ==>  Preparing: select permission_id from sys_role_permission where role_id in ( ? ) order by permission_id asc
2026-06-12 00:02:11.572 [http-nio-8080-exec-10] [c8b47547] [1] DEBUG c.y.m.u.m.S.selectPermissionIdsByRoleId - ==> Parameters: 1(Long)
2026-06-12 00:02:11.572 [http-nio-8080-exec-10] [c8b47547] [1] DEBUG c.y.m.u.m.S.selectPermissionIdsByRoleId - <==      Total: 4
2026-06-12 00:02:11.572 [http-nio-8080-exec-10] [c8b47547] [1] DEBUG c.y.m.u.m.S.selectList - ==>  Preparing: select id, parent_id, permission_code, permission_name, permission_type, api_path, sort_num, description, status, created_at, updated_at from sys_permission WHERE id in ( ? , ? , ? , ? )
2026-06-12 00:02:11.573 [http-nio-8080-exec-10] [c8b47547] [1] DEBUG c.y.m.u.m.S.selectList - ==> Parameters: 101(Long), 106(Long), 113(Long), 117(Long)
2026-06-12 00:02:11.573 [http-nio-8080-exec-10] [c8b47547] [1] DEBUG c.y.m.u.m.S.selectList - <==      Total: 4
2026-06-12 00:02:11.574 [http-nio-8080-exec-10] [c8b47547] [1] INFO  c.y.common.aop.ControllerLogAspect - 接口开始: uri=/yq-admin/api/sysUser, httpMethod=GET, controller=SysUserController#pageUser, args=[{"name":"req","value":{"pageNum":1,"pageSize":10}}]
2026-06-12 00:02:11.579 [http-nio-8080-exec-10] [c8b47547] [1] DEBUG c.y.m.u.m.S.selectPage_COUNT - ==>  Preparing: SELECT count(0) FROM sys_user
2026-06-12 00:02:11.579 [http-nio-8080-exec-10] [c8b47547] [1] DEBUG c.y.m.u.m.S.selectPage_COUNT - ==> Parameters: 
2026-06-12 00:02:11.581 [http-nio-8080-exec-10] [c8b47547] [1] DEBUG c.y.m.u.m.S.selectPage_COUNT - <==      Total: 1
2026-06-12 00:02:11.581 [http-nio-8080-exec-10] [c8b47547] [1] DEBUG c.y.m.u.m.SysUserMapper.selectPage - ==>  Preparing: select id, username, password, nickname, real_name, phone, email, union_id, status, created_at, updated_at from sys_user order by id desc LIMIT ?
2026-06-12 00:02:11.581 [http-nio-8080-exec-10] [c8b47547] [1] DEBUG c.y.m.u.m.SysUserMapper.selectPage - ==> Parameters: 10(Integer)
2026-06-12 00:02:11.583 [http-nio-8080-exec-10] [c8b47547] [1] DEBUG c.y.m.u.m.SysUserMapper.selectPage - <==      Total: 6
2026-06-12 00:02:11.583 [http-nio-8080-exec-10] [c8b47547] [1] INFO  c.y.common.aop.ControllerLogAspect - 接口结束: uri=/yq-admin/api/sysUser, controller=SysUserController#pageUser, cost=10ms, result={"code":200,"message":"success","data":{"total":6,"pageNum":1,"pageSize":10,"records":[{"id":6,"username":"haha","nickname":"哈哈哈","realName":"哈哈","phone":"15118191032","email":"913038933@qq.com","status":"ACTIVE","createdAt":"Fri Apr 17 15:54:46 CST 2026"},{"id":5,"username":"laoshi2","nickname":"老师2","realName":"老师2","phone":"13762922584","status":"ACTIVE","createdAt":"Sun Apr 12 01:48:55 CST 2026"},{"id":4,"username":"laoshi1","nickname":"老师1","realName":"老师1","phone":"13273576020","status":"ACTIVE","createdAt":"Sun Apr 12 01:48:37 CST 2026"},{"id":3,"username":"banzhuren","nickname":"班主任老师","realName":"班主任老师","phone":"15118191032","status":"ACTIVE","createdAt":"Sat Apr 11 17:06:53 CST 2026"},{"id":2,"username":"huangjin","nickname":"黄瑾","realName":"黄瑾","phone":"13273672819","email":"913038933@qq.com","status":"ACTIVE","createdAt":"Thu Apr 09 22:04:43 CST 2026"},{"id":1,"username":"admin","nickname":"系统管理员","realName":"超级管理员","phone":"13800000000","email":"admin@yq.com","status":"ACTIVE","createdAt":"Thu Apr 09 20:50:39 CST 2026"}]}}
2026-06-12 00:02:54.928 [http-nio-8080-exec-1] [0c5b65e9] [1] DEBUG c.y.m.u.m.SysUserMapper.selectById - ==>  Preparing: select id, username, password, nickname, real_name, phone, email, union_id, status, created_at, updated_at from sys_user where id = ?
2026-06-12 00:02:54.928 [http-nio-8080-exec-1] [0c5b65e9] [1] DEBUG c.y.m.u.m.SysUserMapper.selectById - ==> Parameters: 1(Long)
2026-06-12 00:02:54.929 [http-nio-8080-exec-1] [0c5b65e9] [1] DEBUG c.y.m.u.m.SysUserMapper.selectById - <==      Total: 1
2026-06-12 00:02:54.930 [http-nio-8080-exec-1] [0c5b65e9] [1] DEBUG c.y.m.u.m.S.selectRoleIdsByUserId - ==>  Preparing: select role_id from sys_user_role where user_id = ? order by role_id asc
2026-06-12 00:02:54.930 [http-nio-8080-exec-1] [0c5b65e9] [1] DEBUG c.y.m.u.m.S.selectRoleIdsByUserId - ==> Parameters: 1(Long)
2026-06-12 00:02:54.930 [http-nio-8080-exec-1] [0c5b65e9] [1] DEBUG c.y.m.u.m.S.selectRoleIdsByUserId - <==      Total: 1
2026-06-12 00:02:54.931 [http-nio-8080-exec-1] [0c5b65e9] [1] DEBUG c.y.m.u.m.SysRoleMapper.selectList - ==>  Preparing: select id, role_code, role_name, description, status, created_at, updated_at from sys_role WHERE id in ( ? )
2026-06-12 00:02:54.931 [http-nio-8080-exec-1] [0c5b65e9] [1] DEBUG c.y.m.u.m.SysRoleMapper.selectList - ==> Parameters: 1(Long)
2026-06-12 00:02:54.931 [http-nio-8080-exec-1] [0c5b65e9] [1] DEBUG c.y.m.u.m.SysRoleMapper.selectList - <==      Total: 1
2026-06-12 00:02:54.932 [http-nio-8080-exec-1] [0c5b65e9] [1] DEBUG c.y.m.u.m.S.selectPermissionIdsByRoleId - ==>  Preparing: select permission_id from sys_role_permission where role_id in ( ? ) order by permission_id asc
2026-06-12 00:02:54.932 [http-nio-8080-exec-1] [0c5b65e9] [1] DEBUG c.y.m.u.m.S.selectPermissionIdsByRoleId - ==> Parameters: 1(Long)
2026-06-12 00:02:54.932 [http-nio-8080-exec-1] [0c5b65e9] [1] DEBUG c.y.m.u.m.S.selectPermissionIdsByRoleId - <==      Total: 4
2026-06-12 00:02:54.932 [http-nio-8080-exec-1] [0c5b65e9] [1] DEBUG c.y.m.u.m.S.selectList - ==>  Preparing: select id, parent_id, permission_code, permission_name, permission_type, api_path, sort_num, description, status, created_at, updated_at from sys_permission WHERE id in ( ? , ? , ? , ? )
2026-06-12 00:02:54.933 [http-nio-8080-exec-1] [0c5b65e9] [1] DEBUG c.y.m.u.m.S.selectList - ==> Parameters: 101(Long), 106(Long), 113(Long), 117(Long)
2026-06-12 00:02:54.933 [http-nio-8080-exec-1] [0c5b65e9] [1] DEBUG c.y.m.u.m.S.selectList - <==      Total: 4
2026-06-12 00:02:54.933 [http-nio-8080-exec-1] [0c5b65e9] [1] INFO  c.y.common.aop.ControllerLogAspect - 接口开始: uri=/yq-admin/api/sysRole, httpMethod=GET, controller=SysRoleController#pageRole, args=[{"name":"req","value":{"pageNum":1,"pageSize":10}}]
2026-06-12 00:02:54.939 [http-nio-8080-exec-1] [0c5b65e9] [1] DEBUG c.y.m.u.m.S.selectPage_COUNT - ==>  Preparing: SELECT count(0) FROM sys_role
2026-06-12 00:02:54.939 [http-nio-8080-exec-1] [0c5b65e9] [1] DEBUG c.y.m.u.m.S.selectPage_COUNT - ==> Parameters: 
2026-06-12 00:02:54.941 [http-nio-8080-exec-1] [0c5b65e9] [1] DEBUG c.y.m.u.m.S.selectPage_COUNT - <==      Total: 1
2026-06-12 00:02:54.942 [http-nio-8080-exec-1] [0c5b65e9] [1] DEBUG c.y.m.u.m.SysRoleMapper.selectPage - ==>  Preparing: select id, role_code, role_name, description, status, created_at, updated_at from sys_role order by id desc LIMIT ?
2026-06-12 00:02:54.942 [http-nio-8080-exec-1] [0c5b65e9] [1] DEBUG c.y.m.u.m.SysRoleMapper.selectPage - ==> Parameters: 10(Integer)
2026-06-12 00:02:54.942 [http-nio-8080-exec-1] [0c5b65e9] [1] DEBUG c.y.m.u.m.SysRoleMapper.selectPage - <==      Total: 3
2026-06-12 00:02:54.943 [http-nio-8080-exec-1] [0c5b65e9] [1] INFO  c.y.common.aop.ControllerLogAspect - 接口结束: uri=/yq-admin/api/sysRole, controller=SysRoleController#pageRole, cost=10ms, result={"code":200,"message":"success","data":{"total":3,"pageNum":1,"pageSize":10,"records":[{"id":3,"roleCode":"head_teacher","roleName":"班主任","description":"班主任","status":"ACTIVE","createdAt":"Sat Apr 11 17:06:26 CST 2026"},{"id":2,"roleCode":"teacher","roleName":"讲师","status":"ACTIVE","createdAt":"Thu Apr 09 21:28:05 CST 2026"},{"id":1,"roleCode":"SUPER_ADMIN","roleName":"超级管理员","description":"拥有全部后台权限","status":"ACTIVE","createdAt":"Thu Apr 09 20:50:38 CST 2026"}]}}
2026-06-12 00:02:55.805 [http-nio-8080-exec-2] [d300c3b4] [1] DEBUG c.y.m.u.m.SysUserMapper.selectById - ==>  Preparing: select id, username, password, nickname, real_name, phone, email, union_id, status, created_at, updated_at from sys_user where id = ?
2026-06-12 00:02:55.805 [http-nio-8080-exec-2] [d300c3b4] [1] DEBUG c.y.m.u.m.SysUserMapper.selectById - ==> Parameters: 1(Long)
2026-06-12 00:02:55.807 [http-nio-8080-exec-2] [d300c3b4] [1] DEBUG c.y.m.u.m.SysUserMapper.selectById - <==      Total: 1
2026-06-12 00:02:55.807 [http-nio-8080-exec-2] [d300c3b4] [1] DEBUG c.y.m.u.m.S.selectRoleIdsByUserId - ==>  Preparing: select role_id from sys_user_role where user_id = ? order by role_id asc
2026-06-12 00:02:55.807 [http-nio-8080-exec-2] [d300c3b4] [1] DEBUG c.y.m.u.m.S.selectRoleIdsByUserId - ==> Parameters: 1(Long)
2026-06-12 00:02:55.807 [http-nio-8080-exec-2] [d300c3b4] [1] DEBUG c.y.m.u.m.S.selectRoleIdsByUserId - <==      Total: 1
2026-06-12 00:02:55.808 [http-nio-8080-exec-2] [d300c3b4] [1] DEBUG c.y.m.u.m.SysRoleMapper.selectList - ==>  Preparing: select id, role_code, role_name, description, status, created_at, updated_at from sys_role WHERE id in ( ? )
2026-06-12 00:02:55.808 [http-nio-8080-exec-2] [d300c3b4] [1] DEBUG c.y.m.u.m.SysRoleMapper.selectList - ==> Parameters: 1(Long)
2026-06-12 00:02:55.808 [http-nio-8080-exec-2] [d300c3b4] [1] DEBUG c.y.m.u.m.SysRoleMapper.selectList - <==      Total: 1
2026-06-12 00:02:55.810 [http-nio-8080-exec-2] [d300c3b4] [1] DEBUG c.y.m.u.m.S.selectPermissionIdsByRoleId - ==>  Preparing: select permission_id from sys_role_permission where role_id in ( ? ) order by permission_id asc
2026-06-12 00:02:55.810 [http-nio-8080-exec-2] [d300c3b4] [1] DEBUG c.y.m.u.m.S.selectPermissionIdsByRoleId - ==> Parameters: 1(Long)
2026-06-12 00:02:55.810 [http-nio-8080-exec-2] [d300c3b4] [1] DEBUG c.y.m.u.m.S.selectPermissionIdsByRoleId - <==      Total: 4
2026-06-12 00:02:55.811 [http-nio-8080-exec-2] [d300c3b4] [1] DEBUG c.y.m.u.m.S.selectList - ==>  Preparing: select id, parent_id, permission_code, permission_name, permission_type, api_path, sort_num, description, status, created_at, updated_at from sys_permission WHERE id in ( ? , ? , ? , ? )
2026-06-12 00:02:55.811 [http-nio-8080-exec-2] [d300c3b4] [1] DEBUG c.y.m.u.m.S.selectList - ==> Parameters: 101(Long), 106(Long), 113(Long), 117(Long)
2026-06-12 00:02:55.812 [http-nio-8080-exec-2] [d300c3b4] [1] DEBUG c.y.m.u.m.S.selectList - <==      Total: 4
2026-06-12 00:02:55.813 [http-nio-8080-exec-2] [d300c3b4] [1] INFO  c.y.common.aop.ControllerLogAspect - 接口开始: uri=/yq-admin/api/sysPermission, httpMethod=GET, controller=SysPermissionController#pagePermission, args=[{"name":"req","value":{"pageNum":1,"pageSize":1000}}]
2026-06-12 00:02:55.822 [http-nio-8080-exec-2] [d300c3b4] [1] DEBUG c.y.m.u.m.S.selectPage_COUNT - ==>  Preparing: SELECT count(0) FROM sys_permission
2026-06-12 00:02:55.822 [http-nio-8080-exec-2] [d300c3b4] [1] DEBUG c.y.m.u.m.S.selectPage_COUNT - ==> Parameters: 
2026-06-12 00:02:55.824 [http-nio-8080-exec-2] [d300c3b4] [1] DEBUG c.y.m.u.m.S.selectPage_COUNT - <==      Total: 1
2026-06-12 00:02:55.824 [http-nio-8080-exec-2] [d300c3b4] [1] DEBUG c.y.m.u.m.S.selectPage - ==>  Preparing: select id, parent_id, permission_code, permission_name, permission_type, api_path, sort_num, description, status, created_at, updated_at from sys_permission order by sort_num asc, id desc LIMIT ?
2026-06-12 00:02:55.824 [http-nio-8080-exec-2] [d300c3b4] [1] DEBUG c.y.m.u.m.S.selectPage - ==> Parameters: 1000(Integer)
2026-06-12 00:02:55.827 [http-nio-8080-exec-2] [d300c3b4] [1] DEBUG c.y.m.u.m.S.selectPage - <==      Total: 177
2026-06-12 00:02:55.830 [http-nio-8080-exec-2] [d300c3b4] [1] INFO  c.y.common.aop.ControllerLogAspect - 接口结束: uri=/yq-admin/api/sysPermission, controller=SysPermissionController#pagePermission, cost=15ms, result={"code":200,"message":"success","data":{"total":177,"pageNum":1,"pageSize":1000,"records":[{"id":287,"parentId":286,"permissionName":"面试复盘上传音频按钮","permissionType":"BUTTON","permissionCode":"button:interview-review:upload","sortNum":1,"status":"1","description":"面试复盘页面的上传音频按钮","createdAt":"Wed May 20 22:13:56 CST 2026"},{"id":272,"parentId":271,"permissionName":"自媒体生成选题按钮","permissionType":"BUTTON","permissionCode":"button:media-agent:generate-topics","sortNum":1,"status":"1","description":"自媒体创作页面的生成选题按钮","createdAt":"Sat May 09 16:32:32 CST 2026"},{"id":268,"parentId":267,"permissionName":"数据分析执行按钮","permissionType":"BUTTON","permissionCode":"button:data-analysis:analyze","sortNum":1,"status":"1","description":"数据分析页面的开始分析按钮","createdAt":"Fri May 08 16:42:19 CST 2026"},{"id":249,"parentId":121,"permissionName":"发布作业按钮","permissionType":"BUTTON","permissionCode":"button:homework:create","sortNum":1,"status":"1","description":"作业管理页面的发布作业按钮","createdAt":"Wed Apr 22 16:21:14 CST 2026"},{"id":247,"parentId":118,"permissionName":"学生绑定权限模板按钮","permissionType":"BUTTON","permissionCode":"button:student:bind-permission-template","sortNum":1,"status":"1","description":"学生管理页面的绑定权限模板按钮","createdAt":"Wed Apr 22 14:20:45 CST 2026"},{"id":243,"parentId":119,"permissionName":"学员权限模板新增按钮","permissionType":"BUTTON","permissionCode":"button:student-permission-template:create","sortNum":1,"status":"1","description":"学员权限模板页面的新增按钮","createdAt":"Mon Apr 20 00:05:46 CST 2026"},{"id":240,"parentId":115,"permissionName":"订单新增按钮","permissionType":"BUTTON","permissionCode":"button:order:create","sortNum":1,"status":"1","description":"订单管理页面的新增按钮","createdAt":"Sun Apr 12 23:10:59 CST 2026"},{"id":237,"parentId":114,"permissionName":"产品新增按钮","permissionType":"BUTTON","permissionCode":"button:product:create","sortNum":1,"status":"1","description":"产品管理页面的新增按钮","createdAt":"Sun Apr 12 14:19:04 CST 2026"},{"id":235,"parentId":112,"permissionName":"值班查看按钮","permissionType":"BUTTON","permissionCode":"button:duty:view","sortNum":1,"status":"1","description":"值班管理页面的查看按钮","createdAt":"Sun Apr 12 13:11:55 CST 2026"},{"id":234,"parentId":111,"permissionName":"老师课表查看按钮","permissionType":"BUTTON","permissionCode":"button:teacher-schedule:view","sortNum":1,"status":"1","description":"老师课表页面的查看按钮","createdAt":"Sun Apr 12 03:21:07 CST 2026"},{"id":231,"parentId":110,"permissionName":"课表查看按钮","permissionType":"BUTTON","permissionCode":"button:schedule:view","sortNum":1,"status":"1","description":"课表管理页面的查看按钮","createdAt":"Sat Apr 11 19:46:45 CST 2026"},{"id":227,"parentId":109,"permissionName":"班级新增按钮","permissionType":"BUTTON","permissionCode":"button:class:create","sortNum":1,"status":"1","description":"班级管理页面的新增按钮","createdAt":"Sat Apr 11 17:05:40 CST 2026"},{"id":218,"parentId":108,"permissionName":"课程新增按钮","permissionType":"BUTTON","permissionCode":"button:course:create","sortNum":1,"status":"1","description":"课程管理页面的新增按钮","createdAt":"Sat Apr 11 16:02:19 CST 2026"},{"id":215,"parentId":107,"permissionName":"校区新增按钮","permissionType":"BUTTON","permissionCode":"button:campus:create","sortNum":1,"status":"1","description":"校区管理页面的新增按钮","createdAt":"Sat Apr 11 15:49:16 CST 2026"},{"id":212,"parentId":105,"permissionName":"系统参数新增按钮","permissionType":"BUTTON","permissionCode":"button:config:create","sortNum":1,"status":"1","description":"系统参数页面的新增配置按钮","createdAt":"Fri Apr 10 20:08:09 CST 2026"},{"id":209,"parentId":104,"permissionName":"权限新增按钮","permissionType":"BUTTON","permissionCode":"button:permission:create","sortNum":1,"status":"1","description":"权限管理页面的新增权限按钮","createdAt":"Thu Apr 09 21:22:28 CST 2026"},{"id":205,"parentId":103,"permissionName":"角色新增按钮","permissionType":"BUTTON","permissionCode":"button:role:create","sortNum":1,"status":"1","description":"角色管理页面的新增角色按钮","createdAt":"Thu Apr 09 21:22:28 CST 2026"},{"id":201,"parentId":102,"permissionName":"用户新增按钮","permissionType":"BUTTON","permissionCode":"button:user:create","sortNum":1,"status":"ACTIVE","desc...(truncated)
2026-06-12 00:02:56.548 [http-nio-8080-exec-3] [7b0fb2bf] [1] DEBUG c.y.m.u.m.SysUserMapper.selectById - ==>  Preparing: select id, username, password, nickname, real_name, phone, email, union_id, status, created_at, updated_at from sys_user where id = ?
2026-06-12 00:02:56.548 [http-nio-8080-exec-3] [7b0fb2bf] [1] DEBUG c.y.m.u.m.SysUserMapper.selectById - ==> Parameters: 1(Long)
2026-06-12 00:02:56.549 [http-nio-8080-exec-3] [7b0fb2bf] [1] DEBUG c.y.m.u.m.SysUserMapper.selectById - <==      Total: 1
2026-06-12 00:02:56.549 [http-nio-8080-exec-3] [7b0fb2bf] [1] DEBUG c.y.m.u.m.S.selectRoleIdsByUserId - ==>  Preparing: select role_id from sys_user_role where user_id = ? order by role_id asc
2026-06-12 00:02:56.549 [http-nio-8080-exec-3] [7b0fb2bf] [1] DEBUG c.y.m.u.m.S.selectRoleIdsByUserId - ==> Parameters: 1(Long)
2026-06-12 00:02:56.549 [http-nio-8080-exec-3] [7b0fb2bf] [1] DEBUG c.y.m.u.m.S.selectRoleIdsByUserId - <==      Total: 1
2026-06-12 00:02:56.550 [http-nio-8080-exec-3] [7b0fb2bf] [1] DEBUG c.y.m.u.m.SysRoleMapper.selectList - ==>  Preparing: select id, role_code, role_name, description, status, created_at, updated_at from sys_role WHERE id in ( ? )
2026-06-12 00:02:56.550 [http-nio-8080-exec-3] [7b0fb2bf] [1] DEBUG c.y.m.u.m.SysRoleMapper.selectList - ==> Parameters: 1(Long)
2026-06-12 00:02:56.550 [http-nio-8080-exec-3] [7b0fb2bf] [1] DEBUG c.y.m.u.m.SysRoleMapper.selectList - <==      Total: 1
2026-06-12 00:02:56.550 [http-nio-8080-exec-3] [7b0fb2bf] [1] DEBUG c.y.m.u.m.S.selectPermissionIdsByRoleId - ==>  Preparing: select permission_id from sys_role_permission where role_id in ( ? ) order by permission_id asc
2026-06-12 00:02:56.552 [http-nio-8080-exec-3] [7b0fb2bf] [1] DEBUG c.y.m.u.m.S.selectPermissionIdsByRoleId - ==> Parameters: 1(Long)
2026-06-12 00:02:56.552 [http-nio-8080-exec-3] [7b0fb2bf] [1] DEBUG c.y.m.u.m.S.selectPermissionIdsByRoleId - <==      Total: 4
2026-06-12 00:02:56.552 [http-nio-8080-exec-3] [7b0fb2bf] [1] DEBUG c.y.m.u.m.S.selectList - ==>  Preparing: select id, parent_id, permission_code, permission_name, permission_type, api_path, sort_num, description, status, created_at, updated_at from sys_permission WHERE id in ( ? , ? , ? , ? )
2026-06-12 00:02:56.552 [http-nio-8080-exec-3] [7b0fb2bf] [1] DEBUG c.y.m.u.m.S.selectList - ==> Parameters: 101(Long), 106(Long), 113(Long), 117(Long)
2026-06-12 00:02:56.552 [http-nio-8080-exec-3] [7b0fb2bf] [1] DEBUG c.y.m.u.m.S.selectList - <==      Total: 4
2026-06-12 00:02:56.553 [http-nio-8080-exec-3] [7b0fb2bf] [1] INFO  c.y.common.aop.ControllerLogAspect - 接口开始: uri=/yq-admin/api/sysConfig, httpMethod=GET, controller=SysConfigController#listAll, args=[]
2026-06-12 00:02:56.553 [http-nio-8080-exec-3] [7b0fb2bf] [1] INFO  c.y.common.aop.ControllerLogAspect - 接口结束: uri=/yq-admin/api/sysConfig, controller=SysConfigController#listAll, cost=0ms, result={"code":200,"message":"success","data":[{"id":1,"k":"jwtSecretk","v":"yq-ai-admin-jwt-secret"},{"id":2,"k":"jwtExpireTime","v":"7200"},{"id":3,"k":"signSecretExpireSeconds","v":"7200"},{"id":4,"k":"signTimestampSkewSeconds","v":"300"},{"id":5,"k":"signNonceExpireSeconds","v":"300"},{"id":6,"k":"studentAiSummaryTriggerUncompressedCount","v":"6"},{"id":7,"k":"studentAiSummaryKeepRecentCount","v":"3"}]}
2026-06-12 00:02:57.502 [http-nio-8080-exec-4] [cf8ae5f4] [1] DEBUG c.y.m.u.m.SysUserMapper.selectById - ==>  Preparing: select id, username, password, nickname, real_name, phone, email, union_id, status, created_at, updated_at from sys_user where id = ?
2026-06-12 00:02:57.502 [http-nio-8080-exec-4] [cf8ae5f4] [1] DEBUG c.y.m.u.m.SysUserMapper.selectById - ==> Parameters: 1(Long)
2026-06-12 00:02:57.504 [http-nio-8080-exec-4] [cf8ae5f4] [1] DEBUG c.y.m.u.m.SysUserMapper.selectById - <==      Total: 1
2026-06-12 00:02:57.504 [http-nio-8080-exec-4] [cf8ae5f4] [1] DEBUG c.y.m.u.m.S.selectRoleIdsByUserId - ==>  Preparing: select role_id from sys_user_role where user_id = ? order by role_id asc
2026-06-12 00:02:57.504 [http-nio-8080-exec-4] [cf8ae5f4] [1] DEBUG c.y.m.u.m.S.selectRoleIdsByUserId - ==> Parameters: 1(Long)
2026-06-12 00:02:57.504 [http-nio-8080-exec-4] [cf8ae5f4] [1] DEBUG c.y.m.u.m.S.selectRoleIdsByUserId - <==      Total: 1
2026-06-12 00:02:57.505 [http-nio-8080-exec-4] [cf8ae5f4] [1] DEBUG c.y.m.u.m.SysRoleMapper.selectList - ==>  Preparing: select id, role_code, role_name, description, status, created_at, updated_at from sys_role WHERE id in ( ? )
2026-06-12 00:02:57.505 [http-nio-8080-exec-4] [cf8ae5f4] [1] DEBUG c.y.m.u.m.SysRoleMapper.selectList - ==> Parameters: 1(Long)
2026-06-12 00:02:57.505 [http-nio-8080-exec-4] [cf8ae5f4] [1] DEBUG c.y.m.u.m.SysRoleMapper.selectList - <==      Total: 1
2026-06-12 00:02:57.505 [http-nio-8080-exec-4] [cf8ae5f4] [1] DEBUG c.y.m.u.m.S.selectPermissionIdsByRoleId - ==>  Preparing: select permission_id from sys_role_permission where role_id in ( ? ) order by permission_id asc
2026-06-12 00:02:57.505 [http-nio-8080-exec-4] [cf8ae5f4] [1] DEBUG c.y.m.u.m.S.selectPermissionIdsByRoleId - ==> Parameters: 1(Long)
2026-06-12 00:02:57.505 [http-nio-8080-exec-4] [cf8ae5f4] [1] DEBUG c.y.m.u.m.S.selectPermissionIdsByRoleId - <==      Total: 4
2026-06-12 00:02:57.505 [http-nio-8080-exec-4] [cf8ae5f4] [1] DEBUG c.y.m.u.m.S.selectList - ==>  Preparing: select id, parent_id, permission_code, permission_name, permission_type, api_path, sort_num, description, status, created_at, updated_at from sys_permission WHERE id in ( ? , ? , ? , ? )
2026-06-12 00:02:57.505 [http-nio-8080-exec-4] [cf8ae5f4] [1] DEBUG c.y.m.u.m.S.selectList - ==> Parameters: 101(Long), 106(Long), 113(Long), 117(Long)
2026-06-12 00:02:57.506 [http-nio-8080-exec-4] [cf8ae5f4] [1] DEBUG c.y.m.u.m.S.selectList - <==      Total: 4
2026-06-12 00:02:57.506 [http-nio-8080-exec-4] [cf8ae5f4] [1] INFO  c.y.common.aop.ControllerLogAspect - 接口开始: uri=/yq-admin/api/sysUser, httpMethod=GET, controller=SysUserController#pageUser, args=[{"name":"req","value":{"pageNum":1,"pageSize":10}}]
2026-06-12 00:02:57.517 [http-nio-8080-exec-4] [cf8ae5f4] [1] DEBUG c.y.m.u.m.S.selectPage_COUNT - ==>  Preparing: SELECT count(0) FROM sys_user
2026-06-12 00:02:57.517 [http-nio-8080-exec-4] [cf8ae5f4] [1] DEBUG c.y.m.u.m.S.selectPage_COUNT - ==> Parameters: 
2026-06-12 00:02:57.518 [http-nio-8080-exec-4] [cf8ae5f4] [1] DEBUG c.y.m.u.m.S.selectPage_COUNT - <==      Total: 1
2026-06-12 00:02:57.519 [http-nio-8080-exec-4] [cf8ae5f4] [1] DEBUG c.y.m.u.m.SysUserMapper.selectPage - ==>  Preparing: select id, username, password, nickname, real_name, phone, email, union_id, status, created_at, updated_at from sys_user order by id desc LIMIT ?
2026-06-12 00:02:57.519 [http-nio-8080-exec-4] [cf8ae5f4] [1] DEBUG c.y.m.u.m.SysUserMapper.selectPage - ==> Parameters: 10(Integer)
2026-06-12 00:02:57.519 [http-nio-8080-exec-4] [cf8ae5f4] [1] DEBUG c.y.m.u.m.SysUserMapper.selectPage - <==      Total: 6
2026-06-12 00:02:57.520 [http-nio-8080-exec-4] [cf8ae5f4] [1] INFO  c.y.common.aop.ControllerLogAspect - 接口结束: uri=/yq-admin/api/sysUser, controller=SysUserController#pageUser, cost=13ms, result={"code":200,"message":"success","data":{"total":6,"pageNum":1,"pageSize":10,"records":[{"id":6,"username":"haha","nickname":"哈哈哈","realName":"哈哈","phone":"15118191032","email":"913038933@qq.com","status":"ACTIVE","createdAt":"Fri Apr 17 15:54:46 CST 2026"},{"id":5,"username":"laoshi2","nickname":"老师2","realName":"老师2","phone":"13762922584","status":"ACTIVE","createdAt":"Sun Apr 12 01:48:55 CST 2026"},{"id":4,"username":"laoshi1","nickname":"老师1","realName":"老师1","phone":"13273576020","status":"ACTIVE","createdAt":"Sun Apr 12 01:48:37 CST 2026"},{"id":3,"username":"banzhuren","nickname":"班主任老师","realName":"班主任老师","phone":"15118191032","status":"ACTIVE","createdAt":"Sat Apr 11 17:06:53 CST 2026"},{"id":2,"username":"huangjin","nickname":"黄瑾","realName":"黄瑾","phone":"13273672819","email":"913038933@qq.com","status":"ACTIVE","createdAt":"Thu Apr 09 22:04:43 CST 2026"},{"id":1,"username":"admin","nickname":"系统管理员","realName":"超级管理员","phone":"13800000000","email":"admin@yq.com","status":"ACTIVE","createdAt":"Thu Apr 09 20:50:39 CST 2026"}]}}
2026-06-12 00:02:58.411 [http-nio-8080-exec-5] [cf0ae674] [1] DEBUG c.y.m.u.m.SysUserMapper.selectById - ==>  Preparing: select id, username, password, nickname, real_name, phone, email, union_id, status, created_at, updated_at from sys_user where id = ?
2026-06-12 00:02:58.411 [http-nio-8080-exec-5] [cf0ae674] [1] DEBUG c.y.m.u.m.SysUserMapper.selectById - ==> Parameters: 1(Long)
2026-06-12 00:02:58.411 [http-nio-8080-exec-5] [cf0ae674] [1] DEBUG c.y.m.u.m.SysUserMapper.selectById - <==      Total: 1
2026-06-12 00:02:58.411 [http-nio-8080-exec-5] [cf0ae674] [1] DEBUG c.y.m.u.m.S.selectRoleIdsByUserId - ==>  Preparing: select role_id from sys_user_role where user_id = ? order by role_id asc
2026-06-12 00:02:58.411 [http-nio-8080-exec-5] [cf0ae674] [1] DEBUG c.y.m.u.m.S.selectRoleIdsByUserId - ==> Parameters: 1(Long)
2026-06-12 00:02:58.412 [http-nio-8080-exec-5] [cf0ae674] [1] DEBUG c.y.m.u.m.S.selectRoleIdsByUserId - <==      Total: 1
2026-06-12 00:02:58.412 [http-nio-8080-exec-5] [cf0ae674] [1] DEBUG c.y.m.u.m.SysRoleMapper.selectList - ==>  Preparing: select id, role_code, role_name, description, status, created_at, updated_at from sys_role WHERE id in ( ? )
2026-06-12 00:02:58.412 [http-nio-8080-exec-5] [cf0ae674] [1] DEBUG c.y.m.u.m.SysRoleMapper.selectList - ==> Parameters: 1(Long)
2026-06-12 00:02:58.413 [http-nio-8080-exec-5] [cf0ae674] [1] DEBUG c.y.m.u.m.SysRoleMapper.selectList - <==      Total: 1
2026-06-12 00:02:58.413 [http-nio-8080-exec-5] [cf0ae674] [1] DEBUG c.y.m.u.m.S.selectPermissionIdsByRoleId - ==>  Preparing: select permission_id from sys_role_permission where role_id in ( ? ) order by permission_id asc
2026-06-12 00:02:58.413 [http-nio-8080-exec-5] [cf0ae674] [1] DEBUG c.y.m.u.m.S.selectPermissionIdsByRoleId - ==> Parameters: 1(Long)
2026-06-12 00:02:58.414 [http-nio-8080-exec-5] [cf0ae674] [1] DEBUG c.y.m.u.m.S.selectPermissionIdsByRoleId - <==      Total: 4
2026-06-12 00:02:58.414 [http-nio-8080-exec-5] [cf0ae674] [1] DEBUG c.y.m.u.m.S.selectList - ==>  Preparing: select id, parent_id, permission_code, permission_name, permission_type, api_path, sort_num, description, status, created_at, updated_at from sys_permission WHERE id in ( ? , ? , ? , ? )
2026-06-12 00:02:58.414 [http-nio-8080-exec-5] [cf0ae674] [1] DEBUG c.y.m.u.m.S.selectList - ==> Parameters: 101(Long), 106(Long), 113(Long), 117(Long)
2026-06-12 00:02:58.414 [http-nio-8080-exec-5] [cf0ae674] [1] DEBUG c.y.m.u.m.S.selectList - <==      Total: 4
2026-06-12 00:02:58.415 [http-nio-8080-exec-5] [cf0ae674] [1] INFO  c.y.common.aop.ControllerLogAspect - 接口开始: uri=/yq-admin/api/sysRole, httpMethod=GET, controller=SysRoleController#pageRole, args=[{"name":"req","value":{"pageNum":1,"pageSize":10}}]
2026-06-12 00:02:58.420 [http-nio-8080-exec-5] [cf0ae674] [1] DEBUG c.y.m.u.m.S.selectPage_COUNT - ==>  Preparing: SELECT count(0) FROM sys_role
2026-06-12 00:02:58.420 [http-nio-8080-exec-5] [cf0ae674] [1] DEBUG c.y.m.u.m.S.selectPage_COUNT - ==> Parameters: 
2026-06-12 00:02:58.421 [http-nio-8080-exec-5] [cf0ae674] [1] DEBUG c.y.m.u.m.S.selectPage_COUNT - <==      Total: 1
2026-06-12 00:02:58.421 [http-nio-8080-exec-5] [cf0ae674] [1] DEBUG c.y.m.u.m.SysRoleMapper.selectPage - ==>  Preparing: select id, role_code, role_name, description, status, created_at, updated_at from sys_role order by id desc LIMIT ?
2026-06-12 00:02:58.421 [http-nio-8080-exec-5] [cf0ae674] [1] DEBUG c.y.m.u.m.SysRoleMapper.selectPage - ==> Parameters: 10(Integer)
2026-06-12 00:02:58.421 [http-nio-8080-exec-5] [cf0ae674] [1] DEBUG c.y.m.u.m.SysRoleMapper.selectPage - <==      Total: 3
2026-06-12 00:02:58.422 [http-nio-8080-exec-5] [cf0ae674] [1] INFO  c.y.common.aop.ControllerLogAspect - 接口结束: uri=/yq-admin/api/sysRole, controller=SysRoleController#pageRole, cost=6ms, result={"code":200,"message":"success","data":{"total":3,"pageNum":1,"pageSize":10,"records":[{"id":3,"roleCode":"head_teacher","roleName":"班主任","description":"班主任","status":"ACTIVE","createdAt":"Sat Apr 11 17:06:26 CST 2026"},{"id":2,"roleCode":"teacher","roleName":"讲师","status":"ACTIVE","createdAt":"Thu Apr 09 21:28:05 CST 2026"},{"id":1,"roleCode":"SUPER_ADMIN","roleName":"超级管理员","description":"拥有全部后台权限","status":"ACTIVE","createdAt":"Thu Apr 09 20:50:38 CST 2026"}]}}
2026-06-12 00:02:58.968 [http-nio-8080-exec-6] [56114d6e] [1] DEBUG c.y.m.u.m.SysUserMapper.selectById - ==>  Preparing: select id, username, password, nickname, real_name, phone, email, union_id, status, created_at, updated_at from sys_user where id = ?
2026-06-12 00:02:58.968 [http-nio-8080-exec-6] [56114d6e] [1] DEBUG c.y.m.u.m.SysUserMapper.selectById - ==> Parameters: 1(Long)
2026-06-12 00:02:58.969 [http-nio-8080-exec-6] [56114d6e] [1] DEBUG c.y.m.u.m.SysUserMapper.selectById - <==      Total: 1
2026-06-12 00:02:58.969 [http-nio-8080-exec-6] [56114d6e] [1] DEBUG c.y.m.u.m.S.selectRoleIdsByUserId - ==>  Preparing: select role_id from sys_user_role where user_id = ? order by role_id asc
2026-06-12 00:02:58.969 [http-nio-8080-exec-6] [56114d6e] [1] DEBUG c.y.m.u.m.S.selectRoleIdsByUserId - ==> Parameters: 1(Long)
2026-06-12 00:02:58.969 [http-nio-8080-exec-6] [56114d6e] [1] DEBUG c.y.m.u.m.S.selectRoleIdsByUserId - <==      Total: 1
2026-06-12 00:02:58.970 [http-nio-8080-exec-6] [56114d6e] [1] DEBUG c.y.m.u.m.SysRoleMapper.selectList - ==>  Preparing: select id, role_code, role_name, description, status, created_at, updated_at from sys_role WHERE id in ( ? )
2026-06-12 00:02:58.970 [http-nio-8080-exec-6] [56114d6e] [1] DEBUG c.y.m.u.m.SysRoleMapper.selectList - ==> Parameters: 1(Long)
2026-06-12 00:02:58.970 [http-nio-8080-exec-6] [56114d6e] [1] DEBUG c.y.m.u.m.SysRoleMapper.selectList - <==      Total: 1
2026-06-12 00:02:58.970 [http-nio-8080-exec-6] [56114d6e] [1] DEBUG c.y.m.u.m.S.selectPermissionIdsByRoleId - ==>  Preparing: select permission_id from sys_role_permission where role_id in ( ? ) order by permission_id asc
2026-06-12 00:02:58.970 [http-nio-8080-exec-6] [56114d6e] [1] DEBUG c.y.m.u.m.S.selectPermissionIdsByRoleId - ==> Parameters: 1(Long)
2026-06-12 00:02:58.971 [http-nio-8080-exec-6] [56114d6e] [1] DEBUG c.y.m.u.m.S.selectPermissionIdsByRoleId - <==      Total: 4
2026-06-12 00:02:58.971 [http-nio-8080-exec-6] [56114d6e] [1] DEBUG c.y.m.u.m.S.selectList - ==>  Preparing: select id, parent_id, permission_code, permission_name, permission_type, api_path, sort_num, description, status, created_at, updated_at from sys_permission WHERE id in ( ? , ? , ? , ? )
2026-06-12 00:02:58.971 [http-nio-8080-exec-6] [56114d6e] [1] DEBUG c.y.m.u.m.S.selectList - ==> Parameters: 101(Long), 106(Long), 113(Long), 117(Long)
2026-06-12 00:02:58.971 [http-nio-8080-exec-6] [56114d6e] [1] DEBUG c.y.m.u.m.S.selectList - <==      Total: 4
2026-06-12 00:02:58.972 [http-nio-8080-exec-6] [56114d6e] [1] INFO  c.y.common.aop.ControllerLogAspect - 接口开始: uri=/yq-admin/api/sysPermission, httpMethod=GET, controller=SysPermissionController#pagePermission, args=[{"name":"req","value":{"pageNum":1,"pageSize":1000}}]
2026-06-12 00:02:58.978 [http-nio-8080-exec-6] [56114d6e] [1] DEBUG c.y.m.u.m.S.selectPage_COUNT - ==>  Preparing: SELECT count(0) FROM sys_permission
2026-06-12 00:02:58.978 [http-nio-8080-exec-6] [56114d6e] [1] DEBUG c.y.m.u.m.S.selectPage_COUNT - ==> Parameters: 
2026-06-12 00:02:58.979 [http-nio-8080-exec-6] [56114d6e] [1] DEBUG c.y.m.u.m.S.selectPage_COUNT - <==      Total: 1
2026-06-12 00:02:58.981 [http-nio-8080-exec-6] [56114d6e] [1] DEBUG c.y.m.u.m.S.selectPage - ==>  Preparing: select id, parent_id, permission_code, permission_name, permission_type, api_path, sort_num, description, status, created_at, updated_at from sys_permission order by sort_num asc, id desc LIMIT ?
2026-06-12 00:02:58.981 [http-nio-8080-exec-6] [56114d6e] [1] DEBUG c.y.m.u.m.S.selectPage - ==> Parameters: 1000(Integer)
2026-06-12 00:02:58.983 [http-nio-8080-exec-6] [56114d6e] [1] DEBUG c.y.m.u.m.S.selectPage - <==      Total: 177
2026-06-12 00:02:58.985 [http-nio-8080-exec-6] [56114d6e] [1] INFO  c.y.common.aop.ControllerLogAspect - 接口结束: uri=/yq-admin/api/sysPermission, controller=SysPermissionController#pagePermission, cost=12ms, result={"code":200,"message":"success","data":{"total":177,"pageNum":1,"pageSize":1000,"records":[{"id":287,"parentId":286,"permissionName":"面试复盘上传音频按钮","permissionType":"BUTTON","permissionCode":"button:interview-review:upload","sortNum":1,"status":"1","description":"面试复盘页面的上传音频按钮","createdAt":"Wed May 20 22:13:56 CST 2026"},{"id":272,"parentId":271,"permissionName":"自媒体生成选题按钮","permissionType":"BUTTON","permissionCode":"button:media-agent:generate-topics","sortNum":1,"status":"1","description":"自媒体创作页面的生成选题按钮","createdAt":"Sat May 09 16:32:32 CST 2026"},{"id":268,"parentId":267,"permissionName":"数据分析执行按钮","permissionType":"BUTTON","permissionCode":"button:data-analysis:analyze","sortNum":1,"status":"1","description":"数据分析页面的开始分析按钮","createdAt":"Fri May 08 16:42:19 CST 2026"},{"id":249,"parentId":121,"permissionName":"发布作业按钮","permissionType":"BUTTON","permissionCode":"button:homework:create","sortNum":1,"status":"1","description":"作业管理页面的发布作业按钮","createdAt":"Wed Apr 22 16:21:14 CST 2026"},{"id":247,"parentId":118,"permissionName":"学生绑定权限模板按钮","permissionType":"BUTTON","permissionCode":"button:student:bind-permission-template","sortNum":1,"status":"1","description":"学生管理页面的绑定权限模板按钮","createdAt":"Wed Apr 22 14:20:45 CST 2026"},{"id":243,"parentId":119,"permissionName":"学员权限模板新增按钮","permissionType":"BUTTON","permissionCode":"button:student-permission-template:create","sortNum":1,"status":"1","description":"学员权限模板页面的新增按钮","createdAt":"Mon Apr 20 00:05:46 CST 2026"},{"id":240,"parentId":115,"permissionName":"订单新增按钮","permissionType":"BUTTON","permissionCode":"button:order:create","sortNum":1,"status":"1","description":"订单管理页面的新增按钮","createdAt":"Sun Apr 12 23:10:59 CST 2026"},{"id":237,"parentId":114,"permissionName":"产品新增按钮","permissionType":"BUTTON","permissionCode":"button:product:create","sortNum":1,"status":"1","description":"产品管理页面的新增按钮","createdAt":"Sun Apr 12 14:19:04 CST 2026"},{"id":235,"parentId":112,"permissionName":"值班查看按钮","permissionType":"BUTTON","permissionCode":"button:duty:view","sortNum":1,"status":"1","description":"值班管理页面的查看按钮","createdAt":"Sun Apr 12 13:11:55 CST 2026"},{"id":234,"parentId":111,"permissionName":"老师课表查看按钮","permissionType":"BUTTON","permissionCode":"button:teacher-schedule:view","sortNum":1,"status":"1","description":"老师课表页面的查看按钮","createdAt":"Sun Apr 12 03:21:07 CST 2026"},{"id":231,"parentId":110,"permissionName":"课表查看按钮","permissionType":"BUTTON","permissionCode":"button:schedule:view","sortNum":1,"status":"1","description":"课表管理页面的查看按钮","createdAt":"Sat Apr 11 19:46:45 CST 2026"},{"id":227,"parentId":109,"permissionName":"班级新增按钮","permissionType":"BUTTON","permissionCode":"button:class:create","sortNum":1,"status":"1","description":"班级管理页面的新增按钮","createdAt":"Sat Apr 11 17:05:40 CST 2026"},{"id":218,"parentId":108,"permissionName":"课程新增按钮","permissionType":"BUTTON","permissionCode":"button:course:create","sortNum":1,"status":"1","description":"课程管理页面的新增按钮","createdAt":"Sat Apr 11 16:02:19 CST 2026"},{"id":215,"parentId":107,"permissionName":"校区新增按钮","permissionType":"BUTTON","permissionCode":"button:campus:create","sortNum":1,"status":"1","description":"校区管理页面的新增按钮","createdAt":"Sat Apr 11 15:49:16 CST 2026"},{"id":212,"parentId":105,"permissionName":"系统参数新增按钮","permissionType":"BUTTON","permissionCode":"button:config:create","sortNum":1,"status":"1","description":"系统参数页面的新增配置按钮","createdAt":"Fri Apr 10 20:08:09 CST 2026"},{"id":209,"parentId":104,"permissionName":"权限新增按钮","permissionType":"BUTTON","permissionCode":"button:permission:create","sortNum":1,"status":"1","description":"权限管理页面的新增权限按钮","createdAt":"Thu Apr 09 21:22:28 CST 2026"},{"id":205,"parentId":103,"permissionName":"角色新增按钮","permissionType":"BUTTON","permissionCode":"button:role:create","sortNum":1,"status":"1","description":"角色管理页面的新增角色按钮","createdAt":"Thu Apr 09 21:22:28 CST 2026"},{"id":201,"parentId":102,"permissionName":"用户新增按钮","permissionType":"BUTTON","permissionCode":"button:user:create","sortNum":1,"status":"ACTIVE","desc...(truncated)
2026-06-12 00:02:59.455 [http-nio-8080-exec-7] [2334f0cb] [1] DEBUG c.y.m.u.m.SysUserMapper.selectById - ==>  Preparing: select id, username, password, nickname, real_name, phone, email, union_id, status, created_at, updated_at from sys_user where id = ?
2026-06-12 00:02:59.455 [http-nio-8080-exec-7] [2334f0cb] [1] DEBUG c.y.m.u.m.SysUserMapper.selectById - ==> Parameters: 1(Long)
2026-06-12 00:02:59.456 [http-nio-8080-exec-7] [2334f0cb] [1] DEBUG c.y.m.u.m.SysUserMapper.selectById - <==      Total: 1
2026-06-12 00:02:59.456 [http-nio-8080-exec-7] [2334f0cb] [1] DEBUG c.y.m.u.m.S.selectRoleIdsByUserId - ==>  Preparing: select role_id from sys_user_role where user_id = ? order by role_id asc
2026-06-12 00:02:59.456 [http-nio-8080-exec-7] [2334f0cb] [1] DEBUG c.y.m.u.m.S.selectRoleIdsByUserId - ==> Parameters: 1(Long)
2026-06-12 00:02:59.456 [http-nio-8080-exec-7] [2334f0cb] [1] DEBUG c.y.m.u.m.S.selectRoleIdsByUserId - <==      Total: 1
2026-06-12 00:02:59.457 [http-nio-8080-exec-7] [2334f0cb] [1] DEBUG c.y.m.u.m.SysRoleMapper.selectList - ==>  Preparing: select id, role_code, role_name, description, status, created_at, updated_at from sys_role WHERE id in ( ? )
2026-06-12 00:02:59.457 [http-nio-8080-exec-7] [2334f0cb] [1] DEBUG c.y.m.u.m.SysRoleMapper.selectList - ==> Parameters: 1(Long)
2026-06-12 00:02:59.457 [http-nio-8080-exec-7] [2334f0cb] [1] DEBUG c.y.m.u.m.SysRoleMapper.selectList - <==      Total: 1
2026-06-12 00:02:59.458 [http-nio-8080-exec-7] [2334f0cb] [1] DEBUG c.y.m.u.m.S.selectPermissionIdsByRoleId - ==>  Preparing: select permission_id from sys_role_permission where role_id in ( ? ) order by permission_id asc
2026-06-12 00:02:59.458 [http-nio-8080-exec-7] [2334f0cb] [1] DEBUG c.y.m.u.m.S.selectPermissionIdsByRoleId - ==> Parameters: 1(Long)
2026-06-12 00:02:59.459 [http-nio-8080-exec-7] [2334f0cb] [1] DEBUG c.y.m.u.m.S.selectPermissionIdsByRoleId - <==      Total: 4
2026-06-12 00:02:59.459 [http-nio-8080-exec-7] [2334f0cb] [1] DEBUG c.y.m.u.m.S.selectList - ==>  Preparing: select id, parent_id, permission_code, permission_name, permission_type, api_path, sort_num, description, status, created_at, updated_at from sys_permission WHERE id in ( ? , ? , ? , ? )
2026-06-12 00:02:59.459 [http-nio-8080-exec-7] [2334f0cb] [1] DEBUG c.y.m.u.m.S.selectList - ==> Parameters: 101(Long), 106(Long), 113(Long), 117(Long)
2026-06-12 00:02:59.460 [http-nio-8080-exec-7] [2334f0cb] [1] DEBUG c.y.m.u.m.S.selectList - <==      Total: 4
2026-06-12 00:02:59.460 [http-nio-8080-exec-7] [2334f0cb] [1] INFO  c.y.common.aop.ControllerLogAspect - 接口开始: uri=/yq-admin/api/sysConfig, httpMethod=GET, controller=SysConfigController#listAll, args=[]
2026-06-12 00:02:59.461 [http-nio-8080-exec-7] [2334f0cb] [1] INFO  c.y.common.aop.ControllerLogAspect - 接口结束: uri=/yq-admin/api/sysConfig, controller=SysConfigController#listAll, cost=1ms, result={"code":200,"message":"success","data":[{"id":1,"k":"jwtSecretk","v":"yq-ai-admin-jwt-secret"},{"id":2,"k":"jwtExpireTime","v":"7200"},{"id":3,"k":"signSecretExpireSeconds","v":"7200"},{"id":4,"k":"signTimestampSkewSeconds","v":"300"},{"id":5,"k":"signNonceExpireSeconds","v":"300"},{"id":6,"k":"studentAiSummaryTriggerUncompressedCount","v":"6"},{"id":7,"k":"studentAiSummaryKeepRecentCount","v":"3"}]}
2026-06-12 00:02:59.997 [http-nio-8080-exec-8] [c1609cc7] [1] DEBUG c.y.m.u.m.SysUserMapper.selectById - ==>  Preparing: select id, username, password, nickname, real_name, phone, email, union_id, status, created_at, updated_at from sys_user where id = ?
2026-06-12 00:02:59.997 [http-nio-8080-exec-8] [c1609cc7] [1] DEBUG c.y.m.u.m.SysUserMapper.selectById - ==> Parameters: 1(Long)
2026-06-12 00:02:59.998 [http-nio-8080-exec-8] [c1609cc7] [1] DEBUG c.y.m.u.m.SysUserMapper.selectById - <==      Total: 1
2026-06-12 00:02:59.998 [http-nio-8080-exec-8] [c1609cc7] [1] DEBUG c.y.m.u.m.S.selectRoleIdsByUserId - ==>  Preparing: select role_id from sys_user_role where user_id = ? order by role_id asc
2026-06-12 00:02:59.999 [http-nio-8080-exec-8] [c1609cc7] [1] DEBUG c.y.m.u.m.S.selectRoleIdsByUserId - ==> Parameters: 1(Long)
2026-06-12 00:02:59.999 [http-nio-8080-exec-8] [c1609cc7] [1] DEBUG c.y.m.u.m.S.selectRoleIdsByUserId - <==      Total: 1
2026-06-12 00:03:00.000 [http-nio-8080-exec-8] [c1609cc7] [1] DEBUG c.y.m.u.m.SysRoleMapper.selectList - ==>  Preparing: select id, role_code, role_name, description, status, created_at, updated_at from sys_role WHERE id in ( ? )
2026-06-12 00:03:00.000 [http-nio-8080-exec-8] [c1609cc7] [1] DEBUG c.y.m.u.m.SysRoleMapper.selectList - ==> Parameters: 1(Long)
2026-06-12 00:03:00.000 [http-nio-8080-exec-8] [c1609cc7] [1] DEBUG c.y.m.u.m.SysRoleMapper.selectList - <==      Total: 1
2026-06-12 00:03:00.000 [http-nio-8080-exec-8] [c1609cc7] [1] DEBUG c.y.m.u.m.S.selectPermissionIdsByRoleId - ==>  Preparing: select permission_id from sys_role_permission where role_id in ( ? ) order by permission_id asc
2026-06-12 00:03:00.000 [http-nio-8080-exec-8] [c1609cc7] [1] DEBUG c.y.m.u.m.S.selectPermissionIdsByRoleId - ==> Parameters: 1(Long)
2026-06-12 00:03:00.000 [http-nio-8080-exec-8] [c1609cc7] [1] DEBUG c.y.m.u.m.S.selectPermissionIdsByRoleId - <==      Total: 4
2026-06-12 00:03:00.002 [http-nio-8080-exec-8] [c1609cc7] [1] DEBUG c.y.m.u.m.S.selectList - ==>  Preparing: select id, parent_id, permission_code, permission_name, permission_type, api_path, sort_num, description, status, created_at, updated_at from sys_permission WHERE id in ( ? , ? , ? , ? )
2026-06-12 00:03:00.002 [http-nio-8080-exec-8] [c1609cc7] [1] DEBUG c.y.m.u.m.S.selectList - ==> Parameters: 101(Long), 106(Long), 113(Long), 117(Long)
2026-06-12 00:03:00.003 [http-nio-8080-exec-8] [c1609cc7] [1] DEBUG c.y.m.u.m.S.selectList - <==      Total: 4
2026-06-12 00:03:00.007 [http-nio-8080-exec-8] [c1609cc7] [1] INFO  c.y.common.aop.ControllerLogAspect - 接口开始: uri=/yq-admin/api/eduClass, httpMethod=GET, controller=EduClassController#pageClass, args=[{"name":"req","value":{"pageNum":1,"pageSize":10}}]
2026-06-12 00:03:00.014 [http-nio-8080-exec-8] [c1609cc7] [1] DEBUG c.y.m.e.m.E.selectPage_COUNT - ==>  Preparing: SELECT count(0) FROM edu_class
2026-06-12 00:03:00.014 [http-nio-8080-exec-8] [c1609cc7] [1] DEBUG c.y.m.e.m.E.selectPage_COUNT - ==> Parameters: 
2026-06-12 00:03:00.018 [http-nio-8080-exec-8] [c1609cc7] [1] DEBUG c.y.m.e.m.E.selectPage_COUNT - <==      Total: 1
2026-06-12 00:03:00.018 [http-nio-8080-exec-8] [c1609cc7] [1] DEBUG c.y.m.e.m.EduClassMapper.selectPage - ==>  Preparing: select id, class_term, campus_id, head_teacher_id, class_status, start_time, course_id, student_count, created_at, updated_at from edu_class order by id desc LIMIT ?
2026-06-12 00:03:00.018 [http-nio-8080-exec-8] [c1609cc7] [1] DEBUG c.y.m.e.m.EduClassMapper.selectPage - ==> Parameters: 10(Integer)
2026-06-12 00:03:00.019 [http-nio-8080-exec-8] [c1609cc7] [1] DEBUG c.y.m.e.m.EduClassMapper.selectPage - <==      Total: 3
2026-06-12 00:03:00.020 [http-nio-8080-exec-8] [c1609cc7] [1] INFO  c.y.common.aop.ControllerLogAspect - 接口结束: uri=/yq-admin/api/eduClass, controller=EduClassController#pageClass, cost=13ms, result={"code":200,"message":"success","data":{"total":3,"pageNum":1,"pageSize":10,"records":[{"id":3,"classTerm":3,"campusId":1,"headTeacherId":3,"classStatus":"WAITING","startTime":"Thu Apr 16 00:00:00 CST 2026","courseId":1,"studentCount":0,"createdAt":"Mon Apr 13 20:34:39 CST 2026"},{"id":2,"classTerm":2,"campusId":1,"headTeacherId":3,"classStatus":"WAITING","startTime":"Mon Apr 13 00:00:00 CST 2026","courseId":1,"studentCount":0,"createdAt":"Mon Apr 13 20:15:52 CST 2026"},{"id":1,"classTerm":1,"campusId":1,"headTeacherId":3,"classStatus":"WAITING","startTime":"Mon Apr 13 00:00:00 CST 2026","courseId":1,"studentCount":0,"createdAt":"Sat Apr 11 17:09:28 CST 2026"}]}}
2026-06-12 00:03:00.467 [http-nio-8080-exec-9] [5ea8c0aa] [1] DEBUG c.y.m.u.m.SysUserMapper.selectById - ==>  Preparing: select id, username, password, nickname, real_name, phone, email, union_id, status, created_at, updated_at from sys_user where id = ?
2026-06-12 00:03:00.467 [http-nio-8080-exec-9] [5ea8c0aa] [1] DEBUG c.y.m.u.m.SysUserMapper.selectById - ==> Parameters: 1(Long)
2026-06-12 00:03:00.468 [http-nio-8080-exec-9] [5ea8c0aa] [1] DEBUG c.y.m.u.m.SysUserMapper.selectById - <==      Total: 1
2026-06-12 00:03:00.468 [http-nio-8080-exec-9] [5ea8c0aa] [1] DEBUG c.y.m.u.m.S.selectRoleIdsByUserId - ==>  Preparing: select role_id from sys_user_role where user_id = ? order by role_id asc
2026-06-12 00:03:00.468 [http-nio-8080-exec-9] [5ea8c0aa] [1] DEBUG c.y.m.u.m.S.selectRoleIdsByUserId - ==> Parameters: 1(Long)
2026-06-12 00:03:00.469 [http-nio-8080-exec-9] [5ea8c0aa] [1] DEBUG c.y.m.u.m.S.selectRoleIdsByUserId - <==      Total: 1
2026-06-12 00:03:00.469 [http-nio-8080-exec-9] [5ea8c0aa] [1] DEBUG c.y.m.u.m.SysRoleMapper.selectList - ==>  Preparing: select id, role_code, role_name, description, status, created_at, updated_at from sys_role WHERE id in ( ? )
2026-06-12 00:03:00.469 [http-nio-8080-exec-9] [5ea8c0aa] [1] DEBUG c.y.m.u.m.SysRoleMapper.selectList - ==> Parameters: 1(Long)
2026-06-12 00:03:00.470 [http-nio-8080-exec-9] [5ea8c0aa] [1] DEBUG c.y.m.u.m.SysRoleMapper.selectList - <==      Total: 1
2026-06-12 00:03:00.470 [http-nio-8080-exec-9] [5ea8c0aa] [1] DEBUG c.y.m.u.m.S.selectPermissionIdsByRoleId - ==>  Preparing: select permission_id from sys_role_permission where role_id in ( ? ) order by permission_id asc
2026-06-12 00:03:00.470 [http-nio-8080-exec-9] [5ea8c0aa] [1] DEBUG c.y.m.u.m.S.selectPermissionIdsByRoleId - ==> Parameters: 1(Long)
2026-06-12 00:03:00.470 [http-nio-8080-exec-9] [5ea8c0aa] [1] DEBUG c.y.m.u.m.S.selectPermissionIdsByRoleId - <==      Total: 4
2026-06-12 00:03:00.471 [http-nio-8080-exec-9] [5ea8c0aa] [1] DEBUG c.y.m.u.m.S.selectList - ==>  Preparing: select id, parent_id, permission_code, permission_name, permission_type, api_path, sort_num, description, status, created_at, updated_at from sys_permission WHERE id in ( ? , ? , ? , ? )
2026-06-12 00:03:00.471 [http-nio-8080-exec-9] [5ea8c0aa] [1] DEBUG c.y.m.u.m.S.selectList - ==> Parameters: 101(Long), 106(Long), 113(Long), 117(Long)
2026-06-12 00:03:00.472 [http-nio-8080-exec-9] [5ea8c0aa] [1] DEBUG c.y.m.u.m.S.selectList - <==      Total: 4
2026-06-12 00:03:00.475 [http-nio-8080-exec-9] [5ea8c0aa] [1] INFO  c.y.common.aop.ControllerLogAspect - 接口开始: uri=/yq-admin/api/eduCampus, httpMethod=GET, controller=EduCampusController#pageCampus, args=[{"name":"req","value":{"pageNum":1,"pageSize":10}}]
2026-06-12 00:03:00.480 [http-nio-8080-exec-9] [5ea8c0aa] [1] DEBUG c.y.m.e.m.E.selectPage_COUNT - ==>  Preparing: SELECT count(0) FROM edu_campus
2026-06-12 00:03:00.480 [http-nio-8080-exec-9] [5ea8c0aa] [1] DEBUG c.y.m.e.m.E.selectPage_COUNT - ==> Parameters: 
2026-06-12 00:03:00.482 [http-nio-8080-exec-9] [5ea8c0aa] [1] DEBUG c.y.m.e.m.E.selectPage_COUNT - <==      Total: 1
2026-06-12 00:03:00.482 [http-nio-8080-exec-9] [5ea8c0aa] [1] DEBUG c.y.m.e.m.EduCampusMapper.selectPage - ==>  Preparing: select id, campus_name, principal_user_id, address, contact_phone, remark, status, created_at, updated_at from edu_campus order by id desc LIMIT ?
2026-06-12 00:03:00.482 [http-nio-8080-exec-9] [5ea8c0aa] [1] DEBUG c.y.m.e.m.EduCampusMapper.selectPage - ==> Parameters: 10(Integer)
2026-06-12 00:03:00.483 [http-nio-8080-exec-9] [5ea8c0aa] [1] DEBUG c.y.m.e.m.EduCampusMapper.selectPage - <==      Total: 1
2026-06-12 00:03:00.485 [http-nio-8080-exec-9] [5ea8c0aa] [1] INFO  c.y.common.aop.ControllerLogAspect - 接口结束: uri=/yq-admin/api/eduCampus, controller=EduCampusController#pageCampus, cost=10ms, result={"code":200,"message":"success","data":{"total":1,"pageNum":1,"pageSize":10,"records":[{"id":1,"campusName":"杭州校区","principalUserId":2,"address":"杭州市余杭区","contactPhone":"13549684561","status":1,"createdAt":"Sat Apr 11 15:51:21 CST 2026","updatedAt":"Sat Apr 11 15:51:21 CST 2026"}]}}
2026-06-12 00:03:00.948 [http-nio-8080-exec-10] [601ab2ad] [1] DEBUG c.y.m.u.m.SysUserMapper.selectById - ==>  Preparing: select id, username, password, nickname, real_name, phone, email, union_id, status, created_at, updated_at from sys_user where id = ?
2026-06-12 00:03:00.948 [http-nio-8080-exec-10] [601ab2ad] [1] DEBUG c.y.m.u.m.SysUserMapper.selectById - ==> Parameters: 1(Long)
2026-06-12 00:03:00.949 [http-nio-8080-exec-10] [601ab2ad] [1] DEBUG c.y.m.u.m.SysUserMapper.selectById - <==      Total: 1
2026-06-12 00:03:00.949 [http-nio-8080-exec-10] [601ab2ad] [1] DEBUG c.y.m.u.m.S.selectRoleIdsByUserId - ==>  Preparing: select role_id from sys_user_role where user_id = ? order by role_id asc
2026-06-12 00:03:00.949 [http-nio-8080-exec-10] [601ab2ad] [1] DEBUG c.y.m.u.m.S.selectRoleIdsByUserId - ==> Parameters: 1(Long)
2026-06-12 00:03:00.950 [http-nio-8080-exec-10] [601ab2ad] [1] DEBUG c.y.m.u.m.S.selectRoleIdsByUserId - <==      Total: 1
2026-06-12 00:03:00.950 [http-nio-8080-exec-10] [601ab2ad] [1] DEBUG c.y.m.u.m.SysRoleMapper.selectList - ==>  Preparing: select id, role_code, role_name, description, status, created_at, updated_at from sys_role WHERE id in ( ? )
2026-06-12 00:03:00.950 [http-nio-8080-exec-10] [601ab2ad] [1] DEBUG c.y.m.u.m.SysRoleMapper.selectList - ==> Parameters: 1(Long)
2026-06-12 00:03:00.951 [http-nio-8080-exec-10] [601ab2ad] [1] DEBUG c.y.m.u.m.SysRoleMapper.selectList - <==      Total: 1
2026-06-12 00:03:00.951 [http-nio-8080-exec-10] [601ab2ad] [1] DEBUG c.y.m.u.m.S.selectPermissionIdsByRoleId - ==>  Preparing: select permission_id from sys_role_permission where role_id in ( ? ) order by permission_id asc
2026-06-12 00:03:00.951 [http-nio-8080-exec-10] [601ab2ad] [1] DEBUG c.y.m.u.m.S.selectPermissionIdsByRoleId - ==> Parameters: 1(Long)
2026-06-12 00:03:00.952 [http-nio-8080-exec-10] [601ab2ad] [1] DEBUG c.y.m.u.m.S.selectPermissionIdsByRoleId - <==      Total: 4
2026-06-12 00:03:00.952 [http-nio-8080-exec-10] [601ab2ad] [1] DEBUG c.y.m.u.m.S.selectList - ==>  Preparing: select id, parent_id, permission_code, permission_name, permission_type, api_path, sort_num, description, status, created_at, updated_at from sys_permission WHERE id in ( ? , ? , ? , ? )
2026-06-12 00:03:00.952 [http-nio-8080-exec-10] [601ab2ad] [1] DEBUG c.y.m.u.m.S.selectList - ==> Parameters: 101(Long), 106(Long), 113(Long), 117(Long)
2026-06-12 00:03:00.953 [http-nio-8080-exec-10] [601ab2ad] [1] DEBUG c.y.m.u.m.S.selectList - <==      Total: 4
2026-06-12 00:03:00.956 [http-nio-8080-exec-10] [601ab2ad] [1] INFO  c.y.common.aop.ControllerLogAspect - 接口开始: uri=/yq-admin/api/eduStudent, httpMethod=GET, controller=EduStudentController#pageStudent, args=[{"name":"req","value":{"pageNum":1,"pageSize":10}}]
2026-06-12 00:03:00.963 [http-nio-8080-exec-10] [601ab2ad] [1] DEBUG c.y.m.e.m.E.selectPage_COUNT - ==>  Preparing: SELECT count(0) FROM edu_student
2026-06-12 00:03:00.963 [http-nio-8080-exec-10] [601ab2ad] [1] DEBUG c.y.m.e.m.E.selectPage_COUNT - ==> Parameters: 
2026-06-12 00:03:00.965 [http-nio-8080-exec-10] [601ab2ad] [1] DEBUG c.y.m.e.m.E.selectPage_COUNT - <==      Total: 1
2026-06-12 00:03:00.965 [http-nio-8080-exec-10] [601ab2ad] [1] DEBUG c.y.m.e.m.E.selectPage - ==>  Preparing: select id, student_code, student_name, phone, graduation_session, school, education, study_mode, class_id, product_id, join_time, created_at, updated_at from edu_student order by id desc LIMIT ?
2026-06-12 00:03:00.965 [http-nio-8080-exec-10] [601ab2ad] [1] DEBUG c.y.m.e.m.E.selectPage - ==> Parameters: 10(Integer)
2026-06-12 00:03:00.966 [http-nio-8080-exec-10] [601ab2ad] [1] DEBUG c.y.m.e.m.E.selectPage - <==      Total: 10
2026-06-12 00:03:00.967 [http-nio-8080-exec-10] [601ab2ad] [1] INFO  c.y.common.aop.ControllerLogAspect - 接口结束: uri=/yq-admin/api/eduStudent, controller=EduStudentController#pageStudent, cost=11ms, result={"code":200,"message":"success","data":{"total":10,"pageNum":1,"pageSize":10,"records":[{"id":10,"studentCode":"XS20260527544261","studentName":"赵九","phone":"13273576020","graduationSession":2026,"school":"湖南师范大学","education":"硕士","studyMode":"ONLINE","productId":3,"joinTime":"Wed May 27 21:32:06 CST 2026","createdAt":"Wed May 27 21:32:23 CST 2026","updatedAt":"Wed May 27 21:32:23 CST 2026"},{"id":9,"studentCode":"XS20260526215429","studentName":"赵六","phone":"13762922580","graduationSession":2026,"school":"湖南师范大学","education":"硕士","studyMode":"ONLINE","productId":3,"joinTime":"Tue May 26 17:18:07 CST 2026","createdAt":"Tue May 26 17:18:15 CST 2026","updatedAt":"Tue May 26 17:18:15 CST 2026"},{"id":8,"studentCode":"XS20260514684479","studentName":"哈哈","phone":"13273576029","graduationSession":2026,"school":"湖南师范大学","education":"本科","studyMode":"OFFLINE","classId":2,"productId":1,"joinTime":"Thu May 14 17:45:03 CST 2026","createdAt":"Thu May 14 17:45:10 CST 2026","updatedAt":"Thu May 14 17:45:10 CST 2026"},{"id":7,"studentCode":"XS20260429790522","studentName":"王六","phone":"13273576027","graduationSession":2026,"school":"湖南师范大学","education":"博士","studyMode":"ONLINE","productId":2,"joinTime":"Wed Apr 29 22:59:06 CST 2026","createdAt":"Wed Apr 29 22:59:15 CST 2026","updatedAt":"Wed Apr 29 22:59:15 CST 2026"},{"id":6,"studentCode":"XS20260417641291","studentName":"赵六","phone":"15118191034","graduationSession":2026,"school":"洪江一中","education":"本科","studyMode":"OFFLINE","classId":3,"productId":1,"joinTime":"Fri Apr 17 22:25:31 CST 2026","createdAt":"Fri Apr 17 22:25:50 CST 2026","updatedAt":"Fri Apr 17 22:25:50 CST 2026"},{"id":5,"studentCode":"XS20260417193131","studentName":"黄某","phone":"15118191031","graduationSession":2026,"school":"洪江一中","education":"本科","studyMode":"OFFLINE","classId":1,"productId":1,"joinTime":"Fri Apr 17 15:09:40 CST 2026","createdAt":"Fri Apr 17 15:10:18 CST 2026","updatedAt":"Fri Apr 17 15:10:18 CST 2026"},{"id":4,"studentCode":"XS20260416122330","studentName":"黄某","phone":"13273576024","graduationSession":2026,"school":"洪江一中","education":"大专","studyMode":"OFFLINE","classId":1,"productId":1,"joinTime":"Thu Apr 16 22:41:38 CST 2026","createdAt":"Thu Apr 16 22:42:25 CST 2026","updatedAt":"Thu Apr 16 22:42:25 CST 2026"},{"id":3,"studentCode":"XS20260416572329","studentName":"向某","phone":"13273576023","graduationSession":2026,"school":"洪江一中","education":"本科","studyMode":"OFFLINE","classId":2,"productId":1,"joinTime":"Thu Apr 16 22:28:40 CST 2026","createdAt":"Thu Apr 16 22:34:48 CST 2026","updatedAt":"Thu Apr 16 22:34:48 CST 2026"},{"id":2,"studentCode":"XS20260416896906","studentName":"王王","phone":"15118191032","graduationSession":2026,"school":"湖南师范大学","education":"大专","studyMode":"OFFLINE","classId":2,"productId":1,"joinTime":"Thu Apr 16 17:55:46 CST 2026","createdAt":"Thu Apr 16 18:01:02 CST 2026","updatedAt":"Thu Apr 16 18:01:02 CST 2026"},{"id":1,"studentCode":"XS20260416496798","studentName":"赵家","phone":"13273672819","graduationSession":2026,"school":"湖南师范大学","education":"本科","studyMode":"OFFLINE","classId":1,"productId":1,"joinTime":"Thu Apr 16 17:52:36 CST 2026","createdAt":"Thu Apr 16 17:53:12 CST 2026","updatedAt":"Thu Apr 16 17:53:12 CST 2026"}]}}
2026-06-12 00:03:41.020 [http-nio-8080-exec-1] [8ecde63a] [1] DEBUG c.y.m.u.m.SysUserMapper.selectById - ==>  Preparing: select id, username, password, nickname, real_name, phone, email, union_id, status, created_at, updated_at from sys_user where id = ?
2026-06-12 00:03:41.020 [http-nio-8080-exec-1] [8ecde63a] [1] DEBUG c.y.m.u.m.SysUserMapper.selectById - ==> Parameters: 1(Long)
2026-06-12 00:03:41.022 [http-nio-8080-exec-1] [8ecde63a] [1] DEBUG c.y.m.u.m.SysUserMapper.selectById - <==      Total: 1
2026-06-12 00:03:41.022 [http-nio-8080-exec-1] [8ecde63a] [1] DEBUG c.y.m.u.m.S.selectRoleIdsByUserId - ==>  Preparing: select role_id from sys_user_role where user_id = ? order by role_id asc
2026-06-12 00:03:41.022 [http-nio-8080-exec-1] [8ecde63a] [1] DEBUG c.y.m.u.m.S.selectRoleIdsByUserId - ==> Parameters: 1(Long)
2026-06-12 00:03:41.022 [http-nio-8080-exec-1] [8ecde63a] [1] DEBUG c.y.m.u.m.S.selectRoleIdsByUserId - <==      Total: 1
2026-06-12 00:03:41.022 [http-nio-8080-exec-1] [8ecde63a] [1] DEBUG c.y.m.u.m.SysRoleMapper.selectList - ==>  Preparing: select id, role_code, role_name, description, status, created_at, updated_at from sys_role WHERE id in ( ? )
2026-06-12 00:03:41.022 [http-nio-8080-exec-1] [8ecde63a] [1] DEBUG c.y.m.u.m.SysRoleMapper.selectList - ==> Parameters: 1(Long)
2026-06-12 00:03:41.023 [http-nio-8080-exec-1] [8ecde63a] [1] DEBUG c.y.m.u.m.SysRoleMapper.selectList - <==      Total: 1
2026-06-12 00:03:41.023 [http-nio-8080-exec-1] [8ecde63a] [1] DEBUG c.y.m.u.m.S.selectPermissionIdsByRoleId - ==>  Preparing: select permission_id from sys_role_permission where role_id in ( ? ) order by permission_id asc
2026-06-12 00:03:41.023 [http-nio-8080-exec-1] [8ecde63a] [1] DEBUG c.y.m.u.m.S.selectPermissionIdsByRoleId - ==> Parameters: 1(Long)
2026-06-12 00:03:41.023 [http-nio-8080-exec-1] [8ecde63a] [1] DEBUG c.y.m.u.m.S.selectPermissionIdsByRoleId - <==      Total: 4
2026-06-12 00:03:41.024 [http-nio-8080-exec-1] [8ecde63a] [1] DEBUG c.y.m.u.m.S.selectList - ==>  Preparing: select id, parent_id, permission_code, permission_name, permission_type, api_path, sort_num, description, status, created_at, updated_at from sys_permission WHERE id in ( ? , ? , ? , ? )
2026-06-12 00:03:41.024 [http-nio-8080-exec-1] [8ecde63a] [1] DEBUG c.y.m.u.m.S.selectList - ==> Parameters: 101(Long), 106(Long), 113(Long), 117(Long)
2026-06-12 00:03:41.024 [http-nio-8080-exec-1] [8ecde63a] [1] DEBUG c.y.m.u.m.S.selectList - <==      Total: 4
2026-06-12 00:03:41.025 [http-nio-8080-exec-1] [8ecde63a] [1] INFO  c.y.common.aop.ControllerLogAspect - 接口开始: uri=/yq-admin/api/sysUser, httpMethod=GET, controller=SysUserController#pageUser, args=[{"name":"req","value":{"pageNum":1,"pageSize":10}}]
2026-06-12 00:03:41.033 [http-nio-8080-exec-1] [8ecde63a] [1] DEBUG c.y.m.u.m.S.selectPage_COUNT - ==>  Preparing: SELECT count(0) FROM sys_user
2026-06-12 00:03:41.033 [http-nio-8080-exec-1] [8ecde63a] [1] DEBUG c.y.m.u.m.S.selectPage_COUNT - ==> Parameters: 
2026-06-12 00:03:41.034 [http-nio-8080-exec-1] [8ecde63a] [1] DEBUG c.y.m.u.m.S.selectPage_COUNT - <==      Total: 1
2026-06-12 00:03:41.034 [http-nio-8080-exec-1] [8ecde63a] [1] DEBUG c.y.m.u.m.SysUserMapper.selectPage - ==>  Preparing: select id, username, password, nickname, real_name, phone, email, union_id, status, created_at, updated_at from sys_user order by id desc LIMIT ?
2026-06-12 00:03:41.035 [http-nio-8080-exec-1] [8ecde63a] [1] DEBUG c.y.m.u.m.SysUserMapper.selectPage - ==> Parameters: 10(Integer)
2026-06-12 00:03:41.035 [http-nio-8080-exec-1] [8ecde63a] [1] DEBUG c.y.m.u.m.SysUserMapper.selectPage - <==      Total: 6
2026-06-12 00:03:41.035 [http-nio-8080-exec-1] [8ecde63a] [1] INFO  c.y.common.aop.ControllerLogAspect - 接口结束: uri=/yq-admin/api/sysUser, controller=SysUserController#pageUser, cost=10ms, result={"code":200,"message":"success","data":{"total":6,"pageNum":1,"pageSize":10,"records":[{"id":6,"username":"haha","nickname":"哈哈哈","realName":"哈哈","phone":"15118191032","email":"913038933@qq.com","status":"ACTIVE","createdAt":"Fri Apr 17 15:54:46 CST 2026"},{"id":5,"username":"laoshi2","nickname":"老师2","realName":"老师2","phone":"13762922584","status":"ACTIVE","createdAt":"Sun Apr 12 01:48:55 CST 2026"},{"id":4,"username":"laoshi1","nickname":"老师1","realName":"老师1","phone":"13273576020","status":"ACTIVE","createdAt":"Sun Apr 12 01:48:37 CST 2026"},{"id":3,"username":"banzhuren","nickname":"班主任老师","realName":"班主任老师","phone":"15118191032","status":"ACTIVE","createdAt":"Sat Apr 11 17:06:53 CST 2026"},{"id":2,"username":"huangjin","nickname":"黄瑾","realName":"黄瑾","phone":"13273672819","email":"913038933@qq.com","status":"ACTIVE","createdAt":"Thu Apr 09 22:04:43 CST 2026"},{"id":1,"username":"admin","nickname":"系统管理员","realName":"超级管理员","phone":"13800000000","email":"admin@yq.com","status":"ACTIVE","createdAt":"Thu Apr 09 20:50:39 CST 2026"}]}}
2026-06-12 00:03:41.649 [http-nio-8080-exec-2] [1357c348] [1] DEBUG c.y.m.u.m.SysUserMapper.selectById - ==>  Preparing: select id, username, password, nickname, real_name, phone, email, union_id, status, created_at, updated_at from sys_user where id = ?
2026-06-12 00:03:41.649 [http-nio-8080-exec-2] [1357c348] [1] DEBUG c.y.m.u.m.SysUserMapper.selectById - ==> Parameters: 1(Long)
2026-06-12 00:03:41.650 [http-nio-8080-exec-2] [1357c348] [1] DEBUG c.y.m.u.m.SysUserMapper.selectById - <==      Total: 1
2026-06-12 00:03:41.650 [http-nio-8080-exec-2] [1357c348] [1] DEBUG c.y.m.u.m.S.selectRoleIdsByUserId - ==>  Preparing: select role_id from sys_user_role where user_id = ? order by role_id asc
2026-06-12 00:03:41.650 [http-nio-8080-exec-2] [1357c348] [1] DEBUG c.y.m.u.m.S.selectRoleIdsByUserId - ==> Parameters: 1(Long)
2026-06-12 00:03:41.651 [http-nio-8080-exec-2] [1357c348] [1] DEBUG c.y.m.u.m.S.selectRoleIdsByUserId - <==      Total: 1
2026-06-12 00:03:41.651 [http-nio-8080-exec-2] [1357c348] [1] DEBUG c.y.m.u.m.SysRoleMapper.selectList - ==>  Preparing: select id, role_code, role_name, description, status, created_at, updated_at from sys_role WHERE id in ( ? )
2026-06-12 00:03:41.651 [http-nio-8080-exec-2] [1357c348] [1] DEBUG c.y.m.u.m.SysRoleMapper.selectList - ==> Parameters: 1(Long)
2026-06-12 00:03:41.651 [http-nio-8080-exec-2] [1357c348] [1] DEBUG c.y.m.u.m.SysRoleMapper.selectList - <==      Total: 1
2026-06-12 00:03:41.652 [http-nio-8080-exec-2] [1357c348] [1] DEBUG c.y.m.u.m.S.selectPermissionIdsByRoleId - ==>  Preparing: select permission_id from sys_role_permission where role_id in ( ? ) order by permission_id asc
2026-06-12 00:03:41.652 [http-nio-8080-exec-2] [1357c348] [1] DEBUG c.y.m.u.m.S.selectPermissionIdsByRoleId - ==> Parameters: 1(Long)
2026-06-12 00:03:41.652 [http-nio-8080-exec-2] [1357c348] [1] DEBUG c.y.m.u.m.S.selectPermissionIdsByRoleId - <==      Total: 4
2026-06-12 00:03:41.652 [http-nio-8080-exec-2] [1357c348] [1] DEBUG c.y.m.u.m.S.selectList - ==>  Preparing: select id, parent_id, permission_code, permission_name, permission_type, api_path, sort_num, description, status, created_at, updated_at from sys_permission WHERE id in ( ? , ? , ? , ? )
2026-06-12 00:03:41.652 [http-nio-8080-exec-2] [1357c348] [1] DEBUG c.y.m.u.m.S.selectList - ==> Parameters: 101(Long), 106(Long), 113(Long), 117(Long)
2026-06-12 00:03:41.652 [http-nio-8080-exec-2] [1357c348] [1] DEBUG c.y.m.u.m.S.selectList - <==      Total: 4
2026-06-12 00:03:41.653 [http-nio-8080-exec-2] [1357c348] [1] INFO  c.y.common.aop.ControllerLogAspect - 接口开始: uri=/yq-admin/api/sysRole, httpMethod=GET, controller=SysRoleController#pageRole, args=[{"name":"req","value":{"pageNum":1,"pageSize":10}}]
2026-06-12 00:03:41.658 [http-nio-8080-exec-2] [1357c348] [1] DEBUG c.y.m.u.m.S.selectPage_COUNT - ==>  Preparing: SELECT count(0) FROM sys_role
2026-06-12 00:03:41.658 [http-nio-8080-exec-2] [1357c348] [1] DEBUG c.y.m.u.m.S.selectPage_COUNT - ==> Parameters: 
2026-06-12 00:03:41.659 [http-nio-8080-exec-2] [1357c348] [1] DEBUG c.y.m.u.m.S.selectPage_COUNT - <==      Total: 1
2026-06-12 00:03:41.659 [http-nio-8080-exec-2] [1357c348] [1] DEBUG c.y.m.u.m.SysRoleMapper.selectPage - ==>  Preparing: select id, role_code, role_name, description, status, created_at, updated_at from sys_role order by id desc LIMIT ?
2026-06-12 00:03:41.659 [http-nio-8080-exec-2] [1357c348] [1] DEBUG c.y.m.u.m.SysRoleMapper.selectPage - ==> Parameters: 10(Integer)
2026-06-12 00:03:41.659 [http-nio-8080-exec-2] [1357c348] [1] DEBUG c.y.m.u.m.SysRoleMapper.selectPage - <==      Total: 3
2026-06-12 00:03:41.660 [http-nio-8080-exec-2] [1357c348] [1] INFO  c.y.common.aop.ControllerLogAspect - 接口结束: uri=/yq-admin/api/sysRole, controller=SysRoleController#pageRole, cost=7ms, result={"code":200,"message":"success","data":{"total":3,"pageNum":1,"pageSize":10,"records":[{"id":3,"roleCode":"head_teacher","roleName":"班主任","description":"班主任","status":"ACTIVE","createdAt":"Sat Apr 11 17:06:26 CST 2026"},{"id":2,"roleCode":"teacher","roleName":"讲师","status":"ACTIVE","createdAt":"Thu Apr 09 21:28:05 CST 2026"},{"id":1,"roleCode":"SUPER_ADMIN","roleName":"超级管理员","description":"拥有全部后台权限","status":"ACTIVE","createdAt":"Thu Apr 09 20:50:38 CST 2026"}]}}
2026-06-12 00:03:42.180 [http-nio-8080-exec-3] [b458232b] [1] DEBUG c.y.m.u.m.SysUserMapper.selectById - ==>  Preparing: select id, username, password, nickname, real_name, phone, email, union_id, status, created_at, updated_at from sys_user where id = ?
2026-06-12 00:03:42.180 [http-nio-8080-exec-3] [b458232b] [1] DEBUG c.y.m.u.m.SysUserMapper.selectById - ==> Parameters: 1(Long)
2026-06-12 00:03:42.181 [http-nio-8080-exec-3] [b458232b] [1] DEBUG c.y.m.u.m.SysUserMapper.selectById - <==      Total: 1
2026-06-12 00:03:42.181 [http-nio-8080-exec-3] [b458232b] [1] DEBUG c.y.m.u.m.S.selectRoleIdsByUserId - ==>  Preparing: select role_id from sys_user_role where user_id = ? order by role_id asc
2026-06-12 00:03:42.181 [http-nio-8080-exec-3] [b458232b] [1] DEBUG c.y.m.u.m.S.selectRoleIdsByUserId - ==> Parameters: 1(Long)
2026-06-12 00:03:42.182 [http-nio-8080-exec-3] [b458232b] [1] DEBUG c.y.m.u.m.S.selectRoleIdsByUserId - <==      Total: 1
2026-06-12 00:03:42.182 [http-nio-8080-exec-3] [b458232b] [1] DEBUG c.y.m.u.m.SysRoleMapper.selectList - ==>  Preparing: select id, role_code, role_name, description, status, created_at, updated_at from sys_role WHERE id in ( ? )
2026-06-12 00:03:42.182 [http-nio-8080-exec-3] [b458232b] [1] DEBUG c.y.m.u.m.SysRoleMapper.selectList - ==> Parameters: 1(Long)
2026-06-12 00:03:42.182 [http-nio-8080-exec-3] [b458232b] [1] DEBUG c.y.m.u.m.SysRoleMapper.selectList - <==      Total: 1
2026-06-12 00:03:42.182 [http-nio-8080-exec-3] [b458232b] [1] DEBUG c.y.m.u.m.S.selectPermissionIdsByRoleId - ==>  Preparing: select permission_id from sys_role_permission where role_id in ( ? ) order by permission_id asc
2026-06-12 00:03:42.183 [http-nio-8080-exec-3] [b458232b] [1] DEBUG c.y.m.u.m.S.selectPermissionIdsByRoleId - ==> Parameters: 1(Long)
2026-06-12 00:03:42.183 [http-nio-8080-exec-3] [b458232b] [1] DEBUG c.y.m.u.m.S.selectPermissionIdsByRoleId - <==      Total: 4
2026-06-12 00:03:42.183 [http-nio-8080-exec-3] [b458232b] [1] DEBUG c.y.m.u.m.S.selectList - ==>  Preparing: select id, parent_id, permission_code, permission_name, permission_type, api_path, sort_num, description, status, created_at, updated_at from sys_permission WHERE id in ( ? , ? , ? , ? )
2026-06-12 00:03:42.183 [http-nio-8080-exec-3] [b458232b] [1] DEBUG c.y.m.u.m.S.selectList - ==> Parameters: 101(Long), 106(Long), 113(Long), 117(Long)
2026-06-12 00:03:42.184 [http-nio-8080-exec-3] [b458232b] [1] DEBUG c.y.m.u.m.S.selectList - <==      Total: 4
2026-06-12 00:03:42.184 [http-nio-8080-exec-3] [b458232b] [1] INFO  c.y.common.aop.ControllerLogAspect - 接口开始: uri=/yq-admin/api/sysPermission, httpMethod=GET, controller=SysPermissionController#pagePermission, args=[{"name":"req","value":{"pageNum":1,"pageSize":1000}}]
2026-06-12 00:03:42.191 [http-nio-8080-exec-3] [b458232b] [1] DEBUG c.y.m.u.m.S.selectPage_COUNT - ==>  Preparing: SELECT count(0) FROM sys_permission
2026-06-12 00:03:42.191 [http-nio-8080-exec-3] [b458232b] [1] DEBUG c.y.m.u.m.S.selectPage_COUNT - ==> Parameters: 
2026-06-12 00:03:42.192 [http-nio-8080-exec-3] [b458232b] [1] DEBUG c.y.m.u.m.S.selectPage_COUNT - <==      Total: 1
2026-06-12 00:03:42.192 [http-nio-8080-exec-3] [b458232b] [1] DEBUG c.y.m.u.m.S.selectPage - ==>  Preparing: select id, parent_id, permission_code, permission_name, permission_type, api_path, sort_num, description, status, created_at, updated_at from sys_permission order by sort_num asc, id desc LIMIT ?
2026-06-12 00:03:42.192 [http-nio-8080-exec-3] [b458232b] [1] DEBUG c.y.m.u.m.S.selectPage - ==> Parameters: 1000(Integer)
2026-06-12 00:03:42.194 [http-nio-8080-exec-3] [b458232b] [1] DEBUG c.y.m.u.m.S.selectPage - <==      Total: 177
2026-06-12 00:03:42.197 [http-nio-8080-exec-3] [b458232b] [1] INFO  c.y.common.aop.ControllerLogAspect - 接口结束: uri=/yq-admin/api/sysPermission, controller=SysPermissionController#pagePermission, cost=12ms, result={"code":200,"message":"success","data":{"total":177,"pageNum":1,"pageSize":1000,"records":[{"id":287,"parentId":286,"permissionName":"面试复盘上传音频按钮","permissionType":"BUTTON","permissionCode":"button:interview-review:upload","sortNum":1,"status":"1","description":"面试复盘页面的上传音频按钮","createdAt":"Wed May 20 22:13:56 CST 2026"},{"id":272,"parentId":271,"permissionName":"自媒体生成选题按钮","permissionType":"BUTTON","permissionCode":"button:media-agent:generate-topics","sortNum":1,"status":"1","description":"自媒体创作页面的生成选题按钮","createdAt":"Sat May 09 16:32:32 CST 2026"},{"id":268,"parentId":267,"permissionName":"数据分析执行按钮","permissionType":"BUTTON","permissionCode":"button:data-analysis:analyze","sortNum":1,"status":"1","description":"数据分析页面的开始分析按钮","createdAt":"Fri May 08 16:42:19 CST 2026"},{"id":249,"parentId":121,"permissionName":"发布作业按钮","permissionType":"BUTTON","permissionCode":"button:homework:create","sortNum":1,"status":"1","description":"作业管理页面的发布作业按钮","createdAt":"Wed Apr 22 16:21:14 CST 2026"},{"id":247,"parentId":118,"permissionName":"学生绑定权限模板按钮","permissionType":"BUTTON","permissionCode":"button:student:bind-permission-template","sortNum":1,"status":"1","description":"学生管理页面的绑定权限模板按钮","createdAt":"Wed Apr 22 14:20:45 CST 2026"},{"id":243,"parentId":119,"permissionName":"学员权限模板新增按钮","permissionType":"BUTTON","permissionCode":"button:student-permission-template:create","sortNum":1,"status":"1","description":"学员权限模板页面的新增按钮","createdAt":"Mon Apr 20 00:05:46 CST 2026"},{"id":240,"parentId":115,"permissionName":"订单新增按钮","permissionType":"BUTTON","permissionCode":"button:order:create","sortNum":1,"status":"1","description":"订单管理页面的新增按钮","createdAt":"Sun Apr 12 23:10:59 CST 2026"},{"id":237,"parentId":114,"permissionName":"产品新增按钮","permissionType":"BUTTON","permissionCode":"button:product:create","sortNum":1,"status":"1","description":"产品管理页面的新增按钮","createdAt":"Sun Apr 12 14:19:04 CST 2026"},{"id":235,"parentId":112,"permissionName":"值班查看按钮","permissionType":"BUTTON","permissionCode":"button:duty:view","sortNum":1,"status":"1","description":"值班管理页面的查看按钮","createdAt":"Sun Apr 12 13:11:55 CST 2026"},{"id":234,"parentId":111,"permissionName":"老师课表查看按钮","permissionType":"BUTTON","permissionCode":"button:teacher-schedule:view","sortNum":1,"status":"1","description":"老师课表页面的查看按钮","createdAt":"Sun Apr 12 03:21:07 CST 2026"},{"id":231,"parentId":110,"permissionName":"课表查看按钮","permissionType":"BUTTON","permissionCode":"button:schedule:view","sortNum":1,"status":"1","description":"课表管理页面的查看按钮","createdAt":"Sat Apr 11 19:46:45 CST 2026"},{"id":227,"parentId":109,"permissionName":"班级新增按钮","permissionType":"BUTTON","permissionCode":"button:class:create","sortNum":1,"status":"1","description":"班级管理页面的新增按钮","createdAt":"Sat Apr 11 17:05:40 CST 2026"},{"id":218,"parentId":108,"permissionName":"课程新增按钮","permissionType":"BUTTON","permissionCode":"button:course:create","sortNum":1,"status":"1","description":"课程管理页面的新增按钮","createdAt":"Sat Apr 11 16:02:19 CST 2026"},{"id":215,"parentId":107,"permissionName":"校区新增按钮","permissionType":"BUTTON","permissionCode":"button:campus:create","sortNum":1,"status":"1","description":"校区管理页面的新增按钮","createdAt":"Sat Apr 11 15:49:16 CST 2026"},{"id":212,"parentId":105,"permissionName":"系统参数新增按钮","permissionType":"BUTTON","permissionCode":"button:config:create","sortNum":1,"status":"1","description":"系统参数页面的新增配置按钮","createdAt":"Fri Apr 10 20:08:09 CST 2026"},{"id":209,"parentId":104,"permissionName":"权限新增按钮","permissionType":"BUTTON","permissionCode":"button:permission:create","sortNum":1,"status":"1","description":"权限管理页面的新增权限按钮","createdAt":"Thu Apr 09 21:22:28 CST 2026"},{"id":205,"parentId":103,"permissionName":"角色新增按钮","permissionType":"BUTTON","permissionCode":"button:role:create","sortNum":1,"status":"1","description":"角色管理页面的新增角色按钮","createdAt":"Thu Apr 09 21:22:28 CST 2026"},{"id":201,"parentId":102,"permissionName":"用户新增按钮","permissionType":"BUTTON","permissionCode":"button:user:create","sortNum":1,"status":"ACTIVE","desc...(truncated)
2026-06-12 00:03:43.742 [http-nio-8080-exec-4] [9f2a76c1] [1] DEBUG c.y.m.u.m.SysUserMapper.selectById - ==>  Preparing: select id, username, password, nickname, real_name, phone, email, union_id, status, created_at, updated_at from sys_user where id = ?
2026-06-12 00:03:43.743 [http-nio-8080-exec-4] [9f2a76c1] [1] DEBUG c.y.m.u.m.SysUserMapper.selectById - ==> Parameters: 1(Long)
2026-06-12 00:03:43.743 [http-nio-8080-exec-4] [9f2a76c1] [1] DEBUG c.y.m.u.m.SysUserMapper.selectById - <==      Total: 1
2026-06-12 00:03:43.743 [http-nio-8080-exec-4] [9f2a76c1] [1] DEBUG c.y.m.u.m.S.selectRoleIdsByUserId - ==>  Preparing: select role_id from sys_user_role where user_id = ? order by role_id asc
2026-06-12 00:03:43.743 [http-nio-8080-exec-4] [9f2a76c1] [1] DEBUG c.y.m.u.m.S.selectRoleIdsByUserId - ==> Parameters: 1(Long)
2026-06-12 00:03:43.743 [http-nio-8080-exec-4] [9f2a76c1] [1] DEBUG c.y.m.u.m.S.selectRoleIdsByUserId - <==      Total: 1
2026-06-12 00:03:43.744 [http-nio-8080-exec-4] [9f2a76c1] [1] DEBUG c.y.m.u.m.SysRoleMapper.selectList - ==>  Preparing: select id, role_code, role_name, description, status, created_at, updated_at from sys_role WHERE id in ( ? )
2026-06-12 00:03:43.744 [http-nio-8080-exec-4] [9f2a76c1] [1] DEBUG c.y.m.u.m.SysRoleMapper.selectList - ==> Parameters: 1(Long)
2026-06-12 00:03:43.744 [http-nio-8080-exec-4] [9f2a76c1] [1] DEBUG c.y.m.u.m.SysRoleMapper.selectList - <==      Total: 1
2026-06-12 00:03:43.745 [http-nio-8080-exec-4] [9f2a76c1] [1] DEBUG c.y.m.u.m.S.selectPermissionIdsByRoleId - ==>  Preparing: select permission_id from sys_role_permission where role_id in ( ? ) order by permission_id asc
2026-06-12 00:03:43.745 [http-nio-8080-exec-4] [9f2a76c1] [1] DEBUG c.y.m.u.m.S.selectPermissionIdsByRoleId - ==> Parameters: 1(Long)
2026-06-12 00:03:43.745 [http-nio-8080-exec-4] [9f2a76c1] [1] DEBUG c.y.m.u.m.S.selectPermissionIdsByRoleId - <==      Total: 4
2026-06-12 00:03:43.745 [http-nio-8080-exec-4] [9f2a76c1] [1] DEBUG c.y.m.u.m.S.selectList - ==>  Preparing: select id, parent_id, permission_code, permission_name, permission_type, api_path, sort_num, description, status, created_at, updated_at from sys_permission WHERE id in ( ? , ? , ? , ? )
2026-06-12 00:03:43.745 [http-nio-8080-exec-4] [9f2a76c1] [1] DEBUG c.y.m.u.m.S.selectList - ==> Parameters: 101(Long), 106(Long), 113(Long), 117(Long)
2026-06-12 00:03:43.746 [http-nio-8080-exec-4] [9f2a76c1] [1] DEBUG c.y.m.u.m.S.selectList - <==      Total: 4
2026-06-12 00:03:43.746 [http-nio-8080-exec-4] [9f2a76c1] [1] INFO  c.y.common.aop.ControllerLogAspect - 接口开始: uri=/yq-admin/api/sysConfig, httpMethod=GET, controller=SysConfigController#listAll, args=[]
2026-06-12 00:03:43.746 [http-nio-8080-exec-4] [9f2a76c1] [1] INFO  c.y.common.aop.ControllerLogAspect - 接口结束: uri=/yq-admin/api/sysConfig, controller=SysConfigController#listAll, cost=0ms, result={"code":200,"message":"success","data":[{"id":1,"k":"jwtSecretk","v":"yq-ai-admin-jwt-secret"},{"id":2,"k":"jwtExpireTime","v":"7200"},{"id":3,"k":"signSecretExpireSeconds","v":"7200"},{"id":4,"k":"signTimestampSkewSeconds","v":"300"},{"id":5,"k":"signNonceExpireSeconds","v":"300"},{"id":6,"k":"studentAiSummaryTriggerUncompressedCount","v":"6"},{"id":7,"k":"studentAiSummaryKeepRecentCount","v":"3"}]}
2026-06-12 00:03:44.436 [http-nio-8080-exec-5] [77149ecf] [1] DEBUG c.y.m.u.m.SysUserMapper.selectById - ==>  Preparing: select id, username, password, nickname, real_name, phone, email, union_id, status, created_at, updated_at from sys_user where id = ?
2026-06-12 00:03:44.436 [http-nio-8080-exec-5] [77149ecf] [1] DEBUG c.y.m.u.m.SysUserMapper.selectById - ==> Parameters: 1(Long)
2026-06-12 00:03:44.437 [http-nio-8080-exec-5] [77149ecf] [1] DEBUG c.y.m.u.m.SysUserMapper.selectById - <==      Total: 1
2026-06-12 00:03:44.437 [http-nio-8080-exec-5] [77149ecf] [1] DEBUG c.y.m.u.m.S.selectRoleIdsByUserId - ==>  Preparing: select role_id from sys_user_role where user_id = ? order by role_id asc
2026-06-12 00:03:44.437 [http-nio-8080-exec-5] [77149ecf] [1] DEBUG c.y.m.u.m.S.selectRoleIdsByUserId - ==> Parameters: 1(Long)
2026-06-12 00:03:44.439 [http-nio-8080-exec-5] [77149ecf] [1] DEBUG c.y.m.u.m.S.selectRoleIdsByUserId - <==      Total: 1
2026-06-12 00:03:44.439 [http-nio-8080-exec-5] [77149ecf] [1] DEBUG c.y.m.u.m.SysRoleMapper.selectList - ==>  Preparing: select id, role_code, role_name, description, status, created_at, updated_at from sys_role WHERE id in ( ? )
2026-06-12 00:03:44.439 [http-nio-8080-exec-5] [77149ecf] [1] DEBUG c.y.m.u.m.SysRoleMapper.selectList - ==> Parameters: 1(Long)
2026-06-12 00:03:44.439 [http-nio-8080-exec-5] [77149ecf] [1] DEBUG c.y.m.u.m.SysRoleMapper.selectList - <==      Total: 1
2026-06-12 00:03:44.439 [http-nio-8080-exec-5] [77149ecf] [1] DEBUG c.y.m.u.m.S.selectPermissionIdsByRoleId - ==>  Preparing: select permission_id from sys_role_permission where role_id in ( ? ) order by permission_id asc
2026-06-12 00:03:44.439 [http-nio-8080-exec-5] [77149ecf] [1] DEBUG c.y.m.u.m.S.selectPermissionIdsByRoleId - ==> Parameters: 1(Long)
2026-06-12 00:03:44.439 [http-nio-8080-exec-5] [77149ecf] [1] DEBUG c.y.m.u.m.S.selectPermissionIdsByRoleId - <==      Total: 4
2026-06-12 00:03:44.439 [http-nio-8080-exec-5] [77149ecf] [1] DEBUG c.y.m.u.m.S.selectList - ==>  Preparing: select id, parent_id, permission_code, permission_name, permission_type, api_path, sort_num, description, status, created_at, updated_at from sys_permission WHERE id in ( ? , ? , ? , ? )
2026-06-12 00:03:44.439 [http-nio-8080-exec-5] [77149ecf] [1] DEBUG c.y.m.u.m.S.selectList - ==> Parameters: 101(Long), 106(Long), 113(Long), 117(Long)
2026-06-12 00:03:44.441 [http-nio-8080-exec-5] [77149ecf] [1] DEBUG c.y.m.u.m.S.selectList - <==      Total: 4
2026-06-12 00:03:44.441 [http-nio-8080-exec-5] [77149ecf] [1] INFO  c.y.common.aop.ControllerLogAspect - 接口开始: uri=/yq-admin/api/eduClass, httpMethod=GET, controller=EduClassController#pageClass, args=[{"name":"req","value":{"pageNum":1,"pageSize":10}}]
2026-06-12 00:03:44.446 [http-nio-8080-exec-5] [77149ecf] [1] DEBUG c.y.m.e.m.E.selectPage_COUNT - ==>  Preparing: SELECT count(0) FROM edu_class
2026-06-12 00:03:44.446 [http-nio-8080-exec-5] [77149ecf] [1] DEBUG c.y.m.e.m.E.selectPage_COUNT - ==> Parameters: 
2026-06-12 00:03:44.448 [http-nio-8080-exec-5] [77149ecf] [1] DEBUG c.y.m.e.m.E.selectPage_COUNT - <==      Total: 1
2026-06-12 00:03:44.448 [http-nio-8080-exec-5] [77149ecf] [1] DEBUG c.y.m.e.m.EduClassMapper.selectPage - ==>  Preparing: select id, class_term, campus_id, head_teacher_id, class_status, start_time, course_id, student_count, created_at, updated_at from edu_class order by id desc LIMIT ?
2026-06-12 00:03:44.448 [http-nio-8080-exec-5] [77149ecf] [1] DEBUG c.y.m.e.m.EduClassMapper.selectPage - ==> Parameters: 10(Integer)
2026-06-12 00:03:44.449 [http-nio-8080-exec-5] [77149ecf] [1] DEBUG c.y.m.e.m.EduClassMapper.selectPage - <==      Total: 3
2026-06-12 00:03:44.449 [http-nio-8080-exec-5] [77149ecf] [1] INFO  c.y.common.aop.ControllerLogAspect - 接口结束: uri=/yq-admin/api/eduClass, controller=EduClassController#pageClass, cost=8ms, result={"code":200,"message":"success","data":{"total":3,"pageNum":1,"pageSize":10,"records":[{"id":3,"classTerm":3,"campusId":1,"headTeacherId":3,"classStatus":"WAITING","startTime":"Thu Apr 16 00:00:00 CST 2026","courseId":1,"studentCount":0,"createdAt":"Mon Apr 13 20:34:39 CST 2026"},{"id":2,"classTerm":2,"campusId":1,"headTeacherId":3,"classStatus":"WAITING","startTime":"Mon Apr 13 00:00:00 CST 2026","courseId":1,"studentCount":0,"createdAt":"Mon Apr 13 20:15:52 CST 2026"},{"id":1,"classTerm":1,"campusId":1,"headTeacherId":3,"classStatus":"WAITING","startTime":"Mon Apr 13 00:00:00 CST 2026","courseId":1,"studentCount":0,"createdAt":"Sat Apr 11 17:09:28 CST 2026"}]}}
2026-06-12 00:03:45.001 [http-nio-8080-exec-6] [0f367e3a] [1] DEBUG c.y.m.u.m.SysUserMapper.selectById - ==>  Preparing: select id, username, password, nickname, real_name, phone, email, union_id, status, created_at, updated_at from sys_user where id = ?
2026-06-12 00:03:45.001 [http-nio-8080-exec-6] [0f367e3a] [1] DEBUG c.y.m.u.m.SysUserMapper.selectById - ==> Parameters: 1(Long)
2026-06-12 00:03:45.001 [http-nio-8080-exec-6] [0f367e3a] [1] DEBUG c.y.m.u.m.SysUserMapper.selectById - <==      Total: 1
2026-06-12 00:03:45.002 [http-nio-8080-exec-6] [0f367e3a] [1] DEBUG c.y.m.u.m.S.selectRoleIdsByUserId - ==>  Preparing: select role_id from sys_user_role where user_id = ? order by role_id asc
2026-06-12 00:03:45.002 [http-nio-8080-exec-6] [0f367e3a] [1] DEBUG c.y.m.u.m.S.selectRoleIdsByUserId - ==> Parameters: 1(Long)
2026-06-12 00:03:45.002 [http-nio-8080-exec-6] [0f367e3a] [1] DEBUG c.y.m.u.m.S.selectRoleIdsByUserId - <==      Total: 1
2026-06-12 00:03:45.003 [http-nio-8080-exec-6] [0f367e3a] [1] DEBUG c.y.m.u.m.SysRoleMapper.selectList - ==>  Preparing: select id, role_code, role_name, description, status, created_at, updated_at from sys_role WHERE id in ( ? )
2026-06-12 00:03:45.003 [http-nio-8080-exec-6] [0f367e3a] [1] DEBUG c.y.m.u.m.SysRoleMapper.selectList - ==> Parameters: 1(Long)
2026-06-12 00:03:45.003 [http-nio-8080-exec-6] [0f367e3a] [1] DEBUG c.y.m.u.m.SysRoleMapper.selectList - <==      Total: 1
2026-06-12 00:03:45.003 [http-nio-8080-exec-6] [0f367e3a] [1] DEBUG c.y.m.u.m.S.selectPermissionIdsByRoleId - ==>  Preparing: select permission_id from sys_role_permission where role_id in ( ? ) order by permission_id asc
2026-06-12 00:03:45.003 [http-nio-8080-exec-6] [0f367e3a] [1] DEBUG c.y.m.u.m.S.selectPermissionIdsByRoleId - ==> Parameters: 1(Long)
2026-06-12 00:03:45.004 [http-nio-8080-exec-6] [0f367e3a] [1] DEBUG c.y.m.u.m.S.selectPermissionIdsByRoleId - <==      Total: 4
2026-06-12 00:03:45.004 [http-nio-8080-exec-6] [0f367e3a] [1] DEBUG c.y.m.u.m.S.selectList - ==>  Preparing: select id, parent_id, permission_code, permission_name, permission_type, api_path, sort_num, description, status, created_at, updated_at from sys_permission WHERE id in ( ? , ? , ? , ? )
2026-06-12 00:03:45.004 [http-nio-8080-exec-6] [0f367e3a] [1] DEBUG c.y.m.u.m.S.selectList - ==> Parameters: 101(Long), 106(Long), 113(Long), 117(Long)
2026-06-12 00:03:45.004 [http-nio-8080-exec-6] [0f367e3a] [1] DEBUG c.y.m.u.m.S.selectList - <==      Total: 4
2026-06-12 00:03:45.006 [http-nio-8080-exec-6] [0f367e3a] [1] INFO  c.y.common.aop.ControllerLogAspect - 接口开始: uri=/yq-admin/api/eduCampus, httpMethod=GET, controller=EduCampusController#pageCampus, args=[{"name":"req","value":{"pageNum":1,"pageSize":10}}]
2026-06-12 00:03:45.010 [http-nio-8080-exec-6] [0f367e3a] [1] DEBUG c.y.m.e.m.E.selectPage_COUNT - ==>  Preparing: SELECT count(0) FROM edu_campus
2026-06-12 00:03:45.011 [http-nio-8080-exec-6] [0f367e3a] [1] DEBUG c.y.m.e.m.E.selectPage_COUNT - ==> Parameters: 
2026-06-12 00:03:45.012 [http-nio-8080-exec-6] [0f367e3a] [1] DEBUG c.y.m.e.m.E.selectPage_COUNT - <==      Total: 1
2026-06-12 00:03:45.012 [http-nio-8080-exec-6] [0f367e3a] [1] DEBUG c.y.m.e.m.EduCampusMapper.selectPage - ==>  Preparing: select id, campus_name, principal_user_id, address, contact_phone, remark, status, created_at, updated_at from edu_campus order by id desc LIMIT ?
2026-06-12 00:03:45.012 [http-nio-8080-exec-6] [0f367e3a] [1] DEBUG c.y.m.e.m.EduCampusMapper.selectPage - ==> Parameters: 10(Integer)
2026-06-12 00:03:45.012 [http-nio-8080-exec-6] [0f367e3a] [1] DEBUG c.y.m.e.m.EduCampusMapper.selectPage - <==      Total: 1
2026-06-12 00:03:45.013 [http-nio-8080-exec-6] [0f367e3a] [1] INFO  c.y.common.aop.ControllerLogAspect - 接口结束: uri=/yq-admin/api/eduCampus, controller=EduCampusController#pageCampus, cost=6ms, result={"code":200,"message":"success","data":{"total":1,"pageNum":1,"pageSize":10,"records":[{"id":1,"campusName":"杭州校区","principalUserId":2,"address":"杭州市余杭区","contactPhone":"13549684561","status":1,"createdAt":"Sat Apr 11 15:51:21 CST 2026","updatedAt":"Sat Apr 11 15:51:21 CST 2026"}]}}
2026-06-12 00:03:45.589 [http-nio-8080-exec-7] [ca129b73] [1] DEBUG c.y.m.u.m.SysUserMapper.selectById - ==>  Preparing: select id, username, password, nickname, real_name, phone, email, union_id, status, created_at, updated_at from sys_user where id = ?
2026-06-12 00:03:45.589 [http-nio-8080-exec-7] [ca129b73] [1] DEBUG c.y.m.u.m.SysUserMapper.selectById - ==> Parameters: 1(Long)
2026-06-12 00:03:45.589 [http-nio-8080-exec-7] [ca129b73] [1] DEBUG c.y.m.u.m.SysUserMapper.selectById - <==      Total: 1
2026-06-12 00:03:45.590 [http-nio-8080-exec-7] [ca129b73] [1] DEBUG c.y.m.u.m.S.selectRoleIdsByUserId - ==>  Preparing: select role_id from sys_user_role where user_id = ? order by role_id asc
2026-06-12 00:03:45.590 [http-nio-8080-exec-7] [ca129b73] [1] DEBUG c.y.m.u.m.S.selectRoleIdsByUserId - ==> Parameters: 1(Long)
2026-06-12 00:03:45.590 [http-nio-8080-exec-7] [ca129b73] [1] DEBUG c.y.m.u.m.S.selectRoleIdsByUserId - <==      Total: 1
2026-06-12 00:03:45.591 [http-nio-8080-exec-7] [ca129b73] [1] DEBUG c.y.m.u.m.SysRoleMapper.selectList - ==>  Preparing: select id, role_code, role_name, description, status, created_at, updated_at from sys_role WHERE id in ( ? )
2026-06-12 00:03:45.591 [http-nio-8080-exec-7] [ca129b73] [1] DEBUG c.y.m.u.m.SysRoleMapper.selectList - ==> Parameters: 1(Long)
2026-06-12 00:03:45.591 [http-nio-8080-exec-7] [ca129b73] [1] DEBUG c.y.m.u.m.SysRoleMapper.selectList - <==      Total: 1
2026-06-12 00:03:45.592 [http-nio-8080-exec-7] [ca129b73] [1] DEBUG c.y.m.u.m.S.selectPermissionIdsByRoleId - ==>  Preparing: select permission_id from sys_role_permission where role_id in ( ? ) order by permission_id asc
2026-06-12 00:03:45.592 [http-nio-8080-exec-7] [ca129b73] [1] DEBUG c.y.m.u.m.S.selectPermissionIdsByRoleId - ==> Parameters: 1(Long)
2026-06-12 00:03:45.592 [http-nio-8080-exec-7] [ca129b73] [1] DEBUG c.y.m.u.m.S.selectPermissionIdsByRoleId - <==      Total: 4
2026-06-12 00:03:45.592 [http-nio-8080-exec-7] [ca129b73] [1] DEBUG c.y.m.u.m.S.selectList - ==>  Preparing: select id, parent_id, permission_code, permission_name, permission_type, api_path, sort_num, description, status, created_at, updated_at from sys_permission WHERE id in ( ? , ? , ? , ? )
2026-06-12 00:03:45.592 [http-nio-8080-exec-7] [ca129b73] [1] DEBUG c.y.m.u.m.S.selectList - ==> Parameters: 101(Long), 106(Long), 113(Long), 117(Long)
2026-06-12 00:03:45.593 [http-nio-8080-exec-7] [ca129b73] [1] DEBUG c.y.m.u.m.S.selectList - <==      Total: 4
2026-06-12 00:03:45.593 [http-nio-8080-exec-7] [ca129b73] [1] INFO  c.y.common.aop.ControllerLogAspect - 接口开始: uri=/yq-admin/api/eduStudent, httpMethod=GET, controller=EduStudentController#pageStudent, args=[{"name":"req","value":{"pageNum":1,"pageSize":10}}]
2026-06-12 00:03:45.604 [http-nio-8080-exec-7] [ca129b73] [1] DEBUG c.y.m.e.m.E.selectPage_COUNT - ==>  Preparing: SELECT count(0) FROM edu_student
2026-06-12 00:03:45.604 [http-nio-8080-exec-7] [ca129b73] [1] DEBUG c.y.m.e.m.E.selectPage_COUNT - ==> Parameters: 
2026-06-12 00:03:45.605 [http-nio-8080-exec-7] [ca129b73] [1] DEBUG c.y.m.e.m.E.selectPage_COUNT - <==      Total: 1
2026-06-12 00:03:45.605 [http-nio-8080-exec-7] [ca129b73] [1] DEBUG c.y.m.e.m.E.selectPage - ==>  Preparing: select id, student_code, student_name, phone, graduation_session, school, education, study_mode, class_id, product_id, join_time, created_at, updated_at from edu_student order by id desc LIMIT ?
2026-06-12 00:03:45.605 [http-nio-8080-exec-7] [ca129b73] [1] DEBUG c.y.m.e.m.E.selectPage - ==> Parameters: 10(Integer)
2026-06-12 00:03:45.607 [http-nio-8080-exec-7] [ca129b73] [1] DEBUG c.y.m.e.m.E.selectPage - <==      Total: 10
2026-06-12 00:03:45.611 [http-nio-8080-exec-7] [ca129b73] [1] INFO  c.y.common.aop.ControllerLogAspect - 接口结束: uri=/yq-admin/api/eduStudent, controller=EduStudentController#pageStudent, cost=17ms, result={"code":200,"message":"success","data":{"total":10,"pageNum":1,"pageSize":10,"records":[{"id":10,"studentCode":"XS20260527544261","studentName":"赵九","phone":"13273576020","graduationSession":2026,"school":"湖南师范大学","education":"硕士","studyMode":"ONLINE","productId":3,"joinTime":"Wed May 27 21:32:06 CST 2026","createdAt":"Wed May 27 21:32:23 CST 2026","updatedAt":"Wed May 27 21:32:23 CST 2026"},{"id":9,"studentCode":"XS20260526215429","studentName":"赵六","phone":"13762922580","graduationSession":2026,"school":"湖南师范大学","education":"硕士","studyMode":"ONLINE","productId":3,"joinTime":"Tue May 26 17:18:07 CST 2026","createdAt":"Tue May 26 17:18:15 CST 2026","updatedAt":"Tue May 26 17:18:15 CST 2026"},{"id":8,"studentCode":"XS20260514684479","studentName":"哈哈","phone":"13273576029","graduationSession":2026,"school":"湖南师范大学","education":"本科","studyMode":"OFFLINE","classId":2,"productId":1,"joinTime":"Thu May 14 17:45:03 CST 2026","createdAt":"Thu May 14 17:45:10 CST 2026","updatedAt":"Thu May 14 17:45:10 CST 2026"},{"id":7,"studentCode":"XS20260429790522","studentName":"王六","phone":"13273576027","graduationSession":2026,"school":"湖南师范大学","education":"博士","studyMode":"ONLINE","productId":2,"joinTime":"Wed Apr 29 22:59:06 CST 2026","createdAt":"Wed Apr 29 22:59:15 CST 2026","updatedAt":"Wed Apr 29 22:59:15 CST 2026"},{"id":6,"studentCode":"XS20260417641291","studentName":"赵六","phone":"15118191034","graduationSession":2026,"school":"洪江一中","education":"本科","studyMode":"OFFLINE","classId":3,"productId":1,"joinTime":"Fri Apr 17 22:25:31 CST 2026","createdAt":"Fri Apr 17 22:25:50 CST 2026","updatedAt":"Fri Apr 17 22:25:50 CST 2026"},{"id":5,"studentCode":"XS20260417193131","studentName":"黄某","phone":"15118191031","graduationSession":2026,"school":"洪江一中","education":"本科","studyMode":"OFFLINE","classId":1,"productId":1,"joinTime":"Fri Apr 17 15:09:40 CST 2026","createdAt":"Fri Apr 17 15:10:18 CST 2026","updatedAt":"Fri Apr 17 15:10:18 CST 2026"},{"id":4,"studentCode":"XS20260416122330","studentName":"黄某","phone":"13273576024","graduationSession":2026,"school":"洪江一中","education":"大专","studyMode":"OFFLINE","classId":1,"productId":1,"joinTime":"Thu Apr 16 22:41:38 CST 2026","createdAt":"Thu Apr 16 22:42:25 CST 2026","updatedAt":"Thu Apr 16 22:42:25 CST 2026"},{"id":3,"studentCode":"XS20260416572329","studentName":"向某","phone":"13273576023","graduationSession":2026,"school":"洪江一中","education":"本科","studyMode":"OFFLINE","classId":2,"productId":1,"joinTime":"Thu Apr 16 22:28:40 CST 2026","createdAt":"Thu Apr 16 22:34:48 CST 2026","updatedAt":"Thu Apr 16 22:34:48 CST 2026"},{"id":2,"studentCode":"XS20260416896906","studentName":"王王","phone":"15118191032","graduationSession":2026,"school":"湖南师范大学","education":"大专","studyMode":"OFFLINE","classId":2,"productId":1,"joinTime":"Thu Apr 16 17:55:46 CST 2026","createdAt":"Thu Apr 16 18:01:02 CST 2026","updatedAt":"Thu Apr 16 18:01:02 CST 2026"},{"id":1,"studentCode":"XS20260416496798","studentName":"赵家","phone":"13273672819","graduationSession":2026,"school":"湖南师范大学","education":"本科","studyMode":"OFFLINE","classId":1,"productId":1,"joinTime":"Thu Apr 16 17:52:36 CST 2026","createdAt":"Thu Apr 16 17:53:12 CST 2026","updatedAt":"Thu Apr 16 17:53:12 CST 2026"}]}}
2026-06-12 00:03:47.826 [http-nio-8080-exec-8] [b6e9280d] [1] DEBUG c.y.m.u.m.SysUserMapper.selectById - ==>  Preparing: select id, username, password, nickname, real_name, phone, email, union_id, status, created_at, updated_at from sys_user where id = ?
2026-06-12 00:03:47.827 [http-nio-8080-exec-8] [b6e9280d] [1] DEBUG c.y.m.u.m.SysUserMapper.selectById - ==> Parameters: 1(Long)
2026-06-12 00:03:47.827 [http-nio-8080-exec-8] [b6e9280d] [1] DEBUG c.y.m.u.m.SysUserMapper.selectById - <==      Total: 1
2026-06-12 00:03:47.827 [http-nio-8080-exec-8] [b6e9280d] [1] DEBUG c.y.m.u.m.S.selectRoleIdsByUserId - ==>  Preparing: select role_id from sys_user_role where user_id = ? order by role_id asc
2026-06-12 00:03:47.828 [http-nio-8080-exec-8] [b6e9280d] [1] DEBUG c.y.m.u.m.S.selectRoleIdsByUserId - ==> Parameters: 1(Long)
2026-06-12 00:03:47.828 [http-nio-8080-exec-8] [b6e9280d] [1] DEBUG c.y.m.u.m.S.selectRoleIdsByUserId - <==      Total: 1
2026-06-12 00:03:47.828 [http-nio-8080-exec-8] [b6e9280d] [1] DEBUG c.y.m.u.m.SysRoleMapper.selectList - ==>  Preparing: select id, role_code, role_name, description, status, created_at, updated_at from sys_role WHERE id in ( ? )
2026-06-12 00:03:47.828 [http-nio-8080-exec-8] [b6e9280d] [1] DEBUG c.y.m.u.m.SysRoleMapper.selectList - ==> Parameters: 1(Long)
2026-06-12 00:03:47.829 [http-nio-8080-exec-8] [b6e9280d] [1] DEBUG c.y.m.u.m.SysRoleMapper.selectList - <==      Total: 1
2026-06-12 00:03:47.829 [http-nio-8080-exec-8] [b6e9280d] [1] DEBUG c.y.m.u.m.S.selectPermissionIdsByRoleId - ==>  Preparing: select permission_id from sys_role_permission where role_id in ( ? ) order by permission_id asc
2026-06-12 00:03:47.829 [http-nio-8080-exec-8] [b6e9280d] [1] DEBUG c.y.m.u.m.S.selectPermissionIdsByRoleId - ==> Parameters: 1(Long)
2026-06-12 00:03:47.830 [http-nio-8080-exec-8] [b6e9280d] [1] DEBUG c.y.m.u.m.S.selectPermissionIdsByRoleId - <==      Total: 4
2026-06-12 00:03:47.830 [http-nio-8080-exec-8] [b6e9280d] [1] DEBUG c.y.m.u.m.S.selectList - ==>  Preparing: select id, parent_id, permission_code, permission_name, permission_type, api_path, sort_num, description, status, created_at, updated_at from sys_permission WHERE id in ( ? , ? , ? , ? )
2026-06-12 00:03:47.830 [http-nio-8080-exec-8] [b6e9280d] [1] DEBUG c.y.m.u.m.S.selectList - ==> Parameters: 101(Long), 106(Long), 113(Long), 117(Long)
2026-06-12 00:03:47.830 [http-nio-8080-exec-8] [b6e9280d] [1] DEBUG c.y.m.u.m.S.selectList - <==      Total: 4
2026-06-12 00:03:47.831 [http-nio-8080-exec-8] [b6e9280d] [1] INFO  c.y.common.aop.ControllerLogAspect - 接口开始: uri=/yq-admin/api/sysUser, httpMethod=GET, controller=SysUserController#pageUser, args=[{"name":"req","value":{"pageNum":1,"pageSize":10}}]
2026-06-12 00:03:47.837 [http-nio-8080-exec-8] [b6e9280d] [1] DEBUG c.y.m.u.m.S.selectPage_COUNT - ==>  Preparing: SELECT count(0) FROM sys_user
2026-06-12 00:03:47.837 [http-nio-8080-exec-8] [b6e9280d] [1] DEBUG c.y.m.u.m.S.selectPage_COUNT - ==> Parameters: 
2026-06-12 00:03:47.838 [http-nio-8080-exec-8] [b6e9280d] [1] DEBUG c.y.m.u.m.S.selectPage_COUNT - <==      Total: 1
2026-06-12 00:03:47.839 [http-nio-8080-exec-8] [b6e9280d] [1] DEBUG c.y.m.u.m.SysUserMapper.selectPage - ==>  Preparing: select id, username, password, nickname, real_name, phone, email, union_id, status, created_at, updated_at from sys_user order by id desc LIMIT ?
2026-06-12 00:03:47.839 [http-nio-8080-exec-8] [b6e9280d] [1] DEBUG c.y.m.u.m.SysUserMapper.selectPage - ==> Parameters: 10(Integer)
2026-06-12 00:03:47.840 [http-nio-8080-exec-8] [b6e9280d] [1] DEBUG c.y.m.u.m.SysUserMapper.selectPage - <==      Total: 6
2026-06-12 00:03:47.840 [http-nio-8080-exec-8] [b6e9280d] [1] INFO  c.y.common.aop.ControllerLogAspect - 接口结束: uri=/yq-admin/api/sysUser, controller=SysUserController#pageUser, cost=9ms, result={"code":200,"message":"success","data":{"total":6,"pageNum":1,"pageSize":10,"records":[{"id":6,"username":"haha","nickname":"哈哈哈","realName":"哈哈","phone":"15118191032","email":"913038933@qq.com","status":"ACTIVE","createdAt":"Fri Apr 17 15:54:46 CST 2026"},{"id":5,"username":"laoshi2","nickname":"老师2","realName":"老师2","phone":"13762922584","status":"ACTIVE","createdAt":"Sun Apr 12 01:48:55 CST 2026"},{"id":4,"username":"laoshi1","nickname":"老师1","realName":"老师1","phone":"13273576020","status":"ACTIVE","createdAt":"Sun Apr 12 01:48:37 CST 2026"},{"id":3,"username":"banzhuren","nickname":"班主任老师","realName":"班主任老师","phone":"15118191032","status":"ACTIVE","createdAt":"Sat Apr 11 17:06:53 CST 2026"},{"id":2,"username":"huangjin","nickname":"黄瑾","realName":"黄瑾","phone":"13273672819","email":"913038933@qq.com","status":"ACTIVE","createdAt":"Thu Apr 09 22:04:43 CST 2026"},{"id":1,"username":"admin","nickname":"系统管理员","realName":"超级管理员","phone":"13800000000","email":"admin@yq.com","status":"ACTIVE","createdAt":"Thu Apr 09 20:50:39 CST 2026"}]}}
2026-06-12 00:03:48.325 [http-nio-8080-exec-9] [b189bcf8] [1] DEBUG c.y.m.u.m.SysUserMapper.selectById - ==>  Preparing: select id, username, password, nickname, real_name, phone, email, union_id, status, created_at, updated_at from sys_user where id = ?
2026-06-12 00:03:48.326 [http-nio-8080-exec-9] [b189bcf8] [1] DEBUG c.y.m.u.m.SysUserMapper.selectById - ==> Parameters: 1(Long)
2026-06-12 00:03:48.326 [http-nio-8080-exec-9] [b189bcf8] [1] DEBUG c.y.m.u.m.SysUserMapper.selectById - <==      Total: 1
2026-06-12 00:03:48.326 [http-nio-8080-exec-9] [b189bcf8] [1] DEBUG c.y.m.u.m.S.selectRoleIdsByUserId - ==>  Preparing: select role_id from sys_user_role where user_id = ? order by role_id asc
2026-06-12 00:03:48.326 [http-nio-8080-exec-9] [b189bcf8] [1] DEBUG c.y.m.u.m.S.selectRoleIdsByUserId - ==> Parameters: 1(Long)
2026-06-12 00:03:48.327 [http-nio-8080-exec-9] [b189bcf8] [1] DEBUG c.y.m.u.m.S.selectRoleIdsByUserId - <==      Total: 1
2026-06-12 00:03:48.327 [http-nio-8080-exec-9] [b189bcf8] [1] DEBUG c.y.m.u.m.SysRoleMapper.selectList - ==>  Preparing: select id, role_code, role_name, description, status, created_at, updated_at from sys_role WHERE id in ( ? )
2026-06-12 00:03:48.327 [http-nio-8080-exec-9] [b189bcf8] [1] DEBUG c.y.m.u.m.SysRoleMapper.selectList - ==> Parameters: 1(Long)
2026-06-12 00:03:48.327 [http-nio-8080-exec-9] [b189bcf8] [1] DEBUG c.y.m.u.m.SysRoleMapper.selectList - <==      Total: 1
2026-06-12 00:03:48.328 [http-nio-8080-exec-9] [b189bcf8] [1] DEBUG c.y.m.u.m.S.selectPermissionIdsByRoleId - ==>  Preparing: select permission_id from sys_role_permission where role_id in ( ? ) order by permission_id asc
2026-06-12 00:03:48.328 [http-nio-8080-exec-9] [b189bcf8] [1] DEBUG c.y.m.u.m.S.selectPermissionIdsByRoleId - ==> Parameters: 1(Long)
2026-06-12 00:03:48.329 [http-nio-8080-exec-9] [b189bcf8] [1] DEBUG c.y.m.u.m.S.selectPermissionIdsByRoleId - <==      Total: 4
2026-06-12 00:03:48.329 [http-nio-8080-exec-9] [b189bcf8] [1] DEBUG c.y.m.u.m.S.selectList - ==>  Preparing: select id, parent_id, permission_code, permission_name, permission_type, api_path, sort_num, description, status, created_at, updated_at from sys_permission WHERE id in ( ? , ? , ? , ? )
2026-06-12 00:03:48.329 [http-nio-8080-exec-9] [b189bcf8] [1] DEBUG c.y.m.u.m.S.selectList - ==> Parameters: 101(Long), 106(Long), 113(Long), 117(Long)
2026-06-12 00:03:48.329 [http-nio-8080-exec-9] [b189bcf8] [1] DEBUG c.y.m.u.m.S.selectList - <==      Total: 4
2026-06-12 00:03:48.330 [http-nio-8080-exec-9] [b189bcf8] [1] INFO  c.y.common.aop.ControllerLogAspect - 接口开始: uri=/yq-admin/api/sysRole, httpMethod=GET, controller=SysRoleController#pageRole, args=[{"name":"req","value":{"pageNum":1,"pageSize":10}}]
2026-06-12 00:03:48.334 [http-nio-8080-exec-9] [b189bcf8] [1] DEBUG c.y.m.u.m.S.selectPage_COUNT - ==>  Preparing: SELECT count(0) FROM sys_role
2026-06-12 00:03:48.334 [http-nio-8080-exec-9] [b189bcf8] [1] DEBUG c.y.m.u.m.S.selectPage_COUNT - ==> Parameters: 
2026-06-12 00:03:48.335 [http-nio-8080-exec-9] [b189bcf8] [1] DEBUG c.y.m.u.m.S.selectPage_COUNT - <==      Total: 1
2026-06-12 00:03:48.335 [http-nio-8080-exec-9] [b189bcf8] [1] DEBUG c.y.m.u.m.SysRoleMapper.selectPage - ==>  Preparing: select id, role_code, role_name, description, status, created_at, updated_at from sys_role order by id desc LIMIT ?
2026-06-12 00:03:48.335 [http-nio-8080-exec-9] [b189bcf8] [1] DEBUG c.y.m.u.m.SysRoleMapper.selectPage - ==> Parameters: 10(Integer)
2026-06-12 00:03:48.337 [http-nio-8080-exec-9] [b189bcf8] [1] DEBUG c.y.m.u.m.SysRoleMapper.selectPage - <==      Total: 3
2026-06-12 00:03:48.337 [http-nio-8080-exec-9] [b189bcf8] [1] INFO  c.y.common.aop.ControllerLogAspect - 接口结束: uri=/yq-admin/api/sysRole, controller=SysRoleController#pageRole, cost=7ms, result={"code":200,"message":"success","data":{"total":3,"pageNum":1,"pageSize":10,"records":[{"id":3,"roleCode":"head_teacher","roleName":"班主任","description":"班主任","status":"ACTIVE","createdAt":"Sat Apr 11 17:06:26 CST 2026"},{"id":2,"roleCode":"teacher","roleName":"讲师","status":"ACTIVE","createdAt":"Thu Apr 09 21:28:05 CST 2026"},{"id":1,"roleCode":"SUPER_ADMIN","roleName":"超级管理员","description":"拥有全部后台权限","status":"ACTIVE","createdAt":"Thu Apr 09 20:50:38 CST 2026"}]}}
2026-06-12 00:03:48.832 [http-nio-8080-exec-10] [5e798b5b] [1] DEBUG c.y.m.u.m.SysUserMapper.selectById - ==>  Preparing: select id, username, password, nickname, real_name, phone, email, union_id, status, created_at, updated_at from sys_user where id = ?
2026-06-12 00:03:48.832 [http-nio-8080-exec-10] [5e798b5b] [1] DEBUG c.y.m.u.m.SysUserMapper.selectById - ==> Parameters: 1(Long)
2026-06-12 00:03:48.833 [http-nio-8080-exec-10] [5e798b5b] [1] DEBUG c.y.m.u.m.SysUserMapper.selectById - <==      Total: 1
2026-06-12 00:03:48.834 [http-nio-8080-exec-10] [5e798b5b] [1] DEBUG c.y.m.u.m.S.selectRoleIdsByUserId - ==>  Preparing: select role_id from sys_user_role where user_id = ? order by role_id asc
2026-06-12 00:03:48.834 [http-nio-8080-exec-10] [5e798b5b] [1] DEBUG c.y.m.u.m.S.selectRoleIdsByUserId - ==> Parameters: 1(Long)
2026-06-12 00:03:48.834 [http-nio-8080-exec-10] [5e798b5b] [1] DEBUG c.y.m.u.m.S.selectRoleIdsByUserId - <==      Total: 1
2026-06-12 00:03:48.835 [http-nio-8080-exec-10] [5e798b5b] [1] DEBUG c.y.m.u.m.SysRoleMapper.selectList - ==>  Preparing: select id, role_code, role_name, description, status, created_at, updated_at from sys_role WHERE id in ( ? )
2026-06-12 00:03:48.835 [http-nio-8080-exec-10] [5e798b5b] [1] DEBUG c.y.m.u.m.SysRoleMapper.selectList - ==> Parameters: 1(Long)
2026-06-12 00:03:48.835 [http-nio-8080-exec-10] [5e798b5b] [1] DEBUG c.y.m.u.m.SysRoleMapper.selectList - <==      Total: 1
2026-06-12 00:03:48.835 [http-nio-8080-exec-10] [5e798b5b] [1] DEBUG c.y.m.u.m.S.selectPermissionIdsByRoleId - ==>  Preparing: select permission_id from sys_role_permission where role_id in ( ? ) order by permission_id asc
2026-06-12 00:03:48.835 [http-nio-8080-exec-10] [5e798b5b] [1] DEBUG c.y.m.u.m.S.selectPermissionIdsByRoleId - ==> Parameters: 1(Long)
2026-06-12 00:03:48.836 [http-nio-8080-exec-10] [5e798b5b] [1] DEBUG c.y.m.u.m.S.selectPermissionIdsByRoleId - <==      Total: 4
2026-06-12 00:03:48.836 [http-nio-8080-exec-10] [5e798b5b] [1] DEBUG c.y.m.u.m.S.selectList - ==>  Preparing: select id, parent_id, permission_code, permission_name, permission_type, api_path, sort_num, description, status, created_at, updated_at from sys_permission WHERE id in ( ? , ? , ? , ? )
2026-06-12 00:03:48.836 [http-nio-8080-exec-10] [5e798b5b] [1] DEBUG c.y.m.u.m.S.selectList - ==> Parameters: 101(Long), 106(Long), 113(Long), 117(Long)
2026-06-12 00:03:48.836 [http-nio-8080-exec-10] [5e798b5b] [1] DEBUG c.y.m.u.m.S.selectList - <==      Total: 4
2026-06-12 00:03:48.837 [http-nio-8080-exec-10] [5e798b5b] [1] INFO  c.y.common.aop.ControllerLogAspect - 接口开始: uri=/yq-admin/api/sysPermission, httpMethod=GET, controller=SysPermissionController#pagePermission, args=[{"name":"req","value":{"pageNum":1,"pageSize":1000}}]
2026-06-12 00:03:48.843 [http-nio-8080-exec-10] [5e798b5b] [1] DEBUG c.y.m.u.m.S.selectPage_COUNT - ==>  Preparing: SELECT count(0) FROM sys_permission
2026-06-12 00:03:48.843 [http-nio-8080-exec-10] [5e798b5b] [1] DEBUG c.y.m.u.m.S.selectPage_COUNT - ==> Parameters: 
2026-06-12 00:03:48.845 [http-nio-8080-exec-10] [5e798b5b] [1] DEBUG c.y.m.u.m.S.selectPage_COUNT - <==      Total: 1
2026-06-12 00:03:48.845 [http-nio-8080-exec-10] [5e798b5b] [1] DEBUG c.y.m.u.m.S.selectPage - ==>  Preparing: select id, parent_id, permission_code, permission_name, permission_type, api_path, sort_num, description, status, created_at, updated_at from sys_permission order by sort_num asc, id desc LIMIT ?
2026-06-12 00:03:48.845 [http-nio-8080-exec-10] [5e798b5b] [1] DEBUG c.y.m.u.m.S.selectPage - ==> Parameters: 1000(Integer)
2026-06-12 00:03:48.848 [http-nio-8080-exec-10] [5e798b5b] [1] DEBUG c.y.m.u.m.S.selectPage - <==      Total: 177
2026-06-12 00:03:48.852 [http-nio-8080-exec-10] [5e798b5b] [1] INFO  c.y.common.aop.ControllerLogAspect - 接口结束: uri=/yq-admin/api/sysPermission, controller=SysPermissionController#pagePermission, cost=12ms, result={"code":200,"message":"success","data":{"total":177,"pageNum":1,"pageSize":1000,"records":[{"id":287,"parentId":286,"permissionName":"面试复盘上传音频按钮","permissionType":"BUTTON","permissionCode":"button:interview-review:upload","sortNum":1,"status":"1","description":"面试复盘页面的上传音频按钮","createdAt":"Wed May 20 22:13:56 CST 2026"},{"id":272,"parentId":271,"permissionName":"自媒体生成选题按钮","permissionType":"BUTTON","permissionCode":"button:media-agent:generate-topics","sortNum":1,"status":"1","description":"自媒体创作页面的生成选题按钮","createdAt":"Sat May 09 16:32:32 CST 2026"},{"id":268,"parentId":267,"permissionName":"数据分析执行按钮","permissionType":"BUTTON","permissionCode":"button:data-analysis:analyze","sortNum":1,"status":"1","description":"数据分析页面的开始分析按钮","createdAt":"Fri May 08 16:42:19 CST 2026"},{"id":249,"parentId":121,"permissionName":"发布作业按钮","permissionType":"BUTTON","permissionCode":"button:homework:create","sortNum":1,"status":"1","description":"作业管理页面的发布作业按钮","createdAt":"Wed Apr 22 16:21:14 CST 2026"},{"id":247,"parentId":118,"permissionName":"学生绑定权限模板按钮","permissionType":"BUTTON","permissionCode":"button:student:bind-permission-template","sortNum":1,"status":"1","description":"学生管理页面的绑定权限模板按钮","createdAt":"Wed Apr 22 14:20:45 CST 2026"},{"id":243,"parentId":119,"permissionName":"学员权限模板新增按钮","permissionType":"BUTTON","permissionCode":"button:student-permission-template:create","sortNum":1,"status":"1","description":"学员权限模板页面的新增按钮","createdAt":"Mon Apr 20 00:05:46 CST 2026"},{"id":240,"parentId":115,"permissionName":"订单新增按钮","permissionType":"BUTTON","permissionCode":"button:order:create","sortNum":1,"status":"1","description":"订单管理页面的新增按钮","createdAt":"Sun Apr 12 23:10:59 CST 2026"},{"id":237,"parentId":114,"permissionName":"产品新增按钮","permissionType":"BUTTON","permissionCode":"button:product:create","sortNum":1,"status":"1","description":"产品管理页面的新增按钮","createdAt":"Sun Apr 12 14:19:04 CST 2026"},{"id":235,"parentId":112,"permissionName":"值班查看按钮","permissionType":"BUTTON","permissionCode":"button:duty:view","sortNum":1,"status":"1","description":"值班管理页面的查看按钮","createdAt":"Sun Apr 12 13:11:55 CST 2026"},{"id":234,"parentId":111,"permissionName":"老师课表查看按钮","permissionType":"BUTTON","permissionCode":"button:teacher-schedule:view","sortNum":1,"status":"1","description":"老师课表页面的查看按钮","createdAt":"Sun Apr 12 03:21:07 CST 2026"},{"id":231,"parentId":110,"permissionName":"课表查看按钮","permissionType":"BUTTON","permissionCode":"button:schedule:view","sortNum":1,"status":"1","description":"课表管理页面的查看按钮","createdAt":"Sat Apr 11 19:46:45 CST 2026"},{"id":227,"parentId":109,"permissionName":"班级新增按钮","permissionType":"BUTTON","permissionCode":"button:class:create","sortNum":1,"status":"1","description":"班级管理页面的新增按钮","createdAt":"Sat Apr 11 17:05:40 CST 2026"},{"id":218,"parentId":108,"permissionName":"课程新增按钮","permissionType":"BUTTON","permissionCode":"button:course:create","sortNum":1,"status":"1","description":"课程管理页面的新增按钮","createdAt":"Sat Apr 11 16:02:19 CST 2026"},{"id":215,"parentId":107,"permissionName":"校区新增按钮","permissionType":"BUTTON","permissionCode":"button:campus:create","sortNum":1,"status":"1","description":"校区管理页面的新增按钮","createdAt":"Sat Apr 11 15:49:16 CST 2026"},{"id":212,"parentId":105,"permissionName":"系统参数新增按钮","permissionType":"BUTTON","permissionCode":"button:config:create","sortNum":1,"status":"1","description":"系统参数页面的新增配置按钮","createdAt":"Fri Apr 10 20:08:09 CST 2026"},{"id":209,"parentId":104,"permissionName":"权限新增按钮","permissionType":"BUTTON","permissionCode":"button:permission:create","sortNum":1,"status":"1","description":"权限管理页面的新增权限按钮","createdAt":"Thu Apr 09 21:22:28 CST 2026"},{"id":205,"parentId":103,"permissionName":"角色新增按钮","permissionType":"BUTTON","permissionCode":"button:role:create","sortNum":1,"status":"1","description":"角色管理页面的新增角色按钮","createdAt":"Thu Apr 09 21:22:28 CST 2026"},{"id":201,"parentId":102,"permissionName":"用户新增按钮","permissionType":"BUTTON","permissionCode":"button:user:create","sortNum":1,"status":"ACTIVE","desc...(truncated)
2026-06-12 00:03:49.505 [http-nio-8080-exec-1] [96ee8064] [1] DEBUG c.y.m.u.m.SysUserMapper.selectById - ==>  Preparing: select id, username, password, nickname, real_name, phone, email, union_id, status, created_at, updated_at from sys_user where id = ?
2026-06-12 00:03:49.507 [http-nio-8080-exec-1] [96ee8064] [1] DEBUG c.y.m.u.m.SysUserMapper.selectById - ==> Parameters: 1(Long)
2026-06-12 00:03:49.507 [http-nio-8080-exec-1] [96ee8064] [1] DEBUG c.y.m.u.m.SysUserMapper.selectById - <==      Total: 1
2026-06-12 00:03:49.507 [http-nio-8080-exec-1] [96ee8064] [1] DEBUG c.y.m.u.m.S.selectRoleIdsByUserId - ==>  Preparing: select role_id from sys_user_role where user_id = ? order by role_id asc
2026-06-12 00:03:49.507 [http-nio-8080-exec-1] [96ee8064] [1] DEBUG c.y.m.u.m.S.selectRoleIdsByUserId - ==> Parameters: 1(Long)
2026-06-12 00:03:49.507 [http-nio-8080-exec-1] [96ee8064] [1] DEBUG c.y.m.u.m.S.selectRoleIdsByUserId - <==      Total: 1
2026-06-12 00:03:49.508 [http-nio-8080-exec-1] [96ee8064] [1] DEBUG c.y.m.u.m.SysRoleMapper.selectList - ==>  Preparing: select id, role_code, role_name, description, status, created_at, updated_at from sys_role WHERE id in ( ? )
2026-06-12 00:03:49.508 [http-nio-8080-exec-1] [96ee8064] [1] DEBUG c.y.m.u.m.SysRoleMapper.selectList - ==> Parameters: 1(Long)
2026-06-12 00:03:49.508 [http-nio-8080-exec-1] [96ee8064] [1] DEBUG c.y.m.u.m.SysRoleMapper.selectList - <==      Total: 1
2026-06-12 00:03:49.508 [http-nio-8080-exec-1] [96ee8064] [1] DEBUG c.y.m.u.m.S.selectPermissionIdsByRoleId - ==>  Preparing: select permission_id from sys_role_permission where role_id in ( ? ) order by permission_id asc
2026-06-12 00:03:49.508 [http-nio-8080-exec-1] [96ee8064] [1] DEBUG c.y.m.u.m.S.selectPermissionIdsByRoleId - ==> Parameters: 1(Long)
2026-06-12 00:03:49.509 [http-nio-8080-exec-1] [96ee8064] [1] DEBUG c.y.m.u.m.S.selectPermissionIdsByRoleId - <==      Total: 4
2026-06-12 00:03:49.509 [http-nio-8080-exec-1] [96ee8064] [1] DEBUG c.y.m.u.m.S.selectList - ==>  Preparing: select id, parent_id, permission_code, permission_name, permission_type, api_path, sort_num, description, status, created_at, updated_at from sys_permission WHERE id in ( ? , ? , ? , ? )
2026-06-12 00:03:49.509 [http-nio-8080-exec-1] [96ee8064] [1] DEBUG c.y.m.u.m.S.selectList - ==> Parameters: 101(Long), 106(Long), 113(Long), 117(Long)
2026-06-12 00:03:49.509 [http-nio-8080-exec-1] [96ee8064] [1] DEBUG c.y.m.u.m.S.selectList - <==      Total: 4
2026-06-12 00:03:49.510 [http-nio-8080-exec-1] [96ee8064] [1] INFO  c.y.common.aop.ControllerLogAspect - 接口开始: uri=/yq-admin/api/sysConfig, httpMethod=GET, controller=SysConfigController#listAll, args=[]
2026-06-12 00:03:49.510 [http-nio-8080-exec-1] [96ee8064] [1] INFO  c.y.common.aop.ControllerLogAspect - 接口结束: uri=/yq-admin/api/sysConfig, controller=SysConfigController#listAll, cost=0ms, result={"code":200,"message":"success","data":[{"id":1,"k":"jwtSecretk","v":"yq-ai-admin-jwt-secret"},{"id":2,"k":"jwtExpireTime","v":"7200"},{"id":3,"k":"signSecretExpireSeconds","v":"7200"},{"id":4,"k":"signTimestampSkewSeconds","v":"300"},{"id":5,"k":"signNonceExpireSeconds","v":"300"},{"id":6,"k":"studentAiSummaryTriggerUncompressedCount","v":"6"},{"id":7,"k":"studentAiSummaryKeepRecentCount","v":"3"}]}
2026-06-12 00:03:50.623 [http-nio-8080-exec-2] [950f1644] [1] DEBUG c.y.m.u.m.SysUserMapper.selectById - ==>  Preparing: select id, username, password, nickname, real_name, phone, email, union_id, status, created_at, updated_at from sys_user where id = ?
2026-06-12 00:03:50.624 [http-nio-8080-exec-2] [950f1644] [1] DEBUG c.y.m.u.m.SysUserMapper.selectById - ==> Parameters: 1(Long)
2026-06-12 00:03:50.624 [http-nio-8080-exec-2] [950f1644] [1] DEBUG c.y.m.u.m.SysUserMapper.selectById - <==      Total: 1
2026-06-12 00:03:50.624 [http-nio-8080-exec-2] [950f1644] [1] DEBUG c.y.m.u.m.S.selectRoleIdsByUserId - ==>  Preparing: select role_id from sys_user_role where user_id = ? order by role_id asc
2026-06-12 00:03:50.624 [http-nio-8080-exec-2] [950f1644] [1] DEBUG c.y.m.u.m.S.selectRoleIdsByUserId - ==> Parameters: 1(Long)
2026-06-12 00:03:50.625 [http-nio-8080-exec-2] [950f1644] [1] DEBUG c.y.m.u.m.S.selectRoleIdsByUserId - <==      Total: 1
2026-06-12 00:03:50.625 [http-nio-8080-exec-2] [950f1644] [1] DEBUG c.y.m.u.m.SysRoleMapper.selectList - ==>  Preparing: select id, role_code, role_name, description, status, created_at, updated_at from sys_role WHERE id in ( ? )
2026-06-12 00:03:50.625 [http-nio-8080-exec-2] [950f1644] [1] DEBUG c.y.m.u.m.SysRoleMapper.selectList - ==> Parameters: 1(Long)
2026-06-12 00:03:50.626 [http-nio-8080-exec-2] [950f1644] [1] DEBUG c.y.m.u.m.SysRoleMapper.selectList - <==      Total: 1
2026-06-12 00:03:50.626 [http-nio-8080-exec-2] [950f1644] [1] DEBUG c.y.m.u.m.S.selectPermissionIdsByRoleId - ==>  Preparing: select permission_id from sys_role_permission where role_id in ( ? ) order by permission_id asc
2026-06-12 00:03:50.626 [http-nio-8080-exec-2] [950f1644] [1] DEBUG c.y.m.u.m.S.selectPermissionIdsByRoleId - ==> Parameters: 1(Long)
2026-06-12 00:03:50.626 [http-nio-8080-exec-2] [950f1644] [1] DEBUG c.y.m.u.m.S.selectPermissionIdsByRoleId - <==      Total: 4
2026-06-12 00:03:50.626 [http-nio-8080-exec-2] [950f1644] [1] DEBUG c.y.m.u.m.S.selectList - ==>  Preparing: select id, parent_id, permission_code, permission_name, permission_type, api_path, sort_num, description, status, created_at, updated_at from sys_permission WHERE id in ( ? , ? , ? , ? )
2026-06-12 00:03:50.626 [http-nio-8080-exec-2] [950f1644] [1] DEBUG c.y.m.u.m.S.selectList - ==> Parameters: 101(Long), 106(Long), 113(Long), 117(Long)
2026-06-12 00:03:50.628 [http-nio-8080-exec-2] [950f1644] [1] DEBUG c.y.m.u.m.S.selectList - <==      Total: 4
2026-06-12 00:03:50.628 [http-nio-8080-exec-2] [950f1644] [1] INFO  c.y.common.aop.ControllerLogAspect - 接口开始: uri=/yq-admin/api/eduClass, httpMethod=GET, controller=EduClassController#pageClass, args=[{"name":"req","value":{"pageNum":1,"pageSize":10}}]
2026-06-12 00:03:50.633 [http-nio-8080-exec-2] [950f1644] [1] DEBUG c.y.m.e.m.E.selectPage_COUNT - ==>  Preparing: SELECT count(0) FROM edu_class
2026-06-12 00:03:50.633 [http-nio-8080-exec-2] [950f1644] [1] DEBUG c.y.m.e.m.E.selectPage_COUNT - ==> Parameters: 
2026-06-12 00:03:50.635 [http-nio-8080-exec-2] [950f1644] [1] DEBUG c.y.m.e.m.E.selectPage_COUNT - <==      Total: 1
2026-06-12 00:03:50.635 [http-nio-8080-exec-2] [950f1644] [1] DEBUG c.y.m.e.m.EduClassMapper.selectPage - ==>  Preparing: select id, class_term, campus_id, head_teacher_id, class_status, start_time, course_id, student_count, created_at, updated_at from edu_class order by id desc LIMIT ?
2026-06-12 00:03:50.635 [http-nio-8080-exec-2] [950f1644] [1] DEBUG c.y.m.e.m.EduClassMapper.selectPage - ==> Parameters: 10(Integer)
2026-06-12 00:03:50.635 [http-nio-8080-exec-2] [950f1644] [1] DEBUG c.y.m.e.m.EduClassMapper.selectPage - <==      Total: 3
2026-06-12 00:03:50.636 [http-nio-8080-exec-2] [950f1644] [1] INFO  c.y.common.aop.ControllerLogAspect - 接口结束: uri=/yq-admin/api/eduClass, controller=EduClassController#pageClass, cost=8ms, result={"code":200,"message":"success","data":{"total":3,"pageNum":1,"pageSize":10,"records":[{"id":3,"classTerm":3,"campusId":1,"headTeacherId":3,"classStatus":"WAITING","startTime":"Thu Apr 16 00:00:00 CST 2026","courseId":1,"studentCount":0,"createdAt":"Mon Apr 13 20:34:39 CST 2026"},{"id":2,"classTerm":2,"campusId":1,"headTeacherId":3,"classStatus":"WAITING","startTime":"Mon Apr 13 00:00:00 CST 2026","courseId":1,"studentCount":0,"createdAt":"Mon Apr 13 20:15:52 CST 2026"},{"id":1,"classTerm":1,"campusId":1,"headTeacherId":3,"classStatus":"WAITING","startTime":"Mon Apr 13 00:00:00 CST 2026","courseId":1,"studentCount":0,"createdAt":"Sat Apr 11 17:09:28 CST 2026"}]}}
2026-06-12 00:03:51.212 [http-nio-8080-exec-3] [0ab95fc8] [1] DEBUG c.y.m.u.m.SysUserMapper.selectById - ==>  Preparing: select id, username, password, nickname, real_name, phone, email, union_id, status, created_at, updated_at from sys_user where id = ?
2026-06-12 00:03:51.213 [http-nio-8080-exec-3] [0ab95fc8] [1] DEBUG c.y.m.u.m.SysUserMapper.selectById - ==> Parameters: 1(Long)
2026-06-12 00:03:51.213 [http-nio-8080-exec-3] [0ab95fc8] [1] DEBUG c.y.m.u.m.SysUserMapper.selectById - <==      Total: 1
2026-06-12 00:03:51.213 [http-nio-8080-exec-3] [0ab95fc8] [1] DEBUG c.y.m.u.m.S.selectRoleIdsByUserId - ==>  Preparing: select role_id from sys_user_role where user_id = ? order by role_id asc
2026-06-12 00:03:51.213 [http-nio-8080-exec-3] [0ab95fc8] [1] DEBUG c.y.m.u.m.S.selectRoleIdsByUserId - ==> Parameters: 1(Long)
2026-06-12 00:03:51.215 [http-nio-8080-exec-3] [0ab95fc8] [1] DEBUG c.y.m.u.m.S.selectRoleIdsByUserId - <==      Total: 1
2026-06-12 00:03:51.215 [http-nio-8080-exec-3] [0ab95fc8] [1] DEBUG c.y.m.u.m.SysRoleMapper.selectList - ==>  Preparing: select id, role_code, role_name, description, status, created_at, updated_at from sys_role WHERE id in ( ? )
2026-06-12 00:03:51.215 [http-nio-8080-exec-3] [0ab95fc8] [1] DEBUG c.y.m.u.m.SysRoleMapper.selectList - ==> Parameters: 1(Long)
2026-06-12 00:03:51.215 [http-nio-8080-exec-3] [0ab95fc8] [1] DEBUG c.y.m.u.m.SysRoleMapper.selectList - <==      Total: 1
2026-06-12 00:03:51.215 [http-nio-8080-exec-3] [0ab95fc8] [1] DEBUG c.y.m.u.m.S.selectPermissionIdsByRoleId - ==>  Preparing: select permission_id from sys_role_permission where role_id in ( ? ) order by permission_id asc
2026-06-12 00:03:51.215 [http-nio-8080-exec-3] [0ab95fc8] [1] DEBUG c.y.m.u.m.S.selectPermissionIdsByRoleId - ==> Parameters: 1(Long)
2026-06-12 00:03:51.216 [http-nio-8080-exec-3] [0ab95fc8] [1] DEBUG c.y.m.u.m.S.selectPermissionIdsByRoleId - <==      Total: 4
2026-06-12 00:03:51.216 [http-nio-8080-exec-3] [0ab95fc8] [1] DEBUG c.y.m.u.m.S.selectList - ==>  Preparing: select id, parent_id, permission_code, permission_name, permission_type, api_path, sort_num, description, status, created_at, updated_at from sys_permission WHERE id in ( ? , ? , ? , ? )
2026-06-12 00:03:51.216 [http-nio-8080-exec-3] [0ab95fc8] [1] DEBUG c.y.m.u.m.S.selectList - ==> Parameters: 101(Long), 106(Long), 113(Long), 117(Long)
2026-06-12 00:03:51.216 [http-nio-8080-exec-3] [0ab95fc8] [1] DEBUG c.y.m.u.m.S.selectList - <==      Total: 4
2026-06-12 00:03:51.217 [http-nio-8080-exec-3] [0ab95fc8] [1] INFO  c.y.common.aop.ControllerLogAspect - 接口开始: uri=/yq-admin/api/eduCampus, httpMethod=GET, controller=EduCampusController#pageCampus, args=[{"name":"req","value":{"pageNum":1,"pageSize":10}}]
2026-06-12 00:03:51.223 [http-nio-8080-exec-3] [0ab95fc8] [1] DEBUG c.y.m.e.m.E.selectPage_COUNT - ==>  Preparing: SELECT count(0) FROM edu_campus
2026-06-12 00:03:51.223 [http-nio-8080-exec-3] [0ab95fc8] [1] DEBUG c.y.m.e.m.E.selectPage_COUNT - ==> Parameters: 
2026-06-12 00:03:51.224 [http-nio-8080-exec-3] [0ab95fc8] [1] DEBUG c.y.m.e.m.E.selectPage_COUNT - <==      Total: 1
2026-06-12 00:03:51.224 [http-nio-8080-exec-3] [0ab95fc8] [1] DEBUG c.y.m.e.m.EduCampusMapper.selectPage - ==>  Preparing: select id, campus_name, principal_user_id, address, contact_phone, remark, status, created_at, updated_at from edu_campus order by id desc LIMIT ?
2026-06-12 00:03:51.224 [http-nio-8080-exec-3] [0ab95fc8] [1] DEBUG c.y.m.e.m.EduCampusMapper.selectPage - ==> Parameters: 10(Integer)
2026-06-12 00:03:51.225 [http-nio-8080-exec-3] [0ab95fc8] [1] DEBUG c.y.m.e.m.EduCampusMapper.selectPage - <==      Total: 1
2026-06-12 00:03:51.225 [http-nio-8080-exec-3] [0ab95fc8] [1] INFO  c.y.common.aop.ControllerLogAspect - 接口结束: uri=/yq-admin/api/eduCampus, controller=EduCampusController#pageCampus, cost=8ms, result={"code":200,"message":"success","data":{"total":1,"pageNum":1,"pageSize":10,"records":[{"id":1,"campusName":"杭州校区","principalUserId":2,"address":"杭州市余杭区","contactPhone":"13549684561","status":1,"createdAt":"Sat Apr 11 15:51:21 CST 2026","updatedAt":"Sat Apr 11 15:51:21 CST 2026"}]}}
2026-06-12 00:03:51.865 [http-nio-8080-exec-4] [d14d61e5] [1] DEBUG c.y.m.u.m.SysUserMapper.selectById - ==>  Preparing: select id, username, password, nickname, real_name, phone, email, union_id, status, created_at, updated_at from sys_user where id = ?
2026-06-12 00:03:51.865 [http-nio-8080-exec-4] [d14d61e5] [1] DEBUG c.y.m.u.m.SysUserMapper.selectById - ==> Parameters: 1(Long)
2026-06-12 00:03:51.866 [http-nio-8080-exec-4] [d14d61e5] [1] DEBUG c.y.m.u.m.SysUserMapper.selectById - <==      Total: 1
2026-06-12 00:03:51.866 [http-nio-8080-exec-4] [d14d61e5] [1] DEBUG c.y.m.u.m.S.selectRoleIdsByUserId - ==>  Preparing: select role_id from sys_user_role where user_id = ? order by role_id asc
2026-06-12 00:03:51.866 [http-nio-8080-exec-4] [d14d61e5] [1] DEBUG c.y.m.u.m.S.selectRoleIdsByUserId - ==> Parameters: 1(Long)
2026-06-12 00:03:51.866 [http-nio-8080-exec-4] [d14d61e5] [1] DEBUG c.y.m.u.m.S.selectRoleIdsByUserId - <==      Total: 1
2026-06-12 00:03:51.866 [http-nio-8080-exec-4] [d14d61e5] [1] DEBUG c.y.m.u.m.SysRoleMapper.selectList - ==>  Preparing: select id, role_code, role_name, description, status, created_at, updated_at from sys_role WHERE id in ( ? )
2026-06-12 00:03:51.867 [http-nio-8080-exec-4] [d14d61e5] [1] DEBUG c.y.m.u.m.SysRoleMapper.selectList - ==> Parameters: 1(Long)
2026-06-12 00:03:51.867 [http-nio-8080-exec-4] [d14d61e5] [1] DEBUG c.y.m.u.m.SysRoleMapper.selectList - <==      Total: 1
2026-06-12 00:03:51.867 [http-nio-8080-exec-4] [d14d61e5] [1] DEBUG c.y.m.u.m.S.selectPermissionIdsByRoleId - ==>  Preparing: select permission_id from sys_role_permission where role_id in ( ? ) order by permission_id asc
2026-06-12 00:03:51.867 [http-nio-8080-exec-4] [d14d61e5] [1] DEBUG c.y.m.u.m.S.selectPermissionIdsByRoleId - ==> Parameters: 1(Long)
2026-06-12 00:03:51.867 [http-nio-8080-exec-4] [d14d61e5] [1] DEBUG c.y.m.u.m.S.selectPermissionIdsByRoleId - <==      Total: 4
2026-06-12 00:03:51.868 [http-nio-8080-exec-4] [d14d61e5] [1] DEBUG c.y.m.u.m.S.selectList - ==>  Preparing: select id, parent_id, permission_code, permission_name, permission_type, api_path, sort_num, description, status, created_at, updated_at from sys_permission WHERE id in ( ? , ? , ? , ? )
2026-06-12 00:03:51.868 [http-nio-8080-exec-4] [d14d61e5] [1] DEBUG c.y.m.u.m.S.selectList - ==> Parameters: 101(Long), 106(Long), 113(Long), 117(Long)
2026-06-12 00:03:51.868 [http-nio-8080-exec-4] [d14d61e5] [1] DEBUG c.y.m.u.m.S.selectList - <==      Total: 4
2026-06-12 00:03:51.869 [http-nio-8080-exec-4] [d14d61e5] [1] INFO  c.y.common.aop.ControllerLogAspect - 接口开始: uri=/yq-admin/api/eduStudent, httpMethod=GET, controller=EduStudentController#pageStudent, args=[{"name":"req","value":{"pageNum":1,"pageSize":10}}]
2026-06-12 00:03:51.874 [http-nio-8080-exec-4] [d14d61e5] [1] DEBUG c.y.m.e.m.E.selectPage_COUNT - ==>  Preparing: SELECT count(0) FROM edu_student
2026-06-12 00:03:51.875 [http-nio-8080-exec-4] [d14d61e5] [1] DEBUG c.y.m.e.m.E.selectPage_COUNT - ==> Parameters: 
2026-06-12 00:03:51.876 [http-nio-8080-exec-4] [d14d61e5] [1] DEBUG c.y.m.e.m.E.selectPage_COUNT - <==      Total: 1
2026-06-12 00:03:51.876 [http-nio-8080-exec-4] [d14d61e5] [1] DEBUG c.y.m.e.m.E.selectPage - ==>  Preparing: select id, student_code, student_name, phone, graduation_session, school, education, study_mode, class_id, product_id, join_time, created_at, updated_at from edu_student order by id desc LIMIT ?
2026-06-12 00:03:51.876 [http-nio-8080-exec-4] [d14d61e5] [1] DEBUG c.y.m.e.m.E.selectPage - ==> Parameters: 10(Integer)
2026-06-12 00:03:51.877 [http-nio-8080-exec-4] [d14d61e5] [1] DEBUG c.y.m.e.m.E.selectPage - <==      Total: 10
2026-06-12 00:03:51.877 [http-nio-8080-exec-4] [d14d61e5] [1] INFO  c.y.common.aop.ControllerLogAspect - 接口结束: uri=/yq-admin/api/eduStudent, controller=EduStudentController#pageStudent, cost=8ms, result={"code":200,"message":"success","data":{"total":10,"pageNum":1,"pageSize":10,"records":[{"id":10,"studentCode":"XS20260527544261","studentName":"赵九","phone":"13273576020","graduationSession":2026,"school":"湖南师范大学","education":"硕士","studyMode":"ONLINE","productId":3,"joinTime":"Wed May 27 21:32:06 CST 2026","createdAt":"Wed May 27 21:32:23 CST 2026","updatedAt":"Wed May 27 21:32:23 CST 2026"},{"id":9,"studentCode":"XS20260526215429","studentName":"赵六","phone":"13762922580","graduationSession":2026,"school":"湖南师范大学","education":"硕士","studyMode":"ONLINE","productId":3,"joinTime":"Tue May 26 17:18:07 CST 2026","createdAt":"Tue May 26 17:18:15 CST 2026","updatedAt":"Tue May 26 17:18:15 CST 2026"},{"id":8,"studentCode":"XS20260514684479","studentName":"哈哈","phone":"13273576029","graduationSession":2026,"school":"湖南师范大学","education":"本科","studyMode":"OFFLINE","classId":2,"productId":1,"joinTime":"Thu May 14 17:45:03 CST 2026","createdAt":"Thu May 14 17:45:10 CST 2026","updatedAt":"Thu May 14 17:45:10 CST 2026"},{"id":7,"studentCode":"XS20260429790522","studentName":"王六","phone":"13273576027","graduationSession":2026,"school":"湖南师范大学","education":"博士","studyMode":"ONLINE","productId":2,"joinTime":"Wed Apr 29 22:59:06 CST 2026","createdAt":"Wed Apr 29 22:59:15 CST 2026","updatedAt":"Wed Apr 29 22:59:15 CST 2026"},{"id":6,"studentCode":"XS20260417641291","studentName":"赵六","phone":"15118191034","graduationSession":2026,"school":"洪江一中","education":"本科","studyMode":"OFFLINE","classId":3,"productId":1,"joinTime":"Fri Apr 17 22:25:31 CST 2026","createdAt":"Fri Apr 17 22:25:50 CST 2026","updatedAt":"Fri Apr 17 22:25:50 CST 2026"},{"id":5,"studentCode":"XS20260417193131","studentName":"黄某","phone":"15118191031","graduationSession":2026,"school":"洪江一中","education":"本科","studyMode":"OFFLINE","classId":1,"productId":1,"joinTime":"Fri Apr 17 15:09:40 CST 2026","createdAt":"Fri Apr 17 15:10:18 CST 2026","updatedAt":"Fri Apr 17 15:10:18 CST 2026"},{"id":4,"studentCode":"XS20260416122330","studentName":"黄某","phone":"13273576024","graduationSession":2026,"school":"洪江一中","education":"大专","studyMode":"OFFLINE","classId":1,"productId":1,"joinTime":"Thu Apr 16 22:41:38 CST 2026","createdAt":"Thu Apr 16 22:42:25 CST 2026","updatedAt":"Thu Apr 16 22:42:25 CST 2026"},{"id":3,"studentCode":"XS20260416572329","studentName":"向某","phone":"13273576023","graduationSession":2026,"school":"洪江一中","education":"本科","studyMode":"OFFLINE","classId":2,"productId":1,"joinTime":"Thu Apr 16 22:28:40 CST 2026","createdAt":"Thu Apr 16 22:34:48 CST 2026","updatedAt":"Thu Apr 16 22:34:48 CST 2026"},{"id":2,"studentCode":"XS20260416896906","studentName":"王王","phone":"15118191032","graduationSession":2026,"school":"湖南师范大学","education":"大专","studyMode":"OFFLINE","classId":2,"productId":1,"joinTime":"Thu Apr 16 17:55:46 CST 2026","createdAt":"Thu Apr 16 18:01:02 CST 2026","updatedAt":"Thu Apr 16 18:01:02 CST 2026"},{"id":1,"studentCode":"XS20260416496798","studentName":"赵家","phone":"13273672819","graduationSession":2026,"school":"湖南师范大学","education":"本科","studyMode":"OFFLINE","classId":1,"productId":1,"joinTime":"Thu Apr 16 17:52:36 CST 2026","createdAt":"Thu Apr 16 17:53:12 CST 2026","updatedAt":"Thu Apr 16 17:53:12 CST 2026"}]}}
2026-06-12 00:03:52.474 [http-nio-8080-exec-5] [cea28327] [1] DEBUG c.y.m.u.m.SysUserMapper.selectById - ==>  Preparing: select id, username, password, nickname, real_name, phone, email, union_id, status, created_at, updated_at from sys_user where id = ?
2026-06-12 00:03:52.475 [http-nio-8080-exec-5] [cea28327] [1] DEBUG c.y.m.u.m.SysUserMapper.selectById - ==> Parameters: 1(Long)
2026-06-12 00:03:52.475 [http-nio-8080-exec-5] [cea28327] [1] DEBUG c.y.m.u.m.SysUserMapper.selectById - <==      Total: 1
2026-06-12 00:03:52.476 [http-nio-8080-exec-5] [cea28327] [1] DEBUG c.y.m.u.m.S.selectRoleIdsByUserId - ==>  Preparing: select role_id from sys_user_role where user_id = ? order by role_id asc
2026-06-12 00:03:52.476 [http-nio-8080-exec-5] [cea28327] [1] DEBUG c.y.m.u.m.S.selectRoleIdsByUserId - ==> Parameters: 1(Long)
2026-06-12 00:03:52.477 [http-nio-8080-exec-5] [cea28327] [1] DEBUG c.y.m.u.m.S.selectRoleIdsByUserId - <==      Total: 1
2026-06-12 00:03:52.477 [http-nio-8080-exec-5] [cea28327] [1] DEBUG c.y.m.u.m.SysRoleMapper.selectList - ==>  Preparing: select id, role_code, role_name, description, status, created_at, updated_at from sys_role WHERE id in ( ? )
2026-06-12 00:03:52.477 [http-nio-8080-exec-5] [cea28327] [1] DEBUG c.y.m.u.m.SysRoleMapper.selectList - ==> Parameters: 1(Long)
2026-06-12 00:03:52.477 [http-nio-8080-exec-5] [cea28327] [1] DEBUG c.y.m.u.m.SysRoleMapper.selectList - <==      Total: 1
2026-06-12 00:03:52.477 [http-nio-8080-exec-5] [cea28327] [1] DEBUG c.y.m.u.m.S.selectPermissionIdsByRoleId - ==>  Preparing: select permission_id from sys_role_permission where role_id in ( ? ) order by permission_id asc
2026-06-12 00:03:52.477 [http-nio-8080-exec-5] [cea28327] [1] DEBUG c.y.m.u.m.S.selectPermissionIdsByRoleId - ==> Parameters: 1(Long)
2026-06-12 00:03:52.477 [http-nio-8080-exec-5] [cea28327] [1] DEBUG c.y.m.u.m.S.selectPermissionIdsByRoleId - <==      Total: 4
2026-06-12 00:03:52.478 [http-nio-8080-exec-5] [cea28327] [1] DEBUG c.y.m.u.m.S.selectList - ==>  Preparing: select id, parent_id, permission_code, permission_name, permission_type, api_path, sort_num, description, status, created_at, updated_at from sys_permission WHERE id in ( ? , ? , ? , ? )
2026-06-12 00:03:52.478 [http-nio-8080-exec-5] [cea28327] [1] DEBUG c.y.m.u.m.S.selectList - ==> Parameters: 101(Long), 106(Long), 113(Long), 117(Long)
2026-06-12 00:03:52.478 [http-nio-8080-exec-5] [cea28327] [1] DEBUG c.y.m.u.m.S.selectList - <==      Total: 4
2026-06-12 00:03:52.479 [http-nio-8080-exec-5] [cea28327] [1] INFO  c.y.common.aop.ControllerLogAspect - 接口开始: uri=/yq-admin/api/sysPermission, httpMethod=GET, controller=SysPermissionController#pagePermission, args=[{"name":"req","value":{"pageNum":1,"pageSize":1000}}]
2026-06-12 00:03:52.485 [http-nio-8080-exec-5] [cea28327] [1] DEBUG c.y.m.u.m.S.selectPage_COUNT - ==>  Preparing: SELECT count(0) FROM sys_permission
2026-06-12 00:03:52.485 [http-nio-8080-exec-5] [cea28327] [1] DEBUG c.y.m.u.m.S.selectPage_COUNT - ==> Parameters: 
2026-06-12 00:03:52.485 [http-nio-8080-exec-5] [cea28327] [1] DEBUG c.y.m.u.m.S.selectPage_COUNT - <==      Total: 1
2026-06-12 00:03:52.485 [http-nio-8080-exec-5] [cea28327] [1] DEBUG c.y.m.u.m.S.selectPage - ==>  Preparing: select id, parent_id, permission_code, permission_name, permission_type, api_path, sort_num, description, status, created_at, updated_at from sys_permission order by sort_num asc, id desc LIMIT ?
2026-06-12 00:03:52.485 [http-nio-8080-exec-5] [cea28327] [1] DEBUG c.y.m.u.m.S.selectPage - ==> Parameters: 1000(Integer)
2026-06-12 00:03:52.489 [http-nio-8080-exec-5] [cea28327] [1] DEBUG c.y.m.u.m.S.selectPage - <==      Total: 177
2026-06-12 00:03:52.491 [http-nio-8080-exec-5] [cea28327] [1] INFO  c.y.common.aop.ControllerLogAspect - 接口结束: uri=/yq-admin/api/sysPermission, controller=SysPermissionController#pagePermission, cost=11ms, result={"code":200,"message":"success","data":{"total":177,"pageNum":1,"pageSize":1000,"records":[{"id":287,"parentId":286,"permissionName":"面试复盘上传音频按钮","permissionType":"BUTTON","permissionCode":"button:interview-review:upload","sortNum":1,"status":"1","description":"面试复盘页面的上传音频按钮","createdAt":"Wed May 20 22:13:56 CST 2026"},{"id":272,"parentId":271,"permissionName":"自媒体生成选题按钮","permissionType":"BUTTON","permissionCode":"button:media-agent:generate-topics","sortNum":1,"status":"1","description":"自媒体创作页面的生成选题按钮","createdAt":"Sat May 09 16:32:32 CST 2026"},{"id":268,"parentId":267,"permissionName":"数据分析执行按钮","permissionType":"BUTTON","permissionCode":"button:data-analysis:analyze","sortNum":1,"status":"1","description":"数据分析页面的开始分析按钮","createdAt":"Fri May 08 16:42:19 CST 2026"},{"id":249,"parentId":121,"permissionName":"发布作业按钮","permissionType":"BUTTON","permissionCode":"button:homework:create","sortNum":1,"status":"1","description":"作业管理页面的发布作业按钮","createdAt":"Wed Apr 22 16:21:14 CST 2026"},{"id":247,"parentId":118,"permissionName":"学生绑定权限模板按钮","permissionType":"BUTTON","permissionCode":"button:student:bind-permission-template","sortNum":1,"status":"1","description":"学生管理页面的绑定权限模板按钮","createdAt":"Wed Apr 22 14:20:45 CST 2026"},{"id":243,"parentId":119,"permissionName":"学员权限模板新增按钮","permissionType":"BUTTON","permissionCode":"button:student-permission-template:create","sortNum":1,"status":"1","description":"学员权限模板页面的新增按钮","createdAt":"Mon Apr 20 00:05:46 CST 2026"},{"id":240,"parentId":115,"permissionName":"订单新增按钮","permissionType":"BUTTON","permissionCode":"button:order:create","sortNum":1,"status":"1","description":"订单管理页面的新增按钮","createdAt":"Sun Apr 12 23:10:59 CST 2026"},{"id":237,"parentId":114,"permissionName":"产品新增按钮","permissionType":"BUTTON","permissionCode":"button:product:create","sortNum":1,"status":"1","description":"产品管理页面的新增按钮","createdAt":"Sun Apr 12 14:19:04 CST 2026"},{"id":235,"parentId":112,"permissionName":"值班查看按钮","permissionType":"BUTTON","permissionCode":"button:duty:view","sortNum":1,"status":"1","description":"值班管理页面的查看按钮","createdAt":"Sun Apr 12 13:11:55 CST 2026"},{"id":234,"parentId":111,"permissionName":"老师课表查看按钮","permissionType":"BUTTON","permissionCode":"button:teacher-schedule:view","sortNum":1,"status":"1","description":"老师课表页面的查看按钮","createdAt":"Sun Apr 12 03:21:07 CST 2026"},{"id":231,"parentId":110,"permissionName":"课表查看按钮","permissionType":"BUTTON","permissionCode":"button:schedule:view","sortNum":1,"status":"1","description":"课表管理页面的查看按钮","createdAt":"Sat Apr 11 19:46:45 CST 2026"},{"id":227,"parentId":109,"permissionName":"班级新增按钮","permissionType":"BUTTON","permissionCode":"button:class:create","sortNum":1,"status":"1","description":"班级管理页面的新增按钮","createdAt":"Sat Apr 11 17:05:40 CST 2026"},{"id":218,"parentId":108,"permissionName":"课程新增按钮","permissionType":"BUTTON","permissionCode":"button:course:create","sortNum":1,"status":"1","description":"课程管理页面的新增按钮","createdAt":"Sat Apr 11 16:02:19 CST 2026"},{"id":215,"parentId":107,"permissionName":"校区新增按钮","permissionType":"BUTTON","permissionCode":"button:campus:create","sortNum":1,"status":"1","description":"校区管理页面的新增按钮","createdAt":"Sat Apr 11 15:49:16 CST 2026"},{"id":212,"parentId":105,"permissionName":"系统参数新增按钮","permissionType":"BUTTON","permissionCode":"button:config:create","sortNum":1,"status":"1","description":"系统参数页面的新增配置按钮","createdAt":"Fri Apr 10 20:08:09 CST 2026"},{"id":209,"parentId":104,"permissionName":"权限新增按钮","permissionType":"BUTTON","permissionCode":"button:permission:create","sortNum":1,"status":"1","description":"权限管理页面的新增权限按钮","createdAt":"Thu Apr 09 21:22:28 CST 2026"},{"id":205,"parentId":103,"permissionName":"角色新增按钮","permissionType":"BUTTON","permissionCode":"button:role:create","sortNum":1,"status":"1","description":"角色管理页面的新增角色按钮","createdAt":"Thu Apr 09 21:22:28 CST 2026"},{"id":201,"parentId":102,"permissionName":"用户新增按钮","permissionType":"BUTTON","permissionCode":"button:user:create","sortNum":1,"status":"ACTIVE","desc...(truncated)
2026-06-12 00:03:52.985 [http-nio-8080-exec-6] [fbd52783] [1] DEBUG c.y.m.u.m.SysUserMapper.selectById - ==>  Preparing: select id, username, password, nickname, real_name, phone, email, union_id, status, created_at, updated_at from sys_user where id = ?
2026-06-12 00:03:52.985 [http-nio-8080-exec-6] [fbd52783] [1] DEBUG c.y.m.u.m.SysUserMapper.selectById - ==> Parameters: 1(Long)
2026-06-12 00:03:52.986 [http-nio-8080-exec-6] [fbd52783] [1] DEBUG c.y.m.u.m.SysUserMapper.selectById - <==      Total: 1
2026-06-12 00:03:52.986 [http-nio-8080-exec-6] [fbd52783] [1] DEBUG c.y.m.u.m.S.selectRoleIdsByUserId - ==>  Preparing: select role_id from sys_user_role where user_id = ? order by role_id asc
2026-06-12 00:03:52.986 [http-nio-8080-exec-6] [fbd52783] [1] DEBUG c.y.m.u.m.S.selectRoleIdsByUserId - ==> Parameters: 1(Long)
2026-06-12 00:03:52.987 [http-nio-8080-exec-6] [fbd52783] [1] DEBUG c.y.m.u.m.S.selectRoleIdsByUserId - <==      Total: 1
2026-06-12 00:03:52.987 [http-nio-8080-exec-6] [fbd52783] [1] DEBUG c.y.m.u.m.SysRoleMapper.selectList - ==>  Preparing: select id, role_code, role_name, description, status, created_at, updated_at from sys_role WHERE id in ( ? )
2026-06-12 00:03:52.987 [http-nio-8080-exec-6] [fbd52783] [1] DEBUG c.y.m.u.m.SysRoleMapper.selectList - ==> Parameters: 1(Long)
2026-06-12 00:03:52.987 [http-nio-8080-exec-6] [fbd52783] [1] DEBUG c.y.m.u.m.SysRoleMapper.selectList - <==      Total: 1
2026-06-12 00:03:52.988 [http-nio-8080-exec-6] [fbd52783] [1] DEBUG c.y.m.u.m.S.selectPermissionIdsByRoleId - ==>  Preparing: select permission_id from sys_role_permission where role_id in ( ? ) order by permission_id asc
2026-06-12 00:03:52.988 [http-nio-8080-exec-6] [fbd52783] [1] DEBUG c.y.m.u.m.S.selectPermissionIdsByRoleId - ==> Parameters: 1(Long)
2026-06-12 00:03:52.988 [http-nio-8080-exec-6] [fbd52783] [1] DEBUG c.y.m.u.m.S.selectPermissionIdsByRoleId - <==      Total: 4
2026-06-12 00:03:52.988 [http-nio-8080-exec-6] [fbd52783] [1] DEBUG c.y.m.u.m.S.selectList - ==>  Preparing: select id, parent_id, permission_code, permission_name, permission_type, api_path, sort_num, description, status, created_at, updated_at from sys_permission WHERE id in ( ? , ? , ? , ? )
2026-06-12 00:03:52.988 [http-nio-8080-exec-6] [fbd52783] [1] DEBUG c.y.m.u.m.S.selectList - ==> Parameters: 101(Long), 106(Long), 113(Long), 117(Long)
2026-06-12 00:03:52.989 [http-nio-8080-exec-6] [fbd52783] [1] DEBUG c.y.m.u.m.S.selectList - <==      Total: 4
2026-06-12 00:03:52.990 [http-nio-8080-exec-6] [fbd52783] [1] INFO  c.y.common.aop.ControllerLogAspect - 接口开始: uri=/yq-admin/api/sysUser, httpMethod=GET, controller=SysUserController#pageUser, args=[{"name":"req","value":{"pageNum":1,"pageSize":10}}]
2026-06-12 00:03:53.001 [http-nio-8080-exec-6] [fbd52783] [1] DEBUG c.y.m.u.m.S.selectPage_COUNT - ==>  Preparing: SELECT count(0) FROM sys_user
2026-06-12 00:03:53.001 [http-nio-8080-exec-6] [fbd52783] [1] DEBUG c.y.m.u.m.S.selectPage_COUNT - ==> Parameters: 
2026-06-12 00:03:53.003 [http-nio-8080-exec-6] [fbd52783] [1] DEBUG c.y.m.u.m.S.selectPage_COUNT - <==      Total: 1
2026-06-12 00:03:53.003 [http-nio-8080-exec-6] [fbd52783] [1] DEBUG c.y.m.u.m.SysUserMapper.selectPage - ==>  Preparing: select id, username, password, nickname, real_name, phone, email, union_id, status, created_at, updated_at from sys_user order by id desc LIMIT ?
2026-06-12 00:03:53.003 [http-nio-8080-exec-6] [fbd52783] [1] DEBUG c.y.m.u.m.SysUserMapper.selectPage - ==> Parameters: 10(Integer)
2026-06-12 00:03:53.004 [http-nio-8080-exec-6] [fbd52783] [1] DEBUG c.y.m.u.m.SysUserMapper.selectPage - <==      Total: 6
2026-06-12 00:03:53.004 [http-nio-8080-exec-6] [fbd52783] [1] INFO  c.y.common.aop.ControllerLogAspect - 接口结束: uri=/yq-admin/api/sysUser, controller=SysUserController#pageUser, cost=15ms, result={"code":200,"message":"success","data":{"total":6,"pageNum":1,"pageSize":10,"records":[{"id":6,"username":"haha","nickname":"哈哈哈","realName":"哈哈","phone":"15118191032","email":"913038933@qq.com","status":"ACTIVE","createdAt":"Fri Apr 17 15:54:46 CST 2026"},{"id":5,"username":"laoshi2","nickname":"老师2","realName":"老师2","phone":"13762922584","status":"ACTIVE","createdAt":"Sun Apr 12 01:48:55 CST 2026"},{"id":4,"username":"laoshi1","nickname":"老师1","realName":"老师1","phone":"13273576020","status":"ACTIVE","createdAt":"Sun Apr 12 01:48:37 CST 2026"},{"id":3,"username":"banzhuren","nickname":"班主任老师","realName":"班主任老师","phone":"15118191032","status":"ACTIVE","createdAt":"Sat Apr 11 17:06:53 CST 2026"},{"id":2,"username":"huangjin","nickname":"黄瑾","realName":"黄瑾","phone":"13273672819","email":"913038933@qq.com","status":"ACTIVE","createdAt":"Thu Apr 09 22:04:43 CST 2026"},{"id":1,"username":"admin","nickname":"系统管理员","realName":"超级管理员","phone":"13800000000","email":"admin@yq.com","status":"ACTIVE","createdAt":"Thu Apr 09 20:50:39 CST 2026"}]}}
2026-06-12 00:04:01.657 [http-nio-8080-exec-7] [ae50e596] [1] DEBUG c.y.m.u.m.SysUserMapper.selectById - ==>  Preparing: select id, username, password, nickname, real_name, phone, email, union_id, status, created_at, updated_at from sys_user where id = ?
2026-06-12 00:04:01.657 [http-nio-8080-exec-7] [ae50e596] [1] DEBUG c.y.m.u.m.SysUserMapper.selectById - ==> Parameters: 1(Long)
2026-06-12 00:04:01.658 [http-nio-8080-exec-7] [ae50e596] [1] DEBUG c.y.m.u.m.SysUserMapper.selectById - <==      Total: 1
2026-06-12 00:04:01.658 [http-nio-8080-exec-7] [ae50e596] [1] DEBUG c.y.m.u.m.S.selectRoleIdsByUserId - ==>  Preparing: select role_id from sys_user_role where user_id = ? order by role_id asc
2026-06-12 00:04:01.658 [http-nio-8080-exec-7] [ae50e596] [1] DEBUG c.y.m.u.m.S.selectRoleIdsByUserId - ==> Parameters: 1(Long)
2026-06-12 00:04:01.658 [http-nio-8080-exec-7] [ae50e596] [1] DEBUG c.y.m.u.m.S.selectRoleIdsByUserId - <==      Total: 1
2026-06-12 00:04:01.659 [http-nio-8080-exec-7] [ae50e596] [1] DEBUG c.y.m.u.m.SysRoleMapper.selectList - ==>  Preparing: select id, role_code, role_name, description, status, created_at, updated_at from sys_role WHERE id in ( ? )
2026-06-12 00:04:01.659 [http-nio-8080-exec-7] [ae50e596] [1] DEBUG c.y.m.u.m.SysRoleMapper.selectList - ==> Parameters: 1(Long)
2026-06-12 00:04:01.659 [http-nio-8080-exec-7] [ae50e596] [1] DEBUG c.y.m.u.m.SysRoleMapper.selectList - <==      Total: 1
2026-06-12 00:04:01.659 [http-nio-8080-exec-7] [ae50e596] [1] DEBUG c.y.m.u.m.S.selectPermissionIdsByRoleId - ==>  Preparing: select permission_id from sys_role_permission where role_id in ( ? ) order by permission_id asc
2026-06-12 00:04:01.659 [http-nio-8080-exec-7] [ae50e596] [1] DEBUG c.y.m.u.m.S.selectPermissionIdsByRoleId - ==> Parameters: 1(Long)
2026-06-12 00:04:01.659 [http-nio-8080-exec-7] [ae50e596] [1] DEBUG c.y.m.u.m.S.selectPermissionIdsByRoleId - <==      Total: 4
2026-06-12 00:04:01.660 [http-nio-8080-exec-7] [ae50e596] [1] DEBUG c.y.m.u.m.S.selectList - ==>  Preparing: select id, parent_id, permission_code, permission_name, permission_type, api_path, sort_num, description, status, created_at, updated_at from sys_permission WHERE id in ( ? , ? , ? , ? )
2026-06-12 00:04:01.660 [http-nio-8080-exec-7] [ae50e596] [1] DEBUG c.y.m.u.m.S.selectList - ==> Parameters: 101(Long), 106(Long), 113(Long), 117(Long)
2026-06-12 00:04:01.660 [http-nio-8080-exec-7] [ae50e596] [1] DEBUG c.y.m.u.m.S.selectList - <==      Total: 4
2026-06-12 00:04:01.660 [http-nio-8080-exec-7] [ae50e596] [1] INFO  c.y.common.aop.ControllerLogAspect - 接口开始: uri=/yq-admin/api/sysRole, httpMethod=GET, controller=SysRoleController#pageRole, args=[{"name":"req","value":{"pageNum":1,"pageSize":10}}]
2026-06-12 00:04:01.665 [http-nio-8080-exec-7] [ae50e596] [1] DEBUG c.y.m.u.m.S.selectPage_COUNT - ==>  Preparing: SELECT count(0) FROM sys_role
2026-06-12 00:04:01.665 [http-nio-8080-exec-7] [ae50e596] [1] DEBUG c.y.m.u.m.S.selectPage_COUNT - ==> Parameters: 
2026-06-12 00:04:01.667 [http-nio-8080-exec-7] [ae50e596] [1] DEBUG c.y.m.u.m.S.selectPage_COUNT - <==      Total: 1
2026-06-12 00:04:01.667 [http-nio-8080-exec-7] [ae50e596] [1] DEBUG c.y.m.u.m.SysRoleMapper.selectPage - ==>  Preparing: select id, role_code, role_name, description, status, created_at, updated_at from sys_role order by id desc LIMIT ?
2026-06-12 00:04:01.667 [http-nio-8080-exec-7] [ae50e596] [1] DEBUG c.y.m.u.m.SysRoleMapper.selectPage - ==> Parameters: 10(Integer)
2026-06-12 00:04:01.667 [http-nio-8080-exec-7] [ae50e596] [1] DEBUG c.y.m.u.m.SysRoleMapper.selectPage - <==      Total: 3
2026-06-12 00:04:01.667 [http-nio-8080-exec-7] [ae50e596] [1] INFO  c.y.common.aop.ControllerLogAspect - 接口结束: uri=/yq-admin/api/sysRole, controller=SysRoleController#pageRole, cost=7ms, result={"code":200,"message":"success","data":{"total":3,"pageNum":1,"pageSize":10,"records":[{"id":3,"roleCode":"head_teacher","roleName":"班主任","description":"班主任","status":"ACTIVE","createdAt":"Sat Apr 11 17:06:26 CST 2026"},{"id":2,"roleCode":"teacher","roleName":"讲师","status":"ACTIVE","createdAt":"Thu Apr 09 21:28:05 CST 2026"},{"id":1,"roleCode":"SUPER_ADMIN","roleName":"超级管理员","description":"拥有全部后台权限","status":"ACTIVE","createdAt":"Thu Apr 09 20:50:38 CST 2026"}]}}
2026-06-12 00:05:18.868 [SpringApplicationShutdownHook] [] [] INFO  com.zaxxer.hikari.HikariDataSource - HikariPool-1 - Shutdown initiated...
2026-06-12 00:05:18.872 [SpringApplicationShutdownHook] [] [] INFO  com.zaxxer.hikari.HikariDataSource - HikariPool-1 - Shutdown completed.
2026-06-12 09:08:24.403 [background-preinit] [] [] INFO  o.h.validator.internal.util.Version - HV000001: Hibernate Validator 8.0.1.Final
2026-06-12 09:08:24.428 [main] [] [] INFO  cn.yanque.YanqueApplication - Starting YanqueApplication using Java 17.0.17 with PID 97048 (D:\Java\code\yq\YanQue-Admin\target\classes started by q1571 in D:\Java\code\yq\YanQue-Admin)
2026-06-12 09:08:24.428 [main] [] [] INFO  cn.yanque.YanqueApplication - The following 1 profile is active: "dev"
2026-06-12 09:08:25.743 [main] [] [] INFO  o.s.d.r.c.RepositoryConfigurationDelegate - Multiple Spring Data modules found, entering strict repository configuration mode
2026-06-12 09:08:25.747 [main] [] [] INFO  o.s.d.r.c.RepositoryConfigurationDelegate - Bootstrapping Spring Data Redis repositories in DEFAULT mode.
2026-06-12 09:08:25.774 [main] [] [] INFO  o.s.d.r.c.RepositoryConfigurationDelegate - Finished Spring Data repository scanning in 15 ms. Found 0 Redis repository interfaces.
2026-06-12 09:08:26.291 [main] [] [] INFO  o.s.b.w.e.tomcat.TomcatWebServer - Tomcat initialized with port 8080 (http)
2026-06-12 09:08:26.302 [main] [] [] INFO  o.a.coyote.http11.Http11NioProtocol - Initializing ProtocolHandler ["http-nio-8080"]
2026-06-12 09:08:26.303 [main] [] [] INFO  o.a.catalina.core.StandardService - Starting service [Tomcat]
2026-06-12 09:08:26.303 [main] [] [] INFO  o.a.catalina.core.StandardEngine - Starting Servlet engine: [Apache Tomcat/10.1.16]
2026-06-12 09:08:26.347 [main] [] [] INFO  o.a.c.c.C.[.[localhost].[/yq-admin] - Initializing Spring embedded WebApplicationContext
2026-06-12 09:08:26.347 [main] [] [] INFO  o.s.b.w.s.c.ServletWebServerApplicationContext - Root WebApplicationContext: initialization completed in 1892 ms
2026-06-12 09:08:27.338 [main] [] [] INFO  o.a.coyote.http11.Http11NioProtocol - Starting ProtocolHandler ["http-nio-8080"]
2026-06-12 09:08:27.350 [main] [] [] INFO  o.s.b.w.e.tomcat.TomcatWebServer - Tomcat started on port 8080 (http) with context path '/yq-admin'
2026-06-12 09:08:27.356 [main] [] [] INFO  cn.yanque.YanqueApplication - Started YanqueApplication in 3.287 seconds (process running for 6.628)
2026-06-12 09:10:27.483 [background-preinit] [] [] INFO  o.h.validator.internal.util.Version - HV000001: Hibernate Validator 8.0.1.Final
2026-06-12 09:10:27.503 [main] [] [] INFO  cn.yanque.YanqueApplication - Starting YanqueApplication using Java 17.0.17 with PID 186896 (D:\Java\code\yq\YanQue-Admin\target\classes started by q1571 in D:\Java\code\yq\YanQue-Admin)
2026-06-12 09:10:27.504 [main] [] [] INFO  cn.yanque.YanqueApplication - The following 1 profile is active: "dev"
2026-06-12 09:10:27.988 [main] [] [] INFO  o.s.d.r.c.RepositoryConfigurationDelegate - Multiple Spring Data modules found, entering strict repository configuration mode
2026-06-12 09:10:27.990 [main] [] [] INFO  o.s.d.r.c.RepositoryConfigurationDelegate - Bootstrapping Spring Data Redis repositories in DEFAULT mode.
2026-06-12 09:10:28.013 [main] [] [] INFO  o.s.d.r.c.RepositoryConfigurationDelegate - Finished Spring Data repository scanning in 15 ms. Found 0 Redis repository interfaces.
2026-06-12 09:10:28.476 [main] [] [] INFO  o.s.b.w.e.tomcat.TomcatWebServer - Tomcat initialized with port 8080 (http)
2026-06-12 09:10:28.481 [main] [] [] INFO  o.a.coyote.http11.Http11NioProtocol - Initializing ProtocolHandler ["http-nio-8080"]
2026-06-12 09:10:28.482 [main] [] [] INFO  o.a.catalina.core.StandardService - Starting service [Tomcat]
2026-06-12 09:10:28.482 [main] [] [] INFO  o.a.catalina.core.StandardEngine - Starting Servlet engine: [Apache Tomcat/10.1.16]
2026-06-12 09:10:28.534 [main] [] [] INFO  o.a.c.c.C.[.[localhost].[/yq-admin] - Initializing Spring embedded WebApplicationContext
2026-06-12 09:10:28.534 [main] [] [] INFO  o.s.b.w.s.c.ServletWebServerApplicationContext - Root WebApplicationContext: initialization completed in 1007 ms
2026-06-12 09:10:29.413 [main] [] [] INFO  o.a.coyote.http11.Http11NioProtocol - Starting ProtocolHandler ["http-nio-8080"]
2026-06-12 09:10:29.425 [main] [] [] INFO  o.s.b.w.e.tomcat.TomcatWebServer - Tomcat started on port 8080 (http) with context path '/yq-admin'
2026-06-12 09:10:29.430 [main] [] [] INFO  cn.yanque.YanqueApplication - Started YanqueApplication in 2.255 seconds (process running for 3.092)
2026-06-12 09:10:33.433 [http-nio-8080-exec-1] [] [] INFO  o.a.c.c.C.[.[localhost].[/yq-admin] - Initializing Spring DispatcherServlet 'dispatcherServlet'
2026-06-12 09:10:33.433 [http-nio-8080-exec-1] [] [] INFO  o.s.web.servlet.DispatcherServlet - Initializing Servlet 'dispatcherServlet'
2026-06-12 09:10:33.435 [http-nio-8080-exec-1] [] [] INFO  o.s.web.servlet.DispatcherServlet - Completed initialization in 2 ms
2026-06-12 09:10:33.490 [http-nio-8080-exec-1] [d59b758f] [] INFO  com.zaxxer.hikari.HikariDataSource - HikariPool-1 - Starting...
2026-06-12 09:10:33.637 [http-nio-8080-exec-1] [d59b758f] [] INFO  com.zaxxer.hikari.pool.HikariPool - HikariPool-1 - Added connection com.mysql.cj.jdbc.ConnectionImpl@425e7015
2026-06-12 09:10:33.638 [http-nio-8080-exec-1] [d59b758f] [] INFO  com.zaxxer.hikari.HikariDataSource - HikariPool-1 - Start completed.
2026-06-12 09:10:33.708 [http-nio-8080-exec-1] [d59b758f] [] ERROR c.y.c.e.GlobalExceptionHandler - 业务异常: code=401, message=Token无效或已过期
cn.yanque.common.exception.BusinessException: Token无效或已过期
	at cn.yanque.models.auth.interceptor.JwtAuthInterceptor.preHandle(JwtAuthInterceptor.java:47)
	at org.springframework.web.servlet.HandlerExecutionChain.applyPreHandle(HandlerExecutionChain.java:146)
	at org.springframework.web.servlet.DispatcherServlet.doDispatch(DispatcherServlet.java:1084)
	at org.springframework.web.servlet.DispatcherServlet.doService(DispatcherServlet.java:979)
	at org.springframework.web.servlet.FrameworkServlet.processRequest(FrameworkServlet.java:1014)
	at org.springframework.web.servlet.FrameworkServlet.doGet(FrameworkServlet.java:903)
	at jakarta.servlet.http.HttpServlet.service(HttpServlet.java:564)
	at org.springframework.web.servlet.FrameworkServlet.service(FrameworkServlet.java:885)
	at jakarta.servlet.http.HttpServlet.service(HttpServlet.java:658)
	at org.apache.catalina.core.ApplicationFilterChain.internalDoFilter(ApplicationFilterChain.java:205)
	at org.apache.catalina.core.ApplicationFilterChain.doFilter(ApplicationFilterChain.java:149)
	at org.apache.tomcat.websocket.server.WsFilter.doFilter(WsFilter.java:51)
	at org.apache.catalina.core.ApplicationFilterChain.internalDoFilter(ApplicationFilterChain.java:174)
	at org.apache.catalina.core.ApplicationFilterChain.doFilter(ApplicationFilterChain.java:149)
	at org.springframework.web.filter.RequestContextFilter.doFilterInternal(RequestContextFilter.java:100)
	at org.springframework.web.filter.OncePerRequestFilter.doFilter(OncePerRequestFilter.java:116)
	at org.apache.catalina.core.ApplicationFilterChain.internalDoFilter(ApplicationFilterChain.java:174)
	at org.apache.catalina.core.ApplicationFilterChain.doFilter(ApplicationFilterChain.java:149)
	at org.springframework.web.filter.FormContentFilter.doFilterInternal(FormContentFilter.java:93)
	at org.springframework.web.filter.OncePerRequestFilter.doFilter(OncePerRequestFilter.java:116)
	at org.apache.catalina.core.ApplicationFilterChain.internalDoFilter(ApplicationFilterChain.java:174)
	at org.apache.catalina.core.ApplicationFilterChain.doFilter(ApplicationFilterChain.java:149)
	at org.springframework.web.filter.CharacterEncodingFilter.doFilterInternal(CharacterEncodingFilter.java:201)
	at org.springframework.web.filter.OncePerRequestFilter.doFilter(OncePerRequestFilter.java:116)
	at org.apache.catalina.core.ApplicationFilterChain.internalDoFilter(ApplicationFilterChain.java:174)
	at org.apache.catalina.core.ApplicationFilterChain.doFilter(ApplicationFilterChain.java:149)
	at cn.yanque.config.MdcFilter.doFilterInternal(MdcFilter.java:37)
	at org.springframework.web.filter.OncePerRequestFilter.doFilter(OncePerRequestFilter.java:116)
	at org.apache.catalina.core.ApplicationFilterChain.internalDoFilter(ApplicationFilterChain.java:174)
	at org.apache.catalina.core.ApplicationFilterChain.doFilter(ApplicationFilterChain.java:149)
	at org.apache.catalina.core.StandardWrapperValve.invoke(StandardWrapperValve.java:167)
	at org.apache.catalina.core.StandardContextValve.invoke(StandardContextValve.java:90)
	at org.apache.catalina.authenticator.AuthenticatorBase.invoke(AuthenticatorBase.java:482)
	at org.apache.catalina.core.StandardHostValve.invoke(StandardHostValve.java:115)
	at org.apache.catalina.valves.ErrorReportValve.invoke(ErrorReportValve.java:93)
	at org.apache.catalina.core.StandardEngineValve.invoke(StandardEngineValve.java:74)
	at org.apache.catalina.connector.CoyoteAdapter.service(CoyoteAdapter.java:340)
	at org.apache.coyote.http11.Http11Processor.service(Http11Processor.java:391)
	at org.apache.coyote.AbstractProcessorLight.process(AbstractProcessorLight.java:63)
	at org.apache.coyote.AbstractProtocol$ConnectionHandler.process(AbstractProtocol.java:896)
	at org.apache.tomcat.util.net.NioEndpoint$SocketProcessor.doRun(NioEndpoint.java:1744)
	at org.apache.tomcat.util.net.SocketProcessorBase.run(SocketProcessorBase.java:52)
	at org.apache.tomcat.util.threads.ThreadPoolExecutor.runWorker(ThreadPoolExecutor.java:1191)
	at org.apache.tomcat.util.threads.ThreadPoolExecutor$Worker.run(ThreadPoolExecutor.java:659)
	at org.apache.tomcat.util.threads.TaskThread$WrappingRunnable.run(TaskThread.java:61)
	at java.base/java.lang.Thread.run(Thread.java:840)
2026-06-12 09:10:35.919 [http-nio-8080-exec-2] [7005323a] [] INFO  c.y.common.aop.ControllerLogAspect - 接口开始: uri=/yq-admin/api/sysUser/login, httpMethod=POST, controller=SysUserController#login, args=[{"name":"req","value":{"username":"admin","password":"****"}}]
2026-06-12 09:10:35.921 [http-nio-8080-exec-2] [7005323a] [] DEBUG c.y.m.u.m.S.selectByUsername - ==>  Preparing: select id, username, password, nickname, real_name, phone, email, union_id, status, created_at, updated_at from sys_user where username = ?
2026-06-12 09:10:35.930 [http-nio-8080-exec-2] [7005323a] [] DEBUG c.y.m.u.m.S.selectByUsername - ==> Parameters: admin(String)
2026-06-12 09:10:35.939 [http-nio-8080-exec-2] [7005323a] [] DEBUG c.y.m.u.m.S.selectByUsername - <==      Total: 1
2026-06-12 09:10:36.285 [http-nio-8080-exec-2] [7005323a] [] ERROR c.y.c.e.GlobalExceptionHandler - 系统异常
org.springframework.data.redis.RedisConnectionFailureException: Unable to connect to Redis
	at org.springframework.data.redis.connection.lettuce.LettuceConnectionFactory$ExceptionTranslatingConnectionProvider.translateException(LettuceConnectionFactory.java:1805)
	at org.springframework.data.redis.connection.lettuce.LettuceConnectionFactory$ExceptionTranslatingConnectionProvider.getConnection(LettuceConnectionFactory.java:1736)
	at org.springframework.data.redis.connection.lettuce.LettuceConnectionFactory$SharedConnection.getNativeConnection(LettuceConnectionFactory.java:1538)
	at org.springframework.data.redis.connection.lettuce.LettuceConnectionFactory$SharedConnection.lambda$getConnection$0(LettuceConnectionFactory.java:1518)
	at org.springframework.data.redis.connection.lettuce.LettuceConnectionFactory.doInLock(LettuceConnectionFactory.java:1478)
	at org.springframework.data.redis.connection.lettuce.LettuceConnectionFactory$SharedConnection.getConnection(LettuceConnectionFactory.java:1515)
	at org.springframework.data.redis.connection.lettuce.LettuceConnectionFactory.getSharedConnection(LettuceConnectionFactory.java:1199)
	at org.springframework.data.redis.connection.lettuce.LettuceConnectionFactory.getConnection(LettuceConnectionFactory.java:1006)
	at org.springframework.data.redis.core.RedisConnectionUtils.fetchConnection(RedisConnectionUtils.java:194)
	at org.springframework.data.redis.core.RedisConnectionUtils.doGetConnection(RedisConnectionUtils.java:143)
	at org.springframework.data.redis.core.RedisConnectionUtils.getConnection(RedisConnectionUtils.java:104)
	at org.springframework.data.redis.core.RedisTemplate.execute(RedisTemplate.java:393)
	at org.springframework.data.redis.core.RedisTemplate.execute(RedisTemplate.java:373)
	at org.springframework.data.redis.core.AbstractOperations.execute(AbstractOperations.java:97)
	at org.springframework.data.redis.core.DefaultValueOperations.set(DefaultValueOperations.java:253)
	at cn.yanque.models.users.service.impl.SysUserServiceImpl.loginReq(SysUserServiceImpl.java:178)
	at java.base/jdk.internal.reflect.NativeMethodAccessorImpl.invoke0(Native Method)
	at java.base/jdk.internal.reflect.NativeMethodAccessorImpl.invoke(NativeMethodAccessorImpl.java:77)
	at java.base/jdk.internal.reflect.DelegatingMethodAccessorImpl.invoke(DelegatingMethodAccessorImpl.java:43)
	at java.base/java.lang.reflect.Method.invoke(Method.java:569)
	at org.springframework.aop.support.AopUtils.invokeJoinpointUsingReflection(AopUtils.java:352)
	at org.springframework.aop.framework.CglibAopProxy$DynamicAdvisedInterceptor.intercept(CglibAopProxy.java:713)
	at cn.yanque.models.users.service.impl.SysUserServiceImpl$$SpringCGLIB$$0.loginReq(<generated>)
	at cn.yanque.models.users.controller.SysUserController.login(SysUserController.java:89)
	at java.base/jdk.internal.reflect.NativeMethodAccessorImpl.invoke0(Native Method)
	at java.base/jdk.internal.reflect.NativeMethodAccessorImpl.invoke(NativeMethodAccessorImpl.java:77)
	at java.base/jdk.internal.reflect.DelegatingMethodAccessorImpl.invoke(DelegatingMethodAccessorImpl.java:43)
	at java.base/java.lang.reflect.Method.invoke(Method.java:569)
	at org.springframework.aop.support.AopUtils.invokeJoinpointUsingReflection(AopUtils.java:352)
	at org.springframework.aop.framework.ReflectiveMethodInvocation.invokeJoinpoint(ReflectiveMethodInvocation.java:196)
	at org.springframework.aop.framework.ReflectiveMethodInvocation.proceed(ReflectiveMethodInvocation.java:163)
	at org.springframework.aop.framework.CglibAopProxy$CglibMethodInvocation.proceed(CglibAopProxy.java:765)
	at org.springframework.aop.aspectj.MethodInvocationProceedingJoinPoint.proceed(MethodInvocationProceedingJoinPoint.java:89)
	at cn.yanque.common.aop.ControllerLogAspect.logController(ControllerLogAspect.java:47)
	at java.base/jdk.internal.reflect.NativeMethodAccessorImpl.invoke0(Native Method)
	at java.base/jdk.internal.reflect.NativeMethodAccessorImpl.invoke(NativeMethodAccessorImpl.java:77)
	at java.base/jdk.internal.reflect.DelegatingMethodAccessorImpl.invoke(DelegatingMethodAccessorImpl.java:43)
	at java.base/java.lang.reflect.Method.invoke(Method.java:569)
	at org.springframework.aop.aspectj.AbstractAspectJAdvice.invokeAdviceMethodWithGivenArgs(AbstractAspectJAdvice.java:637)
	at org.springframework.aop.aspectj.AbstractAspectJAdvice.invokeAdviceMethod(AbstractAspectJAdvice.java:627)
	at org.springframework.aop.aspectj.AspectJAroundAdvice.invoke(AspectJAroundAdvice.java:71)
	at org.springframework.aop.framework.ReflectiveMethodInvocation.proceed(ReflectiveMethodInvocation.java:184)
	at org.springframework.aop.framework.CglibAopProxy$CglibMethodInvocation.proceed(CglibAopProxy.java:765)
	at org.springframework.aop.interceptor.ExposeInvocationInterceptor.invoke(ExposeInvocationInterceptor.java:97)
	at org.springframework.aop.framework.ReflectiveMethodInvocation.proceed(ReflectiveMethodInvocation.java:184)
	at org.springframework.aop.framework.CglibAopProxy$CglibMethodInvocation.proceed(CglibAopProxy.java:765)
	at org.springframework.aop.framework.CglibAopProxy$DynamicAdvisedInterceptor.intercept(CglibAopProxy.java:717)
	at cn.yanque.models.users.controller.SysUserController$$SpringCGLIB$$0.login(<generated>)
	at java.base/jdk.internal.reflect.NativeMethodAccessorImpl.invoke0(Native Method)
	at java.base/jdk.internal.reflect.NativeMethodAccessorImpl.invoke(NativeMethodAccessorImpl.java:77)
	at java.base/jdk.internal.reflect.DelegatingMethodAccessorImpl.invoke(DelegatingMethodAccessorImpl.java:43)
	at java.base/java.lang.reflect.Method.invoke(Method.java:569)
	at org.springframework.web.method.support.InvocableHandlerMethod.doInvoke(InvocableHandlerMethod.java:254)
	at org.springframework.web.method.support.InvocableHandlerMethod.invokeForRequest(InvocableHandlerMethod.java:182)
	at org.springframework.web.servlet.mvc.method.annotation.ServletInvocableHandlerMethod.invokeAndHandle(ServletInvocableHandlerMethod.java:118)
	at org.springframework.web.servlet.mvc.method.annotation.RequestMappingHandlerAdapter.invokeHandlerMethod(RequestMappingHandlerAdapter.java:917)
	at org.springframework.web.servlet.mvc.method.annotation.RequestMappingHandlerAdapter.handleInternal(RequestMappingHandlerAdapter.java:829)
	at org.springframework.web.servlet.mvc.method.AbstractHandlerMethodAdapter.handle(AbstractHandlerMethodAdapter.java:87)
	at org.springframework.web.servlet.DispatcherServlet.doDispatch(DispatcherServlet.java:1089)
	at org.springframework.web.servlet.DispatcherServlet.doService(DispatcherServlet.java:979)
	at org.springframework.web.servlet.FrameworkServlet.processRequest(FrameworkServlet.java:1014)
	at org.springframework.web.servlet.FrameworkServlet.doPost(FrameworkServlet.java:914)
	at jakarta.servlet.http.HttpServlet.service(HttpServlet.java:590)
	at org.springframework.web.servlet.FrameworkServlet.service(FrameworkServlet.java:885)
	at jakarta.servlet.http.HttpServlet.service(HttpServlet.java:658)
	at org.apache.catalina.core.ApplicationFilterChain.internalDoFilter(ApplicationFilterChain.java:205)
	at org.apache.catalina.core.ApplicationFilterChain.doFilter(ApplicationFilterChain.java:149)
	at org.apache.tomcat.websocket.server.WsFilter.doFilter(WsFilter.java:51)
	at org.apache.catalina.core.ApplicationFilterChain.internalDoFilter(ApplicationFilterChain.java:174)
	at org.apache.catalina.core.ApplicationFilterChain.doFilter(ApplicationFilterChain.java:149)
	at org.springframework.web.filter.RequestContextFilter.doFilterInternal(RequestContextFilter.java:100)
	at org.springframework.web.filter.OncePerRequestFilter.doFilter(OncePerRequestFilter.java:116)
	at org.apache.catalina.core.ApplicationFilterChain.internalDoFilter(ApplicationFilterChain.java:174)
	at org.apache.catalina.core.ApplicationFilterChain.doFilter(ApplicationFilterChain.java:149)
	at org.springframework.web.filter.FormContentFilter.doFilterInternal(FormContentFilter.java:93)
	at org.springframework.web.filter.OncePerRequestFilter.doFilter(OncePerRequestFilter.java:116)
	at org.apache.catalina.core.ApplicationFilterChain.internalDoFilter(ApplicationFilterChain.java:174)
	at org.apache.catalina.core.ApplicationFilterChain.doFilter(ApplicationFilterChain.java:149)
	at org.springframework.web.filter.CharacterEncodingFilter.doFilterInternal(CharacterEncodingFilter.java:201)
	at org.springframework.web.filter.OncePerRequestFilter.doFilter(OncePerRequestFilter.java:116)
	at org.apache.catalina.core.ApplicationFilterChain.internalDoFilter(ApplicationFilterChain.java:174)
	at org.apache.catalina.core.ApplicationFilterChain.doFilter(ApplicationFilterChain.java:149)
	at cn.yanque.config.MdcFilter.doFilterInternal(MdcFilter.java:37)
	at org.springframework.web.filter.OncePerRequestFilter.doFilter(OncePerRequestFilter.java:116)
	at org.apache.catalina.core.ApplicationFilterChain.internalDoFilter(ApplicationFilterChain.java:174)
	at org.apache.catalina.core.ApplicationFilterChain.doFilter(ApplicationFilterChain.java:149)
	at org.apache.catalina.core.StandardWrapperValve.invoke(StandardWrapperValve.java:167)
	at org.apache.catalina.core.StandardContextValve.invoke(StandardContextValve.java:90)
	at org.apache.catalina.authenticator.AuthenticatorBase.invoke(AuthenticatorBase.java:482)
	at org.apache.catalina.core.StandardHostValve.invoke(StandardHostValve.java:115)
	at org.apache.catalina.valves.ErrorReportValve.invoke(ErrorReportValve.java:93)
	at org.apache.catalina.core.StandardEngineValve.invoke(StandardEngineValve.java:74)
	at org.apache.catalina.connector.CoyoteAdapter.service(CoyoteAdapter.java:340)
	at org.apache.coyote.http11.Http11Processor.service(Http11Processor.java:391)
	at org.apache.coyote.AbstractProcessorLight.process(AbstractProcessorLight.java:63)
	at org.apache.coyote.AbstractProtocol$ConnectionHandler.process(AbstractProtocol.java:896)
	at org.apache.tomcat.util.net.NioEndpoint$SocketProcessor.doRun(NioEndpoint.java:1744)
	at org.apache.tomcat.util.net.SocketProcessorBase.run(SocketProcessorBase.java:52)
	at org.apache.tomcat.util.threads.ThreadPoolExecutor.runWorker(ThreadPoolExecutor.java:1191)
	at org.apache.tomcat.util.threads.ThreadPoolExecutor$Worker.run(ThreadPoolExecutor.java:659)
	at org.apache.tomcat.util.threads.TaskThread$WrappingRunnable.run(TaskThread.java:61)
	at java.base/java.lang.Thread.run(Thread.java:840)
Caused by: io.lettuce.core.RedisConnectionException: Unable to connect to localhost/<unresolved>:6379
	at io.lettuce.core.RedisConnectionException.create(RedisConnectionException.java:78)
	at io.lettuce.core.RedisConnectionException.create(RedisConnectionException.java:56)
	at io.lettuce.core.AbstractRedisClient.getConnection(AbstractRedisClient.java:350)
	at io.lettuce.core.RedisClient.connect(RedisClient.java:215)
	at org.springframework.data.redis.connection.lettuce.StandaloneConnectionProvider.lambda$getConnection$1(StandaloneConnectionProvider.java:112)
	at java.base/java.util.Optional.orElseGet(Optional.java:364)
	at org.springframework.data.redis.connection.lettuce.StandaloneConnectionProvider.getConnection(StandaloneConnectionProvider.java:112)
	at org.springframework.data.redis.connection.lettuce.LettuceConnectionFactory$ExceptionTranslatingConnectionProvider.getConnection(LettuceConnectionFactory.java:1734)
	... 100 common frames omitted
Caused by: io.netty.channel.AbstractChannel$AnnotatedConnectException: Connection refused: getsockopt: localhost/127.0.0.1:6379
Caused by: java.net.ConnectException: Connection refused: getsockopt
	at java.base/sun.nio.ch.Net.pollConnect(Native Method)
	at java.base/sun.nio.ch.Net.pollConnectNow(Net.java:672)
	at java.base/sun.nio.ch.SocketChannelImpl.finishConnect(SocketChannelImpl.java:946)
	at io.netty.channel.socket.nio.NioSocketChannel.doFinishConnect(NioSocketChannel.java:337)
	at io.netty.channel.nio.AbstractNioChannel$AbstractNioUnsafe.finishConnect(AbstractNioChannel.java:334)
	at io.netty.channel.nio.NioEventLoop.processSelectedKey(NioEventLoop.java:776)
	at io.netty.channel.nio.NioEventLoop.processSelectedKeysOptimized(NioEventLoop.java:724)
	at io.netty.channel.nio.NioEventLoop.processSelectedKeys(NioEventLoop.java:650)
	at io.netty.channel.nio.NioEventLoop.run(NioEventLoop.java:562)
	at io.netty.util.concurrent.SingleThreadEventExecutor$4.run(SingleThreadEventExecutor.java:997)
	at io.netty.util.internal.ThreadExecutorMap$2.run(ThreadExecutorMap.java:74)
	at io.netty.util.concurrent.FastThreadLocalRunnable.run(FastThreadLocalRunnable.java:30)
	at java.base/java.lang.Thread.run(Thread.java:840)
2026-06-12 09:10:55.240 [http-nio-8080-exec-3] [07c7caf8] [] INFO  c.y.common.aop.ControllerLogAspect - 接口开始: uri=/yq-admin/api/sysUser/login, httpMethod=POST, controller=SysUserController#login, args=[{"name":"req","value":{"username":"admin","password":"****"}}]
2026-06-12 09:10:55.241 [http-nio-8080-exec-3] [07c7caf8] [] DEBUG c.y.m.u.m.S.selectByUsername - ==>  Preparing: select id, username, password, nickname, real_name, phone, email, union_id, status, created_at, updated_at from sys_user where username = ?
2026-06-12 09:10:55.242 [http-nio-8080-exec-3] [07c7caf8] [] DEBUG c.y.m.u.m.S.selectByUsername - ==> Parameters: admin(String)
2026-06-12 09:10:55.243 [http-nio-8080-exec-3] [07c7caf8] [] DEBUG c.y.m.u.m.S.selectByUsername - <==      Total: 1
2026-06-12 09:10:55.299 [http-nio-8080-exec-3] [07c7caf8] [] DEBUG c.y.m.u.m.SysUserMapper.selectById - ==>  Preparing: select id, username, password, nickname, real_name, phone, email, union_id, status, created_at, updated_at from sys_user where id = ?
2026-06-12 09:10:55.299 [http-nio-8080-exec-3] [07c7caf8] [] DEBUG c.y.m.u.m.SysUserMapper.selectById - ==> Parameters: 1(Long)
2026-06-12 09:10:55.302 [http-nio-8080-exec-3] [07c7caf8] [] DEBUG c.y.m.u.m.SysUserMapper.selectById - <==      Total: 1
2026-06-12 09:10:55.303 [http-nio-8080-exec-3] [07c7caf8] [] DEBUG c.y.m.u.m.S.selectRoleIdsByUserId - ==>  Preparing: select role_id from sys_user_role where user_id = ? order by role_id asc
2026-06-12 09:10:55.303 [http-nio-8080-exec-3] [07c7caf8] [] DEBUG c.y.m.u.m.S.selectRoleIdsByUserId - ==> Parameters: 1(Long)
2026-06-12 09:10:55.311 [http-nio-8080-exec-3] [07c7caf8] [] DEBUG c.y.m.u.m.S.selectRoleIdsByUserId - <==      Total: 1
2026-06-12 09:10:55.339 [http-nio-8080-exec-3] [07c7caf8] [] DEBUG c.y.m.u.m.SysRoleMapper.selectList - ==>  Preparing: select id, role_code, role_name, description, status, created_at, updated_at from sys_role WHERE id in ( ? )
2026-06-12 09:10:55.339 [http-nio-8080-exec-3] [07c7caf8] [] DEBUG c.y.m.u.m.SysRoleMapper.selectList - ==> Parameters: 1(Long)
2026-06-12 09:10:55.342 [http-nio-8080-exec-3] [07c7caf8] [] DEBUG c.y.m.u.m.SysRoleMapper.selectList - <==      Total: 1
2026-06-12 09:10:55.342 [http-nio-8080-exec-3] [07c7caf8] [] DEBUG c.y.m.u.m.S.selectPermissionIdsByRoleId - ==>  Preparing: select permission_id from sys_role_permission where role_id in ( ? ) order by permission_id asc
2026-06-12 09:10:55.343 [http-nio-8080-exec-3] [07c7caf8] [] DEBUG c.y.m.u.m.S.selectPermissionIdsByRoleId - ==> Parameters: 1(Long)
2026-06-12 09:10:55.343 [http-nio-8080-exec-3] [07c7caf8] [] DEBUG c.y.m.u.m.S.selectPermissionIdsByRoleId - <==      Total: 4
2026-06-12 09:10:55.345 [http-nio-8080-exec-3] [07c7caf8] [] DEBUG c.y.m.u.m.S.selectList - ==>  Preparing: select id, parent_id, permission_code, permission_name, permission_type, api_path, sort_num, description, status, created_at, updated_at from sys_permission WHERE id in ( ? , ? , ? , ? )
2026-06-12 09:10:55.345 [http-nio-8080-exec-3] [07c7caf8] [] DEBUG c.y.m.u.m.S.selectList - ==> Parameters: 101(Long), 106(Long), 113(Long), 117(Long)
2026-06-12 09:10:55.352 [http-nio-8080-exec-3] [07c7caf8] [] DEBUG c.y.m.u.m.S.selectList - <==      Total: 4
2026-06-12 09:10:55.356 [http-nio-8080-exec-3] [07c7caf8] [] INFO  c.y.common.aop.ControllerLogAspect - 接口结束: uri=/yq-admin/api/sysUser/login, controller=SysUserController#login, cost=114ms, result={"code":200,"message":"success","data":{"token":"ey****vI","signSecret":"xc****3Q","userDetailRes":{"id":1,"username":"admin","nickname":"系统管理员","realName":"超级管理员","phone":"13800000000","email":"admin@yq.com","unionId":"on_8dc4e328a2870919088b018841458703","status":"ACTIVE","createdAt":"Thu Apr 09 20:50:39 CST 2026","updatedAt":"Wed Jun 10 20:14:33 CST 2026"},"roleDetailResList":[{"id":1,"roleCode":"SUPER_ADMIN","roleName":"超级管理员","description":"拥有全部后台权限","status":"ACTIVE","createdAt":"Thu Apr 09 20:50:38 CST 2026","updatedAt":"Wed Jun 10 20:13:59 CST 2026"}],"permissionDetailResList":[{"id":101,"parentId":0,"permissionName":"系统配置","permissionType":"MENU","permissionCode":"menu:system","sortNum":1,"status":"ACTIVE","description":"左侧导航中的系统配置父级菜单","createdAt":"Thu Apr 09 21:22:28 CST 2026","updatedAt":"Thu Jun 11 19:21:05 CST 2026"},{"id":106,"parentId":0,"permissionName":"教学管理","permissionType":"MENU","permissionCode":"menu:teaching","sortNum":2,"status":"ACTIVE","description":"左侧导航中的教学管理父级菜单","createdAt":"Sat Apr 11 15:49:16 CST 2026","updatedAt":"Thu Jun 11 19:21:10 CST 2026"},{"id":113,"parentId":0,"permissionName":"销售管理","permissionType":"MENU","permissionCode":"menu:sales","sortNum":3,"status":"ACTIVE","description":"左侧导航中的销售管理父级菜单","createdAt":"Sun Apr 12 14:19:04 CST 2026","updatedAt":"Thu Jun 11 19:21:13 CST 2026"},{"id":117,"parentId":0,"permissionName":"学员管理","permissionType":"MENU","permissionCode":"menu:student","sortNum":4,"status":"ACTIVE","description":"左侧导航中的学员管理父级菜单","createdAt":"Sun Apr 19 23:54:31 CST 2026","updatedAt":"Thu Jun 11 19:21:15 CST 2026"}]}}
2026-06-12 09:10:55.469 [http-nio-8080-exec-4] [42338726] [1] DEBUG c.y.m.u.m.SysUserMapper.selectById - ==>  Preparing: select id, username, password, nickname, real_name, phone, email, union_id, status, created_at, updated_at from sys_user where id = ?
2026-06-12 09:10:55.470 [http-nio-8080-exec-4] [42338726] [1] DEBUG c.y.m.u.m.SysUserMapper.selectById - ==> Parameters: 1(Long)
2026-06-12 09:10:55.471 [http-nio-8080-exec-4] [42338726] [1] DEBUG c.y.m.u.m.SysUserMapper.selectById - <==      Total: 1
2026-06-12 09:10:55.471 [http-nio-8080-exec-4] [42338726] [1] DEBUG c.y.m.u.m.S.selectRoleIdsByUserId - ==>  Preparing: select role_id from sys_user_role where user_id = ? order by role_id asc
2026-06-12 09:10:55.472 [http-nio-8080-exec-4] [42338726] [1] DEBUG c.y.m.u.m.S.selectRoleIdsByUserId - ==> Parameters: 1(Long)
2026-06-12 09:10:55.472 [http-nio-8080-exec-4] [42338726] [1] DEBUG c.y.m.u.m.S.selectRoleIdsByUserId - <==      Total: 1
2026-06-12 09:10:55.472 [http-nio-8080-exec-4] [42338726] [1] DEBUG c.y.m.u.m.SysRoleMapper.selectList - ==>  Preparing: select id, role_code, role_name, description, status, created_at, updated_at from sys_role WHERE id in ( ? )
2026-06-12 09:10:55.472 [http-nio-8080-exec-4] [42338726] [1] DEBUG c.y.m.u.m.SysRoleMapper.selectList - ==> Parameters: 1(Long)
2026-06-12 09:10:55.473 [http-nio-8080-exec-4] [42338726] [1] DEBUG c.y.m.u.m.SysRoleMapper.selectList - <==      Total: 1
2026-06-12 09:10:55.473 [http-nio-8080-exec-4] [42338726] [1] DEBUG c.y.m.u.m.S.selectPermissionIdsByRoleId - ==>  Preparing: select permission_id from sys_role_permission where role_id in ( ? ) order by permission_id asc
2026-06-12 09:10:55.473 [http-nio-8080-exec-4] [42338726] [1] DEBUG c.y.m.u.m.S.selectPermissionIdsByRoleId - ==> Parameters: 1(Long)
2026-06-12 09:10:55.473 [http-nio-8080-exec-4] [42338726] [1] DEBUG c.y.m.u.m.S.selectPermissionIdsByRoleId - <==      Total: 4
2026-06-12 09:10:55.475 [http-nio-8080-exec-4] [42338726] [1] DEBUG c.y.m.u.m.S.selectList - ==>  Preparing: select id, parent_id, permission_code, permission_name, permission_type, api_path, sort_num, description, status, created_at, updated_at from sys_permission WHERE id in ( ? , ? , ? , ? )
2026-06-12 09:10:55.475 [http-nio-8080-exec-4] [42338726] [1] DEBUG c.y.m.u.m.S.selectList - ==> Parameters: 101(Long), 106(Long), 113(Long), 117(Long)
2026-06-12 09:10:55.476 [http-nio-8080-exec-4] [42338726] [1] DEBUG c.y.m.u.m.S.selectList - <==      Total: 4
2026-06-12 09:10:55.485 [http-nio-8080-exec-4] [42338726] [1] INFO  c.y.common.aop.ControllerLogAspect - 接口开始: uri=/yq-admin/api/sysUser, httpMethod=GET, controller=SysUserController#pageUser, args=[{"name":"req","value":{"pageNum":1,"pageSize":10}}]
2026-06-12 09:10:55.536 [http-nio-8080-exec-4] [42338726] [1] DEBUG c.y.m.u.m.S.selectPage_COUNT - ==>  Preparing: SELECT count(0) FROM sys_user
2026-06-12 09:10:55.536 [http-nio-8080-exec-4] [42338726] [1] DEBUG c.y.m.u.m.S.selectPage_COUNT - ==> Parameters: 
2026-06-12 09:10:55.552 [http-nio-8080-exec-4] [42338726] [1] DEBUG c.y.m.u.m.S.selectPage_COUNT - <==      Total: 1
2026-06-12 09:10:55.554 [http-nio-8080-exec-4] [42338726] [1] DEBUG c.y.m.u.m.SysUserMapper.selectPage - ==>  Preparing: select id, username, password, nickname, real_name, phone, email, union_id, status, created_at, updated_at from sys_user order by id desc LIMIT ?
2026-06-12 09:10:55.554 [http-nio-8080-exec-4] [42338726] [1] DEBUG c.y.m.u.m.SysUserMapper.selectPage - ==> Parameters: 10(Integer)
2026-06-12 09:10:55.556 [http-nio-8080-exec-4] [42338726] [1] DEBUG c.y.m.u.m.SysUserMapper.selectPage - <==      Total: 6
2026-06-12 09:10:55.559 [http-nio-8080-exec-4] [42338726] [1] INFO  c.y.common.aop.ControllerLogAspect - 接口结束: uri=/yq-admin/api/sysUser, controller=SysUserController#pageUser, cost=73ms, result={"code":200,"message":"success","data":{"total":6,"pageNum":1,"pageSize":10,"records":[{"id":6,"username":"haha","nickname":"哈哈哈","realName":"哈哈","phone":"15118191032","email":"913038933@qq.com","status":"ACTIVE","createdAt":"Fri Apr 17 15:54:46 CST 2026"},{"id":5,"username":"laoshi2","nickname":"老师2","realName":"老师2","phone":"13762922584","status":"ACTIVE","createdAt":"Sun Apr 12 01:48:55 CST 2026"},{"id":4,"username":"laoshi1","nickname":"老师1","realName":"老师1","phone":"13273576020","status":"ACTIVE","createdAt":"Sun Apr 12 01:48:37 CST 2026"},{"id":3,"username":"banzhuren","nickname":"班主任老师","realName":"班主任老师","phone":"15118191032","status":"ACTIVE","createdAt":"Sat Apr 11 17:06:53 CST 2026"},{"id":2,"username":"huangjin","nickname":"黄瑾","realName":"黄瑾","phone":"13273672819","email":"913038933@qq.com","status":"ACTIVE","createdAt":"Thu Apr 09 22:04:43 CST 2026"},{"id":1,"username":"admin","nickname":"系统管理员","realName":"超级管理员","phone":"13800000000","email":"admin@yq.com","status":"ACTIVE","createdAt":"Thu Apr 09 20:50:39 CST 2026"}]}}
2026-06-12 09:11:02.067 [http-nio-8080-exec-10] [c97bd3b5] [1] DEBUG c.y.m.u.m.SysUserMapper.selectById - ==>  Preparing: select id, username, password, nickname, real_name, phone, email, union_id, status, created_at, updated_at from sys_user where id = ?
2026-06-12 09:11:02.067 [http-nio-8080-exec-10] [c97bd3b5] [1] DEBUG c.y.m.u.m.SysUserMapper.selectById - ==> Parameters: 1(Long)
2026-06-12 09:11:02.068 [http-nio-8080-exec-10] [c97bd3b5] [1] DEBUG c.y.m.u.m.SysUserMapper.selectById - <==      Total: 1
2026-06-12 09:11:02.068 [http-nio-8080-exec-10] [c97bd3b5] [1] DEBUG c.y.m.u.m.S.selectRoleIdsByUserId - ==>  Preparing: select role_id from sys_user_role where user_id = ? order by role_id asc
2026-06-12 09:11:02.069 [http-nio-8080-exec-10] [c97bd3b5] [1] DEBUG c.y.m.u.m.S.selectRoleIdsByUserId - ==> Parameters: 1(Long)
2026-06-12 09:11:02.070 [http-nio-8080-exec-10] [c97bd3b5] [1] DEBUG c.y.m.u.m.S.selectRoleIdsByUserId - <==      Total: 1
2026-06-12 09:11:02.072 [http-nio-8080-exec-10] [c97bd3b5] [1] DEBUG c.y.m.u.m.SysRoleMapper.selectList - ==>  Preparing: select id, role_code, role_name, description, status, created_at, updated_at from sys_role WHERE id in ( ? )
2026-06-12 09:11:02.072 [http-nio-8080-exec-10] [c97bd3b5] [1] DEBUG c.y.m.u.m.SysRoleMapper.selectList - ==> Parameters: 1(Long)
2026-06-12 09:11:02.072 [http-nio-8080-exec-10] [c97bd3b5] [1] DEBUG c.y.m.u.m.SysRoleMapper.selectList - <==      Total: 1
2026-06-12 09:11:02.072 [http-nio-8080-exec-10] [c97bd3b5] [1] DEBUG c.y.m.u.m.S.selectPermissionIdsByRoleId - ==>  Preparing: select permission_id from sys_role_permission where role_id in ( ? ) order by permission_id asc
2026-06-12 09:11:02.072 [http-nio-8080-exec-10] [c97bd3b5] [1] DEBUG c.y.m.u.m.S.selectPermissionIdsByRoleId - ==> Parameters: 1(Long)
2026-06-12 09:11:02.073 [http-nio-8080-exec-10] [c97bd3b5] [1] DEBUG c.y.m.u.m.S.selectPermissionIdsByRoleId - <==      Total: 4
2026-06-12 09:11:02.073 [http-nio-8080-exec-10] [c97bd3b5] [1] DEBUG c.y.m.u.m.S.selectList - ==>  Preparing: select id, parent_id, permission_code, permission_name, permission_type, api_path, sort_num, description, status, created_at, updated_at from sys_permission WHERE id in ( ? , ? , ? , ? )
2026-06-12 09:11:02.073 [http-nio-8080-exec-10] [c97bd3b5] [1] DEBUG c.y.m.u.m.S.selectList - ==> Parameters: 101(Long), 106(Long), 113(Long), 117(Long)
2026-06-12 09:11:02.074 [http-nio-8080-exec-10] [c97bd3b5] [1] DEBUG c.y.m.u.m.S.selectList - <==      Total: 4
2026-06-12 09:11:02.074 [http-nio-8080-exec-10] [c97bd3b5] [1] INFO  c.y.common.aop.ControllerLogAspect - 接口开始: uri=/yq-admin/api/sysConfig, httpMethod=GET, controller=SysConfigController#listAll, args=[]
2026-06-12 09:11:02.076 [http-nio-8080-exec-10] [c97bd3b5] [1] INFO  c.y.common.aop.ControllerLogAspect - 接口结束: uri=/yq-admin/api/sysConfig, controller=SysConfigController#listAll, cost=2ms, result={"code":200,"message":"success","data":[{"id":1,"k":"jwtSecretk","v":"yq-ai-admin-jwt-secret"},{"id":2,"k":"jwtExpireTime","v":"7200"},{"id":3,"k":"signSecretExpireSeconds","v":"7200"},{"id":4,"k":"signTimestampSkewSeconds","v":"300"},{"id":5,"k":"signNonceExpireSeconds","v":"300"},{"id":6,"k":"studentAiSummaryTriggerUncompressedCount","v":"6"},{"id":7,"k":"studentAiSummaryKeepRecentCount","v":"3"}]}
2026-06-12 09:11:47.985 [http-nio-8080-exec-6] [be130a1b] [1] DEBUG c.y.m.u.m.SysUserMapper.selectById - ==>  Preparing: select id, username, password, nickname, real_name, phone, email, union_id, status, created_at, updated_at from sys_user where id = ?
2026-06-12 09:11:47.985 [http-nio-8080-exec-6] [be130a1b] [1] DEBUG c.y.m.u.m.SysUserMapper.selectById - ==> Parameters: 1(Long)
2026-06-12 09:11:47.986 [http-nio-8080-exec-6] [be130a1b] [1] DEBUG c.y.m.u.m.SysUserMapper.selectById - <==      Total: 1
2026-06-12 09:11:47.986 [http-nio-8080-exec-6] [be130a1b] [1] DEBUG c.y.m.u.m.S.selectRoleIdsByUserId - ==>  Preparing: select role_id from sys_user_role where user_id = ? order by role_id asc
2026-06-12 09:11:47.986 [http-nio-8080-exec-6] [be130a1b] [1] DEBUG c.y.m.u.m.S.selectRoleIdsByUserId - ==> Parameters: 1(Long)
2026-06-12 09:11:47.987 [http-nio-8080-exec-6] [be130a1b] [1] DEBUG c.y.m.u.m.S.selectRoleIdsByUserId - <==      Total: 1
2026-06-12 09:11:47.989 [http-nio-8080-exec-6] [be130a1b] [1] DEBUG c.y.m.u.m.SysRoleMapper.selectList - ==>  Preparing: select id, role_code, role_name, description, status, created_at, updated_at from sys_role WHERE id in ( ? )
2026-06-12 09:11:47.989 [http-nio-8080-exec-6] [be130a1b] [1] DEBUG c.y.m.u.m.SysRoleMapper.selectList - ==> Parameters: 1(Long)
2026-06-12 09:11:47.989 [http-nio-8080-exec-6] [be130a1b] [1] DEBUG c.y.m.u.m.SysRoleMapper.selectList - <==      Total: 1
2026-06-12 09:11:47.990 [http-nio-8080-exec-6] [be130a1b] [1] DEBUG c.y.m.u.m.S.selectPermissionIdsByRoleId - ==>  Preparing: select permission_id from sys_role_permission where role_id in ( ? ) order by permission_id asc
2026-06-12 09:11:47.990 [http-nio-8080-exec-6] [be130a1b] [1] DEBUG c.y.m.u.m.S.selectPermissionIdsByRoleId - ==> Parameters: 1(Long)
2026-06-12 09:11:47.990 [http-nio-8080-exec-6] [be130a1b] [1] DEBUG c.y.m.u.m.S.selectPermissionIdsByRoleId - <==      Total: 4
2026-06-12 09:11:47.990 [http-nio-8080-exec-6] [be130a1b] [1] DEBUG c.y.m.u.m.S.selectList - ==>  Preparing: select id, parent_id, permission_code, permission_name, permission_type, api_path, sort_num, description, status, created_at, updated_at from sys_permission WHERE id in ( ? , ? , ? , ? )
2026-06-12 09:11:47.990 [http-nio-8080-exec-6] [be130a1b] [1] DEBUG c.y.m.u.m.S.selectList - ==> Parameters: 101(Long), 106(Long), 113(Long), 117(Long)
2026-06-12 09:11:47.992 [http-nio-8080-exec-6] [be130a1b] [1] DEBUG c.y.m.u.m.S.selectList - <==      Total: 4
2026-06-12 09:11:48.003 [http-nio-8080-exec-6] [be130a1b] [1] INFO  c.y.common.aop.ControllerLogAspect - 接口开始: uri=/yq-admin/api/sysConfig/1, httpMethod=PUT, controller=SysConfigController#updateConfig, args=[{"name":"id","value":1},{"name":"req","value":{"k":"jwtSecretk","v":"yq-ai-admin-jwt-secret1"}}]
2026-06-12 09:11:48.029 [http-nio-8080-exec-6] [be130a1b] [1] INFO  c.y.common.aop.ControllerLogAspect - 接口结束: uri=/yq-admin/api/sysConfig/1, controller=SysConfigController#updateConfig, cost=26ms, result={"code":200,"message":"success","data":{"id":1}}
2026-06-12 09:11:48.041 [http-nio-8080-exec-7] [2a89d636] [1] DEBUG c.y.m.u.m.SysUserMapper.selectById - ==>  Preparing: select id, username, password, nickname, real_name, phone, email, union_id, status, created_at, updated_at from sys_user where id = ?
2026-06-12 09:11:48.041 [http-nio-8080-exec-7] [2a89d636] [1] DEBUG c.y.m.u.m.SysUserMapper.selectById - ==> Parameters: 1(Long)
2026-06-12 09:11:48.042 [http-nio-8080-exec-7] [2a89d636] [1] DEBUG c.y.m.u.m.SysUserMapper.selectById - <==      Total: 1
2026-06-12 09:11:48.042 [http-nio-8080-exec-7] [2a89d636] [1] DEBUG c.y.m.u.m.S.selectRoleIdsByUserId - ==>  Preparing: select role_id from sys_user_role where user_id = ? order by role_id asc
2026-06-12 09:11:48.042 [http-nio-8080-exec-7] [2a89d636] [1] DEBUG c.y.m.u.m.S.selectRoleIdsByUserId - ==> Parameters: 1(Long)
2026-06-12 09:11:48.043 [http-nio-8080-exec-7] [2a89d636] [1] DEBUG c.y.m.u.m.S.selectRoleIdsByUserId - <==      Total: 1
2026-06-12 09:11:48.043 [http-nio-8080-exec-7] [2a89d636] [1] DEBUG c.y.m.u.m.SysRoleMapper.selectList - ==>  Preparing: select id, role_code, role_name, description, status, created_at, updated_at from sys_role WHERE id in ( ? )
2026-06-12 09:11:48.043 [http-nio-8080-exec-7] [2a89d636] [1] DEBUG c.y.m.u.m.SysRoleMapper.selectList - ==> Parameters: 1(Long)
2026-06-12 09:11:48.043 [http-nio-8080-exec-7] [2a89d636] [1] DEBUG c.y.m.u.m.SysRoleMapper.selectList - <==      Total: 1
2026-06-12 09:11:48.045 [http-nio-8080-exec-7] [2a89d636] [1] DEBUG c.y.m.u.m.S.selectPermissionIdsByRoleId - ==>  Preparing: select permission_id from sys_role_permission where role_id in ( ? ) order by permission_id asc
2026-06-12 09:11:48.045 [http-nio-8080-exec-7] [2a89d636] [1] DEBUG c.y.m.u.m.S.selectPermissionIdsByRoleId - ==> Parameters: 1(Long)
2026-06-12 09:11:48.046 [http-nio-8080-exec-7] [2a89d636] [1] DEBUG c.y.m.u.m.S.selectPermissionIdsByRoleId - <==      Total: 4
2026-06-12 09:11:48.046 [http-nio-8080-exec-7] [2a89d636] [1] DEBUG c.y.m.u.m.S.selectList - ==>  Preparing: select id, parent_id, permission_code, permission_name, permission_type, api_path, sort_num, description, status, created_at, updated_at from sys_permission WHERE id in ( ? , ? , ? , ? )
2026-06-12 09:11:48.046 [http-nio-8080-exec-7] [2a89d636] [1] DEBUG c.y.m.u.m.S.selectList - ==> Parameters: 101(Long), 106(Long), 113(Long), 117(Long)
2026-06-12 09:11:48.047 [http-nio-8080-exec-7] [2a89d636] [1] DEBUG c.y.m.u.m.S.selectList - <==      Total: 4
2026-06-12 09:11:48.048 [http-nio-8080-exec-7] [2a89d636] [1] INFO  c.y.common.aop.ControllerLogAspect - 接口开始: uri=/yq-admin/api/sysConfig, httpMethod=GET, controller=SysConfigController#listAll, args=[]
2026-06-12 09:11:48.049 [http-nio-8080-exec-7] [2a89d636] [1] INFO  c.y.common.aop.ControllerLogAspect - 接口结束: uri=/yq-admin/api/sysConfig, controller=SysConfigController#listAll, cost=1ms, result={"code":200,"message":"success","data":[{"id":1,"k":"jwtSecretk","v":"yq-ai-admin-jwt-secret1"},{"id":2,"k":"jwtExpireTime","v":"7200"},{"id":3,"k":"signSecretExpireSeconds","v":"7200"},{"id":4,"k":"signTimestampSkewSeconds","v":"300"},{"id":5,"k":"signNonceExpireSeconds","v":"300"},{"id":6,"k":"studentAiSummaryTriggerUncompressedCount","v":"6"},{"id":7,"k":"studentAiSummaryKeepRecentCount","v":"3"}]}
2026-06-12 10:52:58.150 [SpringApplicationShutdownHook] [] [] INFO  com.zaxxer.hikari.HikariDataSource - HikariPool-1 - Shutdown initiated...
2026-06-12 10:52:58.157 [SpringApplicationShutdownHook] [] [] INFO  com.zaxxer.hikari.HikariDataSource - HikariPool-1 - Shutdown completed.
