
  .   ____          _            __ _ _
 /\\ / ___'_ __ _ _(_)_ __  __ _ \ \ \ \
( ( )\___ | '_ | '_| | '_ \/ _` | \ \ \ \
 \\/  ___)| |_)| | | | | || (_| |  ) ) ) )
  '  |____| .__|_| |_|_| |_\__, | / / / /
 =========|_|==============|___/=/_/_/_/
 :: Spring Boot ::                (v3.2.0)

2026-07-18 19:29:56.124 [background-preinit] INFO  org.hibernate.validator.internal.util.Version [guid=] - HV000001: Hibernate Validator 8.0.1.Final
2026-07-18 19:29:56.183 [main] INFO  cn.yanque.YanqueApplication [guid=] - Starting YanqueApplication v1.0-SNAPSHOT using Java 17.0.17 with PID 29308 (D:\Java\code\yq\YanQue-Admin\target\YanQue-Admin-1.0-SNAPSHOT.jar started by q1571 in D:\Java\code\yq\YanQue-Admin)
2026-07-18 19:29:56.184 [main] INFO  cn.yanque.YanqueApplication [guid=] - The following 1 profile is active: "dev"
2026-07-18 19:29:57.455 [main] INFO  o.s.d.r.config.RepositoryConfigurationDelegate [guid=] - Multiple Spring Data modules found, entering strict repository configuration mode
2026-07-18 19:29:57.459 [main] INFO  o.s.d.r.config.RepositoryConfigurationDelegate [guid=] - Bootstrapping Spring Data Redis repositories in DEFAULT mode.
2026-07-18 19:29:57.513 [main] INFO  o.s.d.r.config.RepositoryConfigurationDelegate [guid=] - Finished Spring Data repository scanning in 33 ms. Found 0 Redis repository interfaces.
2026-07-18 19:29:58.817 [main] INFO  o.s.boot.web.embedded.tomcat.TomcatWebServer [guid=] - Tomcat initialized with port 8080 (http)
2026-07-18 19:29:58.835 [main] INFO  org.apache.coyote.http11.Http11NioProtocol [guid=] - Initializing ProtocolHandler ["http-nio-8080"]
2026-07-18 19:29:58.841 [main] INFO  org.apache.catalina.core.StandardService [guid=] - Starting service [Tomcat]
2026-07-18 19:29:58.841 [main] INFO  org.apache.catalina.core.StandardEngine [guid=] - Starting Servlet engine: [Apache Tomcat/10.1.16]
2026-07-18 19:29:58.933 [main] INFO  o.a.c.c.C.[Tomcat].[localhost].[/yq-admin] [guid=] - Initializing Spring embedded WebApplicationContext
2026-07-18 19:29:58.934 [main] INFO  o.s.b.w.s.c.ServletWebServerApplicationContext [guid=] - Root WebApplicationContext: initialization completed in 2678 ms
2026-07-18 19:30:02.343 [main] INFO  org.apache.coyote.http11.Http11NioProtocol [guid=] - Starting ProtocolHandler ["http-nio-8080"]
2026-07-18 19:30:02.401 [main] INFO  o.s.boot.web.embedded.tomcat.TomcatWebServer [guid=] - Tomcat started on port 8080 (http) with context path '/yq-admin'
2026-07-18 19:30:02.438 [main] INFO  cn.yanque.YanqueApplication [guid=] - Started YanqueApplication in 6.823 seconds (process running for 7.381)
2026-07-18 19:30:17.688 [http-nio-8080-exec-1] INFO  o.a.c.c.C.[Tomcat].[localhost].[/yq-admin] [guid=] - Initializing Spring DispatcherServlet 'dispatcherServlet'
2026-07-18 19:30:17.714 [http-nio-8080-exec-1] ERROR cn.yanque.common.exception.GlobalExceptionHandler [guid=f0c58de0083b44d299c18a464f4594a6] - 系统异常
org.springframework.web.servlet.resource.NoResourceFoundException: No static resource doc.html.
	at org.springframework.web.servlet.resource.ResourceHttpRequestHandler.handleRequest(ResourceHttpRequestHandler.java:585)
	at org.springframework.web.servlet.mvc.HttpRequestHandlerAdapter.handle(HttpRequestHandlerAdapter.java:52)
	at org.springframework.web.servlet.DispatcherServlet.doDispatch(DispatcherServlet.java:1089)
	at org.springframework.web.servlet.DispatcherServlet.doService(DispatcherServlet.java:979)
	at org.springframework.web.servlet.FrameworkServlet.processRequest(FrameworkServlet.java:1014)
	at org.springframework.web.servlet.FrameworkServlet.doGet(FrameworkServlet.java:903)
	at jakarta.servlet.http.HttpServlet.service(HttpServlet.java:564)
	at org.springframework.web.servlet.FrameworkServlet.service(FrameworkServlet.java:885)
	at jakarta.servlet.http.HttpServlet.service(HttpServlet.java:658)
	at org.apache.catalina.core.ApplicationFilterChain.internalDoFilter(ApplicationFilterChain.java:205)
	at org.apache.catalina.core.ApplicationFilterChain.doFilter(ApplicationFilterChain.java:149)
	at org.apache.tomcat.websocket.server.WsFilter.doFilter(WsFilter.java:51)
	at org.apache.catalina.core.ApplicationFilterChain.internalDoFilter(ApplicationFilterChain.java:174)
	at org.apache.catalina.core.ApplicationFilterChain.doFilter(ApplicationFilterChain.java:149)
	at org.springframework.web.filter.RequestContextFilter.doFilterInternal(RequestContextFilter.java:100)
	at org.springframework.web.filter.OncePerRequestFilter.doFilter(OncePerRequestFilter.java:116)
	at org.apache.catalina.core.ApplicationFilterChain.internalDoFilter(ApplicationFilterChain.java:174)
	at org.apache.catalina.core.ApplicationFilterChain.doFilter(ApplicationFilterChain.java:149)
	at org.springframework.web.filter.FormContentFilter.doFilterInternal(FormContentFilter.java:93)
	at org.springframework.web.filter.OncePerRequestFilter.doFilter(OncePerRequestFilter.java:116)
	at org.apache.catalina.core.ApplicationFilterChain.internalDoFilter(ApplicationFilterChain.java:174)
	at org.apache.catalina.core.ApplicationFilterChain.doFilter(ApplicationFilterChain.java:149)
	at org.springframework.web.filter.CharacterEncodingFilter.doFilterInternal(CharacterEncodingFilter.java:201)
	at org.springframework.web.filter.OncePerRequestFilter.doFilter(OncePerRequestFilter.java:116)
	at org.apache.catalina.core.ApplicationFilterChain.internalDoFilter(ApplicationFilterChain.java:174)
	at org.apache.catalina.core.ApplicationFilterChain.doFilter(ApplicationFilterChain.java:149)
	at cn.yanque.config.RequestGuidFilter.doFilterInternal(RequestGuidFilter.java:37)
	at org.springframework.web.filter.OncePerRequestFilter.doFilter(OncePerRequestFilter.java:116)
	at org.apache.catalina.core.ApplicationFilterChain.internalDoFilter(ApplicationFilterChain.java:174)
	at org.apache.catalina.core.ApplicationFilterChain.doFilter(ApplicationFilterChain.java:149)
	at org.apache.catalina.core.StandardWrapperValve.invoke(StandardWrapperValve.java:167)
	at org.apache.catalina.core.StandardContextValve.invoke(StandardContextValve.java:90)
	at org.apache.catalina.authenticator.AuthenticatorBase.invoke(AuthenticatorBase.java:482)
	at org.apache.catalina.core.StandardHostValve.invoke(StandardHostValve.java:115)
	at org.apache.catalina.valves.ErrorReportValve.invoke(ErrorReportValve.java:93)
	at org.apache.catalina.core.StandardEngineValve.invoke(StandardEngineValve.java:74)
	at org.apache.catalina.connector.CoyoteAdapter.service(CoyoteAdapter.java:340)
	at org.apache.coyote.http11.Http11Processor.service(Http11Processor.java:391)
	at org.apache.coyote.AbstractProcessorLight.process(AbstractProcessorLight.java:63)
	at org.apache.coyote.AbstractProtocol$ConnectionHandler.process(AbstractProtocol.java:896)
	at org.apache.tomcat.util.net.NioEndpoint$SocketProcessor.doRun(NioEndpoint.java:1744)
	at org.apache.tomcat.util.net.SocketProcessorBase.run(SocketProcessorBase.java:52)
	at org.apache.tomcat.util.threads.ThreadPoolExecutor.runWorker(ThreadPoolExecutor.java:1191)
	at org.apache.tomcat.util.threads.ThreadPoolExecutor$Worker.run(ThreadPoolExecutor.java:659)
	at org.apache.tomcat.util.threads.TaskThread$WrappingRunnable.run(TaskThread.java:61)
	at java.base/java.lang.Thread.run(Thread.java:840)
2026-07-18 19:33:47.629 [http-nio-8080-exec-5] ERROR cn.yanque.common.exception.GlobalExceptionHandler [guid=320ffb306cab444299f57710f31e9d5f] - 业务异常: code=401, message=Token无效或已过期
cn.yanque.common.exception.BusinessException: Token无效或已过期
	at cn.yanque.models.auth.interceptor.JwtAuthInterceptor.preHandle(JwtAuthInterceptor.java:57)
	at org.springframework.web.servlet.HandlerExecutionChain.applyPreHandle(HandlerExecutionChain.java:146)
	at org.springframework.web.servlet.DispatcherServlet.doDispatch(DispatcherServlet.java:1084)
	at org.springframework.web.servlet.DispatcherServlet.doService(DispatcherServlet.java:979)
	at org.springframework.web.servlet.FrameworkServlet.processRequest(FrameworkServlet.java:1014)
	at org.springframework.web.servlet.FrameworkServlet.doGet(FrameworkServlet.java:903)
	at jakarta.servlet.http.HttpServlet.service(HttpServlet.java:564)
	at org.springframework.web.servlet.FrameworkServlet.service(FrameworkServlet.java:885)
	at jakarta.servlet.http.HttpServlet.service(HttpServlet.java:658)
	at org.apache.catalina.core.ApplicationFilterChain.internalDoFilter(ApplicationFilterChain.java:205)
	at org.apache.catalina.core.ApplicationFilterChain.doFilter(ApplicationFilterChain.java:149)
	at org.apache.tomcat.websocket.server.WsFilter.doFilter(WsFilter.java:51)
	at org.apache.catalina.core.ApplicationFilterChain.internalDoFilter(ApplicationFilterChain.java:174)
	at org.apache.catalina.core.ApplicationFilterChain.doFilter(ApplicationFilterChain.java:149)
	at org.springframework.web.filter.RequestContextFilter.doFilterInternal(RequestContextFilter.java:100)
	at org.springframework.web.filter.OncePerRequestFilter.doFilter(OncePerRequestFilter.java:116)
	at org.apache.catalina.core.ApplicationFilterChain.internalDoFilter(ApplicationFilterChain.java:174)
	at org.apache.catalina.core.ApplicationFilterChain.doFilter(ApplicationFilterChain.java:149)
	at org.springframework.web.filter.FormContentFilter.doFilterInternal(FormContentFilter.java:93)
	at org.springframework.web.filter.OncePerRequestFilter.doFilter(OncePerRequestFilter.java:116)
	at org.apache.catalina.core.ApplicationFilterChain.internalDoFilter(ApplicationFilterChain.java:174)
	at org.apache.catalina.core.ApplicationFilterChain.doFilter(ApplicationFilterChain.java:149)
	at org.springframework.web.filter.CharacterEncodingFilter.doFilterInternal(CharacterEncodingFilter.java:201)
	at org.springframework.web.filter.OncePerRequestFilter.doFilter(OncePerRequestFilter.java:116)
	at org.apache.catalina.core.ApplicationFilterChain.internalDoFilter(ApplicationFilterChain.java:174)
	at org.apache.catalina.core.ApplicationFilterChain.doFilter(ApplicationFilterChain.java:149)
	at cn.yanque.config.RequestGuidFilter.doFilterInternal(RequestGuidFilter.java:37)
	at org.springframework.web.filter.OncePerRequestFilter.doFilter(OncePerRequestFilter.java:116)
	at org.apache.catalina.core.ApplicationFilterChain.internalDoFilter(ApplicationFilterChain.java:174)
	at org.apache.catalina.core.ApplicationFilterChain.doFilter(ApplicationFilterChain.java:149)
	at org.apache.catalina.core.StandardWrapperValve.invoke(StandardWrapperValve.java:167)
	at org.apache.catalina.core.StandardContextValve.invoke(StandardContextValve.java:90)
	at org.apache.catalina.authenticator.AuthenticatorBase.invoke(AuthenticatorBase.java:482)
	at org.apache.catalina.core.StandardHostValve.invoke(StandardHostValve.java:115)
	at org.apache.catalina.valves.ErrorReportValve.invoke(ErrorReportValve.java:93)
	at org.apache.catalina.core.StandardEngineValve.invoke(StandardEngineValve.java:74)
	at org.apache.catalina.connector.CoyoteAdapter.service(CoyoteAdapter.java:340)
	at org.apache.coyote.http11.Http11Processor.service(Http11Processor.java:391)
	at org.apache.coyote.AbstractProcessorLight.process(AbstractProcessorLight.java:63)
	at org.apache.coyote.AbstractProtocol$ConnectionHandler.process(AbstractProtocol.java:896)
	at org.apache.tomcat.util.net.NioEndpoint$SocketProcessor.doRun(NioEndpoint.java:1744)
	at org.apache.tomcat.util.net.SocketProcessorBase.run(SocketProcessorBase.java:52)
	at org.apache.tomcat.util.threads.ThreadPoolExecutor.runWorker(ThreadPoolExecutor.java:1191)
	at org.apache.tomcat.util.threads.ThreadPoolExecutor$Worker.run(ThreadPoolExecutor.java:659)
	at org.apache.tomcat.util.threads.TaskThread$WrappingRunnable.run(TaskThread.java:61)
	at java.base/java.lang.Thread.run(Thread.java:840)
2026-07-18 19:33:47.629 [http-nio-8080-exec-6] ERROR cn.yanque.common.exception.GlobalExceptionHandler [guid=4931002fcedb4038a9448e2eb2a7460f] - 业务异常: code=401, message=Token无效或已过期
cn.yanque.common.exception.BusinessException: Token无效或已过期
	at cn.yanque.models.auth.interceptor.JwtAuthInterceptor.preHandle(JwtAuthInterceptor.java:57)
	at org.springframework.web.servlet.HandlerExecutionChain.applyPreHandle(HandlerExecutionChain.java:146)
	at org.springframework.web.servlet.DispatcherServlet.doDispatch(DispatcherServlet.java:1084)
	at org.springframework.web.servlet.DispatcherServlet.doService(DispatcherServlet.java:979)
	at org.springframework.web.servlet.FrameworkServlet.processRequest(FrameworkServlet.java:1014)
	at org.springframework.web.servlet.FrameworkServlet.doGet(FrameworkServlet.java:903)
	at jakarta.servlet.http.HttpServlet.service(HttpServlet.java:564)
	at org.springframework.web.servlet.FrameworkServlet.service(FrameworkServlet.java:885)
	at jakarta.servlet.http.HttpServlet.service(HttpServlet.java:658)
	at org.apache.catalina.core.ApplicationFilterChain.internalDoFilter(ApplicationFilterChain.java:205)
	at org.apache.catalina.core.ApplicationFilterChain.doFilter(ApplicationFilterChain.java:149)
	at org.apache.tomcat.websocket.server.WsFilter.doFilter(WsFilter.java:51)
	at org.apache.catalina.core.ApplicationFilterChain.internalDoFilter(ApplicationFilterChain.java:174)
	at org.apache.catalina.core.ApplicationFilterChain.doFilter(ApplicationFilterChain.java:149)
	at org.springframework.web.filter.RequestContextFilter.doFilterInternal(RequestContextFilter.java:100)
	at org.springframework.web.filter.OncePerRequestFilter.doFilter(OncePerRequestFilter.java:116)
	at org.apache.catalina.core.ApplicationFilterChain.internalDoFilter(ApplicationFilterChain.java:174)
	at org.apache.catalina.core.ApplicationFilterChain.doFilter(ApplicationFilterChain.java:149)
	at org.springframework.web.filter.FormContentFilter.doFilterInternal(FormContentFilter.java:93)
	at org.springframework.web.filter.OncePerRequestFilter.doFilter(OncePerRequestFilter.java:116)
	at org.apache.catalina.core.ApplicationFilterChain.internalDoFilter(ApplicationFilterChain.java:174)
	at org.apache.catalina.core.ApplicationFilterChain.doFilter(ApplicationFilterChain.java:149)
	at org.springframework.web.filter.CharacterEncodingFilter.doFilterInternal(CharacterEncodingFilter.java:201)
	at org.springframework.web.filter.OncePerRequestFilter.doFilter(OncePerRequestFilter.java:116)
	at org.apache.catalina.core.ApplicationFilterChain.internalDoFilter(ApplicationFilterChain.java:174)
	at org.apache.catalina.core.ApplicationFilterChain.doFilter(ApplicationFilterChain.java:149)
	at cn.yanque.config.RequestGuidFilter.doFilterInternal(RequestGuidFilter.java:37)
	at org.springframework.web.filter.OncePerRequestFilter.doFilter(OncePerRequestFilter.java:116)
	at org.apache.catalina.core.ApplicationFilterChain.internalDoFilter(ApplicationFilterChain.java:174)
	at org.apache.catalina.core.ApplicationFilterChain.doFilter(ApplicationFilterChain.java:149)
	at org.apache.catalina.core.StandardWrapperValve.invoke(StandardWrapperValve.java:167)
	at org.apache.catalina.core.StandardContextValve.invoke(StandardContextValve.java:90)
	at org.apache.catalina.authenticator.AuthenticatorBase.invoke(AuthenticatorBase.java:482)
	at org.apache.catalina.core.StandardHostValve.invoke(StandardHostValve.java:115)
	at org.apache.catalina.valves.ErrorReportValve.invoke(ErrorReportValve.java:93)
	at org.apache.catalina.core.StandardEngineValve.invoke(StandardEngineValve.java:74)
	at org.apache.catalina.connector.CoyoteAdapter.service(CoyoteAdapter.java:340)
	at org.apache.coyote.http11.Http11Processor.service(Http11Processor.java:391)
	at org.apache.coyote.AbstractProcessorLight.process(AbstractProcessorLight.java:63)
	at org.apache.coyote.AbstractProtocol$ConnectionHandler.process(AbstractProtocol.java:896)
	at org.apache.tomcat.util.net.NioEndpoint$SocketProcessor.doRun(NioEndpoint.java:1744)
	at org.apache.tomcat.util.net.SocketProcessorBase.run(SocketProcessorBase.java:52)
	at org.apache.tomcat.util.threads.ThreadPoolExecutor.runWorker(ThreadPoolExecutor.java:1191)
	at org.apache.tomcat.util.threads.ThreadPoolExecutor$Worker.run(ThreadPoolExecutor.java:659)
	at org.apache.tomcat.util.threads.TaskThread$WrappingRunnable.run(TaskThread.java:61)
	at java.base/java.lang.Thread.run(Thread.java:840)
2026-07-18 19:33:47.629 [http-nio-8080-exec-4] ERROR cn.yanque.common.exception.GlobalExceptionHandler [guid=11108b1e0aa44b1b89279679757c9c80] - 业务异常: code=401, message=Token无效或已过期
cn.yanque.common.exception.BusinessException: Token无效或已过期
	at cn.yanque.models.auth.interceptor.JwtAuthInterceptor.preHandle(JwtAuthInterceptor.java:57)
	at org.springframework.web.servlet.HandlerExecutionChain.applyPreHandle(HandlerExecutionChain.java:146)
	at org.springframework.web.servlet.DispatcherServlet.doDispatch(DispatcherServlet.java:1084)
	at org.springframework.web.servlet.DispatcherServlet.doService(DispatcherServlet.java:979)
	at org.springframework.web.servlet.FrameworkServlet.processRequest(FrameworkServlet.java:1014)
	at org.springframework.web.servlet.FrameworkServlet.doGet(FrameworkServlet.java:903)
	at jakarta.servlet.http.HttpServlet.service(HttpServlet.java:564)
	at org.springframework.web.servlet.FrameworkServlet.service(FrameworkServlet.java:885)
	at jakarta.servlet.http.HttpServlet.service(HttpServlet.java:658)
	at org.apache.catalina.core.ApplicationFilterChain.internalDoFilter(ApplicationFilterChain.java:205)
	at org.apache.catalina.core.ApplicationFilterChain.doFilter(ApplicationFilterChain.java:149)
	at org.apache.tomcat.websocket.server.WsFilter.doFilter(WsFilter.java:51)
	at org.apache.catalina.core.ApplicationFilterChain.internalDoFilter(ApplicationFilterChain.java:174)
	at org.apache.catalina.core.ApplicationFilterChain.doFilter(ApplicationFilterChain.java:149)
	at org.springframework.web.filter.RequestContextFilter.doFilterInternal(RequestContextFilter.java:100)
	at org.springframework.web.filter.OncePerRequestFilter.doFilter(OncePerRequestFilter.java:116)
	at org.apache.catalina.core.ApplicationFilterChain.internalDoFilter(ApplicationFilterChain.java:174)
	at org.apache.catalina.core.ApplicationFilterChain.doFilter(ApplicationFilterChain.java:149)
	at org.springframework.web.filter.FormContentFilter.doFilterInternal(FormContentFilter.java:93)
	at org.springframework.web.filter.OncePerRequestFilter.doFilter(OncePerRequestFilter.java:116)
	at org.apache.catalina.core.ApplicationFilterChain.internalDoFilter(ApplicationFilterChain.java:174)
	at org.apache.catalina.core.ApplicationFilterChain.doFilter(ApplicationFilterChain.java:149)
	at org.springframework.web.filter.CharacterEncodingFilter.doFilterInternal(CharacterEncodingFilter.java:201)
	at org.springframework.web.filter.OncePerRequestFilter.doFilter(OncePerRequestFilter.java:116)
	at org.apache.catalina.core.ApplicationFilterChain.internalDoFilter(ApplicationFilterChain.java:174)
	at org.apache.catalina.core.ApplicationFilterChain.doFilter(ApplicationFilterChain.java:149)
	at cn.yanque.config.RequestGuidFilter.doFilterInternal(RequestGuidFilter.java:37)
	at org.springframework.web.filter.OncePerRequestFilter.doFilter(OncePerRequestFilter.java:116)
	at org.apache.catalina.core.ApplicationFilterChain.internalDoFilter(ApplicationFilterChain.java:174)
	at org.apache.catalina.core.ApplicationFilterChain.doFilter(ApplicationFilterChain.java:149)
	at org.apache.catalina.core.StandardWrapperValve.invoke(StandardWrapperValve.java:167)
	at org.apache.catalina.core.StandardContextValve.invoke(StandardContextValve.java:90)
	at org.apache.catalina.authenticator.AuthenticatorBase.invoke(AuthenticatorBase.java:482)
	at org.apache.catalina.core.StandardHostValve.invoke(StandardHostValve.java:115)
	at org.apache.catalina.valves.ErrorReportValve.invoke(ErrorReportValve.java:93)
	at org.apache.catalina.core.StandardEngineValve.invoke(StandardEngineValve.java:74)
	at org.apache.catalina.connector.CoyoteAdapter.service(CoyoteAdapter.java:340)
	at org.apache.coyote.http11.Http11Processor.service(Http11Processor.java:391)
	at org.apache.coyote.AbstractProcessorLight.process(AbstractProcessorLight.java:63)
	at org.apache.coyote.AbstractProtocol$ConnectionHandler.process(AbstractProtocol.java:896)
	at org.apache.tomcat.util.net.NioEndpoint$SocketProcessor.doRun(NioEndpoint.java:1744)
	at org.apache.tomcat.util.net.SocketProcessorBase.run(SocketProcessorBase.java:52)
	at org.apache.tomcat.util.threads.ThreadPoolExecutor.runWorker(ThreadPoolExecutor.java:1191)
	at org.apache.tomcat.util.threads.ThreadPoolExecutor$Worker.run(ThreadPoolExecutor.java:659)
	at org.apache.tomcat.util.threads.TaskThread$WrappingRunnable.run(TaskThread.java:61)
	at java.base/java.lang.Thread.run(Thread.java:840)
2026-07-18 19:33:49.147 [http-nio-8080-exec-7] INFO  cn.yanque.common.aop.ControllerLogAspect [guid=50cbba6a082f4a4590f23d2822963612] - 接口开始: uri=/yq-admin/api/sysUser/login, httpMethod=POST, controller=SysUserController#login, args=[{"name":"req","value":{"username":"admin","password":"****"}}]
2026-07-18 19:33:49.744 [http-nio-8080-exec-7] INFO  cn.yanque.common.aop.ControllerLogAspect [guid=50cbba6a082f4a4590f23d2822963612] - 接口结束: uri=/yq-admin/api/sysUser/login, controller=SysUserController#login, cost=700ms, result={"code":200,"message":"success","data":{"token":"ey****7Q","signSecret":"Fj****go","userDetailRes":{"id":1,"username":"admin","nickname":"系统管理员","realName":"超级管理员","phone":"13800000000","email":"admin@yq.com","unionId":"on_8dc4e328a2870919088b018841458703","status":"ACTIVE","createdAt":"Thu Apr 09 20:50:39 CST 2026","updatedAt":"Wed Jun 10 20:14:33 CST 2026"},"roleDetailResList":[{"id":1,"roleCode":"SUPER_ADMIN","roleName":"超级管理员","description":"拥有全部后台权限","status":"ACTIVE","createdAt":"Thu Apr 09 20:50:38 CST 2026","updatedAt":"Wed Jun 10 20:13:59 CST 2026"}],"permissionDetailResList":[{"id":101,"parentId":0,"permissionName":"系统配置","permissionType":"MENU","permissionCode":"menu:system","sortNum":1,"status":"ACTIVE","description":"左侧导航中的系统配置父级菜单","createdAt":"Thu Apr 09 21:22:28 CST 2026","updatedAt":"Fri Jun 12 16:43:31 CST 2026"},{"id":106,"parentId":0,"permissionName":"教学管理","permissionType":"MENU","permissionCode":"menu:teaching","sortNum":2,"status":"ACTIVE","description":"左侧导航中的教学管理父级菜单","createdAt":"Sat Apr 11 15:49:16 CST 2026","updatedAt":"Thu Jun 11 19:21:10 CST 2026"},{"id":113,"parentId":0,"permissionName":"销售管理","permissionType":"MENU","permissionCode":"menu:sales","sortNum":3,"status":"ACTIVE","description":"左侧导航中的销售管理父级菜单","createdAt":"Sun Apr 12 14:19:04 CST 2026","updatedAt":"Thu Jun 11 19:21:13 CST 2026"},{"id":117,"parentId":0,"permissionName":"学员管理","permissionType":"MENU","permissionCode":"menu:student","sortNum":4,"status":"ACTIVE","description":"左侧导航中的学员管理父级菜单","createdAt":"Sun Apr 19 23:54:31 CST 2026","updatedAt":"Thu Jun 11 19:21:15 CST 2026"},{"id":321,"parentId":106,"permissionName":"考试管理","permissionType":"MENU","permissionCode":"menu:teaching:exam","sortNum":8,"status":"1","description":"教学管理下的考试管理菜单","createdAt":"Wed Jun 24 18:15:55 CST 2026","updatedAt":"Wed Jun 24 18:15:55 CST 2026"},{"id":322,"parentId":321,"permissionName":"查看考试","permissionType":"API","permissionCode":"exam:view","apiPath":"/api/exams/**","sortNum":1,"status":"1","description":"查看题库、试卷、考试与阅卷数据","createdAt":"Wed Jun 24 18:15:55 CST 2026","updatedAt":"Wed Jun 24 18:15:55 CST 2026"},{"id":323,"parentId":321,"permissionName":"管理考试","permissionType":"API","permissionCode":"exam:manage","apiPath":"/api/exams/**","sortNum":2,"status":"1","description":"维护题库、试卷、考试发布和阅卷","createdAt":"Wed Jun 24 18:15:55 CST 2026","updatedAt":"Wed Jun 24 18:15:55 CST 2026"},{"id":324,"parentId":321,"permissionName":"新增考试内容按钮","permissionType":"BUTTON","permissionCode":"button:exam:create","sortNum":1,"status":"1","description":"新增题目、试卷和考试按钮","createdAt":"Wed Jun 24 18:15:55 CST 2026","updatedAt":"Wed Jun 24 18:15:55 CST 2026"},{"id":325,"parentId":321,"permissionName":"编辑考试内容按钮","permissionType":"BUTTON","permissionCode":"button:exam:update","sortNum":2,"status":"1","description":"编辑题目、试卷和考试按钮","createdAt":"Wed Jun 24 18:15:55 CST 2026","updatedAt":"Wed Jun 24 18:15:55 CST 2026"},{"id":326,"parentId":321,"permissionName":"考试阅卷按钮","permissionType":"BUTTON","permissionCode":"button:exam:review","sortNum":3,"status":"1","description":"查看考试记录、批改主观题和发布答案","createdAt":"Wed Jun 24 18:15:55 CST 2026","updatedAt":"Wed Jun 24 18:15:55 CST 2026"},{"id":349,"parentId":0,"permissionName":"提示词管理","permissionType":"MENU","permissionCode":"menu:ai:prompt","apiPath":"/yq-admin/api/promptTemplates/**","sortNum":652,"status":"ACTIVE","description":"管理 AI 提示词及版本","createdAt":"Wed Jul 15 20:20:22 CST 2026","updatedAt":"Wed Jul 15 20:20:22 CST 2026"},{"id":350,"parentId":0,"permissionName":"面试复盘","permissionType":"MENU","permissionCode":"menu:interview-review","sortNum":450,"status":"ACTIVE","description":"面试录音与 AI 复盘管理","createdAt":"Sat Jul 18 15:30:46 CST 2026","updatedAt":"Sat Jul 18 15:30:46 CST 2026"},{"id":351,"parentId":350,"permissionName":"查看面试复盘","permissionType":"API","permissionCode":"interview-review:view","apiPath":"/api/interview-reviews","sortNum":1,"status":"ACTIVE","description":"分页和详情查询","createdAt":"Sat Jul 18 15:30:46 CST 2026","updatedAt":"Sat Jul 18 1...(truncated)
2026-07-18 19:33:49.876 [http-nio-8080-exec-8] INFO  cn.yanque.common.aop.ControllerLogAspect [guid=b1eab04baf0b4feb97a17b54493d3d94] - 接口开始: uri=/yq-admin/api/sysUser, httpMethod=GET, controller=SysUserController#pageUser, args=[{"name":"req","value":{"pageNum":1,"pageSize":10}}]
2026-07-18 19:33:49.932 [http-nio-8080-exec-8] INFO  cn.yanque.common.aop.ControllerLogAspect [guid=b1eab04baf0b4feb97a17b54493d3d94] - 接口结束: uri=/yq-admin/api/sysUser, controller=SysUserController#pageUser, cost=55ms, result={"code":200,"message":"success","data":{"total":6,"pageNum":1,"pageSize":10,"records":[{"id":6,"username":"haha","nickname":"哈哈哈","realName":"哈哈","phone":"15118191032","email":"913038933@qq.com","status":"ACTIVE","createdAt":"Fri Apr 17 15:54:46 CST 2026"},{"id":5,"username":"laoshi2","nickname":"老师2","realName":"老师2","phone":"13762922584","status":"ACTIVE","createdAt":"Sun Apr 12 01:48:55 CST 2026"},{"id":4,"username":"laoshi1","nickname":"老师1","realName":"老师1","phone":"13273576020","status":"ACTIVE","createdAt":"Sun Apr 12 01:48:37 CST 2026"},{"id":3,"username":"banzhuren","nickname":"班主任老师","realName":"班主任老师","phone":"15118191032","status":"ACTIVE","createdAt":"Sat Apr 11 17:06:53 CST 2026"},{"id":2,"username":"huangjin","nickname":"黄瑾","realName":"黄瑾","phone":"13273672819","email":"913038933@qq.com","status":"ACTIVE","createdAt":"Thu Apr 09 22:04:43 CST 2026"},{"id":1,"username":"admin","nickname":"系统管理员","realName":"超级管理员","phone":"13800000000","email":"admin@yq.com","status":"ACTIVE","createdAt":"Thu Apr 09 20:50:39 CST 2026"}]}}
2026-07-18 19:33:58.601 [http-nio-8080-exec-9] ERROR cn.yanque.common.exception.GlobalExceptionHandler [guid=f82a1487012a42dc80e0d191b8b7383b] - 系统异常
org.springframework.web.servlet.resource.NoResourceFoundException: No static resource api/interview-reviews.
	at org.springframework.web.servlet.resource.ResourceHttpRequestHandler.handleRequest(ResourceHttpRequestHandler.java:585)
	at org.springframework.web.servlet.mvc.HttpRequestHandlerAdapter.handle(HttpRequestHandlerAdapter.java:52)
	at org.springframework.web.servlet.DispatcherServlet.doDispatch(DispatcherServlet.java:1089)
	at org.springframework.web.servlet.DispatcherServlet.doService(DispatcherServlet.java:979)
	at org.springframework.web.servlet.FrameworkServlet.processRequest(FrameworkServlet.java:1014)
	at org.springframework.web.servlet.FrameworkServlet.doGet(FrameworkServlet.java:903)
	at jakarta.servlet.http.HttpServlet.service(HttpServlet.java:564)
	at org.springframework.web.servlet.FrameworkServlet.service(FrameworkServlet.java:885)
	at jakarta.servlet.http.HttpServlet.service(HttpServlet.java:658)
	at org.apache.catalina.core.ApplicationFilterChain.internalDoFilter(ApplicationFilterChain.java:205)
	at org.apache.catalina.core.ApplicationFilterChain.doFilter(ApplicationFilterChain.java:149)
	at org.apache.tomcat.websocket.server.WsFilter.doFilter(WsFilter.java:51)
	at org.apache.catalina.core.ApplicationFilterChain.internalDoFilter(ApplicationFilterChain.java:174)
	at org.apache.catalina.core.ApplicationFilterChain.doFilter(ApplicationFilterChain.java:149)
	at org.springframework.web.filter.RequestContextFilter.doFilterInternal(RequestContextFilter.java:100)
	at org.springframework.web.filter.OncePerRequestFilter.doFilter(OncePerRequestFilter.java:116)
	at org.apache.catalina.core.ApplicationFilterChain.internalDoFilter(ApplicationFilterChain.java:174)
	at org.apache.catalina.core.ApplicationFilterChain.doFilter(ApplicationFilterChain.java:149)
	at org.springframework.web.filter.FormContentFilter.doFilterInternal(FormContentFilter.java:93)
	at org.springframework.web.filter.OncePerRequestFilter.doFilter(OncePerRequestFilter.java:116)
	at org.apache.catalina.core.ApplicationFilterChain.internalDoFilter(ApplicationFilterChain.java:174)
	at org.apache.catalina.core.ApplicationFilterChain.doFilter(ApplicationFilterChain.java:149)
	at org.springframework.web.filter.CharacterEncodingFilter.doFilterInternal(CharacterEncodingFilter.java:201)
	at org.springframework.web.filter.OncePerRequestFilter.doFilter(OncePerRequestFilter.java:116)
	at org.apache.catalina.core.ApplicationFilterChain.internalDoFilter(ApplicationFilterChain.java:174)
	at org.apache.catalina.core.ApplicationFilterChain.doFilter(ApplicationFilterChain.java:149)
	at cn.yanque.config.RequestGuidFilter.doFilterInternal(RequestGuidFilter.java:37)
	at org.springframework.web.filter.OncePerRequestFilter.doFilter(OncePerRequestFilter.java:116)
	at org.apache.catalina.core.ApplicationFilterChain.internalDoFilter(ApplicationFilterChain.java:174)
	at org.apache.catalina.core.ApplicationFilterChain.doFilter(ApplicationFilterChain.java:149)
	at org.apache.catalina.core.StandardWrapperValve.invoke(StandardWrapperValve.java:167)
	at org.apache.catalina.core.StandardContextValve.invoke(StandardContextValve.java:90)
	at org.apache.catalina.authenticator.AuthenticatorBase.invoke(AuthenticatorBase.java:482)
	at org.apache.catalina.core.StandardHostValve.invoke(StandardHostValve.java:115)
	at org.apache.catalina.valves.ErrorReportValve.invoke(ErrorReportValve.java:93)
	at org.apache.catalina.core.StandardEngineValve.invoke(StandardEngineValve.java:74)
	at org.apache.catalina.connector.CoyoteAdapter.service(CoyoteAdapter.java:340)
	at org.apache.coyote.http11.Http11Processor.service(Http11Processor.java:391)
	at org.apache.coyote.AbstractProcessorLight.process(AbstractProcessorLight.java:63)
	at org.apache.coyote.AbstractProtocol$ConnectionHandler.process(AbstractProtocol.java:896)
	at org.apache.tomcat.util.net.NioEndpoint$SocketProcessor.doRun(NioEndpoint.java:1744)
	at org.apache.tomcat.util.net.SocketProcessorBase.run(SocketProcessorBase.java:52)
	at org.apache.tomcat.util.threads.ThreadPoolExecutor.runWorker(ThreadPoolExecutor.java:1191)
	at org.apache.tomcat.util.threads.ThreadPoolExecutor$Worker.run(ThreadPoolExecutor.java:659)
	at org.apache.tomcat.util.threads.TaskThread$WrappingRunnable.run(TaskThread.java:61)
	at java.base/java.lang.Thread.run(Thread.java:840)
2026-07-18 19:34:01.133 [http-nio-8080-exec-10] ERROR cn.yanque.common.exception.GlobalExceptionHandler [guid=4944ef6607584160b959efcd3318c116] - 系统异常
org.springframework.web.servlet.resource.NoResourceFoundException: No static resource api/interview-reviews.
	at org.springframework.web.servlet.resource.ResourceHttpRequestHandler.handleRequest(ResourceHttpRequestHandler.java:585)
	at org.springframework.web.servlet.mvc.HttpRequestHandlerAdapter.handle(HttpRequestHandlerAdapter.java:52)
	at org.springframework.web.servlet.DispatcherServlet.doDispatch(DispatcherServlet.java:1089)
	at org.springframework.web.servlet.DispatcherServlet.doService(DispatcherServlet.java:979)
	at org.springframework.web.servlet.FrameworkServlet.processRequest(FrameworkServlet.java:1014)
	at org.springframework.web.servlet.FrameworkServlet.doGet(FrameworkServlet.java:903)
	at jakarta.servlet.http.HttpServlet.service(HttpServlet.java:564)
	at org.springframework.web.servlet.FrameworkServlet.service(FrameworkServlet.java:885)
	at jakarta.servlet.http.HttpServlet.service(HttpServlet.java:658)
	at org.apache.catalina.core.ApplicationFilterChain.internalDoFilter(ApplicationFilterChain.java:205)
	at org.apache.catalina.core.ApplicationFilterChain.doFilter(ApplicationFilterChain.java:149)
	at org.apache.tomcat.websocket.server.WsFilter.doFilter(WsFilter.java:51)
	at org.apache.catalina.core.ApplicationFilterChain.internalDoFilter(ApplicationFilterChain.java:174)
	at org.apache.catalina.core.ApplicationFilterChain.doFilter(ApplicationFilterChain.java:149)
	at org.springframework.web.filter.RequestContextFilter.doFilterInternal(RequestContextFilter.java:100)
	at org.springframework.web.filter.OncePerRequestFilter.doFilter(OncePerRequestFilter.java:116)
	at org.apache.catalina.core.ApplicationFilterChain.internalDoFilter(ApplicationFilterChain.java:174)
	at org.apache.catalina.core.ApplicationFilterChain.doFilter(ApplicationFilterChain.java:149)
	at org.springframework.web.filter.FormContentFilter.doFilterInternal(FormContentFilter.java:93)
	at org.springframework.web.filter.OncePerRequestFilter.doFilter(OncePerRequestFilter.java:116)
	at org.apache.catalina.core.ApplicationFilterChain.internalDoFilter(ApplicationFilterChain.java:174)
	at org.apache.catalina.core.ApplicationFilterChain.doFilter(ApplicationFilterChain.java:149)
	at org.springframework.web.filter.CharacterEncodingFilter.doFilterInternal(CharacterEncodingFilter.java:201)
	at org.springframework.web.filter.OncePerRequestFilter.doFilter(OncePerRequestFilter.java:116)
	at org.apache.catalina.core.ApplicationFilterChain.internalDoFilter(ApplicationFilterChain.java:174)
	at org.apache.catalina.core.ApplicationFilterChain.doFilter(ApplicationFilterChain.java:149)
	at cn.yanque.config.RequestGuidFilter.doFilterInternal(RequestGuidFilter.java:37)
	at org.springframework.web.filter.OncePerRequestFilter.doFilter(OncePerRequestFilter.java:116)
	at org.apache.catalina.core.ApplicationFilterChain.internalDoFilter(ApplicationFilterChain.java:174)
	at org.apache.catalina.core.ApplicationFilterChain.doFilter(ApplicationFilterChain.java:149)
	at org.apache.catalina.core.StandardWrapperValve.invoke(StandardWrapperValve.java:167)
	at org.apache.catalina.core.StandardContextValve.invoke(StandardContextValve.java:90)
	at org.apache.catalina.authenticator.AuthenticatorBase.invoke(AuthenticatorBase.java:482)
	at org.apache.catalina.core.StandardHostValve.invoke(StandardHostValve.java:115)
	at org.apache.catalina.valves.ErrorReportValve.invoke(ErrorReportValve.java:93)
	at org.apache.catalina.core.StandardEngineValve.invoke(StandardEngineValve.java:74)
	at org.apache.catalina.connector.CoyoteAdapter.service(CoyoteAdapter.java:340)
	at org.apache.coyote.http11.Http11Processor.service(Http11Processor.java:391)
	at org.apache.coyote.AbstractProcessorLight.process(AbstractProcessorLight.java:63)
	at org.apache.coyote.AbstractProtocol$ConnectionHandler.process(AbstractProtocol.java:896)
	at org.apache.tomcat.util.net.NioEndpoint$SocketProcessor.doRun(NioEndpoint.java:1744)
	at org.apache.tomcat.util.net.SocketProcessorBase.run(SocketProcessorBase.java:52)
	at org.apache.tomcat.util.threads.ThreadPoolExecutor.runWorker(ThreadPoolExecutor.java:1191)
	at org.apache.tomcat.util.threads.ThreadPoolExecutor$Worker.run(ThreadPoolExecutor.java:659)
	at org.apache.tomcat.util.threads.TaskThread$WrappingRunnable.run(TaskThread.java:61)
	at java.base/java.lang.Thread.run(Thread.java:840)
2026-07-18 19:34:23.251 [http-nio-8080-exec-4] INFO  cn.yanque.common.aop.ControllerLogAspect [guid=fc336cc70e104a37bf6c4bca420efb77] - 接口开始: uri=/yq-admin/api/eduClass, httpMethod=GET, controller=EduClassController#pageClass, args=[{"name":"req","value":{"pageNum":1,"pageSize":1000}}]
2026-07-18 19:34:23.253 [http-nio-8080-exec-2] INFO  cn.yanque.common.aop.ControllerLogAspect [guid=edbef478461b4ee4931784362e700769] - 接口开始: uri=/yq-admin/api/exams/papers, httpMethod=GET, controller=ExamAdminController#paperPage, args=[{"name":"req","value":{"pageNum":1,"pageSize":1000}}]
2026-07-18 19:34:23.253 [http-nio-8080-exec-1] INFO  cn.yanque.common.aop.ControllerLogAspect [guid=fef3c9088c204fbd8e386e80405e4c29] - 接口开始: uri=/yq-admin/api/exams/questions, httpMethod=GET, controller=ExamAdminController#questionPage, args=[{"name":"req","value":{"pageNum":1,"pageSize":1000}}]
2026-07-18 19:34:23.253 [http-nio-8080-exec-3] INFO  cn.yanque.common.aop.ControllerLogAspect [guid=eed8ed3b15854fada67a383320072533] - 接口开始: uri=/yq-admin/api/exams/schedules, httpMethod=GET, controller=ExamAdminController#schedulePage, args=[{"name":"req","value":{"pageNum":1,"pageSize":1000}}]
2026-07-18 19:34:23.272 [http-nio-8080-exec-1] INFO  cn.yanque.common.aop.ControllerLogAspect [guid=fef3c9088c204fbd8e386e80405e4c29] - 接口结束: uri=/yq-admin/api/exams/questions, controller=ExamAdminController#questionPage, cost=19ms, result={"code":200,"message":"success","data":{"total":6,"pageNum":1,"pageSize":1000,"records":[{"id":6,"questionType":"SHORT","questionStem":"请简述面向对象的三大特征。","correctAnswer":"封装、继承、多态","answerAnalysis":"面向对象三大特征是封装、继承、多态，需要结合含义说明。","difficulty":"MEDIUM","status":1,"createdBy":1,"createdAt":"2026-06-26T09:15:16","updatedAt":"2026-06-26T09:15:16"},{"id":5,"questionType":"FILL","questionStem":"Java 程序的入口方法名称是 ______。","correctAnswer":"main","answerAnalysis":"main 方法是 Java 程序运行的入口。","difficulty":"EASY","status":1,"createdBy":1,"createdAt":"2026-06-26T09:15:16","updatedAt":"2026-06-26T09:15:16"},{"id":4,"questionType":"JUDGE","questionStem":"Java 中一个类只能继承一个父类。","correctAnswer":"TRUE","answerAnalysis":"Java 是单继承语言，一个类只能直接继承一个父类。","difficulty":"EASY","status":1,"createdBy":1,"createdAt":"2026-06-26T09:15:16","updatedAt":"2026-06-26T09:15:16"},{"id":3,"questionType":"MULTIPLE","questionStem":"下面哪些属于 Java 基本数据类型？","optionsJson":"[\"int\", \"String\", \"boolean\", \"double\"]","correctAnswer":"A,C,D","answerAnalysis":"String 是引用类型，不是基本数据类型。","difficulty":"MEDIUM","status":1,"createdBy":1,"createdAt":"2026-06-26T09:15:16","updatedAt":"2026-06-26T09:15:16"},{"id":2,"questionType":"SINGLE","questionStem":"下面哪个集合允许元素重复？","optionsJson":"[\"HashSet\", \"TreeSet\", \"ArrayList\", \"LinkedHashSet\"]","correctAnswer":"C","answerAnalysis":"List 类型集合允许元素重复，ArrayList 是 List 的常用实现类。","difficulty":"EASY","status":1,"createdBy":1,"createdAt":"2026-06-26T09:15:16","updatedAt":"2026-06-26T09:15:16"},{"id":1,"questionType":"SINGLE","questionStem":"Java 中用于定义类的关键字是？","optionsJson":"[\"class\", \"interface\", \"public\", \"static\"]","correctAnswer":"A","answerAnalysis":"Java 使用 class 关键字定义普通类。","difficulty":"EASY","status":1,"createdBy":1,"createdAt":"2026-06-26T09:15:16","updatedAt":"2026-06-26T09:15:16"}]}}
2026-07-18 19:34:23.280 [http-nio-8080-exec-3] INFO  cn.yanque.common.aop.ControllerLogAspect [guid=eed8ed3b15854fada67a383320072533] - 接口结束: uri=/yq-admin/api/exams/schedules, controller=ExamAdminController#schedulePage, cost=25ms, result={"code":200,"message":"success","data":{"total":4,"pageNum":1,"pageSize":1000,"records":[{"id":4,"paperId":1,"classId":5,"examName":"111","startTime":"2026-06-26T10:30","endTime":"2026-06-26T11:30","status":"PUBLISHED","answerPublished":false,"createdBy":1,"createdAt":"2026-06-26T11:11:12","updatedAt":"2026-06-26T11:11:41","paperName":"Java 基础测试卷","classTerm":1,"totalScore":100.00,"durationMinutes":60,"attemptCount":1},{"id":3,"paperId":1,"classId":5,"examName":"11","startTime":"2026-06-26T10:00","endTime":"2026-06-26T11:00","status":"PUBLISHED","answerPublished":true,"answerPublishTime":"2026-06-26T11:12:13","createdBy":1,"createdAt":"2026-06-26T10:55:21","updatedAt":"2026-06-26T11:12:13","paperName":"Java 基础测试卷","classTerm":1,"totalScore":100.00,"durationMinutes":60,"attemptCount":1},{"id":2,"paperId":1,"classId":5,"examName":"11","startTime":"2026-06-26T09:00","endTime":"2026-06-26T10:00","status":"PUBLISHED","answerPublished":true,"answerPublishTime":"2026-06-26T09:50:38","createdBy":1,"createdAt":"2026-06-26T09:50:03","updatedAt":"2026-06-26T09:50:38","paperName":"Java 基础测试卷","classTerm":1,"totalScore":100.00,"durationMinutes":60,"attemptCount":1},{"id":1,"paperId":1,"classId":5,"examName":"Java 基础阶段测试","startTime":"2026-06-26T09:00","endTime":"2026-06-26T10:00","status":"PUBLISHED","answerPublished":true,"answerPublishTime":"2026-06-26T09:22:58","createdBy":1,"createdAt":"2026-06-26T09:15:16","updatedAt":"2026-06-26T09:27:32","paperName":"Java 基础测试卷","classTerm":1,"totalScore":100.00,"durationMinutes":60,"attemptCount":1}]}}
2026-07-18 19:34:23.281 [http-nio-8080-exec-2] INFO  cn.yanque.common.aop.ControllerLogAspect [guid=edbef478461b4ee4931784362e700769] - 接口结束: uri=/yq-admin/api/exams/papers, controller=ExamAdminController#paperPage, cost=28ms, result={"code":200,"message":"success","data":{"total":1,"pageNum":1,"pageSize":1000,"records":[{"id":1,"paperName":"Java 基础测试卷","description":"用于测试学员 Java 基础语法、集合和面向对象掌握情况。","durationMinutes":60,"totalScore":100.00,"passScore":60.00,"status":"ENABLED","createdBy":1,"createdAt":"2026-06-26T09:15:16","updatedAt":"2026-06-26T09:15:16","questionCount":6}]}}
2026-07-18 19:34:23.291 [http-nio-8080-exec-4] INFO  cn.yanque.common.aop.ControllerLogAspect [guid=fc336cc70e104a37bf6c4bca420efb77] - 接口结束: uri=/yq-admin/api/eduClass, controller=EduClassController#pageClass, cost=39ms, result={"code":200,"message":"success","data":{"total":6,"pageNum":1,"pageSize":1000,"records":[{"id":12,"classTerm":2,"campusId":1,"campusName":"杭州校区","headTeacherId":3,"headTeacherName":"班主任老师","classStatus":"WAITING","startTime":"Sat Jun 13 08:00:00 CST 2026","courseId":2,"courseName":"JAVA+AI","studentCount":0,"createdAt":"Sat Jun 13 19:23:20 CST 2026"},{"id":5,"classTerm":1,"campusId":1,"campusName":"杭州校区","headTeacherId":3,"headTeacherName":"班主任老师","classStatus":"TEACHING","startTime":"Tue Jul 07 08:00:00 CST 2026","courseId":2,"courseName":"JAVA+AI","studentCount":0,"createdAt":"Sat Jun 13 14:49:39 CST 2026"},{"id":4,"classTerm":4,"campusId":1,"campusName":"杭州校区","headTeacherId":3,"headTeacherName":"班主任老师","classStatus":"TEACHING","startTime":"Sat Jun 13 08:00:00 CST 2026","courseId":1,"courseName":"JAVA+AI课程","studentCount":0,"createdAt":"Sat Jun 13 11:40:34 CST 2026"},{"id":3,"classTerm":3,"campusId":1,"campusName":"杭州校区","headTeacherId":3,"headTeacherName":"班主任老师","classStatus":"FINISHED","startTime":"Thu Apr 16 00:00:00 CST 2026","courseId":1,"courseName":"JAVA+AI课程","studentCount":0,"createdAt":"Mon Apr 13 20:34:39 CST 2026"},{"id":2,"classTerm":2,"campusId":1,"campusName":"杭州校区","headTeacherId":3,"headTeacherName":"班主任老师","classStatus":"FINISHED","startTime":"Mon Apr 13 00:00:00 CST 2026","courseId":1,"courseName":"JAVA+AI课程","studentCount":0,"createdAt":"Mon Apr 13 20:15:52 CST 2026"},{"id":1,"classTerm":1,"campusId":1,"campusName":"杭州校区","headTeacherId":3,"headTeacherName":"班主任老师","classStatus":"FINISHED","startTime":"Mon Apr 13 00:00:00 CST 2026","courseId":1,"courseName":"JAVA+AI课程","studentCount":0,"createdAt":"Sat Apr 11 17:09:28 CST 2026"}]}}
2026-07-18 19:34:24.069 [http-nio-8080-exec-6] INFO  cn.yanque.common.aop.ControllerLogAspect [guid=17d92ac38cf2444c95e3f6ed1889fd77] - 接口开始: uri=/yq-admin/api/eduClass, httpMethod=GET, controller=EduClassController#pageClass, args=[{"name":"req","value":{"pageNum":1,"pageSize":1000}}]
2026-07-18 19:34:24.071 [http-nio-8080-exec-5] INFO  cn.yanque.common.aop.ControllerLogAspect [guid=819bf393d6484a30ac0476aa7248fbb0] - 接口开始: uri=/yq-admin/api/homeworkAssignment, httpMethod=GET, controller=HomeworkAssignmentController#page, args=[{"name":"req","value":{"pageNum":1,"pageSize":10}}]
2026-07-18 19:34:24.072 [http-nio-8080-exec-7] INFO  cn.yanque.common.aop.ControllerLogAspect [guid=e6fab45fb9734e5eb4ede97dfb6c88ac] - 接口开始: uri=/yq-admin/api/eduCourse, httpMethod=GET, controller=EduCourseController#pageCourse, args=[{"name":"req","value":{"pageNum":1,"pageSize":1000}}]
2026-07-18 19:34:24.078 [http-nio-8080-exec-6] INFO  cn.yanque.common.aop.ControllerLogAspect [guid=17d92ac38cf2444c95e3f6ed1889fd77] - 接口结束: uri=/yq-admin/api/eduClass, controller=EduClassController#pageClass, cost=8ms, result={"code":200,"message":"success","data":{"total":6,"pageNum":1,"pageSize":1000,"records":[{"id":12,"classTerm":2,"campusId":1,"campusName":"杭州校区","headTeacherId":3,"headTeacherName":"班主任老师","classStatus":"WAITING","startTime":"Sat Jun 13 08:00:00 CST 2026","courseId":2,"courseName":"JAVA+AI","studentCount":0,"createdAt":"Sat Jun 13 19:23:20 CST 2026"},{"id":5,"classTerm":1,"campusId":1,"campusName":"杭州校区","headTeacherId":3,"headTeacherName":"班主任老师","classStatus":"TEACHING","startTime":"Tue Jul 07 08:00:00 CST 2026","courseId":2,"courseName":"JAVA+AI","studentCount":0,"createdAt":"Sat Jun 13 14:49:39 CST 2026"},{"id":4,"classTerm":4,"campusId":1,"campusName":"杭州校区","headTeacherId":3,"headTeacherName":"班主任老师","classStatus":"TEACHING","startTime":"Sat Jun 13 08:00:00 CST 2026","courseId":1,"courseName":"JAVA+AI课程","studentCount":0,"createdAt":"Sat Jun 13 11:40:34 CST 2026"},{"id":3,"classTerm":3,"campusId":1,"campusName":"杭州校区","headTeacherId":3,"headTeacherName":"班主任老师","classStatus":"FINISHED","startTime":"Thu Apr 16 00:00:00 CST 2026","courseId":1,"courseName":"JAVA+AI课程","studentCount":0,"createdAt":"Mon Apr 13 20:34:39 CST 2026"},{"id":2,"classTerm":2,"campusId":1,"campusName":"杭州校区","headTeacherId":3,"headTeacherName":"班主任老师","classStatus":"FINISHED","startTime":"Mon Apr 13 00:00:00 CST 2026","courseId":1,"courseName":"JAVA+AI课程","studentCount":0,"createdAt":"Mon Apr 13 20:15:52 CST 2026"},{"id":1,"classTerm":1,"campusId":1,"campusName":"杭州校区","headTeacherId":3,"headTeacherName":"班主任老师","classStatus":"FINISHED","startTime":"Mon Apr 13 00:00:00 CST 2026","courseId":1,"courseName":"JAVA+AI课程","studentCount":0,"createdAt":"Sat Apr 11 17:09:28 CST 2026"}]}}
2026-07-18 19:34:24.078 [http-nio-8080-exec-7] INFO  cn.yanque.common.aop.ControllerLogAspect [guid=e6fab45fb9734e5eb4ede97dfb6c88ac] - 接口结束: uri=/yq-admin/api/eduCourse, controller=EduCourseController#pageCourse, cost=6ms, result={"code":200,"message":"success","data":{"total":2,"pageNum":1,"pageSize":1000,"records":[{"id":2,"courseName":"JAVA+AI","courseDays":30,"feishuMaterialPath":"cccc","status":1,"createdAt":"Fri Jun 12 14:39:13 CST 2026"},{"id":1,"courseName":"JAVA+AI课程","courseDays":100,"feishuMaterialPath":"xxx","status":1,"createdAt":"Sat Apr 11 16:02:46 CST 2026"}]}}
2026-07-18 19:34:24.091 [http-nio-8080-exec-5] INFO  cn.yanque.common.aop.ControllerLogAspect [guid=819bf393d6484a30ac0476aa7248fbb0] - 接口结束: uri=/yq-admin/api/homeworkAssignment, controller=HomeworkAssignmentController#page, cost=20ms, result={"code":200,"message":"success","data":{"total":3,"pageNum":1,"pageSize":10,"records":[{"id":5,"title":"22","classId":5,"className":"第1期","classTerm":1,"homeworkDate":"2026-06-25","courseId":2,"courseName":"JAVA+AI","courseDetailId":219,"courseContentSnapshot":"集合框架","attachmentName":"homework_assignment_20260624_eaa7753d386d45a4b2d1b3ff8a0370f0fhagtb.md","attachmentUrl":"homework/assignment/2026/06/26/超级管理员/9422cc08-0143-4a57-9569-d322601afdce-homework_assignment_20260624_eaa7753d386d45a4b2d1b3ff8a0370f0fhagtb.md","attachmentType":"text/markdown","answerPublishStatus":"UNPUBLISHED","publishTeacherId":1,"publishTeacherName":"超级管理员","publishDate":"2026-06-26T17:12:58","deadline":"2026-06-25T06:00","status":"PUBLISHED","allowResubmit":false,"studentCountSnapshot":2,"createTime":"2026-06-26T17:12:58","updateTime":"2026-06-26T17:17:01"},{"id":4,"title":"21号作业","classId":5,"className":"第1期","classTerm":1,"homeworkDate":"2026-06-12","courseId":2,"courseName":"JAVA+AI","courseDetailId":220,"courseContentSnapshot":"大宋","attachmentName":"YanQue后台管理系统项目介绍.md","attachmentUrl":"homework/assignment/2026/06/17/超级管理员/0f180ff0-488e-43f0-bc37-bc2468610b2f-YanQue后台管理系统项目介绍.md","attachmentType":"text/markdown","answerAttachmentName":"ceshi.md","answerAttachmentUrl":"https://yqai-dev.tos-cn-shanghai.volces.com/homework/answer/20260422/41ddf1744fec4e9ca1c62b4a0bf40d11jpd9rl.md","answerAttachmentType":"text/markdown","answerPublishStatus":"PUBLISHED","answerPublishTime":"2026-04-22T21:05:49","answerPublishTeacherName":"超级管理员","publishTeacherId":1,"publishTeacherName":"超级管理员","publishDate":"2026-04-22T21:02:49","deadline":"2026-06-26T20:00","status":"PUBLISHED","allowResubmit":false,"studentCountSnapshot":0,"createTime":"2026-04-22T21:02:49","updateTime":"2026-06-26T17:46:32"},{"id":2,"title":"测试","classId":3,"className":"第3期","classTerm":3,"homeworkDate":"2026-04-22","courseId":1,"courseName":"JAVA+AI课程","courseDetailId":107,"courseContentSnapshot":"day03-数组全面解析：概念初始化与内存原理-数组遍历与最值查找-数组常见操作与算法：查找反转及评委打分案例-增强for","attachmentName":"YanQue后台管理系统项目介绍.md","attachmentUrl":"homework/assignment/2026/06/17/超级管理员/61afcd03-3ddc-4d70-a804-7aa3e4d61ece-YanQue后台管理系统项目介绍.md","attachmentType":"text/markdown","answerPublishStatus":"UNPUBLISHED","publishTeacherId":1,"publishTeacherName":"超级管理员","publishDate":"2026-04-22T16:39:52","deadline":"2026-04-22T23:00","status":"PUBLISHED","allowResubmit":false,"studentCountSnapshot":0,"createTime":"2026-04-22T16:39:52","updateTime":"2026-06-17T15:31:22"}]}}
2026-07-18 19:34:24.712 [http-nio-8080-exec-10] INFO  cn.yanque.common.aop.ControllerLogAspect [guid=5908dad185aa4b8480c879afabc44171] - 接口开始: uri=/yq-admin/api/exams/papers, httpMethod=GET, controller=ExamAdminController#paperPage, args=[{"name":"req","value":{"pageNum":1,"pageSize":1000}}]
2026-07-18 19:34:24.712 [http-nio-8080-exec-8] INFO  cn.yanque.common.aop.ControllerLogAspect [guid=6bf5fe706f284a2797839675caca500d] - 接口开始: uri=/yq-admin/api/exams/questions, httpMethod=GET, controller=ExamAdminController#questionPage, args=[{"name":"req","value":{"pageNum":1,"pageSize":1000}}]
2026-07-18 19:34:24.712 [http-nio-8080-exec-1] INFO  cn.yanque.common.aop.ControllerLogAspect [guid=107d816a06704a7a9953fa9e1bb44b19] - 接口开始: uri=/yq-admin/api/eduClass, httpMethod=GET, controller=EduClassController#pageClass, args=[{"name":"req","value":{"pageNum":1,"pageSize":1000}}]
2026-07-18 19:34:24.712 [http-nio-8080-exec-9] INFO  cn.yanque.common.aop.ControllerLogAspect [guid=a669c70546e8499cb6002509e0d7c248] - 接口开始: uri=/yq-admin/api/exams/schedules, httpMethod=GET, controller=ExamAdminController#schedulePage, args=[{"name":"req","value":{"pageNum":1,"pageSize":1000}}]
2026-07-18 19:34:24.716 [http-nio-8080-exec-10] INFO  cn.yanque.common.aop.ControllerLogAspect [guid=5908dad185aa4b8480c879afabc44171] - 接口结束: uri=/yq-admin/api/exams/papers, controller=ExamAdminController#paperPage, cost=4ms, result={"code":200,"message":"success","data":{"total":1,"pageNum":1,"pageSize":1000,"records":[{"id":1,"paperName":"Java 基础测试卷","description":"用于测试学员 Java 基础语法、集合和面向对象掌握情况。","durationMinutes":60,"totalScore":100.00,"passScore":60.00,"status":"ENABLED","createdBy":1,"createdAt":"2026-06-26T09:15:16","updatedAt":"2026-06-26T09:15:16","questionCount":6}]}}
2026-07-18 19:34:24.716 [http-nio-8080-exec-8] INFO  cn.yanque.common.aop.ControllerLogAspect [guid=6bf5fe706f284a2797839675caca500d] - 接口结束: uri=/yq-admin/api/exams/questions, controller=ExamAdminController#questionPage, cost=4ms, result={"code":200,"message":"success","data":{"total":6,"pageNum":1,"pageSize":1000,"records":[{"id":6,"questionType":"SHORT","questionStem":"请简述面向对象的三大特征。","correctAnswer":"封装、继承、多态","answerAnalysis":"面向对象三大特征是封装、继承、多态，需要结合含义说明。","difficulty":"MEDIUM","status":1,"createdBy":1,"createdAt":"2026-06-26T09:15:16","updatedAt":"2026-06-26T09:15:16"},{"id":5,"questionType":"FILL","questionStem":"Java 程序的入口方法名称是 ______。","correctAnswer":"main","answerAnalysis":"main 方法是 Java 程序运行的入口。","difficulty":"EASY","status":1,"createdBy":1,"createdAt":"2026-06-26T09:15:16","updatedAt":"2026-06-26T09:15:16"},{"id":4,"questionType":"JUDGE","questionStem":"Java 中一个类只能继承一个父类。","correctAnswer":"TRUE","answerAnalysis":"Java 是单继承语言，一个类只能直接继承一个父类。","difficulty":"EASY","status":1,"createdBy":1,"createdAt":"2026-06-26T09:15:16","updatedAt":"2026-06-26T09:15:16"},{"id":3,"questionType":"MULTIPLE","questionStem":"下面哪些属于 Java 基本数据类型？","optionsJson":"[\"int\", \"String\", \"boolean\", \"double\"]","correctAnswer":"A,C,D","answerAnalysis":"String 是引用类型，不是基本数据类型。","difficulty":"MEDIUM","status":1,"createdBy":1,"createdAt":"2026-06-26T09:15:16","updatedAt":"2026-06-26T09:15:16"},{"id":2,"questionType":"SINGLE","questionStem":"下面哪个集合允许元素重复？","optionsJson":"[\"HashSet\", \"TreeSet\", \"ArrayList\", \"LinkedHashSet\"]","correctAnswer":"C","answerAnalysis":"List 类型集合允许元素重复，ArrayList 是 List 的常用实现类。","difficulty":"EASY","status":1,"createdBy":1,"createdAt":"2026-06-26T09:15:16","updatedAt":"2026-06-26T09:15:16"},{"id":1,"questionType":"SINGLE","questionStem":"Java 中用于定义类的关键字是？","optionsJson":"[\"class\", \"interface\", \"public\", \"static\"]","correctAnswer":"A","answerAnalysis":"Java 使用 class 关键字定义普通类。","difficulty":"EASY","status":1,"createdBy":1,"createdAt":"2026-06-26T09:15:16","updatedAt":"2026-06-26T09:15:16"}]}}
2026-07-18 19:34:24.716 [http-nio-8080-exec-9] INFO  cn.yanque.common.aop.ControllerLogAspect [guid=a669c70546e8499cb6002509e0d7c248] - 接口结束: uri=/yq-admin/api/exams/schedules, controller=ExamAdminController#schedulePage, cost=4ms, result={"code":200,"message":"success","data":{"total":4,"pageNum":1,"pageSize":1000,"records":[{"id":4,"paperId":1,"classId":5,"examName":"111","startTime":"2026-06-26T10:30","endTime":"2026-06-26T11:30","status":"PUBLISHED","answerPublished":false,"createdBy":1,"createdAt":"2026-06-26T11:11:12","updatedAt":"2026-06-26T11:11:41","paperName":"Java 基础测试卷","classTerm":1,"totalScore":100.00,"durationMinutes":60,"attemptCount":1},{"id":3,"paperId":1,"classId":5,"examName":"11","startTime":"2026-06-26T10:00","endTime":"2026-06-26T11:00","status":"PUBLISHED","answerPublished":true,"answerPublishTime":"2026-06-26T11:12:13","createdBy":1,"createdAt":"2026-06-26T10:55:21","updatedAt":"2026-06-26T11:12:13","paperName":"Java 基础测试卷","classTerm":1,"totalScore":100.00,"durationMinutes":60,"attemptCount":1},{"id":2,"paperId":1,"classId":5,"examName":"11","startTime":"2026-06-26T09:00","endTime":"2026-06-26T10:00","status":"PUBLISHED","answerPublished":true,"answerPublishTime":"2026-06-26T09:50:38","createdBy":1,"createdAt":"2026-06-26T09:50:03","updatedAt":"2026-06-26T09:50:38","paperName":"Java 基础测试卷","classTerm":1,"totalScore":100.00,"durationMinutes":60,"attemptCount":1},{"id":1,"paperId":1,"classId":5,"examName":"Java 基础阶段测试","startTime":"2026-06-26T09:00","endTime":"2026-06-26T10:00","status":"PUBLISHED","answerPublished":true,"answerPublishTime":"2026-06-26T09:22:58","createdBy":1,"createdAt":"2026-06-26T09:15:16","updatedAt":"2026-06-26T09:27:32","paperName":"Java 基础测试卷","classTerm":1,"totalScore":100.00,"durationMinutes":60,"attemptCount":1}]}}
2026-07-18 19:34:24.727 [http-nio-8080-exec-1] INFO  cn.yanque.common.aop.ControllerLogAspect [guid=107d816a06704a7a9953fa9e1bb44b19] - 接口结束: uri=/yq-admin/api/eduClass, controller=EduClassController#pageClass, cost=14ms, result={"code":200,"message":"success","data":{"total":6,"pageNum":1,"pageSize":1000,"records":[{"id":12,"classTerm":2,"campusId":1,"campusName":"杭州校区","headTeacherId":3,"headTeacherName":"班主任老师","classStatus":"WAITING","startTime":"Sat Jun 13 08:00:00 CST 2026","courseId":2,"courseName":"JAVA+AI","studentCount":0,"createdAt":"Sat Jun 13 19:23:20 CST 2026"},{"id":5,"classTerm":1,"campusId":1,"campusName":"杭州校区","headTeacherId":3,"headTeacherName":"班主任老师","classStatus":"TEACHING","startTime":"Tue Jul 07 08:00:00 CST 2026","courseId":2,"courseName":"JAVA+AI","studentCount":0,"createdAt":"Sat Jun 13 14:49:39 CST 2026"},{"id":4,"classTerm":4,"campusId":1,"campusName":"杭州校区","headTeacherId":3,"headTeacherName":"班主任老师","classStatus":"TEACHING","startTime":"Sat Jun 13 08:00:00 CST 2026","courseId":1,"courseName":"JAVA+AI课程","studentCount":0,"createdAt":"Sat Jun 13 11:40:34 CST 2026"},{"id":3,"classTerm":3,"campusId":1,"campusName":"杭州校区","headTeacherId":3,"headTeacherName":"班主任老师","classStatus":"FINISHED","startTime":"Thu Apr 16 00:00:00 CST 2026","courseId":1,"courseName":"JAVA+AI课程","studentCount":0,"createdAt":"Mon Apr 13 20:34:39 CST 2026"},{"id":2,"classTerm":2,"campusId":1,"campusName":"杭州校区","headTeacherId":3,"headTeacherName":"班主任老师","classStatus":"FINISHED","startTime":"Mon Apr 13 00:00:00 CST 2026","courseId":1,"courseName":"JAVA+AI课程","studentCount":0,"createdAt":"Mon Apr 13 20:15:52 CST 2026"},{"id":1,"classTerm":1,"campusId":1,"campusName":"杭州校区","headTeacherId":3,"headTeacherName":"班主任老师","classStatus":"FINISHED","startTime":"Mon Apr 13 00:00:00 CST 2026","courseId":1,"courseName":"JAVA+AI课程","studentCount":0,"createdAt":"Sat Apr 11 17:09:28 CST 2026"}]}}
2026-07-18 19:34:25.140 [http-nio-8080-exec-2] ERROR cn.yanque.common.exception.GlobalExceptionHandler [guid=2133c7d5442848e8bac770b283d44030] - 系统异常
org.springframework.web.servlet.resource.NoResourceFoundException: No static resource api/interview-reviews.
	at org.springframework.web.servlet.resource.ResourceHttpRequestHandler.handleRequest(ResourceHttpRequestHandler.java:585)
	at org.springframework.web.servlet.mvc.HttpRequestHandlerAdapter.handle(HttpRequestHandlerAdapter.java:52)
	at org.springframework.web.servlet.DispatcherServlet.doDispatch(DispatcherServlet.java:1089)
	at org.springframework.web.servlet.DispatcherServlet.doService(DispatcherServlet.java:979)
	at org.springframework.web.servlet.FrameworkServlet.processRequest(FrameworkServlet.java:1014)
	at org.springframework.web.servlet.FrameworkServlet.doGet(FrameworkServlet.java:903)
	at jakarta.servlet.http.HttpServlet.service(HttpServlet.java:564)
	at org.springframework.web.servlet.FrameworkServlet.service(FrameworkServlet.java:885)
	at jakarta.servlet.http.HttpServlet.service(HttpServlet.java:658)
	at org.apache.catalina.core.ApplicationFilterChain.internalDoFilter(ApplicationFilterChain.java:205)
	at org.apache.catalina.core.ApplicationFilterChain.doFilter(ApplicationFilterChain.java:149)
	at org.apache.tomcat.websocket.server.WsFilter.doFilter(WsFilter.java:51)
	at org.apache.catalina.core.ApplicationFilterChain.internalDoFilter(ApplicationFilterChain.java:174)
	at org.apache.catalina.core.ApplicationFilterChain.doFilter(ApplicationFilterChain.java:149)
	at org.springframework.web.filter.RequestContextFilter.doFilterInternal(RequestContextFilter.java:100)
	at org.springframework.web.filter.OncePerRequestFilter.doFilter(OncePerRequestFilter.java:116)
	at org.apache.catalina.core.ApplicationFilterChain.internalDoFilter(ApplicationFilterChain.java:174)
	at org.apache.catalina.core.ApplicationFilterChain.doFilter(ApplicationFilterChain.java:149)
	at org.springframework.web.filter.FormContentFilter.doFilterInternal(FormContentFilter.java:93)
	at org.springframework.web.filter.OncePerRequestFilter.doFilter(OncePerRequestFilter.java:116)
	at org.apache.catalina.core.ApplicationFilterChain.internalDoFilter(ApplicationFilterChain.java:174)
	at org.apache.catalina.core.ApplicationFilterChain.doFilter(ApplicationFilterChain.java:149)
	at org.springframework.web.filter.CharacterEncodingFilter.doFilterInternal(CharacterEncodingFilter.java:201)
	at org.springframework.web.filter.OncePerRequestFilter.doFilter(OncePerRequestFilter.java:116)
	at org.apache.catalina.core.ApplicationFilterChain.internalDoFilter(ApplicationFilterChain.java:174)
	at org.apache.catalina.core.ApplicationFilterChain.doFilter(ApplicationFilterChain.java:149)
	at cn.yanque.config.RequestGuidFilter.doFilterInternal(RequestGuidFilter.java:37)
	at org.springframework.web.filter.OncePerRequestFilter.doFilter(OncePerRequestFilter.java:116)
	at org.apache.catalina.core.ApplicationFilterChain.internalDoFilter(ApplicationFilterChain.java:174)
	at org.apache.catalina.core.ApplicationFilterChain.doFilter(ApplicationFilterChain.java:149)
	at org.apache.catalina.core.StandardWrapperValve.invoke(StandardWrapperValve.java:167)
	at org.apache.catalina.core.StandardContextValve.invoke(StandardContextValve.java:90)
	at org.apache.catalina.authenticator.AuthenticatorBase.invoke(AuthenticatorBase.java:482)
	at org.apache.catalina.core.StandardHostValve.invoke(StandardHostValve.java:115)
	at org.apache.catalina.valves.ErrorReportValve.invoke(ErrorReportValve.java:93)
	at org.apache.catalina.core.StandardEngineValve.invoke(StandardEngineValve.java:74)
	at org.apache.catalina.connector.CoyoteAdapter.service(CoyoteAdapter.java:340)
	at org.apache.coyote.http11.Http11Processor.service(Http11Processor.java:391)
	at org.apache.coyote.AbstractProcessorLight.process(AbstractProcessorLight.java:63)
	at org.apache.coyote.AbstractProtocol$ConnectionHandler.process(AbstractProtocol.java:896)
	at org.apache.tomcat.util.net.NioEndpoint$SocketProcessor.doRun(NioEndpoint.java:1744)
	at org.apache.tomcat.util.net.SocketProcessorBase.run(SocketProcessorBase.java:52)
	at org.apache.tomcat.util.threads.ThreadPoolExecutor.runWorker(ThreadPoolExecutor.java:1191)
	at org.apache.tomcat.util.threads.ThreadPoolExecutor$Worker.run(ThreadPoolExecutor.java:659)
	at org.apache.tomcat.util.threads.TaskThread$WrappingRunnable.run(TaskThread.java:61)
	at java.base/java.lang.Thread.run(Thread.java:840)
2026-07-18 19:34:26.824 [http-nio-8080-exec-3] ERROR cn.yanque.common.exception.GlobalExceptionHandler [guid=dd7b38a4a1b5407fab86123cb30dd878] - 系统异常
org.springframework.web.servlet.resource.NoResourceFoundException: No static resource api/interview-reviews.
	at org.springframework.web.servlet.resource.ResourceHttpRequestHandler.handleRequest(ResourceHttpRequestHandler.java:585)
	at org.springframework.web.servlet.mvc.HttpRequestHandlerAdapter.handle(HttpRequestHandlerAdapter.java:52)
	at org.springframework.web.servlet.DispatcherServlet.doDispatch(DispatcherServlet.java:1089)
	at org.springframework.web.servlet.DispatcherServlet.doService(DispatcherServlet.java:979)
	at org.springframework.web.servlet.FrameworkServlet.processRequest(FrameworkServlet.java:1014)
	at org.springframework.web.servlet.FrameworkServlet.doGet(FrameworkServlet.java:903)
	at jakarta.servlet.http.HttpServlet.service(HttpServlet.java:564)
	at org.springframework.web.servlet.FrameworkServlet.service(FrameworkServlet.java:885)
	at jakarta.servlet.http.HttpServlet.service(HttpServlet.java:658)
	at org.apache.catalina.core.ApplicationFilterChain.internalDoFilter(ApplicationFilterChain.java:205)
	at org.apache.catalina.core.ApplicationFilterChain.doFilter(ApplicationFilterChain.java:149)
	at org.apache.tomcat.websocket.server.WsFilter.doFilter(WsFilter.java:51)
	at org.apache.catalina.core.ApplicationFilterChain.internalDoFilter(ApplicationFilterChain.java:174)
	at org.apache.catalina.core.ApplicationFilterChain.doFilter(ApplicationFilterChain.java:149)
	at org.springframework.web.filter.RequestContextFilter.doFilterInternal(RequestContextFilter.java:100)
	at org.springframework.web.filter.OncePerRequestFilter.doFilter(OncePerRequestFilter.java:116)
	at org.apache.catalina.core.ApplicationFilterChain.internalDoFilter(ApplicationFilterChain.java:174)
	at org.apache.catalina.core.ApplicationFilterChain.doFilter(ApplicationFilterChain.java:149)
	at org.springframework.web.filter.FormContentFilter.doFilterInternal(FormContentFilter.java:93)
	at org.springframework.web.filter.OncePerRequestFilter.doFilter(OncePerRequestFilter.java:116)
	at org.apache.catalina.core.ApplicationFilterChain.internalDoFilter(ApplicationFilterChain.java:174)
	at org.apache.catalina.core.ApplicationFilterChain.doFilter(ApplicationFilterChain.java:149)
	at org.springframework.web.filter.CharacterEncodingFilter.doFilterInternal(CharacterEncodingFilter.java:201)
	at org.springframework.web.filter.OncePerRequestFilter.doFilter(OncePerRequestFilter.java:116)
	at org.apache.catalina.core.ApplicationFilterChain.internalDoFilter(ApplicationFilterChain.java:174)
	at org.apache.catalina.core.ApplicationFilterChain.doFilter(ApplicationFilterChain.java:149)
	at cn.yanque.config.RequestGuidFilter.doFilterInternal(RequestGuidFilter.java:37)
	at org.springframework.web.filter.OncePerRequestFilter.doFilter(OncePerRequestFilter.java:116)
	at org.apache.catalina.core.ApplicationFilterChain.internalDoFilter(ApplicationFilterChain.java:174)
	at org.apache.catalina.core.ApplicationFilterChain.doFilter(ApplicationFilterChain.java:149)
	at org.apache.catalina.core.StandardWrapperValve.invoke(StandardWrapperValve.java:167)
	at org.apache.catalina.core.StandardContextValve.invoke(StandardContextValve.java:90)
	at org.apache.catalina.authenticator.AuthenticatorBase.invoke(AuthenticatorBase.java:482)
	at org.apache.catalina.core.StandardHostValve.invoke(StandardHostValve.java:115)
	at org.apache.catalina.valves.ErrorReportValve.invoke(ErrorReportValve.java:93)
	at org.apache.catalina.core.StandardEngineValve.invoke(StandardEngineValve.java:74)
	at org.apache.catalina.connector.CoyoteAdapter.service(CoyoteAdapter.java:340)
	at org.apache.coyote.http11.Http11Processor.service(Http11Processor.java:391)
	at org.apache.coyote.AbstractProcessorLight.process(AbstractProcessorLight.java:63)
	at org.apache.coyote.AbstractProtocol$ConnectionHandler.process(AbstractProtocol.java:896)
	at org.apache.tomcat.util.net.NioEndpoint$SocketProcessor.doRun(NioEndpoint.java:1744)
	at org.apache.tomcat.util.net.SocketProcessorBase.run(SocketProcessorBase.java:52)
	at org.apache.tomcat.util.threads.ThreadPoolExecutor.runWorker(ThreadPoolExecutor.java:1191)
	at org.apache.tomcat.util.threads.ThreadPoolExecutor$Worker.run(ThreadPoolExecutor.java:659)
	at org.apache.tomcat.util.threads.TaskThread$WrappingRunnable.run(TaskThread.java:61)
	at java.base/java.lang.Thread.run(Thread.java:840)
2026-07-18 19:34:31.944 [http-nio-8080-exec-4] ERROR cn.yanque.common.exception.GlobalExceptionHandler [guid=7849aef87e0149d992396d191937645b] - 系统异常
org.springframework.web.servlet.resource.NoResourceFoundException: No static resource api/interview-reviews.
	at org.springframework.web.servlet.resource.ResourceHttpRequestHandler.handleRequest(ResourceHttpRequestHandler.java:585)
	at org.springframework.web.servlet.mvc.HttpRequestHandlerAdapter.handle(HttpRequestHandlerAdapter.java:52)
	at org.springframework.web.servlet.DispatcherServlet.doDispatch(DispatcherServlet.java:1089)
	at org.springframework.web.servlet.DispatcherServlet.doService(DispatcherServlet.java:979)
	at org.springframework.web.servlet.FrameworkServlet.processRequest(FrameworkServlet.java:1014)
	at org.springframework.web.servlet.FrameworkServlet.doGet(FrameworkServlet.java:903)
	at jakarta.servlet.http.HttpServlet.service(HttpServlet.java:564)
	at org.springframework.web.servlet.FrameworkServlet.service(FrameworkServlet.java:885)
	at jakarta.servlet.http.HttpServlet.service(HttpServlet.java:658)
	at org.apache.catalina.core.ApplicationFilterChain.internalDoFilter(ApplicationFilterChain.java:205)
	at org.apache.catalina.core.ApplicationFilterChain.doFilter(ApplicationFilterChain.java:149)
	at org.apache.tomcat.websocket.server.WsFilter.doFilter(WsFilter.java:51)
	at org.apache.catalina.core.ApplicationFilterChain.internalDoFilter(ApplicationFilterChain.java:174)
	at org.apache.catalina.core.ApplicationFilterChain.doFilter(ApplicationFilterChain.java:149)
	at org.springframework.web.filter.RequestContextFilter.doFilterInternal(RequestContextFilter.java:100)
	at org.springframework.web.filter.OncePerRequestFilter.doFilter(OncePerRequestFilter.java:116)
	at org.apache.catalina.core.ApplicationFilterChain.internalDoFilter(ApplicationFilterChain.java:174)
	at org.apache.catalina.core.ApplicationFilterChain.doFilter(ApplicationFilterChain.java:149)
	at org.springframework.web.filter.FormContentFilter.doFilterInternal(FormContentFilter.java:93)
	at org.springframework.web.filter.OncePerRequestFilter.doFilter(OncePerRequestFilter.java:116)
	at org.apache.catalina.core.ApplicationFilterChain.internalDoFilter(ApplicationFilterChain.java:174)
	at org.apache.catalina.core.ApplicationFilterChain.doFilter(ApplicationFilterChain.java:149)
	at org.springframework.web.filter.CharacterEncodingFilter.doFilterInternal(CharacterEncodingFilter.java:201)
	at org.springframework.web.filter.OncePerRequestFilter.doFilter(OncePerRequestFilter.java:116)
	at org.apache.catalina.core.ApplicationFilterChain.internalDoFilter(ApplicationFilterChain.java:174)
	at org.apache.catalina.core.ApplicationFilterChain.doFilter(ApplicationFilterChain.java:149)
	at cn.yanque.config.RequestGuidFilter.doFilterInternal(RequestGuidFilter.java:37)
	at org.springframework.web.filter.OncePerRequestFilter.doFilter(OncePerRequestFilter.java:116)
	at org.apache.catalina.core.ApplicationFilterChain.internalDoFilter(ApplicationFilterChain.java:174)
	at org.apache.catalina.core.ApplicationFilterChain.doFilter(ApplicationFilterChain.java:149)
	at org.apache.catalina.core.StandardWrapperValve.invoke(StandardWrapperValve.java:167)
	at org.apache.catalina.core.StandardContextValve.invoke(StandardContextValve.java:90)
	at org.apache.catalina.authenticator.AuthenticatorBase.invoke(AuthenticatorBase.java:482)
	at org.apache.catalina.core.StandardHostValve.invoke(StandardHostValve.java:115)
	at org.apache.catalina.valves.ErrorReportValve.invoke(ErrorReportValve.java:93)
	at org.apache.catalina.core.StandardEngineValve.invoke(StandardEngineValve.java:74)
	at org.apache.catalina.connector.CoyoteAdapter.service(CoyoteAdapter.java:340)
	at org.apache.coyote.http11.Http11Processor.service(Http11Processor.java:391)
	at org.apache.coyote.AbstractProcessorLight.process(AbstractProcessorLight.java:63)
	at org.apache.coyote.AbstractProtocol$ConnectionHandler.process(AbstractProtocol.java:896)
	at org.apache.tomcat.util.net.NioEndpoint$SocketProcessor.doRun(NioEndpoint.java:1744)
	at org.apache.tomcat.util.net.SocketProcessorBase.run(SocketProcessorBase.java:52)
	at org.apache.tomcat.util.threads.ThreadPoolExecutor.runWorker(ThreadPoolExecutor.java:1191)
	at org.apache.tomcat.util.threads.ThreadPoolExecutor$Worker.run(ThreadPoolExecutor.java:659)
	at org.apache.tomcat.util.threads.TaskThread$WrappingRunnable.run(TaskThread.java:61)
	at java.base/java.lang.Thread.run(Thread.java:840)
2026-07-18 19:34:48.419 [http-nio-8080-exec-6] INFO  cn.yanque.common.aop.ControllerLogAspect [guid=7aa35c84dd8247e9bb7295229842963a] - 接口开始: uri=/yq-admin/api/knowledgeBases, httpMethod=GET, controller=KnowledgeBaseController#page, args=[{"name":"req","value":{"pageNum":1,"pageSize":10}}]
2026-07-18 19:34:48.429 [http-nio-8080-exec-6] INFO  cn.yanque.common.aop.ControllerLogAspect [guid=7aa35c84dd8247e9bb7295229842963a] - 接口结束: uri=/yq-admin/api/knowledgeBases, controller=KnowledgeBaseController#page, cost=10ms, result={"code":200,"message":"success","data":{"total":2,"pageNum":1,"pageSize":10,"records":[{"id":2,"knowledgeBaseName":"指标","status":"ACTIVE","documentCount":1,"createdAt":"Tue Jul 14 20:58:49 CST 2026","updatedAt":"Tue Jul 14 20:58:49 CST 2026"},{"id":1,"knowledgeBaseName":"默认知识库","description":"由知识库模块迁移脚本创建","status":"ACTIVE","documentCount":0,"createdAt":"Tue Jul 07 09:19:11 CST 2026","updatedAt":"Tue Jul 07 09:19:11 CST 2026"}]}}
2026-07-18 19:34:51.498 [http-nio-8080-exec-7] INFO  cn.yanque.common.aop.ControllerLogAspect [guid=b92a4580e33d4f0fa30200802dd2ec2a] - 接口开始: uri=/yq-admin/api/promptTemplates, httpMethod=GET, controller=PromptTemplateController#page, args=[{"name":"pageNum","value":1},{"name":"pageSize","value":10}]
2026-07-18 19:34:51.516 [http-nio-8080-exec-7] INFO  cn.yanque.common.aop.ControllerLogAspect [guid=b92a4580e33d4f0fa30200802dd2ec2a] - 接口结束: uri=/yq-admin/api/promptTemplates, controller=PromptTemplateController#page, cost=18ms, result={"code":200,"message":"success","data":{"total":6,"pageNum":1,"pageSize":10,"records":[{"id":6,"code":"text_to_sql_generation","name":"Text-to-SQL SQL 判断与生成提示词","description":"用于根据用户问题、指标定义和表字段详情判断并生成安全只读 SQL。","activeVersionId":9,"activeVersionNo":1,"activeContent":"[{\"role\": \"system\", \"content\": \"你是 Text-to-SQL 工作流中的 SQL 判断与生成器。\\n根据用户问题、已检索到的指标定义，以及已选择表的字段详情和关联关系，判断是否能够安全生成 SQL。\\n\\n只允许返回一个 JSON 对象，格式为：\\n{{\\n  \\\"action\\\": \\\"generate_sql/need_metric/need_schema/need_clarification/out_of_scope/unsupported\\\",\\n  \\\"sql\\\": \\\"SELECT ... 或空字符串\\\",\\n  \\\"reason\\\": \\\"一句话说明\\\",\\n  \\\"missingInfo\\\": [\\\"缺少的信息\\\"],\\n  \\\"usedTables\\\": [\\\"实际使用的表名\\\"],\\n  \\\"usedFields\\\": [\\\"实际使用的数据库字段名，不要带表名、表别名或 SELECT AS 结果别名\\\"]\\n}}\\n\\n规则：\\n1. 只有在信息完整时使用 generate_sql，sql 必须是单条只读 SELECT；否则 sql 必须为空字符串。\\n2. 只能使用“表字段详情”中提供的表名、字段名和枚举状态值，不得编造表、字段、状态值或指标口径；例如字段详情声明支付成功状态为 SUCCESS 时，SQL 必须使用 SUCCESS，不能改写为 PAY_SUCCESS 或 PAID。\\n3. 统计指标必须参考“指标定义”；多表查询只能使用“表字段详情”中提供的关联字段。带表别名的字段必须属于该别名对应的表，例如 order_payment.product_id 与 order_product.id 关联，不能写成 order_product.product_id。\\n   用户要求按产品、课程或产品名称展示/分组时，必须同时查询名称字段（本系统为 order_product.course_content AS product_name）并按该名称分组，不能只返回产品 ID。\\n4. action 选择原则：\\n   - need_metric：用户已经明确要查询某个业务指标，但当前没有该指标的定义、计算公式或固定筛选口径。\\n   - need_schema：已明确查询意图和指标，但缺少表、字段或表关联关系。\\n   - need_clarification：用户问题本身缺少关键业务含义，例如比较或排序标准、聚合方式、统计范围、时间粒度或筛选条件。\\n     不要因为没有命中指标定义就一律返回 need_metric；对于临时分析或非固定指标问题，应先判断用户是否需要补充意图。\\n5. 非本系统业务数据使用 out_of_scope；新增、修改、删除操作使用 unsupported。\\n6. usedTables 与 usedFields 必须列出 SQL 实际使用的表和字段。\\n7. 如果收到“上一次 SQL 执行失败”的反馈，必须根据错误信息修正 SQL，不要重复生成同一条 SQL；如果确认已提供字段不足以修正，返回 need_schema。\"}, {\"role\": \"human\", \"content\": \"用户问题：{question}\\n\\n当前日期：{current_date}。用户只写月份未写年份时，按当前年份理解；相对时间也以该日期为准。\\n\\n指标定义：\\n{metric_context}\\n\\n已选择表的字段详情：\\n{table_schema_context}\\n\\n上一次 SQL 执行反馈：\\n{execution_error_feedback}\"}]","status":"ACTIVE","createdAt":"2026-07-15T15:48:26","updatedAt":"2026-07-15T15:48:26"},{"id":5,"code":"text_to_sql_table_router","name":"Text-to-SQL 表路由提示词","description":"用于根据用户问题从表目录选择生成 SQL 所需的最少数据表。","activeVersionId":8,"activeVersionNo":1,"activeContent":"[{\"role\": \"system\", \"content\": \"你是 Text-to-SQL 工作流的表路由器。根据用户问题，从提供的表目录中选择生成查询所需的最少数据表。表目录只包含表简介和关联关系，不包含字段 DDL。最多选择 3 张表，只能返回目录中已有的 tableName。只允许返回 JSON，格式为：{{\\\"selectedTables\\\":[\\\"table_name\\\"],\\\"reason\\\":\\\"一句话原因\\\"}}。\"}, {\"role\": \"human\", \"content\": \"用户问题：{question}\\n\\n表目录：{table_catalog}\"}]","status":"ACTIVE","createdAt":"2026-07-15T15:48:26","updatedAt":"2026-07-15T15:48:26"},{"id":4,"code":"text_to_sql_question_classifier","name":"Text-to-SQL 问题分类提示词","description":"用于判断用户问题属于普通问答、数据查询、数据变更或需澄清问题。","activeVersionId":7,"activeVersionNo":1,"activeContent":"[{\"role\": \"system\", \"content\": \"你是系统中 Text-to-SQL 工作流的入口分类器。只判断用户问题类型，不回答问题、不生成 SQL。只允许返回 JSON，格式为：{{\\\"questionType\\\":\\\"chat/query/update/unclear\\\",\\\"routeReason\\\":\\\"一句话原因\\\"}}。chat：技术咨询、系统使用说明、普通问答；query：明确希望查询、统计、分析已有业务数据；update：新增、修改、删除、更新、清空等数据操作；unclear：涉及数据但没有说明查询指标、对象或范围，无法明确判断。\"}, {\"role\": \"human\", \"content\": \"用户问题：{question}\"}]","status":"ACTIVE","createdAt":"2026-07-15T15:48:26","updatedAt":"2026-07-15T15:48:26"},{"id":3,"code":"ai_chat_tool_router","name":"AI 问答工具路由提示词","description":"用于判断学生问题本轮需要开放哪些工具","activeVersionId":3,"activeVersionNo":1,"activeContent":"你是一个学生 AI 助手的工具路由器，只负责判断本次问题应该开放哪些工具。你不会回答用户问题，只输出 JSON，不要输出解释文字。可用工具会以 JSON 数组提供，每个工具包含 name 和 description。请根据用户问题选择本轮应该开放给最终回答模型的工具；如果问题需要查询真实系统数据，就选择合适工具；如果问题可以直接回答，或只是通用概念解释、普通代码问题、闲聊、写作请求，就返回空数组。当前课程安排查询工具 get_student_day_schedule 只适合回答当前登录学生今天、明天、后天、某一天上什么课、是否上课、课程内容、授课老师、课表安排、自习或放假这类问题。不要选择和问题无关的工具。返回格式必须是：{\"toolNames\": [\"工具名\"], \"reason\": \"一句话原因\"}。如果不需要工具，返回：{\"toolNames\": [], \"reason\": \"不需要工具\"}。","status":"ACTIVE","createdAt":"2026-07-06T17:06:11","updatedAt":"2026-07-06T20:47:28"},{"id":2,"code":"ai_chat_knowledge_router","name":"AI 问答知识库路由提示词","description":"用于判断学生问题是否需要检索课程知识库","activeVers...(truncated)
2026-07-18 19:34:53.615 [http-nio-8080-exec-5] INFO  cn.yanque.common.aop.ControllerLogAspect [guid=32555f5bb4784c988667e4e3f67acddf] - 接口开始: uri=/yq-admin/api/eduClass, httpMethod=GET, controller=EduClassController#pageClass, args=[{"name":"req","value":{"pageNum":1,"pageSize":1000}}]
2026-07-18 19:34:53.615 [http-nio-8080-exec-10] INFO  cn.yanque.common.aop.ControllerLogAspect [guid=387c613a03b1439fb4a9beb388bca549] - 接口开始: uri=/yq-admin/api/eduCourse, httpMethod=GET, controller=EduCourseController#pageCourse, args=[{"name":"req","value":{"pageNum":1,"pageSize":1000}}]
2026-07-18 19:34:53.615 [http-nio-8080-exec-8] INFO  cn.yanque.common.aop.ControllerLogAspect [guid=f8e8561d65c344e797682d00b25df49b] - 接口开始: uri=/yq-admin/api/homeworkAssignment, httpMethod=GET, controller=HomeworkAssignmentController#page, args=[{"name":"req","value":{"pageNum":1,"pageSize":10}}]
2026-07-18 19:34:53.620 [http-nio-8080-exec-10] INFO  cn.yanque.common.aop.ControllerLogAspect [guid=387c613a03b1439fb4a9beb388bca549] - 接口结束: uri=/yq-admin/api/eduCourse, controller=EduCourseController#pageCourse, cost=5ms, result={"code":200,"message":"success","data":{"total":2,"pageNum":1,"pageSize":1000,"records":[{"id":2,"courseName":"JAVA+AI","courseDays":30,"feishuMaterialPath":"cccc","status":1,"createdAt":"Fri Jun 12 14:39:13 CST 2026"},{"id":1,"courseName":"JAVA+AI课程","courseDays":100,"feishuMaterialPath":"xxx","status":1,"createdAt":"Sat Apr 11 16:02:46 CST 2026"}]}}
2026-07-18 19:34:53.621 [http-nio-8080-exec-8] INFO  cn.yanque.common.aop.ControllerLogAspect [guid=f8e8561d65c344e797682d00b25df49b] - 接口结束: uri=/yq-admin/api/homeworkAssignment, controller=HomeworkAssignmentController#page, cost=6ms, result={"code":200,"message":"success","data":{"total":3,"pageNum":1,"pageSize":10,"records":[{"id":5,"title":"22","classId":5,"className":"第1期","classTerm":1,"homeworkDate":"2026-06-25","courseId":2,"courseName":"JAVA+AI","courseDetailId":219,"courseContentSnapshot":"集合框架","attachmentName":"homework_assignment_20260624_eaa7753d386d45a4b2d1b3ff8a0370f0fhagtb.md","attachmentUrl":"homework/assignment/2026/06/26/超级管理员/9422cc08-0143-4a57-9569-d322601afdce-homework_assignment_20260624_eaa7753d386d45a4b2d1b3ff8a0370f0fhagtb.md","attachmentType":"text/markdown","answerPublishStatus":"UNPUBLISHED","publishTeacherId":1,"publishTeacherName":"超级管理员","publishDate":"2026-06-26T17:12:58","deadline":"2026-06-25T06:00","status":"PUBLISHED","allowResubmit":false,"studentCountSnapshot":2,"createTime":"2026-06-26T17:12:58","updateTime":"2026-06-26T17:17:01"},{"id":4,"title":"21号作业","classId":5,"className":"第1期","classTerm":1,"homeworkDate":"2026-06-12","courseId":2,"courseName":"JAVA+AI","courseDetailId":220,"courseContentSnapshot":"大宋","attachmentName":"YanQue后台管理系统项目介绍.md","attachmentUrl":"homework/assignment/2026/06/17/超级管理员/0f180ff0-488e-43f0-bc37-bc2468610b2f-YanQue后台管理系统项目介绍.md","attachmentType":"text/markdown","answerAttachmentName":"ceshi.md","answerAttachmentUrl":"https://yqai-dev.tos-cn-shanghai.volces.com/homework/answer/20260422/41ddf1744fec4e9ca1c62b4a0bf40d11jpd9rl.md","answerAttachmentType":"text/markdown","answerPublishStatus":"PUBLISHED","answerPublishTime":"2026-04-22T21:05:49","answerPublishTeacherName":"超级管理员","publishTeacherId":1,"publishTeacherName":"超级管理员","publishDate":"2026-04-22T21:02:49","deadline":"2026-06-26T20:00","status":"PUBLISHED","allowResubmit":false,"studentCountSnapshot":0,"createTime":"2026-04-22T21:02:49","updateTime":"2026-06-26T17:46:32"},{"id":2,"title":"测试","classId":3,"className":"第3期","classTerm":3,"homeworkDate":"2026-04-22","courseId":1,"courseName":"JAVA+AI课程","courseDetailId":107,"courseContentSnapshot":"day03-数组全面解析：概念初始化与内存原理-数组遍历与最值查找-数组常见操作与算法：查找反转及评委打分案例-增强for","attachmentName":"YanQue后台管理系统项目介绍.md","attachmentUrl":"homework/assignment/2026/06/17/超级管理员/61afcd03-3ddc-4d70-a804-7aa3e4d61ece-YanQue后台管理系统项目介绍.md","attachmentType":"text/markdown","answerPublishStatus":"UNPUBLISHED","publishTeacherId":1,"publishTeacherName":"超级管理员","publishDate":"2026-04-22T16:39:52","deadline":"2026-04-22T23:00","status":"PUBLISHED","allowResubmit":false,"studentCountSnapshot":0,"createTime":"2026-04-22T16:39:52","updateTime":"2026-06-17T15:31:22"}]}}
2026-07-18 19:34:53.621 [http-nio-8080-exec-5] INFO  cn.yanque.common.aop.ControllerLogAspect [guid=32555f5bb4784c988667e4e3f67acddf] - 接口结束: uri=/yq-admin/api/eduClass, controller=EduClassController#pageClass, cost=6ms, result={"code":200,"message":"success","data":{"total":6,"pageNum":1,"pageSize":1000,"records":[{"id":12,"classTerm":2,"campusId":1,"campusName":"杭州校区","headTeacherId":3,"headTeacherName":"班主任老师","classStatus":"WAITING","startTime":"Sat Jun 13 08:00:00 CST 2026","courseId":2,"courseName":"JAVA+AI","studentCount":0,"createdAt":"Sat Jun 13 19:23:20 CST 2026"},{"id":5,"classTerm":1,"campusId":1,"campusName":"杭州校区","headTeacherId":3,"headTeacherName":"班主任老师","classStatus":"TEACHING","startTime":"Tue Jul 07 08:00:00 CST 2026","courseId":2,"courseName":"JAVA+AI","studentCount":0,"createdAt":"Sat Jun 13 14:49:39 CST 2026"},{"id":4,"classTerm":4,"campusId":1,"campusName":"杭州校区","headTeacherId":3,"headTeacherName":"班主任老师","classStatus":"TEACHING","startTime":"Sat Jun 13 08:00:00 CST 2026","courseId":1,"courseName":"JAVA+AI课程","studentCount":0,"createdAt":"Sat Jun 13 11:40:34 CST 2026"},{"id":3,"classTerm":3,"campusId":1,"campusName":"杭州校区","headTeacherId":3,"headTeacherName":"班主任老师","classStatus":"FINISHED","startTime":"Thu Apr 16 00:00:00 CST 2026","courseId":1,"courseName":"JAVA+AI课程","studentCount":0,"createdAt":"Mon Apr 13 20:34:39 CST 2026"},{"id":2,"classTerm":2,"campusId":1,"campusName":"杭州校区","headTeacherId":3,"headTeacherName":"班主任老师","classStatus":"FINISHED","startTime":"Mon Apr 13 00:00:00 CST 2026","courseId":1,"courseName":"JAVA+AI课程","studentCount":0,"createdAt":"Mon Apr 13 20:15:52 CST 2026"},{"id":1,"classTerm":1,"campusId":1,"campusName":"杭州校区","headTeacherId":3,"headTeacherName":"班主任老师","classStatus":"FINISHED","startTime":"Mon Apr 13 00:00:00 CST 2026","courseId":1,"courseName":"JAVA+AI课程","studentCount":0,"createdAt":"Sat Apr 11 17:09:28 CST 2026"}]}}
2026-07-18 19:34:54.850 [http-nio-8080-exec-9] ERROR cn.yanque.common.exception.GlobalExceptionHandler [guid=687586eb7cfc451fbd0be3b63973c890] - 系统异常
org.springframework.web.servlet.resource.NoResourceFoundException: No static resource api/interview-reviews.
	at org.springframework.web.servlet.resource.ResourceHttpRequestHandler.handleRequest(ResourceHttpRequestHandler.java:585)
	at org.springframework.web.servlet.mvc.HttpRequestHandlerAdapter.handle(HttpRequestHandlerAdapter.java:52)
	at org.springframework.web.servlet.DispatcherServlet.doDispatch(DispatcherServlet.java:1089)
	at org.springframework.web.servlet.DispatcherServlet.doService(DispatcherServlet.java:979)
	at org.springframework.web.servlet.FrameworkServlet.processRequest(FrameworkServlet.java:1014)
	at org.springframework.web.servlet.FrameworkServlet.doGet(FrameworkServlet.java:903)
	at jakarta.servlet.http.HttpServlet.service(HttpServlet.java:564)
	at org.springframework.web.servlet.FrameworkServlet.service(FrameworkServlet.java:885)
	at jakarta.servlet.http.HttpServlet.service(HttpServlet.java:658)
	at org.apache.catalina.core.ApplicationFilterChain.internalDoFilter(ApplicationFilterChain.java:205)
	at org.apache.catalina.core.ApplicationFilterChain.doFilter(ApplicationFilterChain.java:149)
	at org.apache.tomcat.websocket.server.WsFilter.doFilter(WsFilter.java:51)
	at org.apache.catalina.core.ApplicationFilterChain.internalDoFilter(ApplicationFilterChain.java:174)
	at org.apache.catalina.core.ApplicationFilterChain.doFilter(ApplicationFilterChain.java:149)
	at org.springframework.web.filter.RequestContextFilter.doFilterInternal(RequestContextFilter.java:100)
	at org.springframework.web.filter.OncePerRequestFilter.doFilter(OncePerRequestFilter.java:116)
	at org.apache.catalina.core.ApplicationFilterChain.internalDoFilter(ApplicationFilterChain.java:174)
	at org.apache.catalina.core.ApplicationFilterChain.doFilter(ApplicationFilterChain.java:149)
	at org.springframework.web.filter.FormContentFilter.doFilterInternal(FormContentFilter.java:93)
	at org.springframework.web.filter.OncePerRequestFilter.doFilter(OncePerRequestFilter.java:116)
	at org.apache.catalina.core.ApplicationFilterChain.internalDoFilter(ApplicationFilterChain.java:174)
	at org.apache.catalina.core.ApplicationFilterChain.doFilter(ApplicationFilterChain.java:149)
	at org.springframework.web.filter.CharacterEncodingFilter.doFilterInternal(CharacterEncodingFilter.java:201)
	at org.springframework.web.filter.OncePerRequestFilter.doFilter(OncePerRequestFilter.java:116)
	at org.apache.catalina.core.ApplicationFilterChain.internalDoFilter(ApplicationFilterChain.java:174)
	at org.apache.catalina.core.ApplicationFilterChain.doFilter(ApplicationFilterChain.java:149)
	at cn.yanque.config.RequestGuidFilter.doFilterInternal(RequestGuidFilter.java:37)
	at org.springframework.web.filter.OncePerRequestFilter.doFilter(OncePerRequestFilter.java:116)
	at org.apache.catalina.core.ApplicationFilterChain.internalDoFilter(ApplicationFilterChain.java:174)
	at org.apache.catalina.core.ApplicationFilterChain.doFilter(ApplicationFilterChain.java:149)
	at org.apache.catalina.core.StandardWrapperValve.invoke(StandardWrapperValve.java:167)
	at org.apache.catalina.core.StandardContextValve.invoke(StandardContextValve.java:90)
	at org.apache.catalina.authenticator.AuthenticatorBase.invoke(AuthenticatorBase.java:482)
	at org.apache.catalina.core.StandardHostValve.invoke(StandardHostValve.java:115)
	at org.apache.catalina.valves.ErrorReportValve.invoke(ErrorReportValve.java:93)
	at org.apache.catalina.core.StandardEngineValve.invoke(StandardEngineValve.java:74)
	at org.apache.catalina.connector.CoyoteAdapter.service(CoyoteAdapter.java:340)
	at org.apache.coyote.http11.Http11Processor.service(Http11Processor.java:391)
	at org.apache.coyote.AbstractProcessorLight.process(AbstractProcessorLight.java:63)
	at org.apache.coyote.AbstractProtocol$ConnectionHandler.process(AbstractProtocol.java:896)
	at org.apache.tomcat.util.net.NioEndpoint$SocketProcessor.doRun(NioEndpoint.java:1744)
	at org.apache.tomcat.util.net.SocketProcessorBase.run(SocketProcessorBase.java:52)
	at org.apache.tomcat.util.threads.ThreadPoolExecutor.runWorker(ThreadPoolExecutor.java:1191)
	at org.apache.tomcat.util.threads.ThreadPoolExecutor$Worker.run(ThreadPoolExecutor.java:659)
	at org.apache.tomcat.util.threads.TaskThread$WrappingRunnable.run(TaskThread.java:61)
	at java.base/java.lang.Thread.run(Thread.java:840)
2026-07-18 19:35:04.912 [http-nio-8080-exec-2] ERROR cn.yanque.common.exception.GlobalExceptionHandler [guid=61bc04ae66f544e58a124d7cd0f39ebc] - 业务异常: code=401, message=Token无效或已过期
cn.yanque.common.exception.BusinessException: Token无效或已过期
	at cn.yanque.models.auth.interceptor.JwtAuthInterceptor.preHandle(JwtAuthInterceptor.java:57)
	at org.springframework.web.servlet.HandlerExecutionChain.applyPreHandle(HandlerExecutionChain.java:146)
	at org.springframework.web.servlet.DispatcherServlet.doDispatch(DispatcherServlet.java:1084)
	at org.springframework.web.servlet.DispatcherServlet.doService(DispatcherServlet.java:979)
	at org.springframework.web.servlet.FrameworkServlet.processRequest(FrameworkServlet.java:1014)
	at org.springframework.web.servlet.FrameworkServlet.doGet(FrameworkServlet.java:903)
	at jakarta.servlet.http.HttpServlet.service(HttpServlet.java:564)
	at org.springframework.web.servlet.FrameworkServlet.service(FrameworkServlet.java:885)
	at jakarta.servlet.http.HttpServlet.service(HttpServlet.java:658)
	at org.apache.catalina.core.ApplicationFilterChain.internalDoFilter(ApplicationFilterChain.java:205)
	at org.apache.catalina.core.ApplicationFilterChain.doFilter(ApplicationFilterChain.java:149)
	at org.apache.tomcat.websocket.server.WsFilter.doFilter(WsFilter.java:51)
	at org.apache.catalina.core.ApplicationFilterChain.internalDoFilter(ApplicationFilterChain.java:174)
	at org.apache.catalina.core.ApplicationFilterChain.doFilter(ApplicationFilterChain.java:149)
	at org.springframework.web.filter.RequestContextFilter.doFilterInternal(RequestContextFilter.java:100)
	at org.springframework.web.filter.OncePerRequestFilter.doFilter(OncePerRequestFilter.java:116)
	at org.apache.catalina.core.ApplicationFilterChain.internalDoFilter(ApplicationFilterChain.java:174)
	at org.apache.catalina.core.ApplicationFilterChain.doFilter(ApplicationFilterChain.java:149)
	at org.springframework.web.filter.FormContentFilter.doFilterInternal(FormContentFilter.java:93)
	at org.springframework.web.filter.OncePerRequestFilter.doFilter(OncePerRequestFilter.java:116)
	at org.apache.catalina.core.ApplicationFilterChain.internalDoFilter(ApplicationFilterChain.java:174)
	at org.apache.catalina.core.ApplicationFilterChain.doFilter(ApplicationFilterChain.java:149)
	at org.springframework.web.filter.CharacterEncodingFilter.doFilterInternal(CharacterEncodingFilter.java:201)
	at org.springframework.web.filter.OncePerRequestFilter.doFilter(OncePerRequestFilter.java:116)
	at org.apache.catalina.core.ApplicationFilterChain.internalDoFilter(ApplicationFilterChain.java:174)
	at org.apache.catalina.core.ApplicationFilterChain.doFilter(ApplicationFilterChain.java:149)
	at cn.yanque.config.RequestGuidFilter.doFilterInternal(RequestGuidFilter.java:37)
	at org.springframework.web.filter.OncePerRequestFilter.doFilter(OncePerRequestFilter.java:116)
	at org.apache.catalina.core.ApplicationFilterChain.internalDoFilter(ApplicationFilterChain.java:174)
	at org.apache.catalina.core.ApplicationFilterChain.doFilter(ApplicationFilterChain.java:149)
	at org.apache.catalina.core.StandardWrapperValve.invoke(StandardWrapperValve.java:167)
	at org.apache.catalina.core.StandardContextValve.invoke(StandardContextValve.java:90)
	at org.apache.catalina.authenticator.AuthenticatorBase.invoke(AuthenticatorBase.java:482)
	at org.apache.catalina.core.StandardHostValve.invoke(StandardHostValve.java:115)
	at org.apache.catalina.valves.ErrorReportValve.invoke(ErrorReportValve.java:93)
	at org.apache.catalina.core.StandardEngineValve.invoke(StandardEngineValve.java:74)
	at org.apache.catalina.connector.CoyoteAdapter.service(CoyoteAdapter.java:340)
	at org.apache.coyote.http11.Http11Processor.service(Http11Processor.java:391)
	at org.apache.coyote.AbstractProcessorLight.process(AbstractProcessorLight.java:63)
	at org.apache.coyote.AbstractProtocol$ConnectionHandler.process(AbstractProtocol.java:896)
	at org.apache.tomcat.util.net.NioEndpoint$SocketProcessor.doRun(NioEndpoint.java:1744)
	at org.apache.tomcat.util.net.SocketProcessorBase.run(SocketProcessorBase.java:52)
	at org.apache.tomcat.util.threads.ThreadPoolExecutor.runWorker(ThreadPoolExecutor.java:1191)
	at org.apache.tomcat.util.threads.ThreadPoolExecutor$Worker.run(ThreadPoolExecutor.java:659)
	at org.apache.tomcat.util.threads.TaskThread$WrappingRunnable.run(TaskThread.java:61)
	at java.base/java.lang.Thread.run(Thread.java:840)
2026-07-18 19:35:04.912 [http-nio-8080-exec-1] ERROR cn.yanque.common.exception.GlobalExceptionHandler [guid=8721e6fdcafe4a9985389d92681bf2c9] - 业务异常: code=401, message=Token无效或已过期
cn.yanque.common.exception.BusinessException: Token无效或已过期
	at cn.yanque.models.auth.interceptor.JwtAuthInterceptor.preHandle(JwtAuthInterceptor.java:57)
	at org.springframework.web.servlet.HandlerExecutionChain.applyPreHandle(HandlerExecutionChain.java:146)
	at org.springframework.web.servlet.DispatcherServlet.doDispatch(DispatcherServlet.java:1084)
	at org.springframework.web.servlet.DispatcherServlet.doService(DispatcherServlet.java:979)
	at org.springframework.web.servlet.FrameworkServlet.processRequest(FrameworkServlet.java:1014)
	at org.springframework.web.servlet.FrameworkServlet.doGet(FrameworkServlet.java:903)
	at jakarta.servlet.http.HttpServlet.service(HttpServlet.java:564)
	at org.springframework.web.servlet.FrameworkServlet.service(FrameworkServlet.java:885)
	at jakarta.servlet.http.HttpServlet.service(HttpServlet.java:658)
	at org.apache.catalina.core.ApplicationFilterChain.internalDoFilter(ApplicationFilterChain.java:205)
	at org.apache.catalina.core.ApplicationFilterChain.doFilter(ApplicationFilterChain.java:149)
	at org.apache.tomcat.websocket.server.WsFilter.doFilter(WsFilter.java:51)
	at org.apache.catalina.core.ApplicationFilterChain.internalDoFilter(ApplicationFilterChain.java:174)
	at org.apache.catalina.core.ApplicationFilterChain.doFilter(ApplicationFilterChain.java:149)
	at org.springframework.web.filter.RequestContextFilter.doFilterInternal(RequestContextFilter.java:100)
	at org.springframework.web.filter.OncePerRequestFilter.doFilter(OncePerRequestFilter.java:116)
	at org.apache.catalina.core.ApplicationFilterChain.internalDoFilter(ApplicationFilterChain.java:174)
	at org.apache.catalina.core.ApplicationFilterChain.doFilter(ApplicationFilterChain.java:149)
	at org.springframework.web.filter.FormContentFilter.doFilterInternal(FormContentFilter.java:93)
	at org.springframework.web.filter.OncePerRequestFilter.doFilter(OncePerRequestFilter.java:116)
	at org.apache.catalina.core.ApplicationFilterChain.internalDoFilter(ApplicationFilterChain.java:174)
	at org.apache.catalina.core.ApplicationFilterChain.doFilter(ApplicationFilterChain.java:149)
	at org.springframework.web.filter.CharacterEncodingFilter.doFilterInternal(CharacterEncodingFilter.java:201)
	at org.springframework.web.filter.OncePerRequestFilter.doFilter(OncePerRequestFilter.java:116)
	at org.apache.catalina.core.ApplicationFilterChain.internalDoFilter(ApplicationFilterChain.java:174)
	at org.apache.catalina.core.ApplicationFilterChain.doFilter(ApplicationFilterChain.java:149)
	at cn.yanque.config.RequestGuidFilter.doFilterInternal(RequestGuidFilter.java:37)
	at org.springframework.web.filter.OncePerRequestFilter.doFilter(OncePerRequestFilter.java:116)
	at org.apache.catalina.core.ApplicationFilterChain.internalDoFilter(ApplicationFilterChain.java:174)
	at org.apache.catalina.core.ApplicationFilterChain.doFilter(ApplicationFilterChain.java:149)
	at org.apache.catalina.core.StandardWrapperValve.invoke(StandardWrapperValve.java:167)
	at org.apache.catalina.core.StandardContextValve.invoke(StandardContextValve.java:90)
	at org.apache.catalina.authenticator.AuthenticatorBase.invoke(AuthenticatorBase.java:482)
	at org.apache.catalina.core.StandardHostValve.invoke(StandardHostValve.java:115)
	at org.apache.catalina.valves.ErrorReportValve.invoke(ErrorReportValve.java:93)
	at org.apache.catalina.core.StandardEngineValve.invoke(StandardEngineValve.java:74)
	at org.apache.catalina.connector.CoyoteAdapter.service(CoyoteAdapter.java:340)
	at org.apache.coyote.http11.Http11Processor.service(Http11Processor.java:391)
	at org.apache.coyote.AbstractProcessorLight.process(AbstractProcessorLight.java:63)
	at org.apache.coyote.AbstractProtocol$ConnectionHandler.process(AbstractProtocol.java:896)
	at org.apache.tomcat.util.net.NioEndpoint$SocketProcessor.doRun(NioEndpoint.java:1744)
	at org.apache.tomcat.util.net.SocketProcessorBase.run(SocketProcessorBase.java:52)
	at org.apache.tomcat.util.threads.ThreadPoolExecutor.runWorker(ThreadPoolExecutor.java:1191)
	at org.apache.tomcat.util.threads.ThreadPoolExecutor$Worker.run(ThreadPoolExecutor.java:659)
	at org.apache.tomcat.util.threads.TaskThread$WrappingRunnable.run(TaskThread.java:61)
	at java.base/java.lang.Thread.run(Thread.java:840)
2026-07-18 19:35:05.973 [http-nio-8080-exec-3] INFO  cn.yanque.common.aop.ControllerLogAspect [guid=87a870f3e7354cc7a6b699b7e4768886] - 接口开始: uri=/yq-admin/api/student/login, httpMethod=POST, controller=StudentFrontController#login, args=[{"name":"req","value":{"phone":"11111111111","password":"****"}}]
2026-07-18 19:35:05.984 [http-nio-8080-exec-3] INFO  cn.yanque.common.aop.ControllerLogAspect [guid=87a870f3e7354cc7a6b699b7e4768886] - 接口结束: uri=/yq-admin/api/student/login, controller=StudentFrontController#login, cost=11ms, result={"code":200,"message":"success","data":{"token":"ey****oY","signSecret":"T4****XQ","studentInfo":{"id":12,"studentCode":"XS20260527544266","studentName":"去去去","phone":"11111111111","password":"****","graduationSession":2022,"school":"1","education":"22","studyMode":"ONLINE","classId":5,"productId":4,"joinTime":"Sat Jun 27 08:00:00 CST 2026","createdAt":"Sat Jun 27 22:05:40 CST 2026","updatedAt":"Sat Jun 27 22:05:40 CST 2026"},"permissions":[]}}
2026-07-18 19:35:05.996 [http-nio-8080-exec-4] INFO  cn.yanque.common.aop.ControllerLogAspect [guid=cc5c0474ca6744ab8860ecd5e66e9514] - 接口开始: uri=/yq-admin/api/student/pay/required-order, httpMethod=GET, controller=StudentPayController#requiredOrder, args=[]
2026-07-18 19:35:05.999 [http-nio-8080-exec-4] INFO  cn.yanque.common.aop.ControllerLogAspect [guid=cc5c0474ca6744ab8860ecd5e66e9514] - 接口结束: uri=/yq-admin/api/student/pay/required-order, controller=StudentPayController#requiredOrder, cost=3ms, result={"code":200,"message":"success"}
2026-07-18 19:35:06.053 [http-nio-8080-exec-10] INFO  cn.yanque.common.aop.ControllerLogAspect [guid=1ae9efb1e4f741c081f4708ba28280d8] - 接口开始: uri=/yq-admin/api/student/exams, httpMethod=GET, controller=StudentExamController#list, args=[]
2026-07-18 19:35:06.052 [http-nio-8080-exec-7] INFO  cn.yanque.common.aop.ControllerLogAspect [guid=92ad36afbac84422a34db2b9f0cc625a] - 接口开始: uri=/yq-admin/api/student/pay/required-order, httpMethod=GET, controller=StudentPayController#requiredOrder, args=[]
2026-07-18 19:35:06.053 [http-nio-8080-exec-8] INFO  cn.yanque.common.aop.ControllerLogAspect [guid=d21977c31dc247abb37bc9ebe2cc0fc4] - 接口开始: uri=/yq-admin/api/student/score/overview, httpMethod=GET, controller=StudentScoreController#overview, args=[]
2026-07-18 19:35:06.053 [http-nio-8080-exec-5] INFO  cn.yanque.common.aop.ControllerLogAspect [guid=52f978b3f29942df88019bc1fd6a23d7] - 接口开始: uri=/yq-admin/api/student/schedule, httpMethod=GET, controller=StudentScheduleController#list, args=[]
2026-07-18 19:35:06.056 [http-nio-8080-exec-7] INFO  cn.yanque.common.aop.ControllerLogAspect [guid=92ad36afbac84422a34db2b9f0cc625a] - 接口结束: uri=/yq-admin/api/student/pay/required-order, controller=StudentPayController#requiredOrder, cost=4ms, result={"code":200,"message":"success"}
2026-07-18 19:35:06.056 [http-nio-8080-exec-6] INFO  cn.yanque.common.aop.ControllerLogAspect [guid=5a2772f8b5e2478b85143e1d735c649d] - 接口开始: uri=/yq-admin/api/student/homework, httpMethod=GET, controller=StudentHomeworkController#list, args=[{"name":"req","value":{"pageNum":1,"pageSize":6}}]
2026-07-18 19:35:06.057 [http-nio-8080-exec-10] INFO  cn.yanque.common.aop.ControllerLogAspect [guid=1ae9efb1e4f741c081f4708ba28280d8] - 接口结束: uri=/yq-admin/api/student/exams, controller=StudentExamController#list, cost=4ms, result={"code":200,"message":"success","data":[{"id":4,"paperId":1,"classId":5,"examName":"111","startTime":"2026-06-26T10:30","endTime":"2026-06-26T11:30","status":"PUBLISHED","answerPublished":false,"createdBy":1,"createdAt":"2026-06-26T11:11:12","updatedAt":"2026-06-26T11:11:41","paperName":"Java 基础测试卷","classTerm":1,"totalScore":100.00,"durationMinutes":60,"resultVisible":false},{"id":3,"paperId":1,"classId":5,"examName":"11","startTime":"2026-06-26T10:00","endTime":"2026-06-26T11:00","status":"PUBLISHED","answerPublished":true,"answerPublishTime":"2026-06-26T11:12:13","createdBy":1,"createdAt":"2026-06-26T10:55:21","updatedAt":"2026-06-26T11:12:13","paperName":"Java 基础测试卷","classTerm":1,"totalScore":100.00,"durationMinutes":60,"resultVisible":false},{"id":2,"paperId":1,"classId":5,"examName":"11","startTime":"2026-06-26T09:00","endTime":"2026-06-26T10:00","status":"PUBLISHED","answerPublished":true,"answerPublishTime":"2026-06-26T09:50:38","createdBy":1,"createdAt":"2026-06-26T09:50:03","updatedAt":"2026-06-26T09:50:38","paperName":"Java 基础测试卷","classTerm":1,"totalScore":100.00,"durationMinutes":60,"resultVisible":false},{"id":1,"paperId":1,"classId":5,"examName":"Java 基础阶段测试","startTime":"2026-06-26T09:00","endTime":"2026-06-26T10:00","status":"PUBLISHED","answerPublished":true,"answerPublishTime":"2026-06-26T09:22:58","createdBy":1,"createdAt":"2026-06-26T09:15:16","updatedAt":"2026-06-26T09:27:32","paperName":"Java 基础测试卷","classTerm":1,"totalScore":100.00,"durationMinutes":60,"resultVisible":false}]}
2026-07-18 19:35:06.064 [http-nio-8080-exec-8] INFO  cn.yanque.common.aop.ControllerLogAspect [guid=d21977c31dc247abb37bc9ebe2cc0fc4] - 接口结束: uri=/yq-admin/api/student/score/overview, controller=StudentScoreController#overview, cost=11ms, result={"code":200,"message":"success","data":{"compositeScore":0.00,"homeworkAverageScore":0,"examAverageScore":0,"bestScore":0,"publishedScoreCount":0,"homeworkScores":[],"examScores":[]}}
2026-07-18 19:35:06.067 [http-nio-8080-exec-6] INFO  cn.yanque.common.aop.ControllerLogAspect [guid=5a2772f8b5e2478b85143e1d735c649d] - 接口结束: uri=/yq-admin/api/student/homework, controller=StudentHomeworkController#list, cost=10ms, result={"code":200,"message":"success","data":{"total":2,"pageNum":1,"pageSize":6,"records":[{"id":5,"title":"22","classId":5,"className":"第1期","classTerm":1,"homeworkDate":"2026-06-25","courseId":2,"courseName":"JAVA+AI","courseDetailId":219,"courseContentSnapshot":"集合框架","attachmentName":"homework_assignment_20260624_eaa7753d386d45a4b2d1b3ff8a0370f0fhagtb.md","attachmentUrl":"homework/assignment/2026/06/26/超级管理员/9422cc08-0143-4a57-9569-d322601afdce-homework_assignment_20260624_eaa7753d386d45a4b2d1b3ff8a0370f0fhagtb.md","attachmentType":"text/markdown","answerPublishStatus":"UNPUBLISHED","publishTeacherId":1,"publishTeacherName":"超级管理员","publishDate":"2026-06-26T17:12:58","deadline":"2026-06-25T06:00","status":"PUBLISHED","allowResubmit":false,"studentCountSnapshot":2,"createTime":"2026-06-26T17:12:58","updateTime":"2026-06-26T17:17:01","hasSubmitted":false,"submissionStatus":"EXPIRED"},{"id":4,"title":"21号作业","classId":5,"className":"第1期","classTerm":1,"homeworkDate":"2026-06-12","courseId":2,"courseName":"JAVA+AI","courseDetailId":220,"courseContentSnapshot":"大宋","attachmentName":"YanQue后台管理系统项目介绍.md","attachmentUrl":"homework/assignment/2026/06/17/超级管理员/0f180ff0-488e-43f0-bc37-bc2468610b2f-YanQue后台管理系统项目介绍.md","attachmentType":"text/markdown","answerAttachmentName":"ceshi.md","answerAttachmentUrl":"https://yqai-dev.tos-cn-shanghai.volces.com/homework/answer/20260422/41ddf1744fec4e9ca1c62b4a0bf40d11jpd9rl.md","answerAttachmentType":"text/markdown","answerPublishStatus":"PUBLISHED","answerPublishTime":"2026-04-22T21:05:49","answerPublishTeacherName":"超级管理员","publishTeacherId":1,"publishTeacherName":"超级管理员","publishDate":"2026-04-22T21:02:49","deadline":"2026-06-26T20:00","status":"PUBLISHED","allowResubmit":false,"studentCountSnapshot":0,"createTime":"2026-04-22T21:02:49","updateTime":"2026-06-26T17:46:32","hasSubmitted":false,"submissionStatus":"EXPIRED"}]}}
2026-07-18 19:35:06.067 [http-nio-8080-exec-5] INFO  cn.yanque.common.aop.ControllerLogAspect [guid=52f978b3f29942df88019bc1fd6a23d7] - 接口结束: uri=/yq-admin/api/student/schedule, controller=StudentScheduleController#list, cost=14ms, result={"code":200,"message":"success","data":[{"id":5111,"classId":5,"className":"第1期","courseId":2,"courseName":"JAVA+AI","courseDetailId":219,"courseDayNum":1,"scheduleDate":"2026-07-07","scheduleType":"CLASS","courseContent":"集合框架","stageName":"基础","teacherId":6,"teacherName":"哈哈哈","createdAt":"2026-07-07 15:11:14.0"},{"id":5112,"classId":5,"className":"第1期","courseId":2,"courseName":"JAVA+AI","courseDetailId":217,"courseDayNum":2,"scheduleDate":"2026-07-08","scheduleType":"CLASS","courseContent":"efa","stageName":"进阶","teacherId":6,"teacherName":"哈哈哈","createdAt":"2026-07-07 15:11:14.0"},{"id":5113,"classId":5,"className":"第1期","courseId":2,"courseName":"JAVA+AI","scheduleDate":"2026-07-09","scheduleType":"SELF_STUDY","courseContent":"自习","createdAt":"2026-07-07 15:11:14.0"},{"id":5114,"classId":5,"className":"第1期","courseId":2,"courseName":"JAVA+AI","courseDetailId":216,"courseDayNum":3,"scheduleDate":"2026-07-10","scheduleType":"CLASS","courseContent":"sefsf","stageName":"进阶","teacherId":6,"teacherName":"哈哈哈","createdAt":"2026-07-07 15:11:14.0"},{"id":5115,"classId":5,"className":"第1期","courseId":2,"courseName":"JAVA+AI","courseDetailId":220,"courseDayNum":4,"scheduleDate":"2026-07-11","scheduleType":"CLASS","courseContent":"大宋","stageName":"spring","teacherId":6,"teacherName":"哈哈哈","createdAt":"2026-07-07 15:11:14.0"},{"id":5116,"classId":5,"className":"第1期","courseId":2,"courseName":"JAVA+AI","scheduleDate":"2026-07-12","scheduleType":"REST","courseContent":"休息","createdAt":"2026-07-07 15:11:14.0"},{"id":5117,"classId":5,"className":"第1期","courseId":2,"courseName":"JAVA+AI","courseDetailId":223,"courseDayNum":5,"scheduleDate":"2026-07-13","scheduleType":"CLASS","courseContent":"sdfs","stageName":"基础","teacherId":6,"teacherName":"哈哈哈","createdAt":"2026-07-07 15:11:14.0"},{"id":5118,"classId":5,"className":"第1期","courseId":2,"courseName":"JAVA+AI","courseDetailId":221,"courseDayNum":6,"scheduleDate":"2026-07-14","scheduleType":"CLASS","courseContent":"飞书的","stageName":"基础","teacherId":6,"teacherName":"哈哈哈","createdAt":"2026-07-07 15:11:14.0"},{"id":5119,"classId":5,"className":"第1期","courseId":2,"courseName":"JAVA+AI","courseDetailId":222,"courseDayNum":7,"scheduleDate":"2026-07-15","scheduleType":"CLASS","courseContent":"访问方法","stageName":"基础","teacherId":6,"teacherName":"哈哈哈","createdAt":"2026-07-07 15:11:14.0"},{"id":5120,"classId":5,"className":"第1期","courseId":2,"courseName":"JAVA+AI","scheduleDate":"2026-07-16","scheduleType":"SELF_STUDY","courseContent":"自习","createdAt":"2026-07-07 15:11:14.0"},{"id":5121,"classId":5,"className":"第1期","courseId":2,"courseName":"JAVA+AI","courseDetailId":224,"courseDayNum":8,"scheduleDate":"2026-07-17","scheduleType":"CLASS","courseContent":"都不会放过","stageName":"基础","teacherId":6,"teacherName":"哈哈哈","createdAt":"2026-07-07 15:11:14.0"}]}
2026-07-18 19:35:06.841 [http-nio-8080-exec-2] INFO  cn.yanque.common.aop.ControllerLogAspect [guid=7ed3abe4ae4841819c9d0405a886b40c] - 接口开始: uri=/yq-admin/api/student/pay/required-order, httpMethod=GET, controller=StudentPayController#requiredOrder, args=[]
2026-07-18 19:35:06.841 [http-nio-8080-exec-9] ERROR cn.yanque.common.exception.GlobalExceptionHandler [guid=0fda00360da64da0803177665f12e3df] - 业务异常: code=401, message=未登录
cn.yanque.common.exception.BusinessException: 未登录
	at cn.yanque.models.auth.interceptor.PermissionInterceptor.preHandle(PermissionInterceptor.java:64)
	at org.springframework.web.servlet.HandlerExecutionChain.applyPreHandle(HandlerExecutionChain.java:146)
	at org.springframework.web.servlet.DispatcherServlet.doDispatch(DispatcherServlet.java:1084)
	at org.springframework.web.servlet.DispatcherServlet.doService(DispatcherServlet.java:979)
	at org.springframework.web.servlet.FrameworkServlet.processRequest(FrameworkServlet.java:1014)
	at org.springframework.web.servlet.FrameworkServlet.doGet(FrameworkServlet.java:903)
	at jakarta.servlet.http.HttpServlet.service(HttpServlet.java:564)
	at org.springframework.web.servlet.FrameworkServlet.service(FrameworkServlet.java:885)
	at jakarta.servlet.http.HttpServlet.service(HttpServlet.java:658)
	at org.apache.catalina.core.ApplicationFilterChain.internalDoFilter(ApplicationFilterChain.java:205)
	at org.apache.catalina.core.ApplicationFilterChain.doFilter(ApplicationFilterChain.java:149)
	at org.apache.tomcat.websocket.server.WsFilter.doFilter(WsFilter.java:51)
	at org.apache.catalina.core.ApplicationFilterChain.internalDoFilter(ApplicationFilterChain.java:174)
	at org.apache.catalina.core.ApplicationFilterChain.doFilter(ApplicationFilterChain.java:149)
	at org.springframework.web.filter.RequestContextFilter.doFilterInternal(RequestContextFilter.java:100)
	at org.springframework.web.filter.OncePerRequestFilter.doFilter(OncePerRequestFilter.java:116)
	at org.apache.catalina.core.ApplicationFilterChain.internalDoFilter(ApplicationFilterChain.java:174)
	at org.apache.catalina.core.ApplicationFilterChain.doFilter(ApplicationFilterChain.java:149)
	at org.springframework.web.filter.FormContentFilter.doFilterInternal(FormContentFilter.java:93)
	at org.springframework.web.filter.OncePerRequestFilter.doFilter(OncePerRequestFilter.java:116)
	at org.apache.catalina.core.ApplicationFilterChain.internalDoFilter(ApplicationFilterChain.java:174)
	at org.apache.catalina.core.ApplicationFilterChain.doFilter(ApplicationFilterChain.java:149)
	at org.springframework.web.filter.CharacterEncodingFilter.doFilterInternal(CharacterEncodingFilter.java:201)
	at org.springframework.web.filter.OncePerRequestFilter.doFilter(OncePerRequestFilter.java:116)
	at org.apache.catalina.core.ApplicationFilterChain.internalDoFilter(ApplicationFilterChain.java:174)
	at org.apache.catalina.core.ApplicationFilterChain.doFilter(ApplicationFilterChain.java:149)
	at cn.yanque.config.RequestGuidFilter.doFilterInternal(RequestGuidFilter.java:37)
	at org.springframework.web.filter.OncePerRequestFilter.doFilter(OncePerRequestFilter.java:116)
	at org.apache.catalina.core.ApplicationFilterChain.internalDoFilter(ApplicationFilterChain.java:174)
	at org.apache.catalina.core.ApplicationFilterChain.doFilter(ApplicationFilterChain.java:149)
	at org.apache.catalina.core.StandardWrapperValve.invoke(StandardWrapperValve.java:167)
	at org.apache.catalina.core.StandardContextValve.invoke(StandardContextValve.java:90)
	at org.apache.catalina.authenticator.AuthenticatorBase.invoke(AuthenticatorBase.java:482)
	at org.apache.catalina.core.StandardHostValve.invoke(StandardHostValve.java:115)
	at org.apache.catalina.valves.ErrorReportValve.invoke(ErrorReportValve.java:93)
	at org.apache.catalina.core.StandardEngineValve.invoke(StandardEngineValve.java:74)
	at org.apache.catalina.connector.CoyoteAdapter.service(CoyoteAdapter.java:340)
	at org.apache.coyote.http11.Http11Processor.service(Http11Processor.java:391)
	at org.apache.coyote.AbstractProcessorLight.process(AbstractProcessorLight.java:63)
	at org.apache.coyote.AbstractProtocol$ConnectionHandler.process(AbstractProtocol.java:896)
	at org.apache.tomcat.util.net.NioEndpoint$SocketProcessor.doRun(NioEndpoint.java:1744)
	at org.apache.tomcat.util.net.SocketProcessorBase.run(SocketProcessorBase.java:52)
	at org.apache.tomcat.util.threads.ThreadPoolExecutor.runWorker(ThreadPoolExecutor.java:1191)
	at org.apache.tomcat.util.threads.ThreadPoolExecutor$Worker.run(ThreadPoolExecutor.java:659)
	at org.apache.tomcat.util.threads.TaskThread$WrappingRunnable.run(TaskThread.java:61)
	at java.base/java.lang.Thread.run(Thread.java:840)
2026-07-18 19:35:06.845 [http-nio-8080-exec-2] INFO  cn.yanque.common.aop.ControllerLogAspect [guid=7ed3abe4ae4841819c9d0405a886b40c] - 接口结束: uri=/yq-admin/api/student/pay/required-order, controller=StudentPayController#requiredOrder, cost=4ms, result={"code":200,"message":"success"}
2026-07-18 19:35:07.887 [http-nio-8080-exec-1] INFO  cn.yanque.common.aop.ControllerLogAspect [guid=88b78df186e849b1a38819fa342c654e] - 接口开始: uri=/yq-admin/api/student/login, httpMethod=POST, controller=StudentFrontController#login, args=[{"name":"req","value":{"phone":"11111111111","password":"****"}}]
2026-07-18 19:35:07.892 [http-nio-8080-exec-1] INFO  cn.yanque.common.aop.ControllerLogAspect [guid=88b78df186e849b1a38819fa342c654e] - 接口结束: uri=/yq-admin/api/student/login, controller=StudentFrontController#login, cost=4ms, result={"code":200,"message":"success","data":{"token":"ey****o0","signSecret":"8Q****V4","studentInfo":{"id":12,"studentCode":"XS20260527544266","studentName":"去去去","phone":"11111111111","password":"****","graduationSession":2022,"school":"1","education":"22","studyMode":"ONLINE","classId":5,"productId":4,"joinTime":"Sat Jun 27 08:00:00 CST 2026","createdAt":"Sat Jun 27 22:05:40 CST 2026","updatedAt":"Sat Jun 27 22:05:40 CST 2026"},"permissions":[]}}
2026-07-18 19:35:07.899 [http-nio-8080-exec-3] INFO  cn.yanque.common.aop.ControllerLogAspect [guid=8e77dd35ab754279b5f19f44b66a2c32] - 接口开始: uri=/yq-admin/api/student/pay/required-order, httpMethod=GET, controller=StudentPayController#requiredOrder, args=[]
2026-07-18 19:35:07.901 [http-nio-8080-exec-3] INFO  cn.yanque.common.aop.ControllerLogAspect [guid=8e77dd35ab754279b5f19f44b66a2c32] - 接口结束: uri=/yq-admin/api/student/pay/required-order, controller=StudentPayController#requiredOrder, cost=2ms, result={"code":200,"message":"success"}
2026-07-18 19:35:07.946 [http-nio-8080-exec-10] INFO  cn.yanque.common.aop.ControllerLogAspect [guid=a9292b5d7ee442b083ae1120a6b28013] - 接口开始: uri=/yq-admin/api/student/schedule, httpMethod=GET, controller=StudentScheduleController#list, args=[]
2026-07-18 19:35:07.946 [http-nio-8080-exec-6] INFO  cn.yanque.common.aop.ControllerLogAspect [guid=e1d9103c6c964c1eae088bc5186c9907] - 接口开始: uri=/yq-admin/api/student/pay/required-order, httpMethod=GET, controller=StudentPayController#requiredOrder, args=[]
2026-07-18 19:35:07.946 [http-nio-8080-exec-8] INFO  cn.yanque.common.aop.ControllerLogAspect [guid=20fc356a039a427f8afa61b85dea0fa2] - 接口开始: uri=/yq-admin/api/student/score/overview, httpMethod=GET, controller=StudentScoreController#overview, args=[]
2026-07-18 19:35:07.946 [http-nio-8080-exec-7] INFO  cn.yanque.common.aop.ControllerLogAspect [guid=dd743e02956d49e99ca751a1f2c95942] - 接口开始: uri=/yq-admin/api/student/exams, httpMethod=GET, controller=StudentExamController#list, args=[]
2026-07-18 19:35:07.946 [http-nio-8080-exec-4] INFO  cn.yanque.common.aop.ControllerLogAspect [guid=e3c04d2e540f4c61860034636c16a8e6] - 接口开始: uri=/yq-admin/api/student/homework, httpMethod=GET, controller=StudentHomeworkController#list, args=[{"name":"req","value":{"pageNum":1,"pageSize":6}}]
2026-07-18 19:35:07.949 [http-nio-8080-exec-6] INFO  cn.yanque.common.aop.ControllerLogAspect [guid=e1d9103c6c964c1eae088bc5186c9907] - 接口结束: uri=/yq-admin/api/student/pay/required-order, controller=StudentPayController#requiredOrder, cost=3ms, result={"code":200,"message":"success"}
2026-07-18 19:35:07.949 [http-nio-8080-exec-7] INFO  cn.yanque.common.aop.ControllerLogAspect [guid=dd743e02956d49e99ca751a1f2c95942] - 接口结束: uri=/yq-admin/api/student/exams, controller=StudentExamController#list, cost=3ms, result={"code":200,"message":"success","data":[{"id":4,"paperId":1,"classId":5,"examName":"111","startTime":"2026-06-26T10:30","endTime":"2026-06-26T11:30","status":"PUBLISHED","answerPublished":false,"createdBy":1,"createdAt":"2026-06-26T11:11:12","updatedAt":"2026-06-26T11:11:41","paperName":"Java 基础测试卷","classTerm":1,"totalScore":100.00,"durationMinutes":60,"resultVisible":false},{"id":3,"paperId":1,"classId":5,"examName":"11","startTime":"2026-06-26T10:00","endTime":"2026-06-26T11:00","status":"PUBLISHED","answerPublished":true,"answerPublishTime":"2026-06-26T11:12:13","createdBy":1,"createdAt":"2026-06-26T10:55:21","updatedAt":"2026-06-26T11:12:13","paperName":"Java 基础测试卷","classTerm":1,"totalScore":100.00,"durationMinutes":60,"resultVisible":false},{"id":2,"paperId":1,"classId":5,"examName":"11","startTime":"2026-06-26T09:00","endTime":"2026-06-26T10:00","status":"PUBLISHED","answerPublished":true,"answerPublishTime":"2026-06-26T09:50:38","createdBy":1,"createdAt":"2026-06-26T09:50:03","updatedAt":"2026-06-26T09:50:38","paperName":"Java 基础测试卷","classTerm":1,"totalScore":100.00,"durationMinutes":60,"resultVisible":false},{"id":1,"paperId":1,"classId":5,"examName":"Java 基础阶段测试","startTime":"2026-06-26T09:00","endTime":"2026-06-26T10:00","status":"PUBLISHED","answerPublished":true,"answerPublishTime":"2026-06-26T09:22:58","createdBy":1,"createdAt":"2026-06-26T09:15:16","updatedAt":"2026-06-26T09:27:32","paperName":"Java 基础测试卷","classTerm":1,"totalScore":100.00,"durationMinutes":60,"resultVisible":false}]}
2026-07-18 19:35:07.950 [http-nio-8080-exec-8] INFO  cn.yanque.common.aop.ControllerLogAspect [guid=20fc356a039a427f8afa61b85dea0fa2] - 接口结束: uri=/yq-admin/api/student/score/overview, controller=StudentScoreController#overview, cost=4ms, result={"code":200,"message":"success","data":{"compositeScore":0.00,"homeworkAverageScore":0,"examAverageScore":0,"bestScore":0,"publishedScoreCount":0,"homeworkScores":[],"examScores":[]}}
2026-07-18 19:35:07.955 [http-nio-8080-exec-4] INFO  cn.yanque.common.aop.ControllerLogAspect [guid=e3c04d2e540f4c61860034636c16a8e6] - 接口结束: uri=/yq-admin/api/student/homework, controller=StudentHomeworkController#list, cost=9ms, result={"code":200,"message":"success","data":{"total":2,"pageNum":1,"pageSize":6,"records":[{"id":5,"title":"22","classId":5,"className":"第1期","classTerm":1,"homeworkDate":"2026-06-25","courseId":2,"courseName":"JAVA+AI","courseDetailId":219,"courseContentSnapshot":"集合框架","attachmentName":"homework_assignment_20260624_eaa7753d386d45a4b2d1b3ff8a0370f0fhagtb.md","attachmentUrl":"homework/assignment/2026/06/26/超级管理员/9422cc08-0143-4a57-9569-d322601afdce-homework_assignment_20260624_eaa7753d386d45a4b2d1b3ff8a0370f0fhagtb.md","attachmentType":"text/markdown","answerPublishStatus":"UNPUBLISHED","publishTeacherId":1,"publishTeacherName":"超级管理员","publishDate":"2026-06-26T17:12:58","deadline":"2026-06-25T06:00","status":"PUBLISHED","allowResubmit":false,"studentCountSnapshot":2,"createTime":"2026-06-26T17:12:58","updateTime":"2026-06-26T17:17:01","hasSubmitted":false,"submissionStatus":"EXPIRED"},{"id":4,"title":"21号作业","classId":5,"className":"第1期","classTerm":1,"homeworkDate":"2026-06-12","courseId":2,"courseName":"JAVA+AI","courseDetailId":220,"courseContentSnapshot":"大宋","attachmentName":"YanQue后台管理系统项目介绍.md","attachmentUrl":"homework/assignment/2026/06/17/超级管理员/0f180ff0-488e-43f0-bc37-bc2468610b2f-YanQue后台管理系统项目介绍.md","attachmentType":"text/markdown","answerAttachmentName":"ceshi.md","answerAttachmentUrl":"https://yqai-dev.tos-cn-shanghai.volces.com/homework/answer/20260422/41ddf1744fec4e9ca1c62b4a0bf40d11jpd9rl.md","answerAttachmentType":"text/markdown","answerPublishStatus":"PUBLISHED","answerPublishTime":"2026-04-22T21:05:49","answerPublishTeacherName":"超级管理员","publishTeacherId":1,"publishTeacherName":"超级管理员","publishDate":"2026-04-22T21:02:49","deadline":"2026-06-26T20:00","status":"PUBLISHED","allowResubmit":false,"studentCountSnapshot":0,"createTime":"2026-04-22T21:02:49","updateTime":"2026-06-26T17:46:32","hasSubmitted":false,"submissionStatus":"EXPIRED"}]}}
2026-07-18 19:35:07.959 [http-nio-8080-exec-10] INFO  cn.yanque.common.aop.ControllerLogAspect [guid=a9292b5d7ee442b083ae1120a6b28013] - 接口结束: uri=/yq-admin/api/student/schedule, controller=StudentScheduleController#list, cost=13ms, result={"code":200,"message":"success","data":[{"id":5111,"classId":5,"className":"第1期","courseId":2,"courseName":"JAVA+AI","courseDetailId":219,"courseDayNum":1,"scheduleDate":"2026-07-07","scheduleType":"CLASS","courseContent":"集合框架","stageName":"基础","teacherId":6,"teacherName":"哈哈哈","createdAt":"2026-07-07 15:11:14.0"},{"id":5112,"classId":5,"className":"第1期","courseId":2,"courseName":"JAVA+AI","courseDetailId":217,"courseDayNum":2,"scheduleDate":"2026-07-08","scheduleType":"CLASS","courseContent":"efa","stageName":"进阶","teacherId":6,"teacherName":"哈哈哈","createdAt":"2026-07-07 15:11:14.0"},{"id":5113,"classId":5,"className":"第1期","courseId":2,"courseName":"JAVA+AI","scheduleDate":"2026-07-09","scheduleType":"SELF_STUDY","courseContent":"自习","createdAt":"2026-07-07 15:11:14.0"},{"id":5114,"classId":5,"className":"第1期","courseId":2,"courseName":"JAVA+AI","courseDetailId":216,"courseDayNum":3,"scheduleDate":"2026-07-10","scheduleType":"CLASS","courseContent":"sefsf","stageName":"进阶","teacherId":6,"teacherName":"哈哈哈","createdAt":"2026-07-07 15:11:14.0"},{"id":5115,"classId":5,"className":"第1期","courseId":2,"courseName":"JAVA+AI","courseDetailId":220,"courseDayNum":4,"scheduleDate":"2026-07-11","scheduleType":"CLASS","courseContent":"大宋","stageName":"spring","teacherId":6,"teacherName":"哈哈哈","createdAt":"2026-07-07 15:11:14.0"},{"id":5116,"classId":5,"className":"第1期","courseId":2,"courseName":"JAVA+AI","scheduleDate":"2026-07-12","scheduleType":"REST","courseContent":"休息","createdAt":"2026-07-07 15:11:14.0"},{"id":5117,"classId":5,"className":"第1期","courseId":2,"courseName":"JAVA+AI","courseDetailId":223,"courseDayNum":5,"scheduleDate":"2026-07-13","scheduleType":"CLASS","courseContent":"sdfs","stageName":"基础","teacherId":6,"teacherName":"哈哈哈","createdAt":"2026-07-07 15:11:14.0"},{"id":5118,"classId":5,"className":"第1期","courseId":2,"courseName":"JAVA+AI","courseDetailId":221,"courseDayNum":6,"scheduleDate":"2026-07-14","scheduleType":"CLASS","courseContent":"飞书的","stageName":"基础","teacherId":6,"teacherName":"哈哈哈","createdAt":"2026-07-07 15:11:14.0"},{"id":5119,"classId":5,"className":"第1期","courseId":2,"courseName":"JAVA+AI","courseDetailId":222,"courseDayNum":7,"scheduleDate":"2026-07-15","scheduleType":"CLASS","courseContent":"访问方法","stageName":"基础","teacherId":6,"teacherName":"哈哈哈","createdAt":"2026-07-07 15:11:14.0"},{"id":5120,"classId":5,"className":"第1期","courseId":2,"courseName":"JAVA+AI","scheduleDate":"2026-07-16","scheduleType":"SELF_STUDY","courseContent":"自习","createdAt":"2026-07-07 15:11:14.0"},{"id":5121,"classId":5,"className":"第1期","courseId":2,"courseName":"JAVA+AI","courseDetailId":224,"courseDayNum":8,"scheduleDate":"2026-07-17","scheduleType":"CLASS","courseContent":"都不会放过","stageName":"基础","teacherId":6,"teacherName":"哈哈哈","createdAt":"2026-07-07 15:11:14.0"}]}
2026-07-18 19:35:08.710 [http-nio-8080-exec-9] INFO  cn.yanque.common.aop.ControllerLogAspect [guid=7975341489fb4c7fbf1a80856d66f957] - 接口开始: uri=/yq-admin/api/student/pay/required-order, httpMethod=GET, controller=StudentPayController#requiredOrder, args=[]
2026-07-18 19:35:08.710 [http-nio-8080-exec-5] ERROR cn.yanque.common.exception.GlobalExceptionHandler [guid=3a9761740614491689f7758380a1a09b] - 业务异常: code=401, message=未登录
cn.yanque.common.exception.BusinessException: 未登录
	at cn.yanque.models.auth.interceptor.PermissionInterceptor.preHandle(PermissionInterceptor.java:64)
	at org.springframework.web.servlet.HandlerExecutionChain.applyPreHandle(HandlerExecutionChain.java:146)
	at org.springframework.web.servlet.DispatcherServlet.doDispatch(DispatcherServlet.java:1084)
	at org.springframework.web.servlet.DispatcherServlet.doService(DispatcherServlet.java:979)
	at org.springframework.web.servlet.FrameworkServlet.processRequest(FrameworkServlet.java:1014)
	at org.springframework.web.servlet.FrameworkServlet.doGet(FrameworkServlet.java:903)
	at jakarta.servlet.http.HttpServlet.service(HttpServlet.java:564)
	at org.springframework.web.servlet.FrameworkServlet.service(FrameworkServlet.java:885)
	at jakarta.servlet.http.HttpServlet.service(HttpServlet.java:658)
	at org.apache.catalina.core.ApplicationFilterChain.internalDoFilter(ApplicationFilterChain.java:205)
	at org.apache.catalina.core.ApplicationFilterChain.doFilter(ApplicationFilterChain.java:149)
	at org.apache.tomcat.websocket.server.WsFilter.doFilter(WsFilter.java:51)
	at org.apache.catalina.core.ApplicationFilterChain.internalDoFilter(ApplicationFilterChain.java:174)
	at org.apache.catalina.core.ApplicationFilterChain.doFilter(ApplicationFilterChain.java:149)
	at org.springframework.web.filter.RequestContextFilter.doFilterInternal(RequestContextFilter.java:100)
	at org.springframework.web.filter.OncePerRequestFilter.doFilter(OncePerRequestFilter.java:116)
	at org.apache.catalina.core.ApplicationFilterChain.internalDoFilter(ApplicationFilterChain.java:174)
	at org.apache.catalina.core.ApplicationFilterChain.doFilter(ApplicationFilterChain.java:149)
	at org.springframework.web.filter.FormContentFilter.doFilterInternal(FormContentFilter.java:93)
	at org.springframework.web.filter.OncePerRequestFilter.doFilter(OncePerRequestFilter.java:116)
	at org.apache.catalina.core.ApplicationFilterChain.internalDoFilter(ApplicationFilterChain.java:174)
	at org.apache.catalina.core.ApplicationFilterChain.doFilter(ApplicationFilterChain.java:149)
	at org.springframework.web.filter.CharacterEncodingFilter.doFilterInternal(CharacterEncodingFilter.java:201)
	at org.springframework.web.filter.OncePerRequestFilter.doFilter(OncePerRequestFilter.java:116)
	at org.apache.catalina.core.ApplicationFilterChain.internalDoFilter(ApplicationFilterChain.java:174)
	at org.apache.catalina.core.ApplicationFilterChain.doFilter(ApplicationFilterChain.java:149)
	at cn.yanque.config.RequestGuidFilter.doFilterInternal(RequestGuidFilter.java:37)
	at org.springframework.web.filter.OncePerRequestFilter.doFilter(OncePerRequestFilter.java:116)
	at org.apache.catalina.core.ApplicationFilterChain.internalDoFilter(ApplicationFilterChain.java:174)
	at org.apache.catalina.core.ApplicationFilterChain.doFilter(ApplicationFilterChain.java:149)
	at org.apache.catalina.core.StandardWrapperValve.invoke(StandardWrapperValve.java:167)
	at org.apache.catalina.core.StandardContextValve.invoke(StandardContextValve.java:90)
	at org.apache.catalina.authenticator.AuthenticatorBase.invoke(AuthenticatorBase.java:482)
	at org.apache.catalina.core.StandardHostValve.invoke(StandardHostValve.java:115)
	at org.apache.catalina.valves.ErrorReportValve.invoke(ErrorReportValve.java:93)
	at org.apache.catalina.core.StandardEngineValve.invoke(StandardEngineValve.java:74)
	at org.apache.catalina.connector.CoyoteAdapter.service(CoyoteAdapter.java:340)
	at org.apache.coyote.http11.Http11Processor.service(Http11Processor.java:391)
	at org.apache.coyote.AbstractProcessorLight.process(AbstractProcessorLight.java:63)
	at org.apache.coyote.AbstractProtocol$ConnectionHandler.process(AbstractProtocol.java:896)
	at org.apache.tomcat.util.net.NioEndpoint$SocketProcessor.doRun(NioEndpoint.java:1744)
	at org.apache.tomcat.util.net.SocketProcessorBase.run(SocketProcessorBase.java:52)
	at org.apache.tomcat.util.threads.ThreadPoolExecutor.runWorker(ThreadPoolExecutor.java:1191)
	at org.apache.tomcat.util.threads.ThreadPoolExecutor$Worker.run(ThreadPoolExecutor.java:659)
	at org.apache.tomcat.util.threads.TaskThread$WrappingRunnable.run(TaskThread.java:61)
	at java.base/java.lang.Thread.run(Thread.java:840)
2026-07-18 19:35:08.714 [http-nio-8080-exec-9] INFO  cn.yanque.common.aop.ControllerLogAspect [guid=7975341489fb4c7fbf1a80856d66f957] - 接口结束: uri=/yq-admin/api/student/pay/required-order, controller=StudentPayController#requiredOrder, cost=5ms, result={"code":200,"message":"success"}
2026-07-18 19:35:10.463 [http-nio-8080-exec-2] INFO  cn.yanque.common.aop.ControllerLogAspect [guid=aaefdde6cd0b42fea21717865cfa9a45] - 接口开始: uri=/yq-admin/api/student/login, httpMethod=POST, controller=StudentFrontController#login, args=[{"name":"req","value":{"phone":"11111111111","password":"****"}}]
2026-07-18 19:35:10.467 [http-nio-8080-exec-2] INFO  cn.yanque.common.aop.ControllerLogAspect [guid=aaefdde6cd0b42fea21717865cfa9a45] - 接口结束: uri=/yq-admin/api/student/login, controller=StudentFrontController#login, cost=4ms, result={"code":200,"message":"success","data":{"token":"ey****28","signSecret":"vD****Bk","studentInfo":{"id":12,"studentCode":"XS20260527544266","studentName":"去去去","phone":"11111111111","password":"****","graduationSession":2022,"school":"1","education":"22","studyMode":"ONLINE","classId":5,"productId":4,"joinTime":"Sat Jun 27 08:00:00 CST 2026","createdAt":"Sat Jun 27 22:05:40 CST 2026","updatedAt":"Sat Jun 27 22:05:40 CST 2026"},"permissions":[]}}
2026-07-18 19:35:10.475 [http-nio-8080-exec-1] INFO  cn.yanque.common.aop.ControllerLogAspect [guid=053d0a4469104ad3b14deef8cbd20bf7] - 接口开始: uri=/yq-admin/api/student/pay/required-order, httpMethod=GET, controller=StudentPayController#requiredOrder, args=[]
2026-07-18 19:35:10.477 [http-nio-8080-exec-1] INFO  cn.yanque.common.aop.ControllerLogAspect [guid=053d0a4469104ad3b14deef8cbd20bf7] - 接口结束: uri=/yq-admin/api/student/pay/required-order, controller=StudentPayController#requiredOrder, cost=2ms, result={"code":200,"message":"success"}
2026-07-18 19:35:10.520 [http-nio-8080-exec-4] INFO  cn.yanque.common.aop.ControllerLogAspect [guid=0d6ed37177a54824916cd43e69872f0d] - 接口开始: uri=/yq-admin/api/student/pay/required-order, httpMethod=GET, controller=StudentPayController#requiredOrder, args=[]
2026-07-18 19:35:10.520 [http-nio-8080-exec-7] INFO  cn.yanque.common.aop.ControllerLogAspect [guid=5902eee1b6b8463db8ff33a0782189ff] - 接口开始: uri=/yq-admin/api/student/score/overview, httpMethod=GET, controller=StudentScoreController#overview, args=[]
2026-07-18 19:35:10.520 [http-nio-8080-exec-6] INFO  cn.yanque.common.aop.ControllerLogAspect [guid=0648cbb384224676b287872817710415] - 接口开始: uri=/yq-admin/api/student/exams, httpMethod=GET, controller=StudentExamController#list, args=[]
2026-07-18 19:35:10.520 [http-nio-8080-exec-8] INFO  cn.yanque.common.aop.ControllerLogAspect [guid=6de4582702e34ac6ae0d166658622ebb] - 接口开始: uri=/yq-admin/api/student/schedule, httpMethod=GET, controller=StudentScheduleController#list, args=[]
2026-07-18 19:35:10.521 [http-nio-8080-exec-3] INFO  cn.yanque.common.aop.ControllerLogAspect [guid=a4a53d61bd4d4169a5f9586d906e3886] - 接口开始: uri=/yq-admin/api/student/homework, httpMethod=GET, controller=StudentHomeworkController#list, args=[{"name":"req","value":{"pageNum":1,"pageSize":6}}]
2026-07-18 19:35:10.524 [http-nio-8080-exec-6] INFO  cn.yanque.common.aop.ControllerLogAspect [guid=0648cbb384224676b287872817710415] - 接口结束: uri=/yq-admin/api/student/exams, controller=StudentExamController#list, cost=2ms, result={"code":200,"message":"success","data":[{"id":4,"paperId":1,"classId":5,"examName":"111","startTime":"2026-06-26T10:30","endTime":"2026-06-26T11:30","status":"PUBLISHED","answerPublished":false,"createdBy":1,"createdAt":"2026-06-26T11:11:12","updatedAt":"2026-06-26T11:11:41","paperName":"Java 基础测试卷","classTerm":1,"totalScore":100.00,"durationMinutes":60,"resultVisible":false},{"id":3,"paperId":1,"classId":5,"examName":"11","startTime":"2026-06-26T10:00","endTime":"2026-06-26T11:00","status":"PUBLISHED","answerPublished":true,"answerPublishTime":"2026-06-26T11:12:13","createdBy":1,"createdAt":"2026-06-26T10:55:21","updatedAt":"2026-06-26T11:12:13","paperName":"Java 基础测试卷","classTerm":1,"totalScore":100.00,"durationMinutes":60,"resultVisible":false},{"id":2,"paperId":1,"classId":5,"examName":"11","startTime":"2026-06-26T09:00","endTime":"2026-06-26T10:00","status":"PUBLISHED","answerPublished":true,"answerPublishTime":"2026-06-26T09:50:38","createdBy":1,"createdAt":"2026-06-26T09:50:03","updatedAt":"2026-06-26T09:50:38","paperName":"Java 基础测试卷","classTerm":1,"totalScore":100.00,"durationMinutes":60,"resultVisible":false},{"id":1,"paperId":1,"classId":5,"examName":"Java 基础阶段测试","startTime":"2026-06-26T09:00","endTime":"2026-06-26T10:00","status":"PUBLISHED","answerPublished":true,"answerPublishTime":"2026-06-26T09:22:58","createdBy":1,"createdAt":"2026-06-26T09:15:16","updatedAt":"2026-06-26T09:27:32","paperName":"Java 基础测试卷","classTerm":1,"totalScore":100.00,"durationMinutes":60,"resultVisible":false}]}
2026-07-18 19:35:10.524 [http-nio-8080-exec-4] INFO  cn.yanque.common.aop.ControllerLogAspect [guid=0d6ed37177a54824916cd43e69872f0d] - 接口结束: uri=/yq-admin/api/student/pay/required-order, controller=StudentPayController#requiredOrder, cost=4ms, result={"code":200,"message":"success"}
2026-07-18 19:35:10.524 [http-nio-8080-exec-7] INFO  cn.yanque.common.aop.ControllerLogAspect [guid=5902eee1b6b8463db8ff33a0782189ff] - 接口结束: uri=/yq-admin/api/student/score/overview, controller=StudentScoreController#overview, cost=4ms, result={"code":200,"message":"success","data":{"compositeScore":0.00,"homeworkAverageScore":0,"examAverageScore":0,"bestScore":0,"publishedScoreCount":0,"homeworkScores":[],"examScores":[]}}
2026-07-18 19:35:10.526 [http-nio-8080-exec-8] INFO  cn.yanque.common.aop.ControllerLogAspect [guid=6de4582702e34ac6ae0d166658622ebb] - 接口结束: uri=/yq-admin/api/student/schedule, controller=StudentScheduleController#list, cost=6ms, result={"code":200,"message":"success","data":[{"id":5111,"classId":5,"className":"第1期","courseId":2,"courseName":"JAVA+AI","courseDetailId":219,"courseDayNum":1,"scheduleDate":"2026-07-07","scheduleType":"CLASS","courseContent":"集合框架","stageName":"基础","teacherId":6,"teacherName":"哈哈哈","createdAt":"2026-07-07 15:11:14.0"},{"id":5112,"classId":5,"className":"第1期","courseId":2,"courseName":"JAVA+AI","courseDetailId":217,"courseDayNum":2,"scheduleDate":"2026-07-08","scheduleType":"CLASS","courseContent":"efa","stageName":"进阶","teacherId":6,"teacherName":"哈哈哈","createdAt":"2026-07-07 15:11:14.0"},{"id":5113,"classId":5,"className":"第1期","courseId":2,"courseName":"JAVA+AI","scheduleDate":"2026-07-09","scheduleType":"SELF_STUDY","courseContent":"自习","createdAt":"2026-07-07 15:11:14.0"},{"id":5114,"classId":5,"className":"第1期","courseId":2,"courseName":"JAVA+AI","courseDetailId":216,"courseDayNum":3,"scheduleDate":"2026-07-10","scheduleType":"CLASS","courseContent":"sefsf","stageName":"进阶","teacherId":6,"teacherName":"哈哈哈","createdAt":"2026-07-07 15:11:14.0"},{"id":5115,"classId":5,"className":"第1期","courseId":2,"courseName":"JAVA+AI","courseDetailId":220,"courseDayNum":4,"scheduleDate":"2026-07-11","scheduleType":"CLASS","courseContent":"大宋","stageName":"spring","teacherId":6,"teacherName":"哈哈哈","createdAt":"2026-07-07 15:11:14.0"},{"id":5116,"classId":5,"className":"第1期","courseId":2,"courseName":"JAVA+AI","scheduleDate":"2026-07-12","scheduleType":"REST","courseContent":"休息","createdAt":"2026-07-07 15:11:14.0"},{"id":5117,"classId":5,"className":"第1期","courseId":2,"courseName":"JAVA+AI","courseDetailId":223,"courseDayNum":5,"scheduleDate":"2026-07-13","scheduleType":"CLASS","courseContent":"sdfs","stageName":"基础","teacherId":6,"teacherName":"哈哈哈","createdAt":"2026-07-07 15:11:14.0"},{"id":5118,"classId":5,"className":"第1期","courseId":2,"courseName":"JAVA+AI","courseDetailId":221,"courseDayNum":6,"scheduleDate":"2026-07-14","scheduleType":"CLASS","courseContent":"飞书的","stageName":"基础","teacherId":6,"teacherName":"哈哈哈","createdAt":"2026-07-07 15:11:14.0"},{"id":5119,"classId":5,"className":"第1期","courseId":2,"courseName":"JAVA+AI","courseDetailId":222,"courseDayNum":7,"scheduleDate":"2026-07-15","scheduleType":"CLASS","courseContent":"访问方法","stageName":"基础","teacherId":6,"teacherName":"哈哈哈","createdAt":"2026-07-07 15:11:14.0"},{"id":5120,"classId":5,"className":"第1期","courseId":2,"courseName":"JAVA+AI","scheduleDate":"2026-07-16","scheduleType":"SELF_STUDY","courseContent":"自习","createdAt":"2026-07-07 15:11:14.0"},{"id":5121,"classId":5,"className":"第1期","courseId":2,"courseName":"JAVA+AI","courseDetailId":224,"courseDayNum":8,"scheduleDate":"2026-07-17","scheduleType":"CLASS","courseContent":"都不会放过","stageName":"基础","teacherId":6,"teacherName":"哈哈哈","createdAt":"2026-07-07 15:11:14.0"}]}
2026-07-18 19:35:10.530 [http-nio-8080-exec-3] INFO  cn.yanque.common.aop.ControllerLogAspect [guid=a4a53d61bd4d4169a5f9586d906e3886] - 接口结束: uri=/yq-admin/api/student/homework, controller=StudentHomeworkController#list, cost=9ms, result={"code":200,"message":"success","data":{"total":2,"pageNum":1,"pageSize":6,"records":[{"id":5,"title":"22","classId":5,"className":"第1期","classTerm":1,"homeworkDate":"2026-06-25","courseId":2,"courseName":"JAVA+AI","courseDetailId":219,"courseContentSnapshot":"集合框架","attachmentName":"homework_assignment_20260624_eaa7753d386d45a4b2d1b3ff8a0370f0fhagtb.md","attachmentUrl":"homework/assignment/2026/06/26/超级管理员/9422cc08-0143-4a57-9569-d322601afdce-homework_assignment_20260624_eaa7753d386d45a4b2d1b3ff8a0370f0fhagtb.md","attachmentType":"text/markdown","answerPublishStatus":"UNPUBLISHED","publishTeacherId":1,"publishTeacherName":"超级管理员","publishDate":"2026-06-26T17:12:58","deadline":"2026-06-25T06:00","status":"PUBLISHED","allowResubmit":false,"studentCountSnapshot":2,"createTime":"2026-06-26T17:12:58","updateTime":"2026-06-26T17:17:01","hasSubmitted":false,"submissionStatus":"EXPIRED"},{"id":4,"title":"21号作业","classId":5,"className":"第1期","classTerm":1,"homeworkDate":"2026-06-12","courseId":2,"courseName":"JAVA+AI","courseDetailId":220,"courseContentSnapshot":"大宋","attachmentName":"YanQue后台管理系统项目介绍.md","attachmentUrl":"homework/assignment/2026/06/17/超级管理员/0f180ff0-488e-43f0-bc37-bc2468610b2f-YanQue后台管理系统项目介绍.md","attachmentType":"text/markdown","answerAttachmentName":"ceshi.md","answerAttachmentUrl":"https://yqai-dev.tos-cn-shanghai.volces.com/homework/answer/20260422/41ddf1744fec4e9ca1c62b4a0bf40d11jpd9rl.md","answerAttachmentType":"text/markdown","answerPublishStatus":"PUBLISHED","answerPublishTime":"2026-04-22T21:05:49","answerPublishTeacherName":"超级管理员","publishTeacherId":1,"publishTeacherName":"超级管理员","publishDate":"2026-04-22T21:02:49","deadline":"2026-06-26T20:00","status":"PUBLISHED","allowResubmit":false,"studentCountSnapshot":0,"createTime":"2026-04-22T21:02:49","updateTime":"2026-06-26T17:46:32","hasSubmitted":false,"submissionStatus":"EXPIRED"}]}}
2026-07-18 19:35:11.331 [http-nio-8080-exec-10] INFO  cn.yanque.common.aop.ControllerLogAspect [guid=b60c1f76164c4c11b6f15ede3b183988] - 接口开始: uri=/yq-admin/api/student/pay/products, httpMethod=GET, controller=StudentPayController#productList, args=[]
2026-07-18 19:35:11.331 [http-nio-8080-exec-5] INFO  cn.yanque.common.aop.ControllerLogAspect [guid=f321b68e15c84f4ba093d2dc374809f3] - 接口开始: uri=/yq-admin/api/student/pay/required-order, httpMethod=GET, controller=StudentPayController#requiredOrder, args=[]
2026-07-18 19:35:11.334 [http-nio-8080-exec-5] INFO  cn.yanque.common.aop.ControllerLogAspect [guid=f321b68e15c84f4ba093d2dc374809f3] - 接口结束: uri=/yq-admin/api/student/pay/required-order, controller=StudentPayController#requiredOrder, cost=3ms, result={"code":200,"message":"success"}
2026-07-18 19:35:11.335 [http-nio-8080-exec-10] INFO  cn.yanque.common.aop.ControllerLogAspect [guid=b60c1f76164c4c11b6f15ede3b183988] - 接口结束: uri=/yq-admin/api/student/pay/products, controller=StudentPayController#productList, cost=4ms, result={"code":200,"message":"success","data":[{"id":4,"productCode":"fcscs","productName":"sfse","studyMode":"ONLINE","productPrice":100.00,"createdAt":"2026-06-26T21:48:13","updatedAt":"2026-06-26T21:48:13"},{"id":3,"productCode":"PROD_03","productName":"AI零基础","studyMode":"ONLINE","productPrice":30000.00,"createdAt":"2026-04-24T22:18:40","updatedAt":"2026-04-24T22:18:40"},{"id":2,"productCode":"PROD_02","productName":"JAVA零基础","studyMode":"ONLINE","productPrice":20000.00,"createdAt":"2026-04-24T22:15:07","updatedAt":"2026-04-24T22:15:07"},{"id":1,"productCode":"PROD_01","productName":"JAVA零基础","studyMode":"OFFLINE","productPrice":18800.00,"createdAt":"2026-04-12T14:21:01","updatedAt":"2026-04-16T17:19:52"}]}
2026-07-18 19:35:12.110 [http-nio-8080-exec-9] INFO  cn.yanque.common.aop.ControllerLogAspect [guid=4eefbf1492204d16a71a40014d871cfd] - 接口开始: uri=/yq-admin/api/student/pay/required-order, httpMethod=GET, controller=StudentPayController#requiredOrder, args=[]
2026-07-18 19:35:12.111 [http-nio-8080-exec-2] INFO  cn.yanque.common.aop.ControllerLogAspect [guid=b4769a10f5c24cb996f82204c1368e7b] - 接口开始: uri=/yq-admin/api/student/ai-chat/sessions, httpMethod=GET, controller=StudentAiChatController#listSessions, args=[]
2026-07-18 19:35:12.113 [http-nio-8080-exec-9] INFO  cn.yanque.common.aop.ControllerLogAspect [guid=4eefbf1492204d16a71a40014d871cfd] - 接口结束: uri=/yq-admin/api/student/pay/required-order, controller=StudentPayController#requiredOrder, cost=3ms, result={"code":200,"message":"success"}
2026-07-18 19:35:12.116 [http-nio-8080-exec-2] INFO  cn.yanque.common.aop.ControllerLogAspect [guid=b4769a10f5c24cb996f82204c1368e7b] - 接口结束: uri=/yq-admin/api/student/ai-chat/sessions, controller=StudentAiChatController#listSessions, cost=5ms, result={"code":200,"message":"success","data":[{"id":31,"title":"查一下我今天的课表","status":"ACTIVE","messageCount":4,"lastMessageAt":"2026-07-07T18:10:51","createdAt":"2026-07-07T18:03:33","updatedAt":"2026-07-07T18:10:50"},{"id":30,"title":"查看我明天的课表","status":"ACTIVE","messageCount":3,"lastMessageAt":"2026-07-07T17:49:41","createdAt":"2026-07-07T17:46:19","updatedAt":"2026-07-07T17:49:41"},{"id":29,"title":"看一下值班老师是谁","status":"ACTIVE","messageCount":5,"lastMessageAt":"2026-07-07T17:36:14","createdAt":"2026-07-07T17:30:48","updatedAt":"2026-07-07T17:36:14"},{"id":28,"title":"我想请假该怎么做？","status":"ACTIVE","messageCount":2,"lastMessageAt":"2026-07-07T15:36:24","createdAt":"2026-07-07T15:35:57","updatedAt":"2026-07-07T15:36:24"},{"id":27,"title":"我今天的值班老师谁？","status":"ACTIVE","messageCount":15,"lastMessageAt":"2026-07-07T15:32:17","createdAt":"2026-07-07T15:12:21","updatedAt":"2026-07-07T15:32:17"},{"id":26,"title":"今天的值班老师是谁？","status":"ACTIVE","messageCount":4,"lastMessageAt":"2026-07-07T15:11:49","createdAt":"2026-07-07T15:09:24","updatedAt":"2026-07-07T15:11:48"},{"id":25,"title":"我今天有什么课程？","status":"ACTIVE","messageCount":2,"lastMessageAt":"2026-07-07T14:52:42","createdAt":"2026-07-07T14:52:08","updatedAt":"2026-07-07T14:52:42"},{"id":24,"title":"我明天上什么课？","status":"ACTIVE","messageCount":2,"lastMessageAt":"2026-07-07T14:50:03","createdAt":"2026-07-07T14:48:30","updatedAt":"2026-07-07T14:50:02"},{"id":23,"title":"你好","status":"ACTIVE","messageCount":7,"lastMessageAt":"2026-07-01T21:17:59","createdAt":"2026-07-01T20:43:43","updatedAt":"2026-07-01T21:17:59"}]}
2026-07-18 19:35:12.126 [http-nio-8080-exec-1] INFO  cn.yanque.common.aop.ControllerLogAspect [guid=e2d9da3c184a4da69e6e61225feebfae] - 接口开始: uri=/yq-admin/api/student/ai-chat/sessions/31/messages, httpMethod=GET, controller=StudentAiChatController#listMessages, args=[{"name":"sessionId","value":31}]
2026-07-18 19:35:12.131 [http-nio-8080-exec-1] INFO  cn.yanque.common.aop.ControllerLogAspect [guid=e2d9da3c184a4da69e6e61225feebfae] - 接口结束: uri=/yq-admin/api/student/ai-chat/sessions/31/messages, controller=StudentAiChatController#listMessages, cost=5ms, result={"code":200,"message":"success","data":[{"id":160,"sessionId":31,"role":"user","content":"查一下我今天的课表","contentType":"markdown","tokenCount":"****","createdAt":"2026-07-07T18:03:38"},{"id":161,"sessionId":31,"role":"assistant","content":"系统查询超时，未能获取到 2026-07-07（今天）的课表数据。  \n建议稍后重试，或确认当前日期是否正确（如需查其他日期也可告诉我，我帮你尝试）。","contentType":"markdown","tokenCount":"****","modelName":"qwen-plus","finishReason":"stop","createdAt":"2026-07-07T18:06:27"},{"id":162,"sessionId":31,"role":"user","content":"再次查一下","contentType":"markdown","tokenCount":"****","createdAt":"2026-07-07T18:07:51"},{"id":163,"sessionId":31,"role":"assistant","content":"✅ 查询成功！你今天的课表如下（2026-07-07，星期二）：\n\n- 📅 课程：JAVA+AI（基础阶段）  \n- 👥 班级：第1期  \n- 📘 内容：集合框架  \n- 🧑‍🏫 授课老师：哈哈哈  \n- ⏰ 课时序号：第1节（系统中记录为 courseDayNum=1，按常规理解为当日第1节课）\n\n如需导出、查看详细时间安排（如具体上课时段），或想查其他日期的课表，欢迎随时告诉我！ 😊","contentType":"markdown","tokenCount":"****","modelName":"qwen-plus","finishReason":"stop","createdAt":"2026-07-07T18:10:51"}]}
2026-07-18 19:35:12.748 [http-nio-8080-exec-6] INFO  cn.yanque.common.aop.ControllerLogAspect [guid=792b215e2de6489ab0c7542efe901fd0] - 接口开始: uri=/yq-admin/api/student/pay/required-order, httpMethod=GET, controller=StudentPayController#requiredOrder, args=[]
2026-07-18 19:35:12.748 [http-nio-8080-exec-4] INFO  cn.yanque.common.aop.ControllerLogAspect [guid=614902f8833b4c5f87b0c7acaa683616] - 接口开始: uri=/yq-admin/api/student/profile, httpMethod=GET, controller=StudentProfileController#getProfile, args=[]
2026-07-18 19:35:12.751 [http-nio-8080-exec-6] INFO  cn.yanque.common.aop.ControllerLogAspect [guid=792b215e2de6489ab0c7542efe901fd0] - 接口结束: uri=/yq-admin/api/student/pay/required-order, controller=StudentPayController#requiredOrder, cost=3ms, result={"code":200,"message":"success"}
2026-07-18 19:35:12.753 [http-nio-8080-exec-4] INFO  cn.yanque.common.aop.ControllerLogAspect [guid=614902f8833b4c5f87b0c7acaa683616] - 接口结束: uri=/yq-admin/api/student/profile, controller=StudentProfileController#getProfile, cost=5ms, result={"code":200,"message":"success","data":{"id":12,"studentCode":"XS20260527544266","studentName":"去去去","phone":"11111111111","school":"1","education":"22","studyMode":"ONLINE","classId":5,"classTerm":1,"className":"第1期","courseId":2,"courseName":"JAVA+AI","joinTime":"Sat Jun 27 08:00:00 CST 2026"}}
2026-07-18 19:35:14.016 [http-nio-8080-exec-8] INFO  cn.yanque.common.aop.ControllerLogAspect [guid=ab37e890a63347a0b79ab00bca3dfb20] - 接口开始: uri=/yq-admin/api/student/pay/required-order, httpMethod=GET, controller=StudentPayController#requiredOrder, args=[]
2026-07-18 19:35:14.016 [http-nio-8080-exec-7] INFO  cn.yanque.common.aop.ControllerLogAspect [guid=9b1f3f7be241465a9257979c40b18cc0] - 接口开始: uri=/yq-admin/api/student/homework, httpMethod=GET, controller=StudentHomeworkController#list, args=[{"name":"req","value":{"pageNum":1,"pageSize":20}}]
2026-07-18 19:35:14.017 [http-nio-8080-exec-8] INFO  cn.yanque.common.aop.ControllerLogAspect [guid=ab37e890a63347a0b79ab00bca3dfb20] - 接口结束: uri=/yq-admin/api/student/pay/required-order, controller=StudentPayController#requiredOrder, cost=1ms, result={"code":200,"message":"success"}
2026-07-18 19:35:14.022 [http-nio-8080-exec-7] INFO  cn.yanque.common.aop.ControllerLogAspect [guid=9b1f3f7be241465a9257979c40b18cc0] - 接口结束: uri=/yq-admin/api/student/homework, controller=StudentHomeworkController#list, cost=6ms, result={"code":200,"message":"success","data":{"total":2,"pageNum":1,"pageSize":20,"records":[{"id":5,"title":"22","classId":5,"className":"第1期","classTerm":1,"homeworkDate":"2026-06-25","courseId":2,"courseName":"JAVA+AI","courseDetailId":219,"courseContentSnapshot":"集合框架","attachmentName":"homework_assignment_20260624_eaa7753d386d45a4b2d1b3ff8a0370f0fhagtb.md","attachmentUrl":"homework/assignment/2026/06/26/超级管理员/9422cc08-0143-4a57-9569-d322601afdce-homework_assignment_20260624_eaa7753d386d45a4b2d1b3ff8a0370f0fhagtb.md","attachmentType":"text/markdown","answerPublishStatus":"UNPUBLISHED","publishTeacherId":1,"publishTeacherName":"超级管理员","publishDate":"2026-06-26T17:12:58","deadline":"2026-06-25T06:00","status":"PUBLISHED","allowResubmit":false,"studentCountSnapshot":2,"createTime":"2026-06-26T17:12:58","updateTime":"2026-06-26T17:17:01","hasSubmitted":false,"submissionStatus":"EXPIRED"},{"id":4,"title":"21号作业","classId":5,"className":"第1期","classTerm":1,"homeworkDate":"2026-06-12","courseId":2,"courseName":"JAVA+AI","courseDetailId":220,"courseContentSnapshot":"大宋","attachmentName":"YanQue后台管理系统项目介绍.md","attachmentUrl":"homework/assignment/2026/06/17/超级管理员/0f180ff0-488e-43f0-bc37-bc2468610b2f-YanQue后台管理系统项目介绍.md","attachmentType":"text/markdown","answerAttachmentName":"ceshi.md","answerAttachmentUrl":"https://yqai-dev.tos-cn-shanghai.volces.com/homework/answer/20260422/41ddf1744fec4e9ca1c62b4a0bf40d11jpd9rl.md","answerAttachmentType":"text/markdown","answerPublishStatus":"PUBLISHED","answerPublishTime":"2026-04-22T21:05:49","answerPublishTeacherName":"超级管理员","publishTeacherId":1,"publishTeacherName":"超级管理员","publishDate":"2026-04-22T21:02:49","deadline":"2026-06-26T20:00","status":"PUBLISHED","allowResubmit":false,"studentCountSnapshot":0,"createTime":"2026-04-22T21:02:49","updateTime":"2026-06-26T17:46:32","hasSubmitted":false,"submissionStatus":"EXPIRED"}]}}
2026-07-18 19:35:14.606 [http-nio-8080-exec-5] INFO  cn.yanque.common.aop.ControllerLogAspect [guid=f716d44ab8964da792c35a918897bb31] - 接口开始: uri=/yq-admin/api/student/exams, httpMethod=GET, controller=StudentExamController#list, args=[]
2026-07-18 19:35:14.606 [http-nio-8080-exec-2] INFO  cn.yanque.common.aop.ControllerLogAspect [guid=24f2b91a2f204813803d7e140673eb31] - 接口开始: uri=/yq-admin/api/student/pay/required-order, httpMethod=GET, controller=StudentPayController#requiredOrder, args=[]
2026-07-18 19:35:14.606 [http-nio-8080-exec-9] INFO  cn.yanque.common.aop.ControllerLogAspect [guid=f74ca4f90a304bf0abb2dab163e11ad5] - 接口开始: uri=/yq-admin/api/student/score/overview, httpMethod=GET, controller=StudentScoreController#overview, args=[]
2026-07-18 19:35:14.606 [http-nio-8080-exec-3] INFO  cn.yanque.common.aop.ControllerLogAspect [guid=322288d28cd54e3c821ac01ca567d252] - 接口开始: uri=/yq-admin/api/student/homework, httpMethod=GET, controller=StudentHomeworkController#list, args=[{"name":"req","value":{"pageNum":1,"pageSize":6}}]
2026-07-18 19:35:14.606 [http-nio-8080-exec-10] INFO  cn.yanque.common.aop.ControllerLogAspect [guid=b54ac898bb3b453f8a8750536db23d30] - 接口开始: uri=/yq-admin/api/student/schedule, httpMethod=GET, controller=StudentScheduleController#list, args=[]
2026-07-18 19:35:14.608 [http-nio-8080-exec-2] INFO  cn.yanque.common.aop.ControllerLogAspect [guid=24f2b91a2f204813803d7e140673eb31] - 接口结束: uri=/yq-admin/api/student/pay/required-order, controller=StudentPayController#requiredOrder, cost=2ms, result={"code":200,"message":"success"}
2026-07-18 19:35:14.608 [http-nio-8080-exec-5] INFO  cn.yanque.common.aop.ControllerLogAspect [guid=f716d44ab8964da792c35a918897bb31] - 接口结束: uri=/yq-admin/api/student/exams, controller=StudentExamController#list, cost=4ms, result={"code":200,"message":"success","data":[{"id":4,"paperId":1,"classId":5,"examName":"111","startTime":"2026-06-26T10:30","endTime":"2026-06-26T11:30","status":"PUBLISHED","answerPublished":false,"createdBy":1,"createdAt":"2026-06-26T11:11:12","updatedAt":"2026-06-26T11:11:41","paperName":"Java 基础测试卷","classTerm":1,"totalScore":100.00,"durationMinutes":60,"resultVisible":false},{"id":3,"paperId":1,"classId":5,"examName":"11","startTime":"2026-06-26T10:00","endTime":"2026-06-26T11:00","status":"PUBLISHED","answerPublished":true,"answerPublishTime":"2026-06-26T11:12:13","createdBy":1,"createdAt":"2026-06-26T10:55:21","updatedAt":"2026-06-26T11:12:13","paperName":"Java 基础测试卷","classTerm":1,"totalScore":100.00,"durationMinutes":60,"resultVisible":false},{"id":2,"paperId":1,"classId":5,"examName":"11","startTime":"2026-06-26T09:00","endTime":"2026-06-26T10:00","status":"PUBLISHED","answerPublished":true,"answerPublishTime":"2026-06-26T09:50:38","createdBy":1,"createdAt":"2026-06-26T09:50:03","updatedAt":"2026-06-26T09:50:38","paperName":"Java 基础测试卷","classTerm":1,"totalScore":100.00,"durationMinutes":60,"resultVisible":false},{"id":1,"paperId":1,"classId":5,"examName":"Java 基础阶段测试","startTime":"2026-06-26T09:00","endTime":"2026-06-26T10:00","status":"PUBLISHED","answerPublished":true,"answerPublishTime":"2026-06-26T09:22:58","createdBy":1,"createdAt":"2026-06-26T09:15:16","updatedAt":"2026-06-26T09:27:32","paperName":"Java 基础测试卷","classTerm":1,"totalScore":100.00,"durationMinutes":60,"resultVisible":false}]}
2026-07-18 19:35:14.609 [http-nio-8080-exec-9] INFO  cn.yanque.common.aop.ControllerLogAspect [guid=f74ca4f90a304bf0abb2dab163e11ad5] - 接口结束: uri=/yq-admin/api/student/score/overview, controller=StudentScoreController#overview, cost=3ms, result={"code":200,"message":"success","data":{"compositeScore":0.00,"homeworkAverageScore":0,"examAverageScore":0,"bestScore":0,"publishedScoreCount":0,"homeworkScores":[],"examScores":[]}}
2026-07-18 19:35:14.610 [http-nio-8080-exec-10] INFO  cn.yanque.common.aop.ControllerLogAspect [guid=b54ac898bb3b453f8a8750536db23d30] - 接口结束: uri=/yq-admin/api/student/schedule, controller=StudentScheduleController#list, cost=4ms, result={"code":200,"message":"success","data":[{"id":5111,"classId":5,"className":"第1期","courseId":2,"courseName":"JAVA+AI","courseDetailId":219,"courseDayNum":1,"scheduleDate":"2026-07-07","scheduleType":"CLASS","courseContent":"集合框架","stageName":"基础","teacherId":6,"teacherName":"哈哈哈","createdAt":"2026-07-07 15:11:14.0"},{"id":5112,"classId":5,"className":"第1期","courseId":2,"courseName":"JAVA+AI","courseDetailId":217,"courseDayNum":2,"scheduleDate":"2026-07-08","scheduleType":"CLASS","courseContent":"efa","stageName":"进阶","teacherId":6,"teacherName":"哈哈哈","createdAt":"2026-07-07 15:11:14.0"},{"id":5113,"classId":5,"className":"第1期","courseId":2,"courseName":"JAVA+AI","scheduleDate":"2026-07-09","scheduleType":"SELF_STUDY","courseContent":"自习","createdAt":"2026-07-07 15:11:14.0"},{"id":5114,"classId":5,"className":"第1期","courseId":2,"courseName":"JAVA+AI","courseDetailId":216,"courseDayNum":3,"scheduleDate":"2026-07-10","scheduleType":"CLASS","courseContent":"sefsf","stageName":"进阶","teacherId":6,"teacherName":"哈哈哈","createdAt":"2026-07-07 15:11:14.0"},{"id":5115,"classId":5,"className":"第1期","courseId":2,"courseName":"JAVA+AI","courseDetailId":220,"courseDayNum":4,"scheduleDate":"2026-07-11","scheduleType":"CLASS","courseContent":"大宋","stageName":"spring","teacherId":6,"teacherName":"哈哈哈","createdAt":"2026-07-07 15:11:14.0"},{"id":5116,"classId":5,"className":"第1期","courseId":2,"courseName":"JAVA+AI","scheduleDate":"2026-07-12","scheduleType":"REST","courseContent":"休息","createdAt":"2026-07-07 15:11:14.0"},{"id":5117,"classId":5,"className":"第1期","courseId":2,"courseName":"JAVA+AI","courseDetailId":223,"courseDayNum":5,"scheduleDate":"2026-07-13","scheduleType":"CLASS","courseContent":"sdfs","stageName":"基础","teacherId":6,"teacherName":"哈哈哈","createdAt":"2026-07-07 15:11:14.0"},{"id":5118,"classId":5,"className":"第1期","courseId":2,"courseName":"JAVA+AI","courseDetailId":221,"courseDayNum":6,"scheduleDate":"2026-07-14","scheduleType":"CLASS","courseContent":"飞书的","stageName":"基础","teacherId":6,"teacherName":"哈哈哈","createdAt":"2026-07-07 15:11:14.0"},{"id":5119,"classId":5,"className":"第1期","courseId":2,"courseName":"JAVA+AI","courseDetailId":222,"courseDayNum":7,"scheduleDate":"2026-07-15","scheduleType":"CLASS","courseContent":"访问方法","stageName":"基础","teacherId":6,"teacherName":"哈哈哈","createdAt":"2026-07-07 15:11:14.0"},{"id":5120,"classId":5,"className":"第1期","courseId":2,"courseName":"JAVA+AI","scheduleDate":"2026-07-16","scheduleType":"SELF_STUDY","courseContent":"自习","createdAt":"2026-07-07 15:11:14.0"},{"id":5121,"classId":5,"className":"第1期","courseId":2,"courseName":"JAVA+AI","courseDetailId":224,"courseDayNum":8,"scheduleDate":"2026-07-17","scheduleType":"CLASS","courseContent":"都不会放过","stageName":"基础","teacherId":6,"teacherName":"哈哈哈","createdAt":"2026-07-07 15:11:14.0"}]}
2026-07-18 19:35:14.627 [http-nio-8080-exec-3] INFO  cn.yanque.common.aop.ControllerLogAspect [guid=322288d28cd54e3c821ac01ca567d252] - 接口结束: uri=/yq-admin/api/student/homework, controller=StudentHomeworkController#list, cost=21ms, result={"code":200,"message":"success","data":{"total":2,"pageNum":1,"pageSize":6,"records":[{"id":5,"title":"22","classId":5,"className":"第1期","classTerm":1,"homeworkDate":"2026-06-25","courseId":2,"courseName":"JAVA+AI","courseDetailId":219,"courseContentSnapshot":"集合框架","attachmentName":"homework_assignment_20260624_eaa7753d386d45a4b2d1b3ff8a0370f0fhagtb.md","attachmentUrl":"homework/assignment/2026/06/26/超级管理员/9422cc08-0143-4a57-9569-d322601afdce-homework_assignment_20260624_eaa7753d386d45a4b2d1b3ff8a0370f0fhagtb.md","attachmentType":"text/markdown","answerPublishStatus":"UNPUBLISHED","publishTeacherId":1,"publishTeacherName":"超级管理员","publishDate":"2026-06-26T17:12:58","deadline":"2026-06-25T06:00","status":"PUBLISHED","allowResubmit":false,"studentCountSnapshot":2,"createTime":"2026-06-26T17:12:58","updateTime":"2026-06-26T17:17:01","hasSubmitted":false,"submissionStatus":"EXPIRED"},{"id":4,"title":"21号作业","classId":5,"className":"第1期","classTerm":1,"homeworkDate":"2026-06-12","courseId":2,"courseName":"JAVA+AI","courseDetailId":220,"courseContentSnapshot":"大宋","attachmentName":"YanQue后台管理系统项目介绍.md","attachmentUrl":"homework/assignment/2026/06/17/超级管理员/0f180ff0-488e-43f0-bc37-bc2468610b2f-YanQue后台管理系统项目介绍.md","attachmentType":"text/markdown","answerAttachmentName":"ceshi.md","answerAttachmentUrl":"https://yqai-dev.tos-cn-shanghai.volces.com/homework/answer/20260422/41ddf1744fec4e9ca1c62b4a0bf40d11jpd9rl.md","answerAttachmentType":"text/markdown","answerPublishStatus":"PUBLISHED","answerPublishTime":"2026-04-22T21:05:49","answerPublishTeacherName":"超级管理员","publishTeacherId":1,"publishTeacherName":"超级管理员","publishDate":"2026-04-22T21:02:49","deadline":"2026-06-26T20:00","status":"PUBLISHED","allowResubmit":false,"studentCountSnapshot":0,"createTime":"2026-04-22T21:02:49","updateTime":"2026-06-26T17:46:32","hasSubmitted":false,"submissionStatus":"EXPIRED"}]}}
2026-07-18 19:35:16.456 [http-nio-8080-exec-8] INFO  cn.yanque.common.aop.ControllerLogAspect [guid=7bfc54ac8fe14fcc8a4f8ecd62accdcb] - 接口开始: uri=/yq-admin/api/student/schedule, httpMethod=GET, controller=StudentScheduleController#list, args=[]
2026-07-18 19:35:16.456 [http-nio-8080-exec-4] INFO  cn.yanque.common.aop.ControllerLogAspect [guid=58bb12321a944bd4b71f7c48fbb9d001] - 接口开始: uri=/yq-admin/api/student/exams, httpMethod=GET, controller=StudentExamController#list, args=[]
2026-07-18 19:35:16.456 [http-nio-8080-exec-1] INFO  cn.yanque.common.aop.ControllerLogAspect [guid=9626d33757894e1789364ac282069e82] - 接口开始: uri=/yq-admin/api/student/profile, httpMethod=GET, controller=StudentProfileController#getProfile, args=[]
2026-07-18 19:35:16.456 [http-nio-8080-exec-7] INFO  cn.yanque.common.aop.ControllerLogAspect [guid=6bd162bf64fa478fb10d81145b23298c] - 接口开始: uri=/yq-admin/api/student/score/overview, httpMethod=GET, controller=StudentScoreController#overview, args=[]
2026-07-18 19:35:16.457 [http-nio-8080-exec-6] INFO  cn.yanque.common.aop.ControllerLogAspect [guid=91ee925f47e2417583a18b066b62d110] - 接口开始: uri=/yq-admin/api/student/homework, httpMethod=GET, controller=StudentHomeworkController#list, args=[{"name":"req","value":{"pageNum":1,"pageSize":6}}]
2026-07-18 19:35:16.459 [http-nio-8080-exec-4] INFO  cn.yanque.common.aop.ControllerLogAspect [guid=58bb12321a944bd4b71f7c48fbb9d001] - 接口结束: uri=/yq-admin/api/student/exams, controller=StudentExamController#list, cost=2ms, result={"code":200,"message":"success","data":[{"id":4,"paperId":1,"classId":5,"examName":"111","startTime":"2026-06-26T10:30","endTime":"2026-06-26T11:30","status":"PUBLISHED","answerPublished":false,"createdBy":1,"createdAt":"2026-06-26T11:11:12","updatedAt":"2026-06-26T11:11:41","paperName":"Java 基础测试卷","classTerm":1,"totalScore":100.00,"durationMinutes":60,"resultVisible":false},{"id":3,"paperId":1,"classId":5,"examName":"11","startTime":"2026-06-26T10:00","endTime":"2026-06-26T11:00","status":"PUBLISHED","answerPublished":true,"answerPublishTime":"2026-06-26T11:12:13","createdBy":1,"createdAt":"2026-06-26T10:55:21","updatedAt":"2026-06-26T11:12:13","paperName":"Java 基础测试卷","classTerm":1,"totalScore":100.00,"durationMinutes":60,"resultVisible":false},{"id":2,"paperId":1,"classId":5,"examName":"11","startTime":"2026-06-26T09:00","endTime":"2026-06-26T10:00","status":"PUBLISHED","answerPublished":true,"answerPublishTime":"2026-06-26T09:50:38","createdBy":1,"createdAt":"2026-06-26T09:50:03","updatedAt":"2026-06-26T09:50:38","paperName":"Java 基础测试卷","classTerm":1,"totalScore":100.00,"durationMinutes":60,"resultVisible":false},{"id":1,"paperId":1,"classId":5,"examName":"Java 基础阶段测试","startTime":"2026-06-26T09:00","endTime":"2026-06-26T10:00","status":"PUBLISHED","answerPublished":true,"answerPublishTime":"2026-06-26T09:22:58","createdBy":1,"createdAt":"2026-06-26T09:15:16","updatedAt":"2026-06-26T09:27:32","paperName":"Java 基础测试卷","classTerm":1,"totalScore":100.00,"durationMinutes":60,"resultVisible":false}]}
2026-07-18 19:35:16.459 [http-nio-8080-exec-1] INFO  cn.yanque.common.aop.ControllerLogAspect [guid=9626d33757894e1789364ac282069e82] - 接口结束: uri=/yq-admin/api/student/profile, controller=StudentProfileController#getProfile, cost=3ms, result={"code":200,"message":"success","data":{"id":12,"studentCode":"XS20260527544266","studentName":"去去去","phone":"11111111111","school":"1","education":"22","studyMode":"ONLINE","classId":5,"classTerm":1,"className":"第1期","courseId":2,"courseName":"JAVA+AI","joinTime":"Sat Jun 27 08:00:00 CST 2026"}}
2026-07-18 19:35:16.459 [http-nio-8080-exec-7] INFO  cn.yanque.common.aop.ControllerLogAspect [guid=6bd162bf64fa478fb10d81145b23298c] - 接口结束: uri=/yq-admin/api/student/score/overview, controller=StudentScoreController#overview, cost=3ms, result={"code":200,"message":"success","data":{"compositeScore":0.00,"homeworkAverageScore":0,"examAverageScore":0,"bestScore":0,"publishedScoreCount":0,"homeworkScores":[],"examScores":[]}}
2026-07-18 19:35:16.462 [http-nio-8080-exec-8] INFO  cn.yanque.common.aop.ControllerLogAspect [guid=7bfc54ac8fe14fcc8a4f8ecd62accdcb] - 接口结束: uri=/yq-admin/api/student/schedule, controller=StudentScheduleController#list, cost=4ms, result={"code":200,"message":"success","data":[{"id":5111,"classId":5,"className":"第1期","courseId":2,"courseName":"JAVA+AI","courseDetailId":219,"courseDayNum":1,"scheduleDate":"2026-07-07","scheduleType":"CLASS","courseContent":"集合框架","stageName":"基础","teacherId":6,"teacherName":"哈哈哈","createdAt":"2026-07-07 15:11:14.0"},{"id":5112,"classId":5,"className":"第1期","courseId":2,"courseName":"JAVA+AI","courseDetailId":217,"courseDayNum":2,"scheduleDate":"2026-07-08","scheduleType":"CLASS","courseContent":"efa","stageName":"进阶","teacherId":6,"teacherName":"哈哈哈","createdAt":"2026-07-07 15:11:14.0"},{"id":5113,"classId":5,"className":"第1期","courseId":2,"courseName":"JAVA+AI","scheduleDate":"2026-07-09","scheduleType":"SELF_STUDY","courseContent":"自习","createdAt":"2026-07-07 15:11:14.0"},{"id":5114,"classId":5,"className":"第1期","courseId":2,"courseName":"JAVA+AI","courseDetailId":216,"courseDayNum":3,"scheduleDate":"2026-07-10","scheduleType":"CLASS","courseContent":"sefsf","stageName":"进阶","teacherId":6,"teacherName":"哈哈哈","createdAt":"2026-07-07 15:11:14.0"},{"id":5115,"classId":5,"className":"第1期","courseId":2,"courseName":"JAVA+AI","courseDetailId":220,"courseDayNum":4,"scheduleDate":"2026-07-11","scheduleType":"CLASS","courseContent":"大宋","stageName":"spring","teacherId":6,"teacherName":"哈哈哈","createdAt":"2026-07-07 15:11:14.0"},{"id":5116,"classId":5,"className":"第1期","courseId":2,"courseName":"JAVA+AI","scheduleDate":"2026-07-12","scheduleType":"REST","courseContent":"休息","createdAt":"2026-07-07 15:11:14.0"},{"id":5117,"classId":5,"className":"第1期","courseId":2,"courseName":"JAVA+AI","courseDetailId":223,"courseDayNum":5,"scheduleDate":"2026-07-13","scheduleType":"CLASS","courseContent":"sdfs","stageName":"基础","teacherId":6,"teacherName":"哈哈哈","createdAt":"2026-07-07 15:11:14.0"},{"id":5118,"classId":5,"className":"第1期","courseId":2,"courseName":"JAVA+AI","courseDetailId":221,"courseDayNum":6,"scheduleDate":"2026-07-14","scheduleType":"CLASS","courseContent":"飞书的","stageName":"基础","teacherId":6,"teacherName":"哈哈哈","createdAt":"2026-07-07 15:11:14.0"},{"id":5119,"classId":5,"className":"第1期","courseId":2,"courseName":"JAVA+AI","courseDetailId":222,"courseDayNum":7,"scheduleDate":"2026-07-15","scheduleType":"CLASS","courseContent":"访问方法","stageName":"基础","teacherId":6,"teacherName":"哈哈哈","createdAt":"2026-07-07 15:11:14.0"},{"id":5120,"classId":5,"className":"第1期","courseId":2,"courseName":"JAVA+AI","scheduleDate":"2026-07-16","scheduleType":"SELF_STUDY","courseContent":"自习","createdAt":"2026-07-07 15:11:14.0"},{"id":5121,"classId":5,"className":"第1期","courseId":2,"courseName":"JAVA+AI","courseDetailId":224,"courseDayNum":8,"scheduleDate":"2026-07-17","scheduleType":"CLASS","courseContent":"都不会放过","stageName":"基础","teacherId":6,"teacherName":"哈哈哈","createdAt":"2026-07-07 15:11:14.0"}]}
2026-07-18 19:35:16.464 [http-nio-8080-exec-6] INFO  cn.yanque.common.aop.ControllerLogAspect [guid=91ee925f47e2417583a18b066b62d110] - 接口结束: uri=/yq-admin/api/student/homework, controller=StudentHomeworkController#list, cost=7ms, result={"code":200,"message":"success","data":{"total":2,"pageNum":1,"pageSize":6,"records":[{"id":5,"title":"22","classId":5,"className":"第1期","classTerm":1,"homeworkDate":"2026-06-25","courseId":2,"courseName":"JAVA+AI","courseDetailId":219,"courseContentSnapshot":"集合框架","attachmentName":"homework_assignment_20260624_eaa7753d386d45a4b2d1b3ff8a0370f0fhagtb.md","attachmentUrl":"homework/assignment/2026/06/26/超级管理员/9422cc08-0143-4a57-9569-d322601afdce-homework_assignment_20260624_eaa7753d386d45a4b2d1b3ff8a0370f0fhagtb.md","attachmentType":"text/markdown","answerPublishStatus":"UNPUBLISHED","publishTeacherId":1,"publishTeacherName":"超级管理员","publishDate":"2026-06-26T17:12:58","deadline":"2026-06-25T06:00","status":"PUBLISHED","allowResubmit":false,"studentCountSnapshot":2,"createTime":"2026-06-26T17:12:58","updateTime":"2026-06-26T17:17:01","hasSubmitted":false,"submissionStatus":"EXPIRED"},{"id":4,"title":"21号作业","classId":5,"className":"第1期","classTerm":1,"homeworkDate":"2026-06-12","courseId":2,"courseName":"JAVA+AI","courseDetailId":220,"courseContentSnapshot":"大宋","attachmentName":"YanQue后台管理系统项目介绍.md","attachmentUrl":"homework/assignment/2026/06/17/超级管理员/0f180ff0-488e-43f0-bc37-bc2468610b2f-YanQue后台管理系统项目介绍.md","attachmentType":"text/markdown","answerAttachmentName":"ceshi.md","answerAttachmentUrl":"https://yqai-dev.tos-cn-shanghai.volces.com/homework/answer/20260422/41ddf1744fec4e9ca1c62b4a0bf40d11jpd9rl.md","answerAttachmentType":"text/markdown","answerPublishStatus":"PUBLISHED","answerPublishTime":"2026-04-22T21:05:49","answerPublishTeacherName":"超级管理员","publishTeacherId":1,"publishTeacherName":"超级管理员","publishDate":"2026-04-22T21:02:49","deadline":"2026-06-26T20:00","status":"PUBLISHED","allowResubmit":false,"studentCountSnapshot":0,"createTime":"2026-04-22T21:02:49","updateTime":"2026-06-26T17:46:32","hasSubmitted":false,"submissionStatus":"EXPIRED"}]}}
2026-07-18 19:35:16.955 [http-nio-8080-exec-3] INFO  cn.yanque.common.aop.ControllerLogAspect [guid=5c2bb75f4bda43d0b6df393c529fc94f] - 接口开始: uri=/yq-admin/api/student/score/overview, httpMethod=GET, controller=StudentScoreController#overview, args=[]
2026-07-18 19:35:16.955 [http-nio-8080-exec-10] INFO  cn.yanque.common.aop.ControllerLogAspect [guid=3906e106c2704c5e97e2e9d0965281c1] - 接口开始: uri=/yq-admin/api/student/schedule, httpMethod=GET, controller=StudentScheduleController#list, args=[]
2026-07-18 19:35:16.955 [http-nio-8080-exec-5] INFO  cn.yanque.common.aop.ControllerLogAspect [guid=456431ea8b8b40db804b709d5e96530c] - 接口开始: uri=/yq-admin/api/student/profile, httpMethod=GET, controller=StudentProfileController#getProfile, args=[]
2026-07-18 19:35:16.955 [http-nio-8080-exec-9] INFO  cn.yanque.common.aop.ControllerLogAspect [guid=c0587db5d029499db188b37204fd8aca] - 接口开始: uri=/yq-admin/api/student/exams, httpMethod=GET, controller=StudentExamController#list, args=[]
2026-07-18 19:35:16.956 [http-nio-8080-exec-2] INFO  cn.yanque.common.aop.ControllerLogAspect [guid=77a7dac0ee504b8886e654d02ab3943b] - 接口开始: uri=/yq-admin/api/student/homework, httpMethod=GET, controller=StudentHomeworkController#list, args=[{"name":"req","value":{"pageNum":1,"pageSize":6}}]
2026-07-18 19:35:16.957 [http-nio-8080-exec-9] INFO  cn.yanque.common.aop.ControllerLogAspect [guid=c0587db5d029499db188b37204fd8aca] - 接口结束: uri=/yq-admin/api/student/exams, controller=StudentExamController#list, cost=2ms, result={"code":200,"message":"success","data":[{"id":4,"paperId":1,"classId":5,"examName":"111","startTime":"2026-06-26T10:30","endTime":"2026-06-26T11:30","status":"PUBLISHED","answerPublished":false,"createdBy":1,"createdAt":"2026-06-26T11:11:12","updatedAt":"2026-06-26T11:11:41","paperName":"Java 基础测试卷","classTerm":1,"totalScore":100.00,"durationMinutes":60,"resultVisible":false},{"id":3,"paperId":1,"classId":5,"examName":"11","startTime":"2026-06-26T10:00","endTime":"2026-06-26T11:00","status":"PUBLISHED","answerPublished":true,"answerPublishTime":"2026-06-26T11:12:13","createdBy":1,"createdAt":"2026-06-26T10:55:21","updatedAt":"2026-06-26T11:12:13","paperName":"Java 基础测试卷","classTerm":1,"totalScore":100.00,"durationMinutes":60,"resultVisible":false},{"id":2,"paperId":1,"classId":5,"examName":"11","startTime":"2026-06-26T09:00","endTime":"2026-06-26T10:00","status":"PUBLISHED","answerPublished":true,"answerPublishTime":"2026-06-26T09:50:38","createdBy":1,"createdAt":"2026-06-26T09:50:03","updatedAt":"2026-06-26T09:50:38","paperName":"Java 基础测试卷","classTerm":1,"totalScore":100.00,"durationMinutes":60,"resultVisible":false},{"id":1,"paperId":1,"classId":5,"examName":"Java 基础阶段测试","startTime":"2026-06-26T09:00","endTime":"2026-06-26T10:00","status":"PUBLISHED","answerPublished":true,"answerPublishTime":"2026-06-26T09:22:58","createdBy":1,"createdAt":"2026-06-26T09:15:16","updatedAt":"2026-06-26T09:27:32","paperName":"Java 基础测试卷","classTerm":1,"totalScore":100.00,"durationMinutes":60,"resultVisible":false}]}
2026-07-18 19:35:16.958 [http-nio-8080-exec-5] INFO  cn.yanque.common.aop.ControllerLogAspect [guid=456431ea8b8b40db804b709d5e96530c] - 接口结束: uri=/yq-admin/api/student/profile, controller=StudentProfileController#getProfile, cost=3ms, result={"code":200,"message":"success","data":{"id":12,"studentCode":"XS20260527544266","studentName":"去去去","phone":"11111111111","school":"1","education":"22","studyMode":"ONLINE","classId":5,"classTerm":1,"className":"第1期","courseId":2,"courseName":"JAVA+AI","joinTime":"Sat Jun 27 08:00:00 CST 2026"}}
2026-07-18 19:35:16.958 [http-nio-8080-exec-3] INFO  cn.yanque.common.aop.ControllerLogAspect [guid=5c2bb75f4bda43d0b6df393c529fc94f] - 接口结束: uri=/yq-admin/api/student/score/overview, controller=StudentScoreController#overview, cost=3ms, result={"code":200,"message":"success","data":{"compositeScore":0.00,"homeworkAverageScore":0,"examAverageScore":0,"bestScore":0,"publishedScoreCount":0,"homeworkScores":[],"examScores":[]}}
2026-07-18 19:35:16.960 [http-nio-8080-exec-10] INFO  cn.yanque.common.aop.ControllerLogAspect [guid=3906e106c2704c5e97e2e9d0965281c1] - 接口结束: uri=/yq-admin/api/student/schedule, controller=StudentScheduleController#list, cost=5ms, result={"code":200,"message":"success","data":[{"id":5111,"classId":5,"className":"第1期","courseId":2,"courseName":"JAVA+AI","courseDetailId":219,"courseDayNum":1,"scheduleDate":"2026-07-07","scheduleType":"CLASS","courseContent":"集合框架","stageName":"基础","teacherId":6,"teacherName":"哈哈哈","createdAt":"2026-07-07 15:11:14.0"},{"id":5112,"classId":5,"className":"第1期","courseId":2,"courseName":"JAVA+AI","courseDetailId":217,"courseDayNum":2,"scheduleDate":"2026-07-08","scheduleType":"CLASS","courseContent":"efa","stageName":"进阶","teacherId":6,"teacherName":"哈哈哈","createdAt":"2026-07-07 15:11:14.0"},{"id":5113,"classId":5,"className":"第1期","courseId":2,"courseName":"JAVA+AI","scheduleDate":"2026-07-09","scheduleType":"SELF_STUDY","courseContent":"自习","createdAt":"2026-07-07 15:11:14.0"},{"id":5114,"classId":5,"className":"第1期","courseId":2,"courseName":"JAVA+AI","courseDetailId":216,"courseDayNum":3,"scheduleDate":"2026-07-10","scheduleType":"CLASS","courseContent":"sefsf","stageName":"进阶","teacherId":6,"teacherName":"哈哈哈","createdAt":"2026-07-07 15:11:14.0"},{"id":5115,"classId":5,"className":"第1期","courseId":2,"courseName":"JAVA+AI","courseDetailId":220,"courseDayNum":4,"scheduleDate":"2026-07-11","scheduleType":"CLASS","courseContent":"大宋","stageName":"spring","teacherId":6,"teacherName":"哈哈哈","createdAt":"2026-07-07 15:11:14.0"},{"id":5116,"classId":5,"className":"第1期","courseId":2,"courseName":"JAVA+AI","scheduleDate":"2026-07-12","scheduleType":"REST","courseContent":"休息","createdAt":"2026-07-07 15:11:14.0"},{"id":5117,"classId":5,"className":"第1期","courseId":2,"courseName":"JAVA+AI","courseDetailId":223,"courseDayNum":5,"scheduleDate":"2026-07-13","scheduleType":"CLASS","courseContent":"sdfs","stageName":"基础","teacherId":6,"teacherName":"哈哈哈","createdAt":"2026-07-07 15:11:14.0"},{"id":5118,"classId":5,"className":"第1期","courseId":2,"courseName":"JAVA+AI","courseDetailId":221,"courseDayNum":6,"scheduleDate":"2026-07-14","scheduleType":"CLASS","courseContent":"飞书的","stageName":"基础","teacherId":6,"teacherName":"哈哈哈","createdAt":"2026-07-07 15:11:14.0"},{"id":5119,"classId":5,"className":"第1期","courseId":2,"courseName":"JAVA+AI","courseDetailId":222,"courseDayNum":7,"scheduleDate":"2026-07-15","scheduleType":"CLASS","courseContent":"访问方法","stageName":"基础","teacherId":6,"teacherName":"哈哈哈","createdAt":"2026-07-07 15:11:14.0"},{"id":5120,"classId":5,"className":"第1期","courseId":2,"courseName":"JAVA+AI","scheduleDate":"2026-07-16","scheduleType":"SELF_STUDY","courseContent":"自习","createdAt":"2026-07-07 15:11:14.0"},{"id":5121,"classId":5,"className":"第1期","courseId":2,"courseName":"JAVA+AI","courseDetailId":224,"courseDayNum":8,"scheduleDate":"2026-07-17","scheduleType":"CLASS","courseContent":"都不会放过","stageName":"基础","teacherId":6,"teacherName":"哈哈哈","createdAt":"2026-07-07 15:11:14.0"}]}
2026-07-18 19:35:16.962 [http-nio-8080-exec-2] INFO  cn.yanque.common.aop.ControllerLogAspect [guid=77a7dac0ee504b8886e654d02ab3943b] - 接口结束: uri=/yq-admin/api/student/homework, controller=StudentHomeworkController#list, cost=7ms, result={"code":200,"message":"success","data":{"total":2,"pageNum":1,"pageSize":6,"records":[{"id":5,"title":"22","classId":5,"className":"第1期","classTerm":1,"homeworkDate":"2026-06-25","courseId":2,"courseName":"JAVA+AI","courseDetailId":219,"courseContentSnapshot":"集合框架","attachmentName":"homework_assignment_20260624_eaa7753d386d45a4b2d1b3ff8a0370f0fhagtb.md","attachmentUrl":"homework/assignment/2026/06/26/超级管理员/9422cc08-0143-4a57-9569-d322601afdce-homework_assignment_20260624_eaa7753d386d45a4b2d1b3ff8a0370f0fhagtb.md","attachmentType":"text/markdown","answerPublishStatus":"UNPUBLISHED","publishTeacherId":1,"publishTeacherName":"超级管理员","publishDate":"2026-06-26T17:12:58","deadline":"2026-06-25T06:00","status":"PUBLISHED","allowResubmit":false,"studentCountSnapshot":2,"createTime":"2026-06-26T17:12:58","updateTime":"2026-06-26T17:17:01","hasSubmitted":false,"submissionStatus":"EXPIRED"},{"id":4,"title":"21号作业","classId":5,"className":"第1期","classTerm":1,"homeworkDate":"2026-06-12","courseId":2,"courseName":"JAVA+AI","courseDetailId":220,"courseContentSnapshot":"大宋","attachmentName":"YanQue后台管理系统项目介绍.md","attachmentUrl":"homework/assignment/2026/06/17/超级管理员/0f180ff0-488e-43f0-bc37-bc2468610b2f-YanQue后台管理系统项目介绍.md","attachmentType":"text/markdown","answerAttachmentName":"ceshi.md","answerAttachmentUrl":"https://yqai-dev.tos-cn-shanghai.volces.com/homework/answer/20260422/41ddf1744fec4e9ca1c62b4a0bf40d11jpd9rl.md","answerAttachmentType":"text/markdown","answerPublishStatus":"PUBLISHED","answerPublishTime":"2026-04-22T21:05:49","answerPublishTeacherName":"超级管理员","publishTeacherId":1,"publishTeacherName":"超级管理员","publishDate":"2026-04-22T21:02:49","deadline":"2026-06-26T20:00","status":"PUBLISHED","allowResubmit":false,"studentCountSnapshot":0,"createTime":"2026-04-22T21:02:49","updateTime":"2026-06-26T17:46:32","hasSubmitted":false,"submissionStatus":"EXPIRED"}]}}
2026-07-18 19:35:17.130 [http-nio-8080-exec-7] INFO  cn.yanque.common.aop.ControllerLogAspect [guid=94ed49531c8f4555a49277ef5a60bfe5] - 接口开始: uri=/yq-admin/api/student/exams, httpMethod=GET, controller=StudentExamController#list, args=[]
2026-07-18 19:35:17.130 [http-nio-8080-exec-1] INFO  cn.yanque.common.aop.ControllerLogAspect [guid=9ff98d141d4944dea158facc655d05e5] - 接口开始: uri=/yq-admin/api/student/profile, httpMethod=GET, controller=StudentProfileController#getProfile, args=[]
2026-07-18 19:35:17.130 [http-nio-8080-exec-4] INFO  cn.yanque.common.aop.ControllerLogAspect [guid=7afff34b65ad4487905b278b33c6cbab] - 接口开始: uri=/yq-admin/api/student/homework, httpMethod=GET, controller=StudentHomeworkController#list, args=[{"name":"req","value":{"pageNum":1,"pageSize":6}}]
2026-07-18 19:35:17.131 [http-nio-8080-exec-8] INFO  cn.yanque.common.aop.ControllerLogAspect [guid=dd25113bf3e144eba1570a28e09ee1d2] - 接口开始: uri=/yq-admin/api/student/schedule, httpMethod=GET, controller=StudentScheduleController#list, args=[]
2026-07-18 19:35:17.131 [http-nio-8080-exec-6] INFO  cn.yanque.common.aop.ControllerLogAspect [guid=288fdfe6c1894f6c80eb6a714c8132c9] - 接口开始: uri=/yq-admin/api/student/score/overview, httpMethod=GET, controller=StudentScoreController#overview, args=[]
2026-07-18 19:35:17.132 [http-nio-8080-exec-7] INFO  cn.yanque.common.aop.ControllerLogAspect [guid=94ed49531c8f4555a49277ef5a60bfe5] - 接口结束: uri=/yq-admin/api/student/exams, controller=StudentExamController#list, cost=2ms, result={"code":200,"message":"success","data":[{"id":4,"paperId":1,"classId":5,"examName":"111","startTime":"2026-06-26T10:30","endTime":"2026-06-26T11:30","status":"PUBLISHED","answerPublished":false,"createdBy":1,"createdAt":"2026-06-26T11:11:12","updatedAt":"2026-06-26T11:11:41","paperName":"Java 基础测试卷","classTerm":1,"totalScore":100.00,"durationMinutes":60,"resultVisible":false},{"id":3,"paperId":1,"classId":5,"examName":"11","startTime":"2026-06-26T10:00","endTime":"2026-06-26T11:00","status":"PUBLISHED","answerPublished":true,"answerPublishTime":"2026-06-26T11:12:13","createdBy":1,"createdAt":"2026-06-26T10:55:21","updatedAt":"2026-06-26T11:12:13","paperName":"Java 基础测试卷","classTerm":1,"totalScore":100.00,"durationMinutes":60,"resultVisible":false},{"id":2,"paperId":1,"classId":5,"examName":"11","startTime":"2026-06-26T09:00","endTime":"2026-06-26T10:00","status":"PUBLISHED","answerPublished":true,"answerPublishTime":"2026-06-26T09:50:38","createdBy":1,"createdAt":"2026-06-26T09:50:03","updatedAt":"2026-06-26T09:50:38","paperName":"Java 基础测试卷","classTerm":1,"totalScore":100.00,"durationMinutes":60,"resultVisible":false},{"id":1,"paperId":1,"classId":5,"examName":"Java 基础阶段测试","startTime":"2026-06-26T09:00","endTime":"2026-06-26T10:00","status":"PUBLISHED","answerPublished":true,"answerPublishTime":"2026-06-26T09:22:58","createdBy":1,"createdAt":"2026-06-26T09:15:16","updatedAt":"2026-06-26T09:27:32","paperName":"Java 基础测试卷","classTerm":1,"totalScore":100.00,"durationMinutes":60,"resultVisible":false}]}
2026-07-18 19:35:17.132 [http-nio-8080-exec-1] INFO  cn.yanque.common.aop.ControllerLogAspect [guid=9ff98d141d4944dea158facc655d05e5] - 接口结束: uri=/yq-admin/api/student/profile, controller=StudentProfileController#getProfile, cost=2ms, result={"code":200,"message":"success","data":{"id":12,"studentCode":"XS20260527544266","studentName":"去去去","phone":"11111111111","school":"1","education":"22","studyMode":"ONLINE","classId":5,"classTerm":1,"className":"第1期","courseId":2,"courseName":"JAVA+AI","joinTime":"Sat Jun 27 08:00:00 CST 2026"}}
2026-07-18 19:35:17.135 [http-nio-8080-exec-6] INFO  cn.yanque.common.aop.ControllerLogAspect [guid=288fdfe6c1894f6c80eb6a714c8132c9] - 接口结束: uri=/yq-admin/api/student/score/overview, controller=StudentScoreController#overview, cost=4ms, result={"code":200,"message":"success","data":{"compositeScore":0.00,"homeworkAverageScore":0,"examAverageScore":0,"bestScore":0,"publishedScoreCount":0,"homeworkScores":[],"examScores":[]}}
2026-07-18 19:35:17.135 [http-nio-8080-exec-8] INFO  cn.yanque.common.aop.ControllerLogAspect [guid=dd25113bf3e144eba1570a28e09ee1d2] - 接口结束: uri=/yq-admin/api/student/schedule, controller=StudentScheduleController#list, cost=4ms, result={"code":200,"message":"success","data":[{"id":5111,"classId":5,"className":"第1期","courseId":2,"courseName":"JAVA+AI","courseDetailId":219,"courseDayNum":1,"scheduleDate":"2026-07-07","scheduleType":"CLASS","courseContent":"集合框架","stageName":"基础","teacherId":6,"teacherName":"哈哈哈","createdAt":"2026-07-07 15:11:14.0"},{"id":5112,"classId":5,"className":"第1期","courseId":2,"courseName":"JAVA+AI","courseDetailId":217,"courseDayNum":2,"scheduleDate":"2026-07-08","scheduleType":"CLASS","courseContent":"efa","stageName":"进阶","teacherId":6,"teacherName":"哈哈哈","createdAt":"2026-07-07 15:11:14.0"},{"id":5113,"classId":5,"className":"第1期","courseId":2,"courseName":"JAVA+AI","scheduleDate":"2026-07-09","scheduleType":"SELF_STUDY","courseContent":"自习","createdAt":"2026-07-07 15:11:14.0"},{"id":5114,"classId":5,"className":"第1期","courseId":2,"courseName":"JAVA+AI","courseDetailId":216,"courseDayNum":3,"scheduleDate":"2026-07-10","scheduleType":"CLASS","courseContent":"sefsf","stageName":"进阶","teacherId":6,"teacherName":"哈哈哈","createdAt":"2026-07-07 15:11:14.0"},{"id":5115,"classId":5,"className":"第1期","courseId":2,"courseName":"JAVA+AI","courseDetailId":220,"courseDayNum":4,"scheduleDate":"2026-07-11","scheduleType":"CLASS","courseContent":"大宋","stageName":"spring","teacherId":6,"teacherName":"哈哈哈","createdAt":"2026-07-07 15:11:14.0"},{"id":5116,"classId":5,"className":"第1期","courseId":2,"courseName":"JAVA+AI","scheduleDate":"2026-07-12","scheduleType":"REST","courseContent":"休息","createdAt":"2026-07-07 15:11:14.0"},{"id":5117,"classId":5,"className":"第1期","courseId":2,"courseName":"JAVA+AI","courseDetailId":223,"courseDayNum":5,"scheduleDate":"2026-07-13","scheduleType":"CLASS","courseContent":"sdfs","stageName":"基础","teacherId":6,"teacherName":"哈哈哈","createdAt":"2026-07-07 15:11:14.0"},{"id":5118,"classId":5,"className":"第1期","courseId":2,"courseName":"JAVA+AI","courseDetailId":221,"courseDayNum":6,"scheduleDate":"2026-07-14","scheduleType":"CLASS","courseContent":"飞书的","stageName":"基础","teacherId":6,"teacherName":"哈哈哈","createdAt":"2026-07-07 15:11:14.0"},{"id":5119,"classId":5,"className":"第1期","courseId":2,"courseName":"JAVA+AI","courseDetailId":222,"courseDayNum":7,"scheduleDate":"2026-07-15","scheduleType":"CLASS","courseContent":"访问方法","stageName":"基础","teacherId":6,"teacherName":"哈哈哈","createdAt":"2026-07-07 15:11:14.0"},{"id":5120,"classId":5,"className":"第1期","courseId":2,"courseName":"JAVA+AI","scheduleDate":"2026-07-16","scheduleType":"SELF_STUDY","courseContent":"自习","createdAt":"2026-07-07 15:11:14.0"},{"id":5121,"classId":5,"className":"第1期","courseId":2,"courseName":"JAVA+AI","courseDetailId":224,"courseDayNum":8,"scheduleDate":"2026-07-17","scheduleType":"CLASS","courseContent":"都不会放过","stageName":"基础","teacherId":6,"teacherName":"哈哈哈","createdAt":"2026-07-07 15:11:14.0"}]}
2026-07-18 19:35:17.137 [http-nio-8080-exec-4] INFO  cn.yanque.common.aop.ControllerLogAspect [guid=7afff34b65ad4487905b278b33c6cbab] - 接口结束: uri=/yq-admin/api/student/homework, controller=StudentHomeworkController#list, cost=7ms, result={"code":200,"message":"success","data":{"total":2,"pageNum":1,"pageSize":6,"records":[{"id":5,"title":"22","classId":5,"className":"第1期","classTerm":1,"homeworkDate":"2026-06-25","courseId":2,"courseName":"JAVA+AI","courseDetailId":219,"courseContentSnapshot":"集合框架","attachmentName":"homework_assignment_20260624_eaa7753d386d45a4b2d1b3ff8a0370f0fhagtb.md","attachmentUrl":"homework/assignment/2026/06/26/超级管理员/9422cc08-0143-4a57-9569-d322601afdce-homework_assignment_20260624_eaa7753d386d45a4b2d1b3ff8a0370f0fhagtb.md","attachmentType":"text/markdown","answerPublishStatus":"UNPUBLISHED","publishTeacherId":1,"publishTeacherName":"超级管理员","publishDate":"2026-06-26T17:12:58","deadline":"2026-06-25T06:00","status":"PUBLISHED","allowResubmit":false,"studentCountSnapshot":2,"createTime":"2026-06-26T17:12:58","updateTime":"2026-06-26T17:17:01","hasSubmitted":false,"submissionStatus":"EXPIRED"},{"id":4,"title":"21号作业","classId":5,"className":"第1期","classTerm":1,"homeworkDate":"2026-06-12","courseId":2,"courseName":"JAVA+AI","courseDetailId":220,"courseContentSnapshot":"大宋","attachmentName":"YanQue后台管理系统项目介绍.md","attachmentUrl":"homework/assignment/2026/06/17/超级管理员/0f180ff0-488e-43f0-bc37-bc2468610b2f-YanQue后台管理系统项目介绍.md","attachmentType":"text/markdown","answerAttachmentName":"ceshi.md","answerAttachmentUrl":"https://yqai-dev.tos-cn-shanghai.volces.com/homework/answer/20260422/41ddf1744fec4e9ca1c62b4a0bf40d11jpd9rl.md","answerAttachmentType":"text/markdown","answerPublishStatus":"PUBLISHED","answerPublishTime":"2026-04-22T21:05:49","answerPublishTeacherName":"超级管理员","publishTeacherId":1,"publishTeacherName":"超级管理员","publishDate":"2026-04-22T21:02:49","deadline":"2026-06-26T20:00","status":"PUBLISHED","allowResubmit":false,"studentCountSnapshot":0,"createTime":"2026-04-22T21:02:49","updateTime":"2026-06-26T17:46:32","hasSubmitted":false,"submissionStatus":"EXPIRED"}]}}
2026-07-18 19:35:17.300 [http-nio-8080-exec-9] INFO  cn.yanque.common.aop.ControllerLogAspect [guid=961f2cd0cea6413ea9db317400e6d4a0] - 接口开始: uri=/yq-admin/api/student/profile, httpMethod=GET, controller=StudentProfileController#getProfile, args=[]
2026-07-18 19:35:17.300 [http-nio-8080-exec-10] INFO  cn.yanque.common.aop.ControllerLogAspect [guid=c58d607a68f64da49fcd49d510ae238b] - 接口开始: uri=/yq-admin/api/student/exams, httpMethod=GET, controller=StudentExamController#list, args=[]
2026-07-18 19:35:17.301 [http-nio-8080-exec-5] INFO  cn.yanque.common.aop.ControllerLogAspect [guid=037827117b4e4f6aabf008c250a35323] - 接口开始: uri=/yq-admin/api/student/score/overview, httpMethod=GET, controller=StudentScoreController#overview, args=[]
2026-07-18 19:35:17.301 [http-nio-8080-exec-2] INFO  cn.yanque.common.aop.ControllerLogAspect [guid=ec7ba4f1e05147a586db44333f460f41] - 接口开始: uri=/yq-admin/api/student/schedule, httpMethod=GET, controller=StudentScheduleController#list, args=[]
2026-07-18 19:35:17.301 [http-nio-8080-exec-3] INFO  cn.yanque.common.aop.ControllerLogAspect [guid=9334460ea16449018b11ca3450b01a68] - 接口开始: uri=/yq-admin/api/student/homework, httpMethod=GET, controller=StudentHomeworkController#list, args=[{"name":"req","value":{"pageNum":1,"pageSize":6}}]
2026-07-18 19:35:17.302 [http-nio-8080-exec-9] INFO  cn.yanque.common.aop.ControllerLogAspect [guid=961f2cd0cea6413ea9db317400e6d4a0] - 接口结束: uri=/yq-admin/api/student/profile, controller=StudentProfileController#getProfile, cost=2ms, result={"code":200,"message":"success","data":{"id":12,"studentCode":"XS20260527544266","studentName":"去去去","phone":"11111111111","school":"1","education":"22","studyMode":"ONLINE","classId":5,"classTerm":1,"className":"第1期","courseId":2,"courseName":"JAVA+AI","joinTime":"Sat Jun 27 08:00:00 CST 2026"}}
2026-07-18 19:35:17.302 [http-nio-8080-exec-10] INFO  cn.yanque.common.aop.ControllerLogAspect [guid=c58d607a68f64da49fcd49d510ae238b] - 接口结束: uri=/yq-admin/api/student/exams, controller=StudentExamController#list, cost=2ms, result={"code":200,"message":"success","data":[{"id":4,"paperId":1,"classId":5,"examName":"111","startTime":"2026-06-26T10:30","endTime":"2026-06-26T11:30","status":"PUBLISHED","answerPublished":false,"createdBy":1,"createdAt":"2026-06-26T11:11:12","updatedAt":"2026-06-26T11:11:41","paperName":"Java 基础测试卷","classTerm":1,"totalScore":100.00,"durationMinutes":60,"resultVisible":false},{"id":3,"paperId":1,"classId":5,"examName":"11","startTime":"2026-06-26T10:00","endTime":"2026-06-26T11:00","status":"PUBLISHED","answerPublished":true,"answerPublishTime":"2026-06-26T11:12:13","createdBy":1,"createdAt":"2026-06-26T10:55:21","updatedAt":"2026-06-26T11:12:13","paperName":"Java 基础测试卷","classTerm":1,"totalScore":100.00,"durationMinutes":60,"resultVisible":false},{"id":2,"paperId":1,"classId":5,"examName":"11","startTime":"2026-06-26T09:00","endTime":"2026-06-26T10:00","status":"PUBLISHED","answerPublished":true,"answerPublishTime":"2026-06-26T09:50:38","createdBy":1,"createdAt":"2026-06-26T09:50:03","updatedAt":"2026-06-26T09:50:38","paperName":"Java 基础测试卷","classTerm":1,"totalScore":100.00,"durationMinutes":60,"resultVisible":false},{"id":1,"paperId":1,"classId":5,"examName":"Java 基础阶段测试","startTime":"2026-06-26T09:00","endTime":"2026-06-26T10:00","status":"PUBLISHED","answerPublished":true,"answerPublishTime":"2026-06-26T09:22:58","createdBy":1,"createdAt":"2026-06-26T09:15:16","updatedAt":"2026-06-26T09:27:32","paperName":"Java 基础测试卷","classTerm":1,"totalScore":100.00,"durationMinutes":60,"resultVisible":false}]}
2026-07-18 19:35:17.304 [http-nio-8080-exec-5] INFO  cn.yanque.common.aop.ControllerLogAspect [guid=037827117b4e4f6aabf008c250a35323] - 接口结束: uri=/yq-admin/api/student/score/overview, controller=StudentScoreController#overview, cost=3ms, result={"code":200,"message":"success","data":{"compositeScore":0.00,"homeworkAverageScore":0,"examAverageScore":0,"bestScore":0,"publishedScoreCount":0,"homeworkScores":[],"examScores":[]}}
2026-07-18 19:35:17.305 [http-nio-8080-exec-2] INFO  cn.yanque.common.aop.ControllerLogAspect [guid=ec7ba4f1e05147a586db44333f460f41] - 接口结束: uri=/yq-admin/api/student/schedule, controller=StudentScheduleController#list, cost=4ms, result={"code":200,"message":"success","data":[{"id":5111,"classId":5,"className":"第1期","courseId":2,"courseName":"JAVA+AI","courseDetailId":219,"courseDayNum":1,"scheduleDate":"2026-07-07","scheduleType":"CLASS","courseContent":"集合框架","stageName":"基础","teacherId":6,"teacherName":"哈哈哈","createdAt":"2026-07-07 15:11:14.0"},{"id":5112,"classId":5,"className":"第1期","courseId":2,"courseName":"JAVA+AI","courseDetailId":217,"courseDayNum":2,"scheduleDate":"2026-07-08","scheduleType":"CLASS","courseContent":"efa","stageName":"进阶","teacherId":6,"teacherName":"哈哈哈","createdAt":"2026-07-07 15:11:14.0"},{"id":5113,"classId":5,"className":"第1期","courseId":2,"courseName":"JAVA+AI","scheduleDate":"2026-07-09","scheduleType":"SELF_STUDY","courseContent":"自习","createdAt":"2026-07-07 15:11:14.0"},{"id":5114,"classId":5,"className":"第1期","courseId":2,"courseName":"JAVA+AI","courseDetailId":216,"courseDayNum":3,"scheduleDate":"2026-07-10","scheduleType":"CLASS","courseContent":"sefsf","stageName":"进阶","teacherId":6,"teacherName":"哈哈哈","createdAt":"2026-07-07 15:11:14.0"},{"id":5115,"classId":5,"className":"第1期","courseId":2,"courseName":"JAVA+AI","courseDetailId":220,"courseDayNum":4,"scheduleDate":"2026-07-11","scheduleType":"CLASS","courseContent":"大宋","stageName":"spring","teacherId":6,"teacherName":"哈哈哈","createdAt":"2026-07-07 15:11:14.0"},{"id":5116,"classId":5,"className":"第1期","courseId":2,"courseName":"JAVA+AI","scheduleDate":"2026-07-12","scheduleType":"REST","courseContent":"休息","createdAt":"2026-07-07 15:11:14.0"},{"id":5117,"classId":5,"className":"第1期","courseId":2,"courseName":"JAVA+AI","courseDetailId":223,"courseDayNum":5,"scheduleDate":"2026-07-13","scheduleType":"CLASS","courseContent":"sdfs","stageName":"基础","teacherId":6,"teacherName":"哈哈哈","createdAt":"2026-07-07 15:11:14.0"},{"id":5118,"classId":5,"className":"第1期","courseId":2,"courseName":"JAVA+AI","courseDetailId":221,"courseDayNum":6,"scheduleDate":"2026-07-14","scheduleType":"CLASS","courseContent":"飞书的","stageName":"基础","teacherId":6,"teacherName":"哈哈哈","createdAt":"2026-07-07 15:11:14.0"},{"id":5119,"classId":5,"className":"第1期","courseId":2,"courseName":"JAVA+AI","courseDetailId":222,"courseDayNum":7,"scheduleDate":"2026-07-15","scheduleType":"CLASS","courseContent":"访问方法","stageName":"基础","teacherId":6,"teacherName":"哈哈哈","createdAt":"2026-07-07 15:11:14.0"},{"id":5120,"classId":5,"className":"第1期","courseId":2,"courseName":"JAVA+AI","scheduleDate":"2026-07-16","scheduleType":"SELF_STUDY","courseContent":"自习","createdAt":"2026-07-07 15:11:14.0"},{"id":5121,"classId":5,"className":"第1期","courseId":2,"courseName":"JAVA+AI","courseDetailId":224,"courseDayNum":8,"scheduleDate":"2026-07-17","scheduleType":"CLASS","courseContent":"都不会放过","stageName":"基础","teacherId":6,"teacherName":"哈哈哈","createdAt":"2026-07-07 15:11:14.0"}]}
2026-07-18 19:35:17.307 [http-nio-8080-exec-3] INFO  cn.yanque.common.aop.ControllerLogAspect [guid=9334460ea16449018b11ca3450b01a68] - 接口结束: uri=/yq-admin/api/student/homework, controller=StudentHomeworkController#list, cost=6ms, result={"code":200,"message":"success","data":{"total":2,"pageNum":1,"pageSize":6,"records":[{"id":5,"title":"22","classId":5,"className":"第1期","classTerm":1,"homeworkDate":"2026-06-25","courseId":2,"courseName":"JAVA+AI","courseDetailId":219,"courseContentSnapshot":"集合框架","attachmentName":"homework_assignment_20260624_eaa7753d386d45a4b2d1b3ff8a0370f0fhagtb.md","attachmentUrl":"homework/assignment/2026/06/26/超级管理员/9422cc08-0143-4a57-9569-d322601afdce-homework_assignment_20260624_eaa7753d386d45a4b2d1b3ff8a0370f0fhagtb.md","attachmentType":"text/markdown","answerPublishStatus":"UNPUBLISHED","publishTeacherId":1,"publishTeacherName":"超级管理员","publishDate":"2026-06-26T17:12:58","deadline":"2026-06-25T06:00","status":"PUBLISHED","allowResubmit":false,"studentCountSnapshot":2,"createTime":"2026-06-26T17:12:58","updateTime":"2026-06-26T17:17:01","hasSubmitted":false,"submissionStatus":"EXPIRED"},{"id":4,"title":"21号作业","classId":5,"className":"第1期","classTerm":1,"homeworkDate":"2026-06-12","courseId":2,"courseName":"JAVA+AI","courseDetailId":220,"courseContentSnapshot":"大宋","attachmentName":"YanQue后台管理系统项目介绍.md","attachmentUrl":"homework/assignment/2026/06/17/超级管理员/0f180ff0-488e-43f0-bc37-bc2468610b2f-YanQue后台管理系统项目介绍.md","attachmentType":"text/markdown","answerAttachmentName":"ceshi.md","answerAttachmentUrl":"https://yqai-dev.tos-cn-shanghai.volces.com/homework/answer/20260422/41ddf1744fec4e9ca1c62b4a0bf40d11jpd9rl.md","answerAttachmentType":"text/markdown","answerPublishStatus":"PUBLISHED","answerPublishTime":"2026-04-22T21:05:49","answerPublishTeacherName":"超级管理员","publishTeacherId":1,"publishTeacherName":"超级管理员","publishDate":"2026-04-22T21:02:49","deadline":"2026-06-26T20:00","status":"PUBLISHED","allowResubmit":false,"studentCountSnapshot":0,"createTime":"2026-04-22T21:02:49","updateTime":"2026-06-26T17:46:32","hasSubmitted":false,"submissionStatus":"EXPIRED"}]}}
2026-07-18 19:35:17.462 [http-nio-8080-exec-6] INFO  cn.yanque.common.aop.ControllerLogAspect [guid=c63de20886b947229915aad8fb026ef8] - 接口开始: uri=/yq-admin/api/student/exams, httpMethod=GET, controller=StudentExamController#list, args=[]
2026-07-18 19:35:17.462 [http-nio-8080-exec-1] INFO  cn.yanque.common.aop.ControllerLogAspect [guid=7799cbe41eb345feaacfc5743e5bc204] - 接口开始: uri=/yq-admin/api/student/schedule, httpMethod=GET, controller=StudentScheduleController#list, args=[]
2026-07-18 19:35:17.462 [http-nio-8080-exec-4] INFO  cn.yanque.common.aop.ControllerLogAspect [guid=a9e0049263fb4c4ab8588d5118db1683] - 接口开始: uri=/yq-admin/api/student/score/overview, httpMethod=GET, controller=StudentScoreController#overview, args=[]
2026-07-18 19:35:17.462 [http-nio-8080-exec-7] INFO  cn.yanque.common.aop.ControllerLogAspect [guid=46fac0642f1d45ae8c8a50fc89dc76b5] - 接口开始: uri=/yq-admin/api/student/profile, httpMethod=GET, controller=StudentProfileController#getProfile, args=[]
2026-07-18 19:35:17.462 [http-nio-8080-exec-8] INFO  cn.yanque.common.aop.ControllerLogAspect [guid=ba3e1f9a6b9243d4b27eab72956bfe1f] - 接口开始: uri=/yq-admin/api/student/homework, httpMethod=GET, controller=StudentHomeworkController#list, args=[{"name":"req","value":{"pageNum":1,"pageSize":6}}]
2026-07-18 19:35:17.463 [http-nio-8080-exec-6] INFO  cn.yanque.common.aop.ControllerLogAspect [guid=c63de20886b947229915aad8fb026ef8] - 接口结束: uri=/yq-admin/api/student/exams, controller=StudentExamController#list, cost=1ms, result={"code":200,"message":"success","data":[{"id":4,"paperId":1,"classId":5,"examName":"111","startTime":"2026-06-26T10:30","endTime":"2026-06-26T11:30","status":"PUBLISHED","answerPublished":false,"createdBy":1,"createdAt":"2026-06-26T11:11:12","updatedAt":"2026-06-26T11:11:41","paperName":"Java 基础测试卷","classTerm":1,"totalScore":100.00,"durationMinutes":60,"resultVisible":false},{"id":3,"paperId":1,"classId":5,"examName":"11","startTime":"2026-06-26T10:00","endTime":"2026-06-26T11:00","status":"PUBLISHED","answerPublished":true,"answerPublishTime":"2026-06-26T11:12:13","createdBy":1,"createdAt":"2026-06-26T10:55:21","updatedAt":"2026-06-26T11:12:13","paperName":"Java 基础测试卷","classTerm":1,"totalScore":100.00,"durationMinutes":60,"resultVisible":false},{"id":2,"paperId":1,"classId":5,"examName":"11","startTime":"2026-06-26T09:00","endTime":"2026-06-26T10:00","status":"PUBLISHED","answerPublished":true,"answerPublishTime":"2026-06-26T09:50:38","createdBy":1,"createdAt":"2026-06-26T09:50:03","updatedAt":"2026-06-26T09:50:38","paperName":"Java 基础测试卷","classTerm":1,"totalScore":100.00,"durationMinutes":60,"resultVisible":false},{"id":1,"paperId":1,"classId":5,"examName":"Java 基础阶段测试","startTime":"2026-06-26T09:00","endTime":"2026-06-26T10:00","status":"PUBLISHED","answerPublished":true,"answerPublishTime":"2026-06-26T09:22:58","createdBy":1,"createdAt":"2026-06-26T09:15:16","updatedAt":"2026-06-26T09:27:32","paperName":"Java 基础测试卷","classTerm":1,"totalScore":100.00,"durationMinutes":60,"resultVisible":false}]}
2026-07-18 19:35:17.464 [http-nio-8080-exec-7] INFO  cn.yanque.common.aop.ControllerLogAspect [guid=46fac0642f1d45ae8c8a50fc89dc76b5] - 接口结束: uri=/yq-admin/api/student/profile, controller=StudentProfileController#getProfile, cost=2ms, result={"code":200,"message":"success","data":{"id":12,"studentCode":"XS20260527544266","studentName":"去去去","phone":"11111111111","school":"1","education":"22","studyMode":"ONLINE","classId":5,"classTerm":1,"className":"第1期","courseId":2,"courseName":"JAVA+AI","joinTime":"Sat Jun 27 08:00:00 CST 2026"}}
2026-07-18 19:35:17.465 [http-nio-8080-exec-4] INFO  cn.yanque.common.aop.ControllerLogAspect [guid=a9e0049263fb4c4ab8588d5118db1683] - 接口结束: uri=/yq-admin/api/student/score/overview, controller=StudentScoreController#overview, cost=3ms, result={"code":200,"message":"success","data":{"compositeScore":0.00,"homeworkAverageScore":0,"examAverageScore":0,"bestScore":0,"publishedScoreCount":0,"homeworkScores":[],"examScores":[]}}
2026-07-18 19:35:17.467 [http-nio-8080-exec-1] INFO  cn.yanque.common.aop.ControllerLogAspect [guid=7799cbe41eb345feaacfc5743e5bc204] - 接口结束: uri=/yq-admin/api/student/schedule, controller=StudentScheduleController#list, cost=6ms, result={"code":200,"message":"success","data":[{"id":5111,"classId":5,"className":"第1期","courseId":2,"courseName":"JAVA+AI","courseDetailId":219,"courseDayNum":1,"scheduleDate":"2026-07-07","scheduleType":"CLASS","courseContent":"集合框架","stageName":"基础","teacherId":6,"teacherName":"哈哈哈","createdAt":"2026-07-07 15:11:14.0"},{"id":5112,"classId":5,"className":"第1期","courseId":2,"courseName":"JAVA+AI","courseDetailId":217,"courseDayNum":2,"scheduleDate":"2026-07-08","scheduleType":"CLASS","courseContent":"efa","stageName":"进阶","teacherId":6,"teacherName":"哈哈哈","createdAt":"2026-07-07 15:11:14.0"},{"id":5113,"classId":5,"className":"第1期","courseId":2,"courseName":"JAVA+AI","scheduleDate":"2026-07-09","scheduleType":"SELF_STUDY","courseContent":"自习","createdAt":"2026-07-07 15:11:14.0"},{"id":5114,"classId":5,"className":"第1期","courseId":2,"courseName":"JAVA+AI","courseDetailId":216,"courseDayNum":3,"scheduleDate":"2026-07-10","scheduleType":"CLASS","courseContent":"sefsf","stageName":"进阶","teacherId":6,"teacherName":"哈哈哈","createdAt":"2026-07-07 15:11:14.0"},{"id":5115,"classId":5,"className":"第1期","courseId":2,"courseName":"JAVA+AI","courseDetailId":220,"courseDayNum":4,"scheduleDate":"2026-07-11","scheduleType":"CLASS","courseContent":"大宋","stageName":"spring","teacherId":6,"teacherName":"哈哈哈","createdAt":"2026-07-07 15:11:14.0"},{"id":5116,"classId":5,"className":"第1期","courseId":2,"courseName":"JAVA+AI","scheduleDate":"2026-07-12","scheduleType":"REST","courseContent":"休息","createdAt":"2026-07-07 15:11:14.0"},{"id":5117,"classId":5,"className":"第1期","courseId":2,"courseName":"JAVA+AI","courseDetailId":223,"courseDayNum":5,"scheduleDate":"2026-07-13","scheduleType":"CLASS","courseContent":"sdfs","stageName":"基础","teacherId":6,"teacherName":"哈哈哈","createdAt":"2026-07-07 15:11:14.0"},{"id":5118,"classId":5,"className":"第1期","courseId":2,"courseName":"JAVA+AI","courseDetailId":221,"courseDayNum":6,"scheduleDate":"2026-07-14","scheduleType":"CLASS","courseContent":"飞书的","stageName":"基础","teacherId":6,"teacherName":"哈哈哈","createdAt":"2026-07-07 15:11:14.0"},{"id":5119,"classId":5,"className":"第1期","courseId":2,"courseName":"JAVA+AI","courseDetailId":222,"courseDayNum":7,"scheduleDate":"2026-07-15","scheduleType":"CLASS","courseContent":"访问方法","stageName":"基础","teacherId":6,"teacherName":"哈哈哈","createdAt":"2026-07-07 15:11:14.0"},{"id":5120,"classId":5,"className":"第1期","courseId":2,"courseName":"JAVA+AI","scheduleDate":"2026-07-16","scheduleType":"SELF_STUDY","courseContent":"自习","createdAt":"2026-07-07 15:11:14.0"},{"id":5121,"classId":5,"className":"第1期","courseId":2,"courseName":"JAVA+AI","courseDetailId":224,"courseDayNum":8,"scheduleDate":"2026-07-17","scheduleType":"CLASS","courseContent":"都不会放过","stageName":"基础","teacherId":6,"teacherName":"哈哈哈","createdAt":"2026-07-07 15:11:14.0"}]}
2026-07-18 19:35:17.469 [http-nio-8080-exec-8] INFO  cn.yanque.common.aop.ControllerLogAspect [guid=ba3e1f9a6b9243d4b27eab72956bfe1f] - 接口结束: uri=/yq-admin/api/student/homework, controller=StudentHomeworkController#list, cost=7ms, result={"code":200,"message":"success","data":{"total":2,"pageNum":1,"pageSize":6,"records":[{"id":5,"title":"22","classId":5,"className":"第1期","classTerm":1,"homeworkDate":"2026-06-25","courseId":2,"courseName":"JAVA+AI","courseDetailId":219,"courseContentSnapshot":"集合框架","attachmentName":"homework_assignment_20260624_eaa7753d386d45a4b2d1b3ff8a0370f0fhagtb.md","attachmentUrl":"homework/assignment/2026/06/26/超级管理员/9422cc08-0143-4a57-9569-d322601afdce-homework_assignment_20260624_eaa7753d386d45a4b2d1b3ff8a0370f0fhagtb.md","attachmentType":"text/markdown","answerPublishStatus":"UNPUBLISHED","publishTeacherId":1,"publishTeacherName":"超级管理员","publishDate":"2026-06-26T17:12:58","deadline":"2026-06-25T06:00","status":"PUBLISHED","allowResubmit":false,"studentCountSnapshot":2,"createTime":"2026-06-26T17:12:58","updateTime":"2026-06-26T17:17:01","hasSubmitted":false,"submissionStatus":"EXPIRED"},{"id":4,"title":"21号作业","classId":5,"className":"第1期","classTerm":1,"homeworkDate":"2026-06-12","courseId":2,"courseName":"JAVA+AI","courseDetailId":220,"courseContentSnapshot":"大宋","attachmentName":"YanQue后台管理系统项目介绍.md","attachmentUrl":"homework/assignment/2026/06/17/超级管理员/0f180ff0-488e-43f0-bc37-bc2468610b2f-YanQue后台管理系统项目介绍.md","attachmentType":"text/markdown","answerAttachmentName":"ceshi.md","answerAttachmentUrl":"https://yqai-dev.tos-cn-shanghai.volces.com/homework/answer/20260422/41ddf1744fec4e9ca1c62b4a0bf40d11jpd9rl.md","answerAttachmentType":"text/markdown","answerPublishStatus":"PUBLISHED","answerPublishTime":"2026-04-22T21:05:49","answerPublishTeacherName":"超级管理员","publishTeacherId":1,"publishTeacherName":"超级管理员","publishDate":"2026-04-22T21:02:49","deadline":"2026-06-26T20:00","status":"PUBLISHED","allowResubmit":false,"studentCountSnapshot":0,"createTime":"2026-04-22T21:02:49","updateTime":"2026-06-26T17:46:32","hasSubmitted":false,"submissionStatus":"EXPIRED"}]}}
2026-07-18 19:35:17.614 [http-nio-8080-exec-10] INFO  cn.yanque.common.aop.ControllerLogAspect [guid=1ffb1f83312643bdb1a053bf10f0235f] - 接口开始: uri=/yq-admin/api/student/profile, httpMethod=GET, controller=StudentProfileController#getProfile, args=[]
2026-07-18 19:35:17.614 [http-nio-8080-exec-3] INFO  cn.yanque.common.aop.ControllerLogAspect [guid=c6b9db58af5b421ba07d7a8d63e667d1] - 接口开始: uri=/yq-admin/api/student/score/overview, httpMethod=GET, controller=StudentScoreController#overview, args=[]
2026-07-18 19:35:17.614 [http-nio-8080-exec-5] INFO  cn.yanque.common.aop.ControllerLogAspect [guid=125b3f5f91b04d5e856e64d7c148094e] - 接口开始: uri=/yq-admin/api/student/exams, httpMethod=GET, controller=StudentExamController#list, args=[]
2026-07-18 19:35:17.614 [http-nio-8080-exec-2] INFO  cn.yanque.common.aop.ControllerLogAspect [guid=f948d9bef9da43a88994e78846de2197] - 接口开始: uri=/yq-admin/api/student/schedule, httpMethod=GET, controller=StudentScheduleController#list, args=[]
2026-07-18 19:35:17.615 [http-nio-8080-exec-9] INFO  cn.yanque.common.aop.ControllerLogAspect [guid=4510f8a60d754c009317f49ef038a21f] - 接口开始: uri=/yq-admin/api/student/homework, httpMethod=GET, controller=StudentHomeworkController#list, args=[{"name":"req","value":{"pageNum":1,"pageSize":6}}]
2026-07-18 19:35:17.616 [http-nio-8080-exec-5] INFO  cn.yanque.common.aop.ControllerLogAspect [guid=125b3f5f91b04d5e856e64d7c148094e] - 接口结束: uri=/yq-admin/api/student/exams, controller=StudentExamController#list, cost=2ms, result={"code":200,"message":"success","data":[{"id":4,"paperId":1,"classId":5,"examName":"111","startTime":"2026-06-26T10:30","endTime":"2026-06-26T11:30","status":"PUBLISHED","answerPublished":false,"createdBy":1,"createdAt":"2026-06-26T11:11:12","updatedAt":"2026-06-26T11:11:41","paperName":"Java 基础测试卷","classTerm":1,"totalScore":100.00,"durationMinutes":60,"resultVisible":false},{"id":3,"paperId":1,"classId":5,"examName":"11","startTime":"2026-06-26T10:00","endTime":"2026-06-26T11:00","status":"PUBLISHED","answerPublished":true,"answerPublishTime":"2026-06-26T11:12:13","createdBy":1,"createdAt":"2026-06-26T10:55:21","updatedAt":"2026-06-26T11:12:13","paperName":"Java 基础测试卷","classTerm":1,"totalScore":100.00,"durationMinutes":60,"resultVisible":false},{"id":2,"paperId":1,"classId":5,"examName":"11","startTime":"2026-06-26T09:00","endTime":"2026-06-26T10:00","status":"PUBLISHED","answerPublished":true,"answerPublishTime":"2026-06-26T09:50:38","createdBy":1,"createdAt":"2026-06-26T09:50:03","updatedAt":"2026-06-26T09:50:38","paperName":"Java 基础测试卷","classTerm":1,"totalScore":100.00,"durationMinutes":60,"resultVisible":false},{"id":1,"paperId":1,"classId":5,"examName":"Java 基础阶段测试","startTime":"2026-06-26T09:00","endTime":"2026-06-26T10:00","status":"PUBLISHED","answerPublished":true,"answerPublishTime":"2026-06-26T09:22:58","createdBy":1,"createdAt":"2026-06-26T09:15:16","updatedAt":"2026-06-26T09:27:32","paperName":"Java 基础测试卷","classTerm":1,"totalScore":100.00,"durationMinutes":60,"resultVisible":false}]}
2026-07-18 19:35:17.617 [http-nio-8080-exec-10] INFO  cn.yanque.common.aop.ControllerLogAspect [guid=1ffb1f83312643bdb1a053bf10f0235f] - 接口结束: uri=/yq-admin/api/student/profile, controller=StudentProfileController#getProfile, cost=3ms, result={"code":200,"message":"success","data":{"id":12,"studentCode":"XS20260527544266","studentName":"去去去","phone":"11111111111","school":"1","education":"22","studyMode":"ONLINE","classId":5,"classTerm":1,"className":"第1期","courseId":2,"courseName":"JAVA+AI","joinTime":"Sat Jun 27 08:00:00 CST 2026"}}
2026-07-18 19:35:17.617 [http-nio-8080-exec-3] INFO  cn.yanque.common.aop.ControllerLogAspect [guid=c6b9db58af5b421ba07d7a8d63e667d1] - 接口结束: uri=/yq-admin/api/student/score/overview, controller=StudentScoreController#overview, cost=3ms, result={"code":200,"message":"success","data":{"compositeScore":0.00,"homeworkAverageScore":0,"examAverageScore":0,"bestScore":0,"publishedScoreCount":0,"homeworkScores":[],"examScores":[]}}
2026-07-18 19:35:17.618 [http-nio-8080-exec-2] INFO  cn.yanque.common.aop.ControllerLogAspect [guid=f948d9bef9da43a88994e78846de2197] - 接口结束: uri=/yq-admin/api/student/schedule, controller=StudentScheduleController#list, cost=4ms, result={"code":200,"message":"success","data":[{"id":5111,"classId":5,"className":"第1期","courseId":2,"courseName":"JAVA+AI","courseDetailId":219,"courseDayNum":1,"scheduleDate":"2026-07-07","scheduleType":"CLASS","courseContent":"集合框架","stageName":"基础","teacherId":6,"teacherName":"哈哈哈","createdAt":"2026-07-07 15:11:14.0"},{"id":5112,"classId":5,"className":"第1期","courseId":2,"courseName":"JAVA+AI","courseDetailId":217,"courseDayNum":2,"scheduleDate":"2026-07-08","scheduleType":"CLASS","courseContent":"efa","stageName":"进阶","teacherId":6,"teacherName":"哈哈哈","createdAt":"2026-07-07 15:11:14.0"},{"id":5113,"classId":5,"className":"第1期","courseId":2,"courseName":"JAVA+AI","scheduleDate":"2026-07-09","scheduleType":"SELF_STUDY","courseContent":"自习","createdAt":"2026-07-07 15:11:14.0"},{"id":5114,"classId":5,"className":"第1期","courseId":2,"courseName":"JAVA+AI","courseDetailId":216,"courseDayNum":3,"scheduleDate":"2026-07-10","scheduleType":"CLASS","courseContent":"sefsf","stageName":"进阶","teacherId":6,"teacherName":"哈哈哈","createdAt":"2026-07-07 15:11:14.0"},{"id":5115,"classId":5,"className":"第1期","courseId":2,"courseName":"JAVA+AI","courseDetailId":220,"courseDayNum":4,"scheduleDate":"2026-07-11","scheduleType":"CLASS","courseContent":"大宋","stageName":"spring","teacherId":6,"teacherName":"哈哈哈","createdAt":"2026-07-07 15:11:14.0"},{"id":5116,"classId":5,"className":"第1期","courseId":2,"courseName":"JAVA+AI","scheduleDate":"2026-07-12","scheduleType":"REST","courseContent":"休息","createdAt":"2026-07-07 15:11:14.0"},{"id":5117,"classId":5,"className":"第1期","courseId":2,"courseName":"JAVA+AI","courseDetailId":223,"courseDayNum":5,"scheduleDate":"2026-07-13","scheduleType":"CLASS","courseContent":"sdfs","stageName":"基础","teacherId":6,"teacherName":"哈哈哈","createdAt":"2026-07-07 15:11:14.0"},{"id":5118,"classId":5,"className":"第1期","courseId":2,"courseName":"JAVA+AI","courseDetailId":221,"courseDayNum":6,"scheduleDate":"2026-07-14","scheduleType":"CLASS","courseContent":"飞书的","stageName":"基础","teacherId":6,"teacherName":"哈哈哈","createdAt":"2026-07-07 15:11:14.0"},{"id":5119,"classId":5,"className":"第1期","courseId":2,"courseName":"JAVA+AI","courseDetailId":222,"courseDayNum":7,"scheduleDate":"2026-07-15","scheduleType":"CLASS","courseContent":"访问方法","stageName":"基础","teacherId":6,"teacherName":"哈哈哈","createdAt":"2026-07-07 15:11:14.0"},{"id":5120,"classId":5,"className":"第1期","courseId":2,"courseName":"JAVA+AI","scheduleDate":"2026-07-16","scheduleType":"SELF_STUDY","courseContent":"自习","createdAt":"2026-07-07 15:11:14.0"},{"id":5121,"classId":5,"className":"第1期","courseId":2,"courseName":"JAVA+AI","courseDetailId":224,"courseDayNum":8,"scheduleDate":"2026-07-17","scheduleType":"CLASS","courseContent":"都不会放过","stageName":"基础","teacherId":6,"teacherName":"哈哈哈","createdAt":"2026-07-07 15:11:14.0"}]}
2026-07-18 19:35:17.620 [http-nio-8080-exec-9] INFO  cn.yanque.common.aop.ControllerLogAspect [guid=4510f8a60d754c009317f49ef038a21f] - 接口结束: uri=/yq-admin/api/student/homework, controller=StudentHomeworkController#list, cost=5ms, result={"code":200,"message":"success","data":{"total":2,"pageNum":1,"pageSize":6,"records":[{"id":5,"title":"22","classId":5,"className":"第1期","classTerm":1,"homeworkDate":"2026-06-25","courseId":2,"courseName":"JAVA+AI","courseDetailId":219,"courseContentSnapshot":"集合框架","attachmentName":"homework_assignment_20260624_eaa7753d386d45a4b2d1b3ff8a0370f0fhagtb.md","attachmentUrl":"homework/assignment/2026/06/26/超级管理员/9422cc08-0143-4a57-9569-d322601afdce-homework_assignment_20260624_eaa7753d386d45a4b2d1b3ff8a0370f0fhagtb.md","attachmentType":"text/markdown","answerPublishStatus":"UNPUBLISHED","publishTeacherId":1,"publishTeacherName":"超级管理员","publishDate":"2026-06-26T17:12:58","deadline":"2026-06-25T06:00","status":"PUBLISHED","allowResubmit":false,"studentCountSnapshot":2,"createTime":"2026-06-26T17:12:58","updateTime":"2026-06-26T17:17:01","hasSubmitted":false,"submissionStatus":"EXPIRED"},{"id":4,"title":"21号作业","classId":5,"className":"第1期","classTerm":1,"homeworkDate":"2026-06-12","courseId":2,"courseName":"JAVA+AI","courseDetailId":220,"courseContentSnapshot":"大宋","attachmentName":"YanQue后台管理系统项目介绍.md","attachmentUrl":"homework/assignment/2026/06/17/超级管理员/0f180ff0-488e-43f0-bc37-bc2468610b2f-YanQue后台管理系统项目介绍.md","attachmentType":"text/markdown","answerAttachmentName":"ceshi.md","answerAttachmentUrl":"https://yqai-dev.tos-cn-shanghai.volces.com/homework/answer/20260422/41ddf1744fec4e9ca1c62b4a0bf40d11jpd9rl.md","answerAttachmentType":"text/markdown","answerPublishStatus":"PUBLISHED","answerPublishTime":"2026-04-22T21:05:49","answerPublishTeacherName":"超级管理员","publishTeacherId":1,"publishTeacherName":"超级管理员","publishDate":"2026-04-22T21:02:49","deadline":"2026-06-26T20:00","status":"PUBLISHED","allowResubmit":false,"studentCountSnapshot":0,"createTime":"2026-04-22T21:02:49","updateTime":"2026-06-26T17:46:32","hasSubmitted":false,"submissionStatus":"EXPIRED"}]}}
2026-07-18 19:35:17.770 [http-nio-8080-exec-8] INFO  cn.yanque.common.aop.ControllerLogAspect [guid=f885eeaa6bb94f588c9b3036c3b22f21] - 接口开始: uri=/yq-admin/api/student/score/overview, httpMethod=GET, controller=StudentScoreController#overview, args=[]
2026-07-18 19:35:17.770 [http-nio-8080-exec-7] INFO  cn.yanque.common.aop.ControllerLogAspect [guid=1d7ed172618748b39ba56af74963691b] - 接口开始: uri=/yq-admin/api/student/exams, httpMethod=GET, controller=StudentExamController#list, args=[]
2026-07-18 19:35:17.770 [http-nio-8080-exec-6] INFO  cn.yanque.common.aop.ControllerLogAspect [guid=fbfb77206d5f447eb972b79ef59fc0d0] - 接口开始: uri=/yq-admin/api/student/profile, httpMethod=GET, controller=StudentProfileController#getProfile, args=[]
2026-07-18 19:35:17.770 [http-nio-8080-exec-1] INFO  cn.yanque.common.aop.ControllerLogAspect [guid=b6643811815648a5bcc99f90dd36f4d6] - 接口开始: uri=/yq-admin/api/student/schedule, httpMethod=GET, controller=StudentScheduleController#list, args=[]
2026-07-18 19:35:17.770 [http-nio-8080-exec-4] INFO  cn.yanque.common.aop.ControllerLogAspect [guid=bc7b0b1589874ee3a3201ca0debc2b5b] - 接口开始: uri=/yq-admin/api/student/homework, httpMethod=GET, controller=StudentHomeworkController#list, args=[{"name":"req","value":{"pageNum":1,"pageSize":6}}]
2026-07-18 19:35:17.771 [http-nio-8080-exec-7] INFO  cn.yanque.common.aop.ControllerLogAspect [guid=1d7ed172618748b39ba56af74963691b] - 接口结束: uri=/yq-admin/api/student/exams, controller=StudentExamController#list, cost=1ms, result={"code":200,"message":"success","data":[{"id":4,"paperId":1,"classId":5,"examName":"111","startTime":"2026-06-26T10:30","endTime":"2026-06-26T11:30","status":"PUBLISHED","answerPublished":false,"createdBy":1,"createdAt":"2026-06-26T11:11:12","updatedAt":"2026-06-26T11:11:41","paperName":"Java 基础测试卷","classTerm":1,"totalScore":100.00,"durationMinutes":60,"resultVisible":false},{"id":3,"paperId":1,"classId":5,"examName":"11","startTime":"2026-06-26T10:00","endTime":"2026-06-26T11:00","status":"PUBLISHED","answerPublished":true,"answerPublishTime":"2026-06-26T11:12:13","createdBy":1,"createdAt":"2026-06-26T10:55:21","updatedAt":"2026-06-26T11:12:13","paperName":"Java 基础测试卷","classTerm":1,"totalScore":100.00,"durationMinutes":60,"resultVisible":false},{"id":2,"paperId":1,"classId":5,"examName":"11","startTime":"2026-06-26T09:00","endTime":"2026-06-26T10:00","status":"PUBLISHED","answerPublished":true,"answerPublishTime":"2026-06-26T09:50:38","createdBy":1,"createdAt":"2026-06-26T09:50:03","updatedAt":"2026-06-26T09:50:38","paperName":"Java 基础测试卷","classTerm":1,"totalScore":100.00,"durationMinutes":60,"resultVisible":false},{"id":1,"paperId":1,"classId":5,"examName":"Java 基础阶段测试","startTime":"2026-06-26T09:00","endTime":"2026-06-26T10:00","status":"PUBLISHED","answerPublished":true,"answerPublishTime":"2026-06-26T09:22:58","createdBy":1,"createdAt":"2026-06-26T09:15:16","updatedAt":"2026-06-26T09:27:32","paperName":"Java 基础测试卷","classTerm":1,"totalScore":100.00,"durationMinutes":60,"resultVisible":false}]}
2026-07-18 19:35:17.773 [http-nio-8080-exec-6] INFO  cn.yanque.common.aop.ControllerLogAspect [guid=fbfb77206d5f447eb972b79ef59fc0d0] - 接口结束: uri=/yq-admin/api/student/profile, controller=StudentProfileController#getProfile, cost=3ms, result={"code":200,"message":"success","data":{"id":12,"studentCode":"XS20260527544266","studentName":"去去去","phone":"11111111111","school":"1","education":"22","studyMode":"ONLINE","classId":5,"classTerm":1,"className":"第1期","courseId":2,"courseName":"JAVA+AI","joinTime":"Sat Jun 27 08:00:00 CST 2026"}}
2026-07-18 19:35:17.773 [http-nio-8080-exec-8] INFO  cn.yanque.common.aop.ControllerLogAspect [guid=f885eeaa6bb94f588c9b3036c3b22f21] - 接口结束: uri=/yq-admin/api/student/score/overview, controller=StudentScoreController#overview, cost=3ms, result={"code":200,"message":"success","data":{"compositeScore":0.00,"homeworkAverageScore":0,"examAverageScore":0,"bestScore":0,"publishedScoreCount":0,"homeworkScores":[],"examScores":[]}}
2026-07-18 19:35:17.774 [http-nio-8080-exec-1] INFO  cn.yanque.common.aop.ControllerLogAspect [guid=b6643811815648a5bcc99f90dd36f4d6] - 接口结束: uri=/yq-admin/api/student/schedule, controller=StudentScheduleController#list, cost=4ms, result={"code":200,"message":"success","data":[{"id":5111,"classId":5,"className":"第1期","courseId":2,"courseName":"JAVA+AI","courseDetailId":219,"courseDayNum":1,"scheduleDate":"2026-07-07","scheduleType":"CLASS","courseContent":"集合框架","stageName":"基础","teacherId":6,"teacherName":"哈哈哈","createdAt":"2026-07-07 15:11:14.0"},{"id":5112,"classId":5,"className":"第1期","courseId":2,"courseName":"JAVA+AI","courseDetailId":217,"courseDayNum":2,"scheduleDate":"2026-07-08","scheduleType":"CLASS","courseContent":"efa","stageName":"进阶","teacherId":6,"teacherName":"哈哈哈","createdAt":"2026-07-07 15:11:14.0"},{"id":5113,"classId":5,"className":"第1期","courseId":2,"courseName":"JAVA+AI","scheduleDate":"2026-07-09","scheduleType":"SELF_STUDY","courseContent":"自习","createdAt":"2026-07-07 15:11:14.0"},{"id":5114,"classId":5,"className":"第1期","courseId":2,"courseName":"JAVA+AI","courseDetailId":216,"courseDayNum":3,"scheduleDate":"2026-07-10","scheduleType":"CLASS","courseContent":"sefsf","stageName":"进阶","teacherId":6,"teacherName":"哈哈哈","createdAt":"2026-07-07 15:11:14.0"},{"id":5115,"classId":5,"className":"第1期","courseId":2,"courseName":"JAVA+AI","courseDetailId":220,"courseDayNum":4,"scheduleDate":"2026-07-11","scheduleType":"CLASS","courseContent":"大宋","stageName":"spring","teacherId":6,"teacherName":"哈哈哈","createdAt":"2026-07-07 15:11:14.0"},{"id":5116,"classId":5,"className":"第1期","courseId":2,"courseName":"JAVA+AI","scheduleDate":"2026-07-12","scheduleType":"REST","courseContent":"休息","createdAt":"2026-07-07 15:11:14.0"},{"id":5117,"classId":5,"className":"第1期","courseId":2,"courseName":"JAVA+AI","courseDetailId":223,"courseDayNum":5,"scheduleDate":"2026-07-13","scheduleType":"CLASS","courseContent":"sdfs","stageName":"基础","teacherId":6,"teacherName":"哈哈哈","createdAt":"2026-07-07 15:11:14.0"},{"id":5118,"classId":5,"className":"第1期","courseId":2,"courseName":"JAVA+AI","courseDetailId":221,"courseDayNum":6,"scheduleDate":"2026-07-14","scheduleType":"CLASS","courseContent":"飞书的","stageName":"基础","teacherId":6,"teacherName":"哈哈哈","createdAt":"2026-07-07 15:11:14.0"},{"id":5119,"classId":5,"className":"第1期","courseId":2,"courseName":"JAVA+AI","courseDetailId":222,"courseDayNum":7,"scheduleDate":"2026-07-15","scheduleType":"CLASS","courseContent":"访问方法","stageName":"基础","teacherId":6,"teacherName":"哈哈哈","createdAt":"2026-07-07 15:11:14.0"},{"id":5120,"classId":5,"className":"第1期","courseId":2,"courseName":"JAVA+AI","scheduleDate":"2026-07-16","scheduleType":"SELF_STUDY","courseContent":"自习","createdAt":"2026-07-07 15:11:14.0"},{"id":5121,"classId":5,"className":"第1期","courseId":2,"courseName":"JAVA+AI","courseDetailId":224,"courseDayNum":8,"scheduleDate":"2026-07-17","scheduleType":"CLASS","courseContent":"都不会放过","stageName":"基础","teacherId":6,"teacherName":"哈哈哈","createdAt":"2026-07-07 15:11:14.0"}]}
2026-07-18 19:35:17.776 [http-nio-8080-exec-4] INFO  cn.yanque.common.aop.ControllerLogAspect [guid=bc7b0b1589874ee3a3201ca0debc2b5b] - 接口结束: uri=/yq-admin/api/student/homework, controller=StudentHomeworkController#list, cost=6ms, result={"code":200,"message":"success","data":{"total":2,"pageNum":1,"pageSize":6,"records":[{"id":5,"title":"22","classId":5,"className":"第1期","classTerm":1,"homeworkDate":"2026-06-25","courseId":2,"courseName":"JAVA+AI","courseDetailId":219,"courseContentSnapshot":"集合框架","attachmentName":"homework_assignment_20260624_eaa7753d386d45a4b2d1b3ff8a0370f0fhagtb.md","attachmentUrl":"homework/assignment/2026/06/26/超级管理员/9422cc08-0143-4a57-9569-d322601afdce-homework_assignment_20260624_eaa7753d386d45a4b2d1b3ff8a0370f0fhagtb.md","attachmentType":"text/markdown","answerPublishStatus":"UNPUBLISHED","publishTeacherId":1,"publishTeacherName":"超级管理员","publishDate":"2026-06-26T17:12:58","deadline":"2026-06-25T06:00","status":"PUBLISHED","allowResubmit":false,"studentCountSnapshot":2,"createTime":"2026-06-26T17:12:58","updateTime":"2026-06-26T17:17:01","hasSubmitted":false,"submissionStatus":"EXPIRED"},{"id":4,"title":"21号作业","classId":5,"className":"第1期","classTerm":1,"homeworkDate":"2026-06-12","courseId":2,"courseName":"JAVA+AI","courseDetailId":220,"courseContentSnapshot":"大宋","attachmentName":"YanQue后台管理系统项目介绍.md","attachmentUrl":"homework/assignment/2026/06/17/超级管理员/0f180ff0-488e-43f0-bc37-bc2468610b2f-YanQue后台管理系统项目介绍.md","attachmentType":"text/markdown","answerAttachmentName":"ceshi.md","answerAttachmentUrl":"https://yqai-dev.tos-cn-shanghai.volces.com/homework/answer/20260422/41ddf1744fec4e9ca1c62b4a0bf40d11jpd9rl.md","answerAttachmentType":"text/markdown","answerPublishStatus":"PUBLISHED","answerPublishTime":"2026-04-22T21:05:49","answerPublishTeacherName":"超级管理员","publishTeacherId":1,"publishTeacherName":"超级管理员","publishDate":"2026-04-22T21:02:49","deadline":"2026-06-26T20:00","status":"PUBLISHED","allowResubmit":false,"studentCountSnapshot":0,"createTime":"2026-04-22T21:02:49","updateTime":"2026-06-26T17:46:32","hasSubmitted":false,"submissionStatus":"EXPIRED"}]}}
2026-07-18 19:35:17.916 [http-nio-8080-exec-5] INFO  cn.yanque.common.aop.ControllerLogAspect [guid=efcbf4b2285940b2b839b5fb06e1e341] - 接口开始: uri=/yq-admin/api/student/profile, httpMethod=GET, controller=StudentProfileController#getProfile, args=[]
2026-07-18 19:35:17.916 [http-nio-8080-exec-9] INFO  cn.yanque.common.aop.ControllerLogAspect [guid=22ce7a6f64aa48549d9a0069aab9cf72] - 接口开始: uri=/yq-admin/api/student/score/overview, httpMethod=GET, controller=StudentScoreController#overview, args=[]
2026-07-18 19:35:17.916 [http-nio-8080-exec-10] INFO  cn.yanque.common.aop.ControllerLogAspect [guid=f02e6d8f9ff34907af4055a12d590869] - 接口开始: uri=/yq-admin/api/student/exams, httpMethod=GET, controller=StudentExamController#list, args=[]
2026-07-18 19:35:17.916 [http-nio-8080-exec-2] INFO  cn.yanque.common.aop.ControllerLogAspect [guid=36c582ffa0a643b2973ed209d9d21e80] - 接口开始: uri=/yq-admin/api/student/schedule, httpMethod=GET, controller=StudentScheduleController#list, args=[]
2026-07-18 19:35:17.916 [http-nio-8080-exec-3] INFO  cn.yanque.common.aop.ControllerLogAspect [guid=8a4b51d8c3b845a0b021bb2c315347a9] - 接口开始: uri=/yq-admin/api/student/homework, httpMethod=GET, controller=StudentHomeworkController#list, args=[{"name":"req","value":{"pageNum":1,"pageSize":6}}]
2026-07-18 19:35:17.918 [http-nio-8080-exec-10] INFO  cn.yanque.common.aop.ControllerLogAspect [guid=f02e6d8f9ff34907af4055a12d590869] - 接口结束: uri=/yq-admin/api/student/exams, controller=StudentExamController#list, cost=2ms, result={"code":200,"message":"success","data":[{"id":4,"paperId":1,"classId":5,"examName":"111","startTime":"2026-06-26T10:30","endTime":"2026-06-26T11:30","status":"PUBLISHED","answerPublished":false,"createdBy":1,"createdAt":"2026-06-26T11:11:12","updatedAt":"2026-06-26T11:11:41","paperName":"Java 基础测试卷","classTerm":1,"totalScore":100.00,"durationMinutes":60,"resultVisible":false},{"id":3,"paperId":1,"classId":5,"examName":"11","startTime":"2026-06-26T10:00","endTime":"2026-06-26T11:00","status":"PUBLISHED","answerPublished":true,"answerPublishTime":"2026-06-26T11:12:13","createdBy":1,"createdAt":"2026-06-26T10:55:21","updatedAt":"2026-06-26T11:12:13","paperName":"Java 基础测试卷","classTerm":1,"totalScore":100.00,"durationMinutes":60,"resultVisible":false},{"id":2,"paperId":1,"classId":5,"examName":"11","startTime":"2026-06-26T09:00","endTime":"2026-06-26T10:00","status":"PUBLISHED","answerPublished":true,"answerPublishTime":"2026-06-26T09:50:38","createdBy":1,"createdAt":"2026-06-26T09:50:03","updatedAt":"2026-06-26T09:50:38","paperName":"Java 基础测试卷","classTerm":1,"totalScore":100.00,"durationMinutes":60,"resultVisible":false},{"id":1,"paperId":1,"classId":5,"examName":"Java 基础阶段测试","startTime":"2026-06-26T09:00","endTime":"2026-06-26T10:00","status":"PUBLISHED","answerPublished":true,"answerPublishTime":"2026-06-26T09:22:58","createdBy":1,"createdAt":"2026-06-26T09:15:16","updatedAt":"2026-06-26T09:27:32","paperName":"Java 基础测试卷","classTerm":1,"totalScore":100.00,"durationMinutes":60,"resultVisible":false}]}
2026-07-18 19:35:17.919 [http-nio-8080-exec-5] INFO  cn.yanque.common.aop.ControllerLogAspect [guid=efcbf4b2285940b2b839b5fb06e1e341] - 接口结束: uri=/yq-admin/api/student/profile, controller=StudentProfileController#getProfile, cost=3ms, result={"code":200,"message":"success","data":{"id":12,"studentCode":"XS20260527544266","studentName":"去去去","phone":"11111111111","school":"1","education":"22","studyMode":"ONLINE","classId":5,"classTerm":1,"className":"第1期","courseId":2,"courseName":"JAVA+AI","joinTime":"Sat Jun 27 08:00:00 CST 2026"}}
2026-07-18 19:35:17.919 [http-nio-8080-exec-9] INFO  cn.yanque.common.aop.ControllerLogAspect [guid=22ce7a6f64aa48549d9a0069aab9cf72] - 接口结束: uri=/yq-admin/api/student/score/overview, controller=StudentScoreController#overview, cost=3ms, result={"code":200,"message":"success","data":{"compositeScore":0.00,"homeworkAverageScore":0,"examAverageScore":0,"bestScore":0,"publishedScoreCount":0,"homeworkScores":[],"examScores":[]}}
2026-07-18 19:35:17.920 [http-nio-8080-exec-2] INFO  cn.yanque.common.aop.ControllerLogAspect [guid=36c582ffa0a643b2973ed209d9d21e80] - 接口结束: uri=/yq-admin/api/student/schedule, controller=StudentScheduleController#list, cost=4ms, result={"code":200,"message":"success","data":[{"id":5111,"classId":5,"className":"第1期","courseId":2,"courseName":"JAVA+AI","courseDetailId":219,"courseDayNum":1,"scheduleDate":"2026-07-07","scheduleType":"CLASS","courseContent":"集合框架","stageName":"基础","teacherId":6,"teacherName":"哈哈哈","createdAt":"2026-07-07 15:11:14.0"},{"id":5112,"classId":5,"className":"第1期","courseId":2,"courseName":"JAVA+AI","courseDetailId":217,"courseDayNum":2,"scheduleDate":"2026-07-08","scheduleType":"CLASS","courseContent":"efa","stageName":"进阶","teacherId":6,"teacherName":"哈哈哈","createdAt":"2026-07-07 15:11:14.0"},{"id":5113,"classId":5,"className":"第1期","courseId":2,"courseName":"JAVA+AI","scheduleDate":"2026-07-09","scheduleType":"SELF_STUDY","courseContent":"自习","createdAt":"2026-07-07 15:11:14.0"},{"id":5114,"classId":5,"className":"第1期","courseId":2,"courseName":"JAVA+AI","courseDetailId":216,"courseDayNum":3,"scheduleDate":"2026-07-10","scheduleType":"CLASS","courseContent":"sefsf","stageName":"进阶","teacherId":6,"teacherName":"哈哈哈","createdAt":"2026-07-07 15:11:14.0"},{"id":5115,"classId":5,"className":"第1期","courseId":2,"courseName":"JAVA+AI","courseDetailId":220,"courseDayNum":4,"scheduleDate":"2026-07-11","scheduleType":"CLASS","courseContent":"大宋","stageName":"spring","teacherId":6,"teacherName":"哈哈哈","createdAt":"2026-07-07 15:11:14.0"},{"id":5116,"classId":5,"className":"第1期","courseId":2,"courseName":"JAVA+AI","scheduleDate":"2026-07-12","scheduleType":"REST","courseContent":"休息","createdAt":"2026-07-07 15:11:14.0"},{"id":5117,"classId":5,"className":"第1期","courseId":2,"courseName":"JAVA+AI","courseDetailId":223,"courseDayNum":5,"scheduleDate":"2026-07-13","scheduleType":"CLASS","courseContent":"sdfs","stageName":"基础","teacherId":6,"teacherName":"哈哈哈","createdAt":"2026-07-07 15:11:14.0"},{"id":5118,"classId":5,"className":"第1期","courseId":2,"courseName":"JAVA+AI","courseDetailId":221,"courseDayNum":6,"scheduleDate":"2026-07-14","scheduleType":"CLASS","courseContent":"飞书的","stageName":"基础","teacherId":6,"teacherName":"哈哈哈","createdAt":"2026-07-07 15:11:14.0"},{"id":5119,"classId":5,"className":"第1期","courseId":2,"courseName":"JAVA+AI","courseDetailId":222,"courseDayNum":7,"scheduleDate":"2026-07-15","scheduleType":"CLASS","courseContent":"访问方法","stageName":"基础","teacherId":6,"teacherName":"哈哈哈","createdAt":"2026-07-07 15:11:14.0"},{"id":5120,"classId":5,"className":"第1期","courseId":2,"courseName":"JAVA+AI","scheduleDate":"2026-07-16","scheduleType":"SELF_STUDY","courseContent":"自习","createdAt":"2026-07-07 15:11:14.0"},{"id":5121,"classId":5,"className":"第1期","courseId":2,"courseName":"JAVA+AI","courseDetailId":224,"courseDayNum":8,"scheduleDate":"2026-07-17","scheduleType":"CLASS","courseContent":"都不会放过","stageName":"基础","teacherId":6,"teacherName":"哈哈哈","createdAt":"2026-07-07 15:11:14.0"}]}
2026-07-18 19:35:17.922 [http-nio-8080-exec-3] INFO  cn.yanque.common.aop.ControllerLogAspect [guid=8a4b51d8c3b845a0b021bb2c315347a9] - 接口结束: uri=/yq-admin/api/student/homework, controller=StudentHomeworkController#list, cost=6ms, result={"code":200,"message":"success","data":{"total":2,"pageNum":1,"pageSize":6,"records":[{"id":5,"title":"22","classId":5,"className":"第1期","classTerm":1,"homeworkDate":"2026-06-25","courseId":2,"courseName":"JAVA+AI","courseDetailId":219,"courseContentSnapshot":"集合框架","attachmentName":"homework_assignment_20260624_eaa7753d386d45a4b2d1b3ff8a0370f0fhagtb.md","attachmentUrl":"homework/assignment/2026/06/26/超级管理员/9422cc08-0143-4a57-9569-d322601afdce-homework_assignment_20260624_eaa7753d386d45a4b2d1b3ff8a0370f0fhagtb.md","attachmentType":"text/markdown","answerPublishStatus":"UNPUBLISHED","publishTeacherId":1,"publishTeacherName":"超级管理员","publishDate":"2026-06-26T17:12:58","deadline":"2026-06-25T06:00","status":"PUBLISHED","allowResubmit":false,"studentCountSnapshot":2,"createTime":"2026-06-26T17:12:58","updateTime":"2026-06-26T17:17:01","hasSubmitted":false,"submissionStatus":"EXPIRED"},{"id":4,"title":"21号作业","classId":5,"className":"第1期","classTerm":1,"homeworkDate":"2026-06-12","courseId":2,"courseName":"JAVA+AI","courseDetailId":220,"courseContentSnapshot":"大宋","attachmentName":"YanQue后台管理系统项目介绍.md","attachmentUrl":"homework/assignment/2026/06/17/超级管理员/0f180ff0-488e-43f0-bc37-bc2468610b2f-YanQue后台管理系统项目介绍.md","attachmentType":"text/markdown","answerAttachmentName":"ceshi.md","answerAttachmentUrl":"https://yqai-dev.tos-cn-shanghai.volces.com/homework/answer/20260422/41ddf1744fec4e9ca1c62b4a0bf40d11jpd9rl.md","answerAttachmentType":"text/markdown","answerPublishStatus":"PUBLISHED","answerPublishTime":"2026-04-22T21:05:49","answerPublishTeacherName":"超级管理员","publishTeacherId":1,"publishTeacherName":"超级管理员","publishDate":"2026-04-22T21:02:49","deadline":"2026-06-26T20:00","status":"PUBLISHED","allowResubmit":false,"studentCountSnapshot":0,"createTime":"2026-04-22T21:02:49","updateTime":"2026-06-26T17:46:32","hasSubmitted":false,"submissionStatus":"EXPIRED"}]}}
2026-07-18 19:35:19.305 [http-nio-8080-exec-8] INFO  cn.yanque.common.aop.ControllerLogAspect [guid=d1f1a879fd6c4ef79e347ec4d3089158] - 接口开始: uri=/yq-admin/api/student/pay/required-order, httpMethod=GET, controller=StudentPayController#requiredOrder, args=[]
2026-07-18 19:35:19.305 [http-nio-8080-exec-7] ERROR cn.yanque.common.exception.GlobalExceptionHandler [guid=7940d6d92064478f82de542c82010cdb] - 业务异常: code=401, message=未登录
cn.yanque.common.exception.BusinessException: 未登录
	at cn.yanque.models.auth.interceptor.PermissionInterceptor.preHandle(PermissionInterceptor.java:64)
	at org.springframework.web.servlet.HandlerExecutionChain.applyPreHandle(HandlerExecutionChain.java:146)
	at org.springframework.web.servlet.DispatcherServlet.doDispatch(DispatcherServlet.java:1084)
	at org.springframework.web.servlet.DispatcherServlet.doService(DispatcherServlet.java:979)
	at org.springframework.web.servlet.FrameworkServlet.processRequest(FrameworkServlet.java:1014)
	at org.springframework.web.servlet.FrameworkServlet.doGet(FrameworkServlet.java:903)
	at jakarta.servlet.http.HttpServlet.service(HttpServlet.java:564)
	at org.springframework.web.servlet.FrameworkServlet.service(FrameworkServlet.java:885)
	at jakarta.servlet.http.HttpServlet.service(HttpServlet.java:658)
	at org.apache.catalina.core.ApplicationFilterChain.internalDoFilter(ApplicationFilterChain.java:205)
	at org.apache.catalina.core.ApplicationFilterChain.doFilter(ApplicationFilterChain.java:149)
	at org.apache.tomcat.websocket.server.WsFilter.doFilter(WsFilter.java:51)
	at org.apache.catalina.core.ApplicationFilterChain.internalDoFilter(ApplicationFilterChain.java:174)
	at org.apache.catalina.core.ApplicationFilterChain.doFilter(ApplicationFilterChain.java:149)
	at org.springframework.web.filter.RequestContextFilter.doFilterInternal(RequestContextFilter.java:100)
	at org.springframework.web.filter.OncePerRequestFilter.doFilter(OncePerRequestFilter.java:116)
	at org.apache.catalina.core.ApplicationFilterChain.internalDoFilter(ApplicationFilterChain.java:174)
	at org.apache.catalina.core.ApplicationFilterChain.doFilter(ApplicationFilterChain.java:149)
	at org.springframework.web.filter.FormContentFilter.doFilterInternal(FormContentFilter.java:93)
	at org.springframework.web.filter.OncePerRequestFilter.doFilter(OncePerRequestFilter.java:116)
	at org.apache.catalina.core.ApplicationFilterChain.internalDoFilter(ApplicationFilterChain.java:174)
	at org.apache.catalina.core.ApplicationFilterChain.doFilter(ApplicationFilterChain.java:149)
	at org.springframework.web.filter.CharacterEncodingFilter.doFilterInternal(CharacterEncodingFilter.java:201)
	at org.springframework.web.filter.OncePerRequestFilter.doFilter(OncePerRequestFilter.java:116)
	at org.apache.catalina.core.ApplicationFilterChain.internalDoFilter(ApplicationFilterChain.java:174)
	at org.apache.catalina.core.ApplicationFilterChain.doFilter(ApplicationFilterChain.java:149)
	at cn.yanque.config.RequestGuidFilter.doFilterInternal(RequestGuidFilter.java:37)
	at org.springframework.web.filter.OncePerRequestFilter.doFilter(OncePerRequestFilter.java:116)
	at org.apache.catalina.core.ApplicationFilterChain.internalDoFilter(ApplicationFilterChain.java:174)
	at org.apache.catalina.core.ApplicationFilterChain.doFilter(ApplicationFilterChain.java:149)
	at org.apache.catalina.core.StandardWrapperValve.invoke(StandardWrapperValve.java:167)
	at org.apache.catalina.core.StandardContextValve.invoke(StandardContextValve.java:90)
	at org.apache.catalina.authenticator.AuthenticatorBase.invoke(AuthenticatorBase.java:482)
	at org.apache.catalina.core.StandardHostValve.invoke(StandardHostValve.java:115)
	at org.apache.catalina.valves.ErrorReportValve.invoke(ErrorReportValve.java:93)
	at org.apache.catalina.core.StandardEngineValve.invoke(StandardEngineValve.java:74)
	at org.apache.catalina.connector.CoyoteAdapter.service(CoyoteAdapter.java:340)
	at org.apache.coyote.http11.Http11Processor.service(Http11Processor.java:391)
	at org.apache.coyote.AbstractProcessorLight.process(AbstractProcessorLight.java:63)
	at org.apache.coyote.AbstractProtocol$ConnectionHandler.process(AbstractProtocol.java:896)
	at org.apache.tomcat.util.net.NioEndpoint$SocketProcessor.doRun(NioEndpoint.java:1744)
	at org.apache.tomcat.util.net.SocketProcessorBase.run(SocketProcessorBase.java:52)
	at org.apache.tomcat.util.threads.ThreadPoolExecutor.runWorker(ThreadPoolExecutor.java:1191)
	at org.apache.tomcat.util.threads.ThreadPoolExecutor$Worker.run(ThreadPoolExecutor.java:659)
	at org.apache.tomcat.util.threads.TaskThread$WrappingRunnable.run(TaskThread.java:61)
	at java.base/java.lang.Thread.run(Thread.java:840)
2026-07-18 19:35:19.307 [http-nio-8080-exec-8] INFO  cn.yanque.common.aop.ControllerLogAspect [guid=d1f1a879fd6c4ef79e347ec4d3089158] - 接口结束: uri=/yq-admin/api/student/pay/required-order, controller=StudentPayController#requiredOrder, cost=2ms, result={"code":200,"message":"success"}
2026-07-18 19:35:21.490 [http-nio-8080-exec-6] ERROR cn.yanque.common.exception.GlobalExceptionHandler [guid=295a9f6644e243688d835ad6e4832248] - 业务异常: code=401, message=未登录或Token缺失
cn.yanque.common.exception.BusinessException: 未登录或Token缺失
	at cn.yanque.models.auth.interceptor.JwtAuthInterceptor.preHandle(JwtAuthInterceptor.java:39)
	at org.springframework.web.servlet.HandlerExecutionChain.applyPreHandle(HandlerExecutionChain.java:146)
	at org.springframework.web.servlet.DispatcherServlet.doDispatch(DispatcherServlet.java:1084)
	at org.springframework.web.servlet.DispatcherServlet.doService(DispatcherServlet.java:979)
	at org.springframework.web.servlet.FrameworkServlet.processRequest(FrameworkServlet.java:1014)
	at org.springframework.web.servlet.FrameworkServlet.doGet(FrameworkServlet.java:903)
	at jakarta.servlet.http.HttpServlet.service(HttpServlet.java:564)
	at org.springframework.web.servlet.FrameworkServlet.service(FrameworkServlet.java:885)
	at jakarta.servlet.http.HttpServlet.service(HttpServlet.java:658)
	at org.apache.catalina.core.ApplicationFilterChain.internalDoFilter(ApplicationFilterChain.java:205)
	at org.apache.catalina.core.ApplicationFilterChain.doFilter(ApplicationFilterChain.java:149)
	at org.apache.tomcat.websocket.server.WsFilter.doFilter(WsFilter.java:51)
	at org.apache.catalina.core.ApplicationFilterChain.internalDoFilter(ApplicationFilterChain.java:174)
	at org.apache.catalina.core.ApplicationFilterChain.doFilter(ApplicationFilterChain.java:149)
	at org.springframework.web.filter.RequestContextFilter.doFilterInternal(RequestContextFilter.java:100)
	at org.springframework.web.filter.OncePerRequestFilter.doFilter(OncePerRequestFilter.java:116)
	at org.apache.catalina.core.ApplicationFilterChain.internalDoFilter(ApplicationFilterChain.java:174)
	at org.apache.catalina.core.ApplicationFilterChain.doFilter(ApplicationFilterChain.java:149)
	at org.springframework.web.filter.FormContentFilter.doFilterInternal(FormContentFilter.java:93)
	at org.springframework.web.filter.OncePerRequestFilter.doFilter(OncePerRequestFilter.java:116)
	at org.apache.catalina.core.ApplicationFilterChain.internalDoFilter(ApplicationFilterChain.java:174)
	at org.apache.catalina.core.ApplicationFilterChain.doFilter(ApplicationFilterChain.java:149)
	at org.springframework.web.filter.CharacterEncodingFilter.doFilterInternal(CharacterEncodingFilter.java:201)
	at org.springframework.web.filter.OncePerRequestFilter.doFilter(OncePerRequestFilter.java:116)
	at org.apache.catalina.core.ApplicationFilterChain.internalDoFilter(ApplicationFilterChain.java:174)
	at org.apache.catalina.core.ApplicationFilterChain.doFilter(ApplicationFilterChain.java:149)
	at cn.yanque.config.RequestGuidFilter.doFilterInternal(RequestGuidFilter.java:37)
	at org.springframework.web.filter.OncePerRequestFilter.doFilter(OncePerRequestFilter.java:116)
	at org.apache.catalina.core.ApplicationFilterChain.internalDoFilter(ApplicationFilterChain.java:174)
	at org.apache.catalina.core.ApplicationFilterChain.doFilter(ApplicationFilterChain.java:149)
	at org.apache.catalina.core.StandardWrapperValve.invoke(StandardWrapperValve.java:167)
	at org.apache.catalina.core.StandardContextValve.invoke(StandardContextValve.java:90)
	at org.apache.catalina.authenticator.AuthenticatorBase.invoke(AuthenticatorBase.java:482)
	at org.apache.catalina.core.StandardHostValve.invoke(StandardHostValve.java:115)
	at org.apache.catalina.valves.ErrorReportValve.invoke(ErrorReportValve.java:93)
	at org.apache.catalina.core.StandardEngineValve.invoke(StandardEngineValve.java:74)
	at org.apache.catalina.connector.CoyoteAdapter.service(CoyoteAdapter.java:340)
	at org.apache.coyote.http11.Http11Processor.service(Http11Processor.java:391)
	at org.apache.coyote.AbstractProcessorLight.process(AbstractProcessorLight.java:63)
	at org.apache.coyote.AbstractProtocol$ConnectionHandler.process(AbstractProtocol.java:896)
	at org.apache.tomcat.util.net.NioEndpoint$SocketProcessor.doRun(NioEndpoint.java:1744)
	at org.apache.tomcat.util.net.SocketProcessorBase.run(SocketProcessorBase.java:52)
	at org.apache.tomcat.util.threads.ThreadPoolExecutor.runWorker(ThreadPoolExecutor.java:1191)
	at org.apache.tomcat.util.threads.ThreadPoolExecutor$Worker.run(ThreadPoolExecutor.java:659)
	at org.apache.tomcat.util.threads.TaskThread$WrappingRunnable.run(TaskThread.java:61)
	at java.base/java.lang.Thread.run(Thread.java:840)
2026-07-18 19:35:23.173 [http-nio-8080-exec-1] INFO  cn.yanque.common.aop.ControllerLogAspect [guid=61af13c5322f403eb148935a48070cab] - 接口开始: uri=/yq-admin/api/student/login, httpMethod=POST, controller=StudentFrontController#login, args=[{"name":"req","value":{"phone":"11111111111","password":"****"}}]
2026-07-18 19:35:23.177 [http-nio-8080-exec-1] INFO  cn.yanque.common.aop.ControllerLogAspect [guid=61af13c5322f403eb148935a48070cab] - 接口结束: uri=/yq-admin/api/student/login, controller=StudentFrontController#login, cost=4ms, result={"code":200,"message":"success","data":{"token":"ey****bo","signSecret":"Kr****Pw","studentInfo":{"id":12,"studentCode":"XS20260527544266","studentName":"去去去","phone":"11111111111","password":"****","graduationSession":2022,"school":"1","education":"22","studyMode":"ONLINE","classId":5,"productId":4,"joinTime":"Sat Jun 27 08:00:00 CST 2026","createdAt":"Sat Jun 27 22:05:40 CST 2026","updatedAt":"Sat Jun 27 22:05:40 CST 2026"},"permissions":[]}}
2026-07-18 19:35:23.185 [http-nio-8080-exec-4] INFO  cn.yanque.common.aop.ControllerLogAspect [guid=a551c57356ed455d81c069f701864f72] - 接口开始: uri=/yq-admin/api/student/pay/required-order, httpMethod=GET, controller=StudentPayController#requiredOrder, args=[]
2026-07-18 19:35:23.187 [http-nio-8080-exec-4] INFO  cn.yanque.common.aop.ControllerLogAspect [guid=a551c57356ed455d81c069f701864f72] - 接口结束: uri=/yq-admin/api/student/pay/required-order, controller=StudentPayController#requiredOrder, cost=2ms, result={"code":200,"message":"success"}
2026-07-18 19:35:23.229 [http-nio-8080-exec-5] INFO  cn.yanque.common.aop.ControllerLogAspect [guid=3548ddbf6c0748c0bc878c2cbc429d85] - 接口开始: uri=/yq-admin/api/student/schedule, httpMethod=GET, controller=StudentScheduleController#list, args=[]
2026-07-18 19:35:23.229 [http-nio-8080-exec-9] INFO  cn.yanque.common.aop.ControllerLogAspect [guid=ad8b91f1222b48a691f518ccd06b06b1] - 接口开始: uri=/yq-admin/api/student/exams, httpMethod=GET, controller=StudentExamController#list, args=[]
2026-07-18 19:35:23.229 [http-nio-8080-exec-2] INFO  cn.yanque.common.aop.ControllerLogAspect [guid=f32abf73842747a987341dda98c62f63] - 接口开始: uri=/yq-admin/api/student/score/overview, httpMethod=GET, controller=StudentScoreController#overview, args=[]
2026-07-18 19:35:23.229 [http-nio-8080-exec-3] INFO  cn.yanque.common.aop.ControllerLogAspect [guid=c0b202161c80411e994f22dbb822be2f] - 接口开始: uri=/yq-admin/api/student/pay/required-order, httpMethod=GET, controller=StudentPayController#requiredOrder, args=[]
2026-07-18 19:35:23.231 [http-nio-8080-exec-10] INFO  cn.yanque.common.aop.ControllerLogAspect [guid=d7de6f5730a74eaa800381f8706976e0] - 接口开始: uri=/yq-admin/api/student/homework, httpMethod=GET, controller=StudentHomeworkController#list, args=[{"name":"req","value":{"pageNum":1,"pageSize":6}}]
2026-07-18 19:35:23.232 [http-nio-8080-exec-3] INFO  cn.yanque.common.aop.ControllerLogAspect [guid=c0b202161c80411e994f22dbb822be2f] - 接口结束: uri=/yq-admin/api/student/pay/required-order, controller=StudentPayController#requiredOrder, cost=3ms, result={"code":200,"message":"success"}
2026-07-18 19:35:23.232 [http-nio-8080-exec-9] INFO  cn.yanque.common.aop.ControllerLogAspect [guid=ad8b91f1222b48a691f518ccd06b06b1] - 接口结束: uri=/yq-admin/api/student/exams, controller=StudentExamController#list, cost=3ms, result={"code":200,"message":"success","data":[{"id":4,"paperId":1,"classId":5,"examName":"111","startTime":"2026-06-26T10:30","endTime":"2026-06-26T11:30","status":"PUBLISHED","answerPublished":false,"createdBy":1,"createdAt":"2026-06-26T11:11:12","updatedAt":"2026-06-26T11:11:41","paperName":"Java 基础测试卷","classTerm":1,"totalScore":100.00,"durationMinutes":60,"resultVisible":false},{"id":3,"paperId":1,"classId":5,"examName":"11","startTime":"2026-06-26T10:00","endTime":"2026-06-26T11:00","status":"PUBLISHED","answerPublished":true,"answerPublishTime":"2026-06-26T11:12:13","createdBy":1,"createdAt":"2026-06-26T10:55:21","updatedAt":"2026-06-26T11:12:13","paperName":"Java 基础测试卷","classTerm":1,"totalScore":100.00,"durationMinutes":60,"resultVisible":false},{"id":2,"paperId":1,"classId":5,"examName":"11","startTime":"2026-06-26T09:00","endTime":"2026-06-26T10:00","status":"PUBLISHED","answerPublished":true,"answerPublishTime":"2026-06-26T09:50:38","createdBy":1,"createdAt":"2026-06-26T09:50:03","updatedAt":"2026-06-26T09:50:38","paperName":"Java 基础测试卷","classTerm":1,"totalScore":100.00,"durationMinutes":60,"resultVisible":false},{"id":1,"paperId":1,"classId":5,"examName":"Java 基础阶段测试","startTime":"2026-06-26T09:00","endTime":"2026-06-26T10:00","status":"PUBLISHED","answerPublished":true,"answerPublishTime":"2026-06-26T09:22:58","createdBy":1,"createdAt":"2026-06-26T09:15:16","updatedAt":"2026-06-26T09:27:32","paperName":"Java 基础测试卷","classTerm":1,"totalScore":100.00,"durationMinutes":60,"resultVisible":false}]}
2026-07-18 19:35:23.233 [http-nio-8080-exec-2] INFO  cn.yanque.common.aop.ControllerLogAspect [guid=f32abf73842747a987341dda98c62f63] - 接口结束: uri=/yq-admin/api/student/score/overview, controller=StudentScoreController#overview, cost=4ms, result={"code":200,"message":"success","data":{"compositeScore":0.00,"homeworkAverageScore":0,"examAverageScore":0,"bestScore":0,"publishedScoreCount":0,"homeworkScores":[],"examScores":[]}}
2026-07-18 19:35:23.234 [http-nio-8080-exec-5] INFO  cn.yanque.common.aop.ControllerLogAspect [guid=3548ddbf6c0748c0bc878c2cbc429d85] - 接口结束: uri=/yq-admin/api/student/schedule, controller=StudentScheduleController#list, cost=5ms, result={"code":200,"message":"success","data":[{"id":5111,"classId":5,"className":"第1期","courseId":2,"courseName":"JAVA+AI","courseDetailId":219,"courseDayNum":1,"scheduleDate":"2026-07-07","scheduleType":"CLASS","courseContent":"集合框架","stageName":"基础","teacherId":6,"teacherName":"哈哈哈","createdAt":"2026-07-07 15:11:14.0"},{"id":5112,"classId":5,"className":"第1期","courseId":2,"courseName":"JAVA+AI","courseDetailId":217,"courseDayNum":2,"scheduleDate":"2026-07-08","scheduleType":"CLASS","courseContent":"efa","stageName":"进阶","teacherId":6,"teacherName":"哈哈哈","createdAt":"2026-07-07 15:11:14.0"},{"id":5113,"classId":5,"className":"第1期","courseId":2,"courseName":"JAVA+AI","scheduleDate":"2026-07-09","scheduleType":"SELF_STUDY","courseContent":"自习","createdAt":"2026-07-07 15:11:14.0"},{"id":5114,"classId":5,"className":"第1期","courseId":2,"courseName":"JAVA+AI","courseDetailId":216,"courseDayNum":3,"scheduleDate":"2026-07-10","scheduleType":"CLASS","courseContent":"sefsf","stageName":"进阶","teacherId":6,"teacherName":"哈哈哈","createdAt":"2026-07-07 15:11:14.0"},{"id":5115,"classId":5,"className":"第1期","courseId":2,"courseName":"JAVA+AI","courseDetailId":220,"courseDayNum":4,"scheduleDate":"2026-07-11","scheduleType":"CLASS","courseContent":"大宋","stageName":"spring","teacherId":6,"teacherName":"哈哈哈","createdAt":"2026-07-07 15:11:14.0"},{"id":5116,"classId":5,"className":"第1期","courseId":2,"courseName":"JAVA+AI","scheduleDate":"2026-07-12","scheduleType":"REST","courseContent":"休息","createdAt":"2026-07-07 15:11:14.0"},{"id":5117,"classId":5,"className":"第1期","courseId":2,"courseName":"JAVA+AI","courseDetailId":223,"courseDayNum":5,"scheduleDate":"2026-07-13","scheduleType":"CLASS","courseContent":"sdfs","stageName":"基础","teacherId":6,"teacherName":"哈哈哈","createdAt":"2026-07-07 15:11:14.0"},{"id":5118,"classId":5,"className":"第1期","courseId":2,"courseName":"JAVA+AI","courseDetailId":221,"courseDayNum":6,"scheduleDate":"2026-07-14","scheduleType":"CLASS","courseContent":"飞书的","stageName":"基础","teacherId":6,"teacherName":"哈哈哈","createdAt":"2026-07-07 15:11:14.0"},{"id":5119,"classId":5,"className":"第1期","courseId":2,"courseName":"JAVA+AI","courseDetailId":222,"courseDayNum":7,"scheduleDate":"2026-07-15","scheduleType":"CLASS","courseContent":"访问方法","stageName":"基础","teacherId":6,"teacherName":"哈哈哈","createdAt":"2026-07-07 15:11:14.0"},{"id":5120,"classId":5,"className":"第1期","courseId":2,"courseName":"JAVA+AI","scheduleDate":"2026-07-16","scheduleType":"SELF_STUDY","courseContent":"自习","createdAt":"2026-07-07 15:11:14.0"},{"id":5121,"classId":5,"className":"第1期","courseId":2,"courseName":"JAVA+AI","courseDetailId":224,"courseDayNum":8,"scheduleDate":"2026-07-17","scheduleType":"CLASS","courseContent":"都不会放过","stageName":"基础","teacherId":6,"teacherName":"哈哈哈","createdAt":"2026-07-07 15:11:14.0"}]}
2026-07-18 19:35:23.238 [http-nio-8080-exec-10] INFO  cn.yanque.common.aop.ControllerLogAspect [guid=d7de6f5730a74eaa800381f8706976e0] - 接口结束: uri=/yq-admin/api/student/homework, controller=StudentHomeworkController#list, cost=7ms, result={"code":200,"message":"success","data":{"total":2,"pageNum":1,"pageSize":6,"records":[{"id":5,"title":"22","classId":5,"className":"第1期","classTerm":1,"homeworkDate":"2026-06-25","courseId":2,"courseName":"JAVA+AI","courseDetailId":219,"courseContentSnapshot":"集合框架","attachmentName":"homework_assignment_20260624_eaa7753d386d45a4b2d1b3ff8a0370f0fhagtb.md","attachmentUrl":"homework/assignment/2026/06/26/超级管理员/9422cc08-0143-4a57-9569-d322601afdce-homework_assignment_20260624_eaa7753d386d45a4b2d1b3ff8a0370f0fhagtb.md","attachmentType":"text/markdown","answerPublishStatus":"UNPUBLISHED","publishTeacherId":1,"publishTeacherName":"超级管理员","publishDate":"2026-06-26T17:12:58","deadline":"2026-06-25T06:00","status":"PUBLISHED","allowResubmit":false,"studentCountSnapshot":2,"createTime":"2026-06-26T17:12:58","updateTime":"2026-06-26T17:17:01","hasSubmitted":false,"submissionStatus":"EXPIRED"},{"id":4,"title":"21号作业","classId":5,"className":"第1期","classTerm":1,"homeworkDate":"2026-06-12","courseId":2,"courseName":"JAVA+AI","courseDetailId":220,"courseContentSnapshot":"大宋","attachmentName":"YanQue后台管理系统项目介绍.md","attachmentUrl":"homework/assignment/2026/06/17/超级管理员/0f180ff0-488e-43f0-bc37-bc2468610b2f-YanQue后台管理系统项目介绍.md","attachmentType":"text/markdown","answerAttachmentName":"ceshi.md","answerAttachmentUrl":"https://yqai-dev.tos-cn-shanghai.volces.com/homework/answer/20260422/41ddf1744fec4e9ca1c62b4a0bf40d11jpd9rl.md","answerAttachmentType":"text/markdown","answerPublishStatus":"PUBLISHED","answerPublishTime":"2026-04-22T21:05:49","answerPublishTeacherName":"超级管理员","publishTeacherId":1,"publishTeacherName":"超级管理员","publishDate":"2026-04-22T21:02:49","deadline":"2026-06-26T20:00","status":"PUBLISHED","allowResubmit":false,"studentCountSnapshot":0,"createTime":"2026-04-22T21:02:49","updateTime":"2026-06-26T17:46:32","hasSubmitted":false,"submissionStatus":"EXPIRED"}]}}
2026-07-18 19:36:29.918 [http-nio-8080-exec-7] ERROR cn.yanque.common.exception.GlobalExceptionHandler [guid=adf98bafcaca473dbc23506d36608497] - 系统异常
org.springframework.web.servlet.resource.NoResourceFoundException: No static resource doc.html.
	at org.springframework.web.servlet.resource.ResourceHttpRequestHandler.handleRequest(ResourceHttpRequestHandler.java:585)
	at org.springframework.web.servlet.mvc.HttpRequestHandlerAdapter.handle(HttpRequestHandlerAdapter.java:52)
	at org.springframework.web.servlet.DispatcherServlet.doDispatch(DispatcherServlet.java:1089)
	at org.springframework.web.servlet.DispatcherServlet.doService(DispatcherServlet.java:979)
	at org.springframework.web.servlet.FrameworkServlet.processRequest(FrameworkServlet.java:1014)
	at org.springframework.web.servlet.FrameworkServlet.doGet(FrameworkServlet.java:903)
	at jakarta.servlet.http.HttpServlet.service(HttpServlet.java:564)
	at org.springframework.web.servlet.FrameworkServlet.service(FrameworkServlet.java:885)
	at jakarta.servlet.http.HttpServlet.service(HttpServlet.java:658)
	at org.apache.catalina.core.ApplicationFilterChain.internalDoFilter(ApplicationFilterChain.java:205)
	at org.apache.catalina.core.ApplicationFilterChain.doFilter(ApplicationFilterChain.java:149)
	at org.apache.tomcat.websocket.server.WsFilter.doFilter(WsFilter.java:51)
	at org.apache.catalina.core.ApplicationFilterChain.internalDoFilter(ApplicationFilterChain.java:174)
	at org.apache.catalina.core.ApplicationFilterChain.doFilter(ApplicationFilterChain.java:149)
	at org.springframework.web.filter.RequestContextFilter.doFilterInternal(RequestContextFilter.java:100)
	at org.springframework.web.filter.OncePerRequestFilter.doFilter(OncePerRequestFilter.java:116)
	at org.apache.catalina.core.ApplicationFilterChain.internalDoFilter(ApplicationFilterChain.java:174)
	at org.apache.catalina.core.ApplicationFilterChain.doFilter(ApplicationFilterChain.java:149)
	at org.springframework.web.filter.FormContentFilter.doFilterInternal(FormContentFilter.java:93)
	at org.springframework.web.filter.OncePerRequestFilter.doFilter(OncePerRequestFilter.java:116)
	at org.apache.catalina.core.ApplicationFilterChain.internalDoFilter(ApplicationFilterChain.java:174)
	at org.apache.catalina.core.ApplicationFilterChain.doFilter(ApplicationFilterChain.java:149)
	at org.springframework.web.filter.CharacterEncodingFilter.doFilterInternal(CharacterEncodingFilter.java:201)
	at org.springframework.web.filter.OncePerRequestFilter.doFilter(OncePerRequestFilter.java:116)
	at org.apache.catalina.core.ApplicationFilterChain.internalDoFilter(ApplicationFilterChain.java:174)
	at org.apache.catalina.core.ApplicationFilterChain.doFilter(ApplicationFilterChain.java:149)
	at cn.yanque.config.RequestGuidFilter.doFilterInternal(RequestGuidFilter.java:37)
	at org.springframework.web.filter.OncePerRequestFilter.doFilter(OncePerRequestFilter.java:116)
	at org.apache.catalina.core.ApplicationFilterChain.internalDoFilter(ApplicationFilterChain.java:174)
	at org.apache.catalina.core.ApplicationFilterChain.doFilter(ApplicationFilterChain.java:149)
	at org.apache.catalina.core.StandardWrapperValve.invoke(StandardWrapperValve.java:167)
	at org.apache.catalina.core.StandardContextValve.invoke(StandardContextValve.java:90)
	at org.apache.catalina.authenticator.AuthenticatorBase.invoke(AuthenticatorBase.java:482)
	at org.apache.catalina.core.StandardHostValve.invoke(StandardHostValve.java:115)
	at org.apache.catalina.valves.ErrorReportValve.invoke(ErrorReportValve.java:93)
	at org.apache.catalina.core.StandardEngineValve.invoke(StandardEngineValve.java:74)
	at org.apache.catalina.connector.CoyoteAdapter.service(CoyoteAdapter.java:340)
	at org.apache.coyote.http11.Http11Processor.service(Http11Processor.java:391)
	at org.apache.coyote.AbstractProcessorLight.process(AbstractProcessorLight.java:63)
	at org.apache.coyote.AbstractProtocol$ConnectionHandler.process(AbstractProtocol.java:896)
	at org.apache.tomcat.util.net.NioEndpoint$SocketProcessor.doRun(NioEndpoint.java:1744)
	at org.apache.tomcat.util.net.SocketProcessorBase.run(SocketProcessorBase.java:52)
	at org.apache.tomcat.util.threads.ThreadPoolExecutor.runWorker(ThreadPoolExecutor.java:1191)
	at org.apache.tomcat.util.threads.ThreadPoolExecutor$Worker.run(ThreadPoolExecutor.java:659)
	at org.apache.tomcat.util.threads.TaskThread$WrappingRunnable.run(TaskThread.java:61)
	at java.base/java.lang.Thread.run(Thread.java:840)
