2026-06-11 21:41:15.022 [background-preinit] [] [] INFO  o.h.validator.internal.util.Version - HV000001: Hibernate Validator 8.0.1.Final
2026-06-11 21:41:15.043 [main] [] [] INFO  cn.yanque.YanqueApplication - Starting YanqueApplication using Java 17.0.17 with PID 148888 (D:\Java\code\yq\YanQue-Admin\target\classes started by q1571 in D:\Java\code\yq\YanQue-Admin)
2026-06-11 21:41:15.043 [main] [] [] INFO  cn.yanque.YanqueApplication - The following 1 profile is active: "dev"
2026-06-11 21:41:15.501 [main] [] [] INFO  o.s.d.r.c.RepositoryConfigurationDelegate - Multiple Spring Data modules found, entering strict repository configuration mode
2026-06-11 21:41:15.503 [main] [] [] INFO  o.s.d.r.c.RepositoryConfigurationDelegate - Bootstrapping Spring Data Redis repositories in DEFAULT mode.
2026-06-11 21:41:15.522 [main] [] [] INFO  o.s.d.r.c.RepositoryConfigurationDelegate - Finished Spring Data repository scanning in 11 ms. Found 0 Redis repository interfaces.
2026-06-11 21:41:15.938 [main] [] [] INFO  o.s.b.w.e.tomcat.TomcatWebServer - Tomcat initialized with port 8080 (http)
2026-06-11 21:41:15.943 [main] [] [] INFO  o.a.coyote.http11.Http11NioProtocol - Initializing ProtocolHandler ["http-nio-8080"]
2026-06-11 21:41:15.944 [main] [] [] INFO  o.a.catalina.core.StandardService - Starting service [Tomcat]
2026-06-11 21:41:15.944 [main] [] [] INFO  o.a.catalina.core.StandardEngine - Starting Servlet engine: [Apache Tomcat/10.1.16]
2026-06-11 21:41:15.982 [main] [] [] INFO  o.a.c.c.C.[.[localhost].[/yq-admin] - Initializing Spring embedded WebApplicationContext
2026-06-11 21:41:15.982 [main] [] [] INFO  o.s.b.w.s.c.ServletWebServerApplicationContext - Root WebApplicationContext: initialization completed in 915 ms
2026-06-11 21:41:16.783 [main] [] [] INFO  o.a.coyote.http11.Http11NioProtocol - Starting ProtocolHandler ["http-nio-8080"]
2026-06-11 21:41:16.795 [main] [] [] INFO  o.s.b.w.e.tomcat.TomcatWebServer - Tomcat started on port 8080 (http) with context path '/yq-admin'
2026-06-11 21:41:16.802 [main] [] [] INFO  cn.yanque.YanqueApplication - Started YanqueApplication in 2.095 seconds (process running for 2.594)
2026-06-11 21:41:31.126 [http-nio-8080-exec-2] [] [] INFO  o.a.c.c.C.[.[localhost].[/yq-admin] - Initializing Spring DispatcherServlet 'dispatcherServlet'
2026-06-11 21:41:31.126 [http-nio-8080-exec-2] [] [] INFO  o.s.web.servlet.DispatcherServlet - Initializing Servlet 'dispatcherServlet'
2026-06-11 21:41:31.127 [http-nio-8080-exec-2] [] [] INFO  o.s.web.servlet.DispatcherServlet - Completed initialization in 1 ms
2026-06-11 21:41:31.520 [http-nio-8080-exec-2] [a19f6537] [1] INFO  com.zaxxer.hikari.HikariDataSource - HikariPool-1 - Starting...
2026-06-11 21:41:31.618 [http-nio-8080-exec-2] [a19f6537] [1] INFO  com.zaxxer.hikari.pool.HikariPool - HikariPool-1 - Added connection com.mysql.cj.jdbc.ConnectionImpl@5165c2f
2026-06-11 21:41:31.619 [http-nio-8080-exec-2] [a19f6537] [1] INFO  com.zaxxer.hikari.HikariDataSource - HikariPool-1 - Start completed.
2026-06-11 21:41:31.791 [http-nio-8080-exec-2] [a19f6537] [1] INFO  c.y.common.aop.ControllerLogAspect - 接口开始: uri=/yq-admin/api/sysRole, httpMethod=GET, controller=SysRoleController#pageRole, args=[{"name":"req","value":{"pageNum":1,"pageSize":10}}]
2026-06-11 21:41:31.831 [http-nio-8080-exec-2] [a19f6537] [1] INFO  c.y.common.aop.ControllerLogAspect - 接口结束: uri=/yq-admin/api/sysRole, controller=SysRoleController#pageRole, cost=114ms, result={"code":200,"message":"success","data":{"total":3,"pageNum":1,"pageSize":10,"records":[{"id":3,"roleCode":"head_teacher","roleName":"班主任","description":"班主任","status":"ACTIVE","createdAt":"Sat Apr 11 17:06:26 CST 2026"},{"id":2,"roleCode":"teacher","roleName":"讲师","status":"ACTIVE","createdAt":"Thu Apr 09 21:28:05 CST 2026"},{"id":1,"roleCode":"SUPER_ADMIN","roleName":"超级管理员","description":"拥有全部后台权限","status":"ACTIVE","createdAt":"Thu Apr 09 20:50:38 CST 2026"}]}}
2026-06-11 21:41:32.578 [http-nio-8080-exec-1] [99299ae1] [1] INFO  c.y.common.aop.ControllerLogAspect - 接口开始: uri=/yq-admin/api/sysUser, httpMethod=GET, controller=SysUserController#pageUser, args=[{"name":"req","value":{"pageNum":1,"pageSize":10}}]
2026-06-11 21:41:32.587 [http-nio-8080-exec-1] [99299ae1] [1] INFO  c.y.common.aop.ControllerLogAspect - 接口结束: uri=/yq-admin/api/sysUser, controller=SysUserController#pageUser, cost=9ms, result={"code":200,"message":"success","data":{"total":6,"pageNum":1,"pageSize":10,"records":[{"id":6,"username":"haha","nickname":"哈哈哈","realName":"哈哈","phone":"15118191032","email":"913038933@qq.com","status":"ACTIVE","createdAt":"Fri Apr 17 15:54:46 CST 2026"},{"id":5,"username":"laoshi2","nickname":"老师2","realName":"老师2","phone":"13762922584","status":"ACTIVE","createdAt":"Sun Apr 12 01:48:55 CST 2026"},{"id":4,"username":"laoshi1","nickname":"老师1","realName":"老师1","phone":"13273576020","status":"ACTIVE","createdAt":"Sun Apr 12 01:48:37 CST 2026"},{"id":3,"username":"banzhuren","nickname":"班主任老师","realName":"班主任老师","phone":"15118191032","status":"ACTIVE","createdAt":"Sat Apr 11 17:06:53 CST 2026"},{"id":2,"username":"huangjin","nickname":"黄瑾","realName":"黄瑾","phone":"13273672819","email":"913038933@qq.com","status":"ACTIVE","createdAt":"Thu Apr 09 22:04:43 CST 2026"},{"id":1,"username":"admin","nickname":"系统管理员","realName":"超级管理员","phone":"13800000000","email":"admin@yq.com","status":"ACTIVE","createdAt":"Thu Apr 09 20:50:39 CST 2026"}]}}
2026-06-11 21:41:33.242 [http-nio-8080-exec-4] [45a78490] [1] INFO  c.y.common.aop.ControllerLogAspect - 接口开始: uri=/yq-admin/api/sysPermission, httpMethod=GET, controller=SysPermissionController#pagePermission, args=[{"name":"req","value":{"pageNum":1,"pageSize":1000}}]
2026-06-11 21:41:33.275 [http-nio-8080-exec-4] [45a78490] [1] INFO  c.y.common.aop.ControllerLogAspect - 接口结束: uri=/yq-admin/api/sysPermission, controller=SysPermissionController#pagePermission, cost=29ms, result={"code":200,"message":"success","data":{"total":177,"pageNum":1,"pageSize":1000,"records":[{"id":287,"parentId":286,"permissionName":"面试复盘上传音频按钮","permissionType":"BUTTON","permissionCode":"button:interview-review:upload","sortNum":1,"status":"1","description":"面试复盘页面的上传音频按钮","createdAt":"Wed May 20 22:13:56 CST 2026"},{"id":272,"parentId":271,"permissionName":"自媒体生成选题按钮","permissionType":"BUTTON","permissionCode":"button:media-agent:generate-topics","sortNum":1,"status":"1","description":"自媒体创作页面的生成选题按钮","createdAt":"Sat May 09 16:32:32 CST 2026"},{"id":268,"parentId":267,"permissionName":"数据分析执行按钮","permissionType":"BUTTON","permissionCode":"button:data-analysis:analyze","sortNum":1,"status":"1","description":"数据分析页面的开始分析按钮","createdAt":"Fri May 08 16:42:19 CST 2026"},{"id":249,"parentId":121,"permissionName":"发布作业按钮","permissionType":"BUTTON","permissionCode":"button:homework:create","sortNum":1,"status":"1","description":"作业管理页面的发布作业按钮","createdAt":"Wed Apr 22 16:21:14 CST 2026"},{"id":247,"parentId":118,"permissionName":"学生绑定权限模板按钮","permissionType":"BUTTON","permissionCode":"button:student:bind-permission-template","sortNum":1,"status":"1","description":"学生管理页面的绑定权限模板按钮","createdAt":"Wed Apr 22 14:20:45 CST 2026"},{"id":243,"parentId":119,"permissionName":"学员权限模板新增按钮","permissionType":"BUTTON","permissionCode":"button:student-permission-template:create","sortNum":1,"status":"1","description":"学员权限模板页面的新增按钮","createdAt":"Mon Apr 20 00:05:46 CST 2026"},{"id":240,"parentId":115,"permissionName":"订单新增按钮","permissionType":"BUTTON","permissionCode":"button:order:create","sortNum":1,"status":"1","description":"订单管理页面的新增按钮","createdAt":"Sun Apr 12 23:10:59 CST 2026"},{"id":237,"parentId":114,"permissionName":"产品新增按钮","permissionType":"BUTTON","permissionCode":"button:product:create","sortNum":1,"status":"1","description":"产品管理页面的新增按钮","createdAt":"Sun Apr 12 14:19:04 CST 2026"},{"id":235,"parentId":112,"permissionName":"值班查看按钮","permissionType":"BUTTON","permissionCode":"button:duty:view","sortNum":1,"status":"1","description":"值班管理页面的查看按钮","createdAt":"Sun Apr 12 13:11:55 CST 2026"},{"id":234,"parentId":111,"permissionName":"老师课表查看按钮","permissionType":"BUTTON","permissionCode":"button:teacher-schedule:view","sortNum":1,"status":"1","description":"老师课表页面的查看按钮","createdAt":"Sun Apr 12 03:21:07 CST 2026"},{"id":231,"parentId":110,"permissionName":"课表查看按钮","permissionType":"BUTTON","permissionCode":"button:schedule:view","sortNum":1,"status":"1","description":"课表管理页面的查看按钮","createdAt":"Sat Apr 11 19:46:45 CST 2026"},{"id":227,"parentId":109,"permissionName":"班级新增按钮","permissionType":"BUTTON","permissionCode":"button:class:create","sortNum":1,"status":"1","description":"班级管理页面的新增按钮","createdAt":"Sat Apr 11 17:05:40 CST 2026"},{"id":218,"parentId":108,"permissionName":"课程新增按钮","permissionType":"BUTTON","permissionCode":"button:course:create","sortNum":1,"status":"1","description":"课程管理页面的新增按钮","createdAt":"Sat Apr 11 16:02:19 CST 2026"},{"id":215,"parentId":107,"permissionName":"校区新增按钮","permissionType":"BUTTON","permissionCode":"button:campus:create","sortNum":1,"status":"1","description":"校区管理页面的新增按钮","createdAt":"Sat Apr 11 15:49:16 CST 2026"},{"id":212,"parentId":105,"permissionName":"系统参数新增按钮","permissionType":"BUTTON","permissionCode":"button:config:create","sortNum":1,"status":"1","description":"系统参数页面的新增配置按钮","createdAt":"Fri Apr 10 20:08:09 CST 2026"},{"id":209,"parentId":104,"permissionName":"权限新增按钮","permissionType":"BUTTON","permissionCode":"button:permission:create","sortNum":1,"status":"1","description":"权限管理页面的新增权限按钮","createdAt":"Thu Apr 09 21:22:28 CST 2026"},{"id":205,"parentId":103,"permissionName":"角色新增按钮","permissionType":"BUTTON","permissionCode":"button:role:create","sortNum":1,"status":"1","description":"角色管理页面的新增角色按钮","createdAt":"Thu Apr 09 21:22:28 CST 2026"},{"id":201,"parentId":102,"permissionName":"用户新增按钮","permissionType":"BUTTON","permissionCode":"button:user:create","sortNum":1,"status":"ACTIVE","desc...(truncated)
2026-06-11 21:41:33.984 [http-nio-8080-exec-3] [ff2fbb31] [1] INFO  c.y.common.aop.ControllerLogAspect - 接口开始: uri=/yq-admin/api/eduClass, httpMethod=GET, controller=EduClassController#pageClass, args=[{"name":"req","value":{"pageNum":1,"pageSize":10}}]
2026-06-11 21:41:33.993 [http-nio-8080-exec-3] [ff2fbb31] [1] INFO  c.y.common.aop.ControllerLogAspect - 接口结束: uri=/yq-admin/api/eduClass, controller=EduClassController#pageClass, cost=9ms, result={"code":200,"message":"success","data":{"total":3,"pageNum":1,"pageSize":10,"records":[{"id":3,"classTerm":3,"campusId":1,"headTeacherId":3,"classStatus":"WAITING","startTime":"Thu Apr 16 00:00:00 CST 2026","courseId":1,"studentCount":0,"createdAt":"Mon Apr 13 20:34:39 CST 2026"},{"id":2,"classTerm":2,"campusId":1,"headTeacherId":3,"classStatus":"WAITING","startTime":"Mon Apr 13 00:00:00 CST 2026","courseId":1,"studentCount":0,"createdAt":"Mon Apr 13 20:15:52 CST 2026"},{"id":1,"classTerm":1,"campusId":1,"headTeacherId":3,"classStatus":"WAITING","startTime":"Mon Apr 13 00:00:00 CST 2026","courseId":1,"studentCount":0,"createdAt":"Sat Apr 11 17:09:28 CST 2026"}]}}
2026-06-11 21:41:35.306 [http-nio-8080-exec-5] [d305319c] [1] INFO  c.y.common.aop.ControllerLogAspect - 接口开始: uri=/yq-admin/api/sysPermission, httpMethod=GET, controller=SysPermissionController#pagePermission, args=[{"name":"req","value":{"pageNum":1,"pageSize":1000}}]
2026-06-11 21:41:35.319 [http-nio-8080-exec-5] [d305319c] [1] INFO  c.y.common.aop.ControllerLogAspect - 接口结束: uri=/yq-admin/api/sysPermission, controller=SysPermissionController#pagePermission, cost=11ms, result={"code":200,"message":"success","data":{"total":177,"pageNum":1,"pageSize":1000,"records":[{"id":287,"parentId":286,"permissionName":"面试复盘上传音频按钮","permissionType":"BUTTON","permissionCode":"button:interview-review:upload","sortNum":1,"status":"1","description":"面试复盘页面的上传音频按钮","createdAt":"Wed May 20 22:13:56 CST 2026"},{"id":272,"parentId":271,"permissionName":"自媒体生成选题按钮","permissionType":"BUTTON","permissionCode":"button:media-agent:generate-topics","sortNum":1,"status":"1","description":"自媒体创作页面的生成选题按钮","createdAt":"Sat May 09 16:32:32 CST 2026"},{"id":268,"parentId":267,"permissionName":"数据分析执行按钮","permissionType":"BUTTON","permissionCode":"button:data-analysis:analyze","sortNum":1,"status":"1","description":"数据分析页面的开始分析按钮","createdAt":"Fri May 08 16:42:19 CST 2026"},{"id":249,"parentId":121,"permissionName":"发布作业按钮","permissionType":"BUTTON","permissionCode":"button:homework:create","sortNum":1,"status":"1","description":"作业管理页面的发布作业按钮","createdAt":"Wed Apr 22 16:21:14 CST 2026"},{"id":247,"parentId":118,"permissionName":"学生绑定权限模板按钮","permissionType":"BUTTON","permissionCode":"button:student:bind-permission-template","sortNum":1,"status":"1","description":"学生管理页面的绑定权限模板按钮","createdAt":"Wed Apr 22 14:20:45 CST 2026"},{"id":243,"parentId":119,"permissionName":"学员权限模板新增按钮","permissionType":"BUTTON","permissionCode":"button:student-permission-template:create","sortNum":1,"status":"1","description":"学员权限模板页面的新增按钮","createdAt":"Mon Apr 20 00:05:46 CST 2026"},{"id":240,"parentId":115,"permissionName":"订单新增按钮","permissionType":"BUTTON","permissionCode":"button:order:create","sortNum":1,"status":"1","description":"订单管理页面的新增按钮","createdAt":"Sun Apr 12 23:10:59 CST 2026"},{"id":237,"parentId":114,"permissionName":"产品新增按钮","permissionType":"BUTTON","permissionCode":"button:product:create","sortNum":1,"status":"1","description":"产品管理页面的新增按钮","createdAt":"Sun Apr 12 14:19:04 CST 2026"},{"id":235,"parentId":112,"permissionName":"值班查看按钮","permissionType":"BUTTON","permissionCode":"button:duty:view","sortNum":1,"status":"1","description":"值班管理页面的查看按钮","createdAt":"Sun Apr 12 13:11:55 CST 2026"},{"id":234,"parentId":111,"permissionName":"老师课表查看按钮","permissionType":"BUTTON","permissionCode":"button:teacher-schedule:view","sortNum":1,"status":"1","description":"老师课表页面的查看按钮","createdAt":"Sun Apr 12 03:21:07 CST 2026"},{"id":231,"parentId":110,"permissionName":"课表查看按钮","permissionType":"BUTTON","permissionCode":"button:schedule:view","sortNum":1,"status":"1","description":"课表管理页面的查看按钮","createdAt":"Sat Apr 11 19:46:45 CST 2026"},{"id":227,"parentId":109,"permissionName":"班级新增按钮","permissionType":"BUTTON","permissionCode":"button:class:create","sortNum":1,"status":"1","description":"班级管理页面的新增按钮","createdAt":"Sat Apr 11 17:05:40 CST 2026"},{"id":218,"parentId":108,"permissionName":"课程新增按钮","permissionType":"BUTTON","permissionCode":"button:course:create","sortNum":1,"status":"1","description":"课程管理页面的新增按钮","createdAt":"Sat Apr 11 16:02:19 CST 2026"},{"id":215,"parentId":107,"permissionName":"校区新增按钮","permissionType":"BUTTON","permissionCode":"button:campus:create","sortNum":1,"status":"1","description":"校区管理页面的新增按钮","createdAt":"Sat Apr 11 15:49:16 CST 2026"},{"id":212,"parentId":105,"permissionName":"系统参数新增按钮","permissionType":"BUTTON","permissionCode":"button:config:create","sortNum":1,"status":"1","description":"系统参数页面的新增配置按钮","createdAt":"Fri Apr 10 20:08:09 CST 2026"},{"id":209,"parentId":104,"permissionName":"权限新增按钮","permissionType":"BUTTON","permissionCode":"button:permission:create","sortNum":1,"status":"1","description":"权限管理页面的新增权限按钮","createdAt":"Thu Apr 09 21:22:28 CST 2026"},{"id":205,"parentId":103,"permissionName":"角色新增按钮","permissionType":"BUTTON","permissionCode":"button:role:create","sortNum":1,"status":"1","description":"角色管理页面的新增角色按钮","createdAt":"Thu Apr 09 21:22:28 CST 2026"},{"id":201,"parentId":102,"permissionName":"用户新增按钮","permissionType":"BUTTON","permissionCode":"button:user:create","sortNum":1,"status":"ACTIVE","desc...(truncated)
2026-06-11 21:41:35.819 [http-nio-8080-exec-6] [c6a0787d] [1] INFO  c.y.common.aop.ControllerLogAspect - 接口开始: uri=/yq-admin/api/sysRole, httpMethod=GET, controller=SysRoleController#pageRole, args=[{"name":"req","value":{"pageNum":1,"pageSize":10}}]
2026-06-11 21:41:35.826 [http-nio-8080-exec-6] [c6a0787d] [1] INFO  c.y.common.aop.ControllerLogAspect - 接口结束: uri=/yq-admin/api/sysRole, controller=SysRoleController#pageRole, cost=6ms, result={"code":200,"message":"success","data":{"total":3,"pageNum":1,"pageSize":10,"records":[{"id":3,"roleCode":"head_teacher","roleName":"班主任","description":"班主任","status":"ACTIVE","createdAt":"Sat Apr 11 17:06:26 CST 2026"},{"id":2,"roleCode":"teacher","roleName":"讲师","status":"ACTIVE","createdAt":"Thu Apr 09 21:28:05 CST 2026"},{"id":1,"roleCode":"SUPER_ADMIN","roleName":"超级管理员","description":"拥有全部后台权限","status":"ACTIVE","createdAt":"Thu Apr 09 20:50:38 CST 2026"}]}}
2026-06-11 21:41:36.295 [http-nio-8080-exec-7] [883750a2] [1] INFO  c.y.common.aop.ControllerLogAspect - 接口开始: uri=/yq-admin/api/sysUser, httpMethod=GET, controller=SysUserController#pageUser, args=[{"name":"req","value":{"pageNum":1,"pageSize":10}}]
2026-06-11 21:41:36.302 [http-nio-8080-exec-7] [883750a2] [1] INFO  c.y.common.aop.ControllerLogAspect - 接口结束: uri=/yq-admin/api/sysUser, controller=SysUserController#pageUser, cost=7ms, result={"code":200,"message":"success","data":{"total":6,"pageNum":1,"pageSize":10,"records":[{"id":6,"username":"haha","nickname":"哈哈哈","realName":"哈哈","phone":"15118191032","email":"913038933@qq.com","status":"ACTIVE","createdAt":"Fri Apr 17 15:54:46 CST 2026"},{"id":5,"username":"laoshi2","nickname":"老师2","realName":"老师2","phone":"13762922584","status":"ACTIVE","createdAt":"Sun Apr 12 01:48:55 CST 2026"},{"id":4,"username":"laoshi1","nickname":"老师1","realName":"老师1","phone":"13273576020","status":"ACTIVE","createdAt":"Sun Apr 12 01:48:37 CST 2026"},{"id":3,"username":"banzhuren","nickname":"班主任老师","realName":"班主任老师","phone":"15118191032","status":"ACTIVE","createdAt":"Sat Apr 11 17:06:53 CST 2026"},{"id":2,"username":"huangjin","nickname":"黄瑾","realName":"黄瑾","phone":"13273672819","email":"913038933@qq.com","status":"ACTIVE","createdAt":"Thu Apr 09 22:04:43 CST 2026"},{"id":1,"username":"admin","nickname":"系统管理员","realName":"超级管理员","phone":"13800000000","email":"admin@yq.com","status":"ACTIVE","createdAt":"Thu Apr 09 20:50:39 CST 2026"}]}}
2026-06-11 21:44:13.001 [SpringApplicationShutdownHook] [] [] INFO  com.zaxxer.hikari.HikariDataSource - HikariPool-1 - Shutdown initiated...
2026-06-11 21:44:13.005 [SpringApplicationShutdownHook] [] [] INFO  com.zaxxer.hikari.HikariDataSource - HikariPool-1 - Shutdown completed.
2026-06-11 21:44:14.673 [background-preinit] [] [] INFO  o.h.validator.internal.util.Version - HV000001: Hibernate Validator 8.0.1.Final
2026-06-11 21:44:14.693 [main] [] [] INFO  cn.yanque.YanqueApplication - Starting YanqueApplication using Java 17.0.17 with PID 146412 (D:\Java\code\yq\YanQue-Admin\target\classes started by q1571 in D:\Java\code\yq\YanQue-Admin)
2026-06-11 21:44:14.693 [main] [] [] INFO  cn.yanque.YanqueApplication - The following 1 profile is active: "dev"
2026-06-11 21:44:15.108 [main] [] [] INFO  o.s.d.r.c.RepositoryConfigurationDelegate - Multiple Spring Data modules found, entering strict repository configuration mode
2026-06-11 21:44:15.110 [main] [] [] INFO  o.s.d.r.c.RepositoryConfigurationDelegate - Bootstrapping Spring Data Redis repositories in DEFAULT mode.
2026-06-11 21:44:15.132 [main] [] [] INFO  o.s.d.r.c.RepositoryConfigurationDelegate - Finished Spring Data repository scanning in 13 ms. Found 0 Redis repository interfaces.
2026-06-11 21:44:15.553 [main] [] [] INFO  o.s.b.w.e.tomcat.TomcatWebServer - Tomcat initialized with port 8080 (http)
2026-06-11 21:44:15.557 [main] [] [] INFO  o.a.coyote.http11.Http11NioProtocol - Initializing ProtocolHandler ["http-nio-8080"]
2026-06-11 21:44:15.559 [main] [] [] INFO  o.a.catalina.core.StandardService - Starting service [Tomcat]
2026-06-11 21:44:15.559 [main] [] [] INFO  o.a.catalina.core.StandardEngine - Starting Servlet engine: [Apache Tomcat/10.1.16]
2026-06-11 21:44:15.593 [main] [] [] INFO  o.a.c.c.C.[.[localhost].[/yq-admin] - Initializing Spring embedded WebApplicationContext
2026-06-11 21:44:15.593 [main] [] [] INFO  o.s.b.w.s.c.ServletWebServerApplicationContext - Root WebApplicationContext: initialization completed in 877 ms
2026-06-11 21:44:16.473 [main] [] [] INFO  o.a.coyote.http11.Http11NioProtocol - Starting ProtocolHandler ["http-nio-8080"]
2026-06-11 21:44:16.486 [main] [] [] INFO  o.s.b.w.e.tomcat.TomcatWebServer - Tomcat started on port 8080 (http) with context path '/yq-admin'
2026-06-11 21:44:16.492 [main] [] [] INFO  cn.yanque.YanqueApplication - Started YanqueApplication in 2.109 seconds (process running for 2.521)
2026-06-11 21:44:21.620 [http-nio-8080-exec-1] [] [] INFO  o.a.c.c.C.[.[localhost].[/yq-admin] - Initializing Spring DispatcherServlet 'dispatcherServlet'
2026-06-11 21:44:21.620 [http-nio-8080-exec-1] [] [] INFO  o.s.web.servlet.DispatcherServlet - Initializing Servlet 'dispatcherServlet'
2026-06-11 21:44:21.622 [http-nio-8080-exec-1] [] [] INFO  o.s.web.servlet.DispatcherServlet - Completed initialization in 2 ms
2026-06-11 21:44:22.014 [http-nio-8080-exec-1] [53538372] [1] ERROR c.y.c.e.GlobalExceptionHandler - 业务异常: code=401, message=签名密钥不存在，请重新登录
cn.yanque.common.exception.BusinessException: 签名密钥不存在，请重新登录
	at cn.yanque.models.auth.interceptor.SignInterceptor.preHandle(SignInterceptor.java:60)
	at org.springframework.web.servlet.HandlerExecutionChain.applyPreHandle(HandlerExecutionChain.java:146)
	at org.springframework.web.servlet.DispatcherServlet.doDispatch(DispatcherServlet.java:1084)
	at org.springframework.web.servlet.DispatcherServlet.doService(DispatcherServlet.java:979)
	at org.springframework.web.servlet.FrameworkServlet.processRequest(FrameworkServlet.java:1014)
	at org.springframework.web.servlet.FrameworkServlet.doGet(FrameworkServlet.java:903)
	at jakarta.servlet.http.HttpServlet.service(HttpServlet.java:564)
	at org.springframework.web.servlet.FrameworkServlet.service(FrameworkServlet.java:885)
	at jakarta.servlet.http.HttpServlet.service(HttpServlet.java:658)
	at org.apache.catalina.core.ApplicationFilterChain.internalDoFilter(ApplicationFilterChain.java:205)
	at org.apache.catalina.core.ApplicationFilterChain.doFilter(ApplicationFilterChain.java:149)
	at org.apache.tomcat.websocket.server.WsFilter.doFilter(WsFilter.java:51)
	at org.apache.catalina.core.ApplicationFilterChain.internalDoFilter(ApplicationFilterChain.java:174)
	at org.apache.catalina.core.ApplicationFilterChain.doFilter(ApplicationFilterChain.java:149)
	at org.springframework.web.filter.RequestContextFilter.doFilterInternal(RequestContextFilter.java:100)
	at org.springframework.web.filter.OncePerRequestFilter.doFilter(OncePerRequestFilter.java:116)
	at org.apache.catalina.core.ApplicationFilterChain.internalDoFilter(ApplicationFilterChain.java:174)
	at org.apache.catalina.core.ApplicationFilterChain.doFilter(ApplicationFilterChain.java:149)
	at org.springframework.web.filter.FormContentFilter.doFilterInternal(FormContentFilter.java:93)
	at org.springframework.web.filter.OncePerRequestFilter.doFilter(OncePerRequestFilter.java:116)
	at org.apache.catalina.core.ApplicationFilterChain.internalDoFilter(ApplicationFilterChain.java:174)
	at org.apache.catalina.core.ApplicationFilterChain.doFilter(ApplicationFilterChain.java:149)
	at org.springframework.web.filter.CharacterEncodingFilter.doFilterInternal(CharacterEncodingFilter.java:201)
	at org.springframework.web.filter.OncePerRequestFilter.doFilter(OncePerRequestFilter.java:116)
	at org.apache.catalina.core.ApplicationFilterChain.internalDoFilter(ApplicationFilterChain.java:174)
	at org.apache.catalina.core.ApplicationFilterChain.doFilter(ApplicationFilterChain.java:149)
	at cn.yanque.config.MdcFilter.doFilterInternal(MdcFilter.java:37)
	at org.springframework.web.filter.OncePerRequestFilter.doFilter(OncePerRequestFilter.java:116)
	at org.apache.catalina.core.ApplicationFilterChain.internalDoFilter(ApplicationFilterChain.java:174)
	at org.apache.catalina.core.ApplicationFilterChain.doFilter(ApplicationFilterChain.java:149)
	at org.apache.catalina.core.StandardWrapperValve.invoke(StandardWrapperValve.java:167)
	at org.apache.catalina.core.StandardContextValve.invoke(StandardContextValve.java:90)
	at org.apache.catalina.authenticator.AuthenticatorBase.invoke(AuthenticatorBase.java:482)
	at org.apache.catalina.core.StandardHostValve.invoke(StandardHostValve.java:115)
	at org.apache.catalina.valves.ErrorReportValve.invoke(ErrorReportValve.java:93)
	at org.apache.catalina.core.StandardEngineValve.invoke(StandardEngineValve.java:74)
	at org.apache.catalina.connector.CoyoteAdapter.service(CoyoteAdapter.java:340)
	at org.apache.coyote.http11.Http11Processor.service(Http11Processor.java:391)
	at org.apache.coyote.AbstractProcessorLight.process(AbstractProcessorLight.java:63)
	at org.apache.coyote.AbstractProtocol$ConnectionHandler.process(AbstractProtocol.java:896)
	at org.apache.tomcat.util.net.NioEndpoint$SocketProcessor.doRun(NioEndpoint.java:1744)
	at org.apache.tomcat.util.net.SocketProcessorBase.run(SocketProcessorBase.java:52)
	at org.apache.tomcat.util.threads.ThreadPoolExecutor.runWorker(ThreadPoolExecutor.java:1191)
	at org.apache.tomcat.util.threads.ThreadPoolExecutor$Worker.run(ThreadPoolExecutor.java:659)
	at org.apache.tomcat.util.threads.TaskThread$WrappingRunnable.run(TaskThread.java:61)
	at java.base/java.lang.Thread.run(Thread.java:840)
2026-06-11 21:44:25.565 [http-nio-8080-exec-2] [13ceba94] [] INFO  c.y.common.aop.ControllerLogAspect - 接口开始: uri=/yq-admin/api/sysUser/login, httpMethod=POST, controller=SysUserController#login, args=[{"name":"req","value":{"username":"admin","password":"****"}}]
2026-06-11 21:44:25.578 [http-nio-8080-exec-2] [13ceba94] [] INFO  com.zaxxer.hikari.HikariDataSource - HikariPool-1 - Starting...
2026-06-11 21:44:25.673 [http-nio-8080-exec-2] [13ceba94] [] INFO  com.zaxxer.hikari.pool.HikariPool - HikariPool-1 - Added connection com.mysql.cj.jdbc.ConnectionImpl@9e67076
2026-06-11 21:44:25.674 [http-nio-8080-exec-2] [13ceba94] [] INFO  com.zaxxer.hikari.HikariDataSource - HikariPool-1 - Start completed.
2026-06-11 21:44:25.679 [http-nio-8080-exec-2] [13ceba94] [] DEBUG c.y.m.u.m.S.selectByUsername - ==>  Preparing: select id, username, password, nickname, real_name, phone, email, union_id, status, created_at, updated_at from sys_user where username = ?
2026-06-11 21:44:25.695 [http-nio-8080-exec-2] [13ceba94] [] DEBUG c.y.m.u.m.S.selectByUsername - ==> Parameters: admin(String)
2026-06-11 21:44:25.711 [http-nio-8080-exec-2] [13ceba94] [] DEBUG c.y.m.u.m.S.selectByUsername - <==      Total: 1
2026-06-11 21:44:25.729 [http-nio-8080-exec-2] [13ceba94] [] DEBUG c.y.m.u.m.SysUserMapper.selectById - ==>  Preparing: select id, username, password, nickname, real_name, phone, email, union_id, status, created_at, updated_at from sys_user where id = ?
2026-06-11 21:44:25.729 [http-nio-8080-exec-2] [13ceba94] [] DEBUG c.y.m.u.m.SysUserMapper.selectById - ==> Parameters: 1(Long)
2026-06-11 21:44:25.731 [http-nio-8080-exec-2] [13ceba94] [] DEBUG c.y.m.u.m.SysUserMapper.selectById - <==      Total: 1
2026-06-11 21:44:25.732 [http-nio-8080-exec-2] [13ceba94] [] DEBUG c.y.m.u.m.S.selectRoleIdsByUserId - ==>  Preparing: select role_id from sys_user_role where user_id = ? order by role_id asc
2026-06-11 21:44:25.732 [http-nio-8080-exec-2] [13ceba94] [] DEBUG c.y.m.u.m.S.selectRoleIdsByUserId - ==> Parameters: 1(Long)
2026-06-11 21:44:25.733 [http-nio-8080-exec-2] [13ceba94] [] DEBUG c.y.m.u.m.S.selectRoleIdsByUserId - <==      Total: 1
2026-06-11 21:44:25.753 [http-nio-8080-exec-2] [13ceba94] [] DEBUG c.y.m.u.m.SysRoleMapper.selectList - ==>  Preparing: select id, role_code, role_name, description, status, created_at, updated_at from sys_role WHERE id in ( ? )
2026-06-11 21:44:25.753 [http-nio-8080-exec-2] [13ceba94] [] DEBUG c.y.m.u.m.SysRoleMapper.selectList - ==> Parameters: 1(Long)
2026-06-11 21:44:25.754 [http-nio-8080-exec-2] [13ceba94] [] DEBUG c.y.m.u.m.SysRoleMapper.selectList - <==      Total: 1
2026-06-11 21:44:25.755 [http-nio-8080-exec-2] [13ceba94] [] DEBUG c.y.m.u.m.S.selectPermissionIdsByRoleId - ==>  Preparing: select permission_id from sys_role_permission where role_id in ( ? ) order by permission_id asc
2026-06-11 21:44:25.755 [http-nio-8080-exec-2] [13ceba94] [] DEBUG c.y.m.u.m.S.selectPermissionIdsByRoleId - ==> Parameters: 1(Long)
2026-06-11 21:44:25.756 [http-nio-8080-exec-2] [13ceba94] [] DEBUG c.y.m.u.m.S.selectPermissionIdsByRoleId - <==      Total: 4
2026-06-11 21:44:25.757 [http-nio-8080-exec-2] [13ceba94] [] DEBUG c.y.m.u.m.S.selectList - ==>  Preparing: select id, parent_id, permission_code, permission_name, permission_type, api_path, sort_num, description, status, created_at, updated_at from sys_permission WHERE id in ( ? , ? , ? , ? )
2026-06-11 21:44:25.757 [http-nio-8080-exec-2] [13ceba94] [] DEBUG c.y.m.u.m.S.selectList - ==> Parameters: 101(Long), 106(Long), 113(Long), 117(Long)
2026-06-11 21:44:25.760 [http-nio-8080-exec-2] [13ceba94] [] DEBUG c.y.m.u.m.S.selectList - <==      Total: 4
2026-06-11 21:44:25.763 [http-nio-8080-exec-2] [13ceba94] [] INFO  c.y.common.aop.ControllerLogAspect - 接口结束: uri=/yq-admin/api/sysUser/login, controller=SysUserController#login, cost=266ms, result={"code":200,"message":"success","data":{"token":"ey****vg","signSecret":"fI****Z8","userDetailRes":{"id":1,"username":"admin","nickname":"系统管理员","realName":"超级管理员","phone":"13800000000","email":"admin@yq.com","unionId":"on_8dc4e328a2870919088b018841458703","status":"ACTIVE","createdAt":"Thu Apr 09 20:50:39 CST 2026","updatedAt":"Wed Jun 10 20:14:33 CST 2026"},"roleDetailResList":[{"id":1,"roleCode":"SUPER_ADMIN","roleName":"超级管理员","description":"拥有全部后台权限","status":"ACTIVE","createdAt":"Thu Apr 09 20:50:38 CST 2026","updatedAt":"Wed Jun 10 20:13:59 CST 2026"}],"permissionDetailResList":[{"id":101,"parentId":0,"permissionName":"系统配置","permissionType":"MENU","permissionCode":"menu:system","sortNum":1,"status":"ACTIVE","description":"左侧导航中的系统配置父级菜单","createdAt":"Thu Apr 09 21:22:28 CST 2026","updatedAt":"Thu Jun 11 19:21:05 CST 2026"},{"id":106,"parentId":0,"permissionName":"教学管理","permissionType":"MENU","permissionCode":"menu:teaching","sortNum":2,"status":"ACTIVE","description":"左侧导航中的教学管理父级菜单","createdAt":"Sat Apr 11 15:49:16 CST 2026","updatedAt":"Thu Jun 11 19:21:10 CST 2026"},{"id":113,"parentId":0,"permissionName":"销售管理","permissionType":"MENU","permissionCode":"menu:sales","sortNum":3,"status":"ACTIVE","description":"左侧导航中的销售管理父级菜单","createdAt":"Sun Apr 12 14:19:04 CST 2026","updatedAt":"Thu Jun 11 19:21:13 CST 2026"},{"id":117,"parentId":0,"permissionName":"学员管理","permissionType":"MENU","permissionCode":"menu:student","sortNum":4,"status":"ACTIVE","description":"左侧导航中的学员管理父级菜单","createdAt":"Sun Apr 19 23:54:31 CST 2026","updatedAt":"Thu Jun 11 19:21:15 CST 2026"}]}}
2026-06-11 21:44:25.861 [http-nio-8080-exec-3] [0d70962a] [1] DEBUG c.y.m.u.m.SysUserMapper.selectById - ==>  Preparing: select id, username, password, nickname, real_name, phone, email, union_id, status, created_at, updated_at from sys_user where id = ?
2026-06-11 21:44:25.861 [http-nio-8080-exec-3] [0d70962a] [1] DEBUG c.y.m.u.m.SysUserMapper.selectById - ==> Parameters: 1(Long)
2026-06-11 21:44:25.864 [http-nio-8080-exec-3] [0d70962a] [1] DEBUG c.y.m.u.m.SysUserMapper.selectById - <==      Total: 1
2026-06-11 21:44:25.865 [http-nio-8080-exec-3] [0d70962a] [1] DEBUG c.y.m.u.m.S.selectRoleIdsByUserId - ==>  Preparing: select role_id from sys_user_role where user_id = ? order by role_id asc
2026-06-11 21:44:25.865 [http-nio-8080-exec-3] [0d70962a] [1] DEBUG c.y.m.u.m.S.selectRoleIdsByUserId - ==> Parameters: 1(Long)
2026-06-11 21:44:25.866 [http-nio-8080-exec-3] [0d70962a] [1] DEBUG c.y.m.u.m.S.selectRoleIdsByUserId - <==      Total: 1
2026-06-11 21:44:25.866 [http-nio-8080-exec-3] [0d70962a] [1] DEBUG c.y.m.u.m.SysRoleMapper.selectList - ==>  Preparing: select id, role_code, role_name, description, status, created_at, updated_at from sys_role WHERE id in ( ? )
2026-06-11 21:44:25.866 [http-nio-8080-exec-3] [0d70962a] [1] DEBUG c.y.m.u.m.SysRoleMapper.selectList - ==> Parameters: 1(Long)
2026-06-11 21:44:25.867 [http-nio-8080-exec-3] [0d70962a] [1] DEBUG c.y.m.u.m.SysRoleMapper.selectList - <==      Total: 1
2026-06-11 21:44:25.867 [http-nio-8080-exec-3] [0d70962a] [1] DEBUG c.y.m.u.m.S.selectPermissionIdsByRoleId - ==>  Preparing: select permission_id from sys_role_permission where role_id in ( ? ) order by permission_id asc
2026-06-11 21:44:25.867 [http-nio-8080-exec-3] [0d70962a] [1] DEBUG c.y.m.u.m.S.selectPermissionIdsByRoleId - ==> Parameters: 1(Long)
2026-06-11 21:44:25.869 [http-nio-8080-exec-3] [0d70962a] [1] DEBUG c.y.m.u.m.S.selectPermissionIdsByRoleId - <==      Total: 4
2026-06-11 21:44:25.869 [http-nio-8080-exec-3] [0d70962a] [1] DEBUG c.y.m.u.m.S.selectList - ==>  Preparing: select id, parent_id, permission_code, permission_name, permission_type, api_path, sort_num, description, status, created_at, updated_at from sys_permission WHERE id in ( ? , ? , ? , ? )
2026-06-11 21:44:25.870 [http-nio-8080-exec-3] [0d70962a] [1] DEBUG c.y.m.u.m.S.selectList - ==> Parameters: 101(Long), 106(Long), 113(Long), 117(Long)
2026-06-11 21:44:25.871 [http-nio-8080-exec-3] [0d70962a] [1] DEBUG c.y.m.u.m.S.selectList - <==      Total: 4
2026-06-11 21:44:25.879 [http-nio-8080-exec-3] [0d70962a] [1] INFO  c.y.common.aop.ControllerLogAspect - 接口开始: uri=/yq-admin/api/sysUser, httpMethod=GET, controller=SysUserController#pageUser, args=[{"name":"req","value":{"pageNum":1,"pageSize":10}}]
2026-06-11 21:44:25.916 [http-nio-8080-exec-3] [0d70962a] [1] DEBUG c.y.m.u.m.S.selectPage_COUNT - ==>  Preparing: SELECT count(0) FROM sys_user
2026-06-11 21:44:25.916 [http-nio-8080-exec-3] [0d70962a] [1] DEBUG c.y.m.u.m.S.selectPage_COUNT - ==> Parameters: 
2026-06-11 21:44:25.917 [http-nio-8080-exec-3] [0d70962a] [1] DEBUG c.y.m.u.m.S.selectPage_COUNT - <==      Total: 1
2026-06-11 21:44:25.920 [http-nio-8080-exec-3] [0d70962a] [1] DEBUG c.y.m.u.m.SysUserMapper.selectPage - ==>  Preparing: select id, username, password, nickname, real_name, phone, email, union_id, status, created_at, updated_at from sys_user order by id desc LIMIT ?
2026-06-11 21:44:25.920 [http-nio-8080-exec-3] [0d70962a] [1] DEBUG c.y.m.u.m.SysUserMapper.selectPage - ==> Parameters: 10(Integer)
2026-06-11 21:44:25.921 [http-nio-8080-exec-3] [0d70962a] [1] DEBUG c.y.m.u.m.SysUserMapper.selectPage - <==      Total: 6
2026-06-11 21:44:25.924 [http-nio-8080-exec-3] [0d70962a] [1] INFO  c.y.common.aop.ControllerLogAspect - 接口结束: uri=/yq-admin/api/sysUser, controller=SysUserController#pageUser, cost=44ms, result={"code":200,"message":"success","data":{"total":6,"pageNum":1,"pageSize":10,"records":[{"id":6,"username":"haha","nickname":"哈哈哈","realName":"哈哈","phone":"15118191032","email":"913038933@qq.com","status":"ACTIVE","createdAt":"Fri Apr 17 15:54:46 CST 2026"},{"id":5,"username":"laoshi2","nickname":"老师2","realName":"老师2","phone":"13762922584","status":"ACTIVE","createdAt":"Sun Apr 12 01:48:55 CST 2026"},{"id":4,"username":"laoshi1","nickname":"老师1","realName":"老师1","phone":"13273576020","status":"ACTIVE","createdAt":"Sun Apr 12 01:48:37 CST 2026"},{"id":3,"username":"banzhuren","nickname":"班主任老师","realName":"班主任老师","phone":"15118191032","status":"ACTIVE","createdAt":"Sat Apr 11 17:06:53 CST 2026"},{"id":2,"username":"huangjin","nickname":"黄瑾","realName":"黄瑾","phone":"13273672819","email":"913038933@qq.com","status":"ACTIVE","createdAt":"Thu Apr 09 22:04:43 CST 2026"},{"id":1,"username":"admin","nickname":"系统管理员","realName":"超级管理员","phone":"13800000000","email":"admin@yq.com","status":"ACTIVE","createdAt":"Thu Apr 09 20:50:39 CST 2026"}]}}
2026-06-11 21:44:29.640 [http-nio-8080-exec-4] [7f10706b] [1] DEBUG c.y.m.u.m.SysUserMapper.selectById - ==>  Preparing: select id, username, password, nickname, real_name, phone, email, union_id, status, created_at, updated_at from sys_user where id = ?
2026-06-11 21:44:29.641 [http-nio-8080-exec-4] [7f10706b] [1] DEBUG c.y.m.u.m.SysUserMapper.selectById - ==> Parameters: 1(Long)
2026-06-11 21:44:29.642 [http-nio-8080-exec-4] [7f10706b] [1] DEBUG c.y.m.u.m.SysUserMapper.selectById - <==      Total: 1
2026-06-11 21:44:29.642 [http-nio-8080-exec-4] [7f10706b] [1] DEBUG c.y.m.u.m.S.selectRoleIdsByUserId - ==>  Preparing: select role_id from sys_user_role where user_id = ? order by role_id asc
2026-06-11 21:44:29.642 [http-nio-8080-exec-4] [7f10706b] [1] DEBUG c.y.m.u.m.S.selectRoleIdsByUserId - ==> Parameters: 1(Long)
2026-06-11 21:44:29.643 [http-nio-8080-exec-4] [7f10706b] [1] DEBUG c.y.m.u.m.S.selectRoleIdsByUserId - <==      Total: 1
2026-06-11 21:44:29.643 [http-nio-8080-exec-4] [7f10706b] [1] DEBUG c.y.m.u.m.SysRoleMapper.selectList - ==>  Preparing: select id, role_code, role_name, description, status, created_at, updated_at from sys_role WHERE id in ( ? )
2026-06-11 21:44:29.644 [http-nio-8080-exec-4] [7f10706b] [1] DEBUG c.y.m.u.m.SysRoleMapper.selectList - ==> Parameters: 1(Long)
2026-06-11 21:44:29.645 [http-nio-8080-exec-4] [7f10706b] [1] DEBUG c.y.m.u.m.SysRoleMapper.selectList - <==      Total: 1
2026-06-11 21:44:29.647 [http-nio-8080-exec-4] [7f10706b] [1] DEBUG c.y.m.u.m.S.selectPermissionIdsByRoleId - ==>  Preparing: select permission_id from sys_role_permission where role_id in ( ? ) order by permission_id asc
2026-06-11 21:44:29.647 [http-nio-8080-exec-4] [7f10706b] [1] DEBUG c.y.m.u.m.S.selectPermissionIdsByRoleId - ==> Parameters: 1(Long)
2026-06-11 21:44:29.648 [http-nio-8080-exec-4] [7f10706b] [1] DEBUG c.y.m.u.m.S.selectPermissionIdsByRoleId - <==      Total: 4
2026-06-11 21:44:29.649 [http-nio-8080-exec-4] [7f10706b] [1] DEBUG c.y.m.u.m.S.selectList - ==>  Preparing: select id, parent_id, permission_code, permission_name, permission_type, api_path, sort_num, description, status, created_at, updated_at from sys_permission WHERE id in ( ? , ? , ? , ? )
2026-06-11 21:44:29.649 [http-nio-8080-exec-4] [7f10706b] [1] DEBUG c.y.m.u.m.S.selectList - ==> Parameters: 101(Long), 106(Long), 113(Long), 117(Long)
2026-06-11 21:44:29.650 [http-nio-8080-exec-4] [7f10706b] [1] DEBUG c.y.m.u.m.S.selectList - <==      Total: 4
2026-06-11 21:44:29.655 [http-nio-8080-exec-4] [7f10706b] [1] INFO  c.y.common.aop.ControllerLogAspect - 接口开始: uri=/yq-admin/api/sysRole, httpMethod=GET, controller=SysRoleController#pageRole, args=[{"name":"req","value":{"pageNum":1,"pageSize":10}}]
2026-06-11 21:44:29.660 [http-nio-8080-exec-4] [7f10706b] [1] DEBUG c.y.m.u.m.S.selectPage_COUNT - ==>  Preparing: SELECT count(0) FROM sys_role
2026-06-11 21:44:29.660 [http-nio-8080-exec-4] [7f10706b] [1] DEBUG c.y.m.u.m.S.selectPage_COUNT - ==> Parameters: 
2026-06-11 21:44:29.661 [http-nio-8080-exec-4] [7f10706b] [1] DEBUG c.y.m.u.m.S.selectPage_COUNT - <==      Total: 1
2026-06-11 21:44:29.662 [http-nio-8080-exec-4] [7f10706b] [1] DEBUG c.y.m.u.m.SysRoleMapper.selectPage - ==>  Preparing: select id, role_code, role_name, description, status, created_at, updated_at from sys_role order by id desc LIMIT ?
2026-06-11 21:44:29.662 [http-nio-8080-exec-4] [7f10706b] [1] DEBUG c.y.m.u.m.SysRoleMapper.selectPage - ==> Parameters: 10(Integer)
2026-06-11 21:44:29.663 [http-nio-8080-exec-4] [7f10706b] [1] DEBUG c.y.m.u.m.SysRoleMapper.selectPage - <==      Total: 3
2026-06-11 21:44:29.664 [http-nio-8080-exec-4] [7f10706b] [1] INFO  c.y.common.aop.ControllerLogAspect - 接口结束: uri=/yq-admin/api/sysRole, controller=SysRoleController#pageRole, cost=9ms, result={"code":200,"message":"success","data":{"total":3,"pageNum":1,"pageSize":10,"records":[{"id":3,"roleCode":"head_teacher","roleName":"班主任","description":"班主任","status":"ACTIVE","createdAt":"Sat Apr 11 17:06:26 CST 2026"},{"id":2,"roleCode":"teacher","roleName":"讲师","status":"ACTIVE","createdAt":"Thu Apr 09 21:28:05 CST 2026"},{"id":1,"roleCode":"SUPER_ADMIN","roleName":"超级管理员","description":"拥有全部后台权限","status":"ACTIVE","createdAt":"Thu Apr 09 20:50:38 CST 2026"}]}}
2026-06-11 21:50:54.989 [http-nio-8080-exec-6] [6982edde] [1] ERROR c.y.c.e.GlobalExceptionHandler - 业务异常: code=401, message=签名密钥不存在，请重新登录
cn.yanque.common.exception.BusinessException: 签名密钥不存在，请重新登录
	at cn.yanque.models.auth.interceptor.SignInterceptor.preHandle(SignInterceptor.java:60)
	at org.springframework.web.servlet.HandlerExecutionChain.applyPreHandle(HandlerExecutionChain.java:146)
	at org.springframework.web.servlet.DispatcherServlet.doDispatch(DispatcherServlet.java:1084)
	at org.springframework.web.servlet.DispatcherServlet.doService(DispatcherServlet.java:979)
	at org.springframework.web.servlet.FrameworkServlet.processRequest(FrameworkServlet.java:1014)
	at org.springframework.web.servlet.FrameworkServlet.doGet(FrameworkServlet.java:903)
	at jakarta.servlet.http.HttpServlet.service(HttpServlet.java:564)
	at org.springframework.web.servlet.FrameworkServlet.service(FrameworkServlet.java:885)
	at jakarta.servlet.http.HttpServlet.service(HttpServlet.java:658)
	at org.apache.catalina.core.ApplicationFilterChain.internalDoFilter(ApplicationFilterChain.java:205)
	at org.apache.catalina.core.ApplicationFilterChain.doFilter(ApplicationFilterChain.java:149)
	at org.apache.tomcat.websocket.server.WsFilter.doFilter(WsFilter.java:51)
	at org.apache.catalina.core.ApplicationFilterChain.internalDoFilter(ApplicationFilterChain.java:174)
	at org.apache.catalina.core.ApplicationFilterChain.doFilter(ApplicationFilterChain.java:149)
	at org.springframework.web.filter.RequestContextFilter.doFilterInternal(RequestContextFilter.java:100)
	at org.springframework.web.filter.OncePerRequestFilter.doFilter(OncePerRequestFilter.java:116)
	at org.apache.catalina.core.ApplicationFilterChain.internalDoFilter(ApplicationFilterChain.java:174)
	at org.apache.catalina.core.ApplicationFilterChain.doFilter(ApplicationFilterChain.java:149)
	at org.springframework.web.filter.FormContentFilter.doFilterInternal(FormContentFilter.java:93)
	at org.springframework.web.filter.OncePerRequestFilter.doFilter(OncePerRequestFilter.java:116)
	at org.apache.catalina.core.ApplicationFilterChain.internalDoFilter(ApplicationFilterChain.java:174)
	at org.apache.catalina.core.ApplicationFilterChain.doFilter(ApplicationFilterChain.java:149)
	at org.springframework.web.filter.CharacterEncodingFilter.doFilterInternal(CharacterEncodingFilter.java:201)
	at org.springframework.web.filter.OncePerRequestFilter.doFilter(OncePerRequestFilter.java:116)
	at org.apache.catalina.core.ApplicationFilterChain.internalDoFilter(ApplicationFilterChain.java:174)
	at org.apache.catalina.core.ApplicationFilterChain.doFilter(ApplicationFilterChain.java:149)
	at cn.yanque.config.MdcFilter.doFilterInternal(MdcFilter.java:37)
	at org.springframework.web.filter.OncePerRequestFilter.doFilter(OncePerRequestFilter.java:116)
	at org.apache.catalina.core.ApplicationFilterChain.internalDoFilter(ApplicationFilterChain.java:174)
	at org.apache.catalina.core.ApplicationFilterChain.doFilter(ApplicationFilterChain.java:149)
	at org.apache.catalina.core.StandardWrapperValve.invoke(StandardWrapperValve.java:167)
	at org.apache.catalina.core.StandardContextValve.invoke(StandardContextValve.java:90)
	at org.apache.catalina.authenticator.AuthenticatorBase.invoke(AuthenticatorBase.java:482)
	at org.apache.catalina.core.StandardHostValve.invoke(StandardHostValve.java:115)
	at org.apache.catalina.valves.ErrorReportValve.invoke(ErrorReportValve.java:93)
	at org.apache.catalina.core.StandardEngineValve.invoke(StandardEngineValve.java:74)
	at org.apache.catalina.connector.CoyoteAdapter.service(CoyoteAdapter.java:340)
	at org.apache.coyote.http11.Http11Processor.service(Http11Processor.java:391)
	at org.apache.coyote.AbstractProcessorLight.process(AbstractProcessorLight.java:63)
	at org.apache.coyote.AbstractProtocol$ConnectionHandler.process(AbstractProtocol.java:896)
	at org.apache.tomcat.util.net.NioEndpoint$SocketProcessor.doRun(NioEndpoint.java:1744)
	at org.apache.tomcat.util.net.SocketProcessorBase.run(SocketProcessorBase.java:52)
	at org.apache.tomcat.util.threads.ThreadPoolExecutor.runWorker(ThreadPoolExecutor.java:1191)
	at org.apache.tomcat.util.threads.ThreadPoolExecutor$Worker.run(ThreadPoolExecutor.java:659)
	at org.apache.tomcat.util.threads.TaskThread$WrappingRunnable.run(TaskThread.java:61)
	at java.base/java.lang.Thread.run(Thread.java:840)
2026-06-11 21:50:56.766 [http-nio-8080-exec-5] [2438a5a7] [] INFO  c.y.common.aop.ControllerLogAspect - 接口开始: uri=/yq-admin/api/sysUser/login, httpMethod=POST, controller=SysUserController#login, args=[{"name":"req","value":{"username":"admin","password":"****"}}]
2026-06-11 21:50:56.767 [http-nio-8080-exec-5] [2438a5a7] [] DEBUG c.y.m.u.m.S.selectByUsername - ==>  Preparing: select id, username, password, nickname, real_name, phone, email, union_id, status, created_at, updated_at from sys_user where username = ?
2026-06-11 21:50:56.767 [http-nio-8080-exec-5] [2438a5a7] [] DEBUG c.y.m.u.m.S.selectByUsername - ==> Parameters: admin(String)
2026-06-11 21:50:56.769 [http-nio-8080-exec-5] [2438a5a7] [] DEBUG c.y.m.u.m.S.selectByUsername - <==      Total: 1
2026-06-11 21:50:56.771 [http-nio-8080-exec-5] [2438a5a7] [] DEBUG c.y.m.u.m.SysUserMapper.selectById - ==>  Preparing: select id, username, password, nickname, real_name, phone, email, union_id, status, created_at, updated_at from sys_user where id = ?
2026-06-11 21:50:56.771 [http-nio-8080-exec-5] [2438a5a7] [] DEBUG c.y.m.u.m.SysUserMapper.selectById - ==> Parameters: 1(Long)
2026-06-11 21:50:56.772 [http-nio-8080-exec-5] [2438a5a7] [] DEBUG c.y.m.u.m.SysUserMapper.selectById - <==      Total: 1
2026-06-11 21:50:56.772 [http-nio-8080-exec-5] [2438a5a7] [] DEBUG c.y.m.u.m.S.selectRoleIdsByUserId - ==>  Preparing: select role_id from sys_user_role where user_id = ? order by role_id asc
2026-06-11 21:50:56.773 [http-nio-8080-exec-5] [2438a5a7] [] DEBUG c.y.m.u.m.S.selectRoleIdsByUserId - ==> Parameters: 1(Long)
2026-06-11 21:50:56.774 [http-nio-8080-exec-5] [2438a5a7] [] DEBUG c.y.m.u.m.S.selectRoleIdsByUserId - <==      Total: 1
2026-06-11 21:50:56.774 [http-nio-8080-exec-5] [2438a5a7] [] DEBUG c.y.m.u.m.SysRoleMapper.selectList - ==>  Preparing: select id, role_code, role_name, description, status, created_at, updated_at from sys_role WHERE id in ( ? )
2026-06-11 21:50:56.775 [http-nio-8080-exec-5] [2438a5a7] [] DEBUG c.y.m.u.m.SysRoleMapper.selectList - ==> Parameters: 1(Long)
2026-06-11 21:50:56.775 [http-nio-8080-exec-5] [2438a5a7] [] DEBUG c.y.m.u.m.SysRoleMapper.selectList - <==      Total: 1
2026-06-11 21:50:56.776 [http-nio-8080-exec-5] [2438a5a7] [] DEBUG c.y.m.u.m.S.selectPermissionIdsByRoleId - ==>  Preparing: select permission_id from sys_role_permission where role_id in ( ? ) order by permission_id asc
2026-06-11 21:50:56.776 [http-nio-8080-exec-5] [2438a5a7] [] DEBUG c.y.m.u.m.S.selectPermissionIdsByRoleId - ==> Parameters: 1(Long)
2026-06-11 21:50:56.776 [http-nio-8080-exec-5] [2438a5a7] [] DEBUG c.y.m.u.m.S.selectPermissionIdsByRoleId - <==      Total: 4
2026-06-11 21:50:56.777 [http-nio-8080-exec-5] [2438a5a7] [] DEBUG c.y.m.u.m.S.selectList - ==>  Preparing: select id, parent_id, permission_code, permission_name, permission_type, api_path, sort_num, description, status, created_at, updated_at from sys_permission WHERE id in ( ? , ? , ? , ? )
2026-06-11 21:50:56.777 [http-nio-8080-exec-5] [2438a5a7] [] DEBUG c.y.m.u.m.S.selectList - ==> Parameters: 101(Long), 106(Long), 113(Long), 117(Long)
2026-06-11 21:50:56.779 [http-nio-8080-exec-5] [2438a5a7] [] DEBUG c.y.m.u.m.S.selectList - <==      Total: 4
2026-06-11 21:50:56.780 [http-nio-8080-exec-5] [2438a5a7] [] INFO  c.y.common.aop.ControllerLogAspect - 接口结束: uri=/yq-admin/api/sysUser/login, controller=SysUserController#login, cost=14ms, result={"code":200,"message":"success","data":{"token":"ey****c8","signSecret":"6T****RU","userDetailRes":{"id":1,"username":"admin","nickname":"系统管理员","realName":"超级管理员","phone":"13800000000","email":"admin@yq.com","unionId":"on_8dc4e328a2870919088b018841458703","status":"ACTIVE","createdAt":"Thu Apr 09 20:50:39 CST 2026","updatedAt":"Wed Jun 10 20:14:33 CST 2026"},"roleDetailResList":[{"id":1,"roleCode":"SUPER_ADMIN","roleName":"超级管理员","description":"拥有全部后台权限","status":"ACTIVE","createdAt":"Thu Apr 09 20:50:38 CST 2026","updatedAt":"Wed Jun 10 20:13:59 CST 2026"}],"permissionDetailResList":[{"id":101,"parentId":0,"permissionName":"系统配置","permissionType":"MENU","permissionCode":"menu:system","sortNum":1,"status":"ACTIVE","description":"左侧导航中的系统配置父级菜单","createdAt":"Thu Apr 09 21:22:28 CST 2026","updatedAt":"Thu Jun 11 19:21:05 CST 2026"},{"id":106,"parentId":0,"permissionName":"教学管理","permissionType":"MENU","permissionCode":"menu:teaching","sortNum":2,"status":"ACTIVE","description":"左侧导航中的教学管理父级菜单","createdAt":"Sat Apr 11 15:49:16 CST 2026","updatedAt":"Thu Jun 11 19:21:10 CST 2026"},{"id":113,"parentId":0,"permissionName":"销售管理","permissionType":"MENU","permissionCode":"menu:sales","sortNum":3,"status":"ACTIVE","description":"左侧导航中的销售管理父级菜单","createdAt":"Sun Apr 12 14:19:04 CST 2026","updatedAt":"Thu Jun 11 19:21:13 CST 2026"},{"id":117,"parentId":0,"permissionName":"学员管理","permissionType":"MENU","permissionCode":"menu:student","sortNum":4,"status":"ACTIVE","description":"左侧导航中的学员管理父级菜单","createdAt":"Sun Apr 19 23:54:31 CST 2026","updatedAt":"Thu Jun 11 19:21:15 CST 2026"}]}}
2026-06-11 21:50:56.878 [http-nio-8080-exec-7] [dc483c26] [1] DEBUG c.y.m.u.m.SysUserMapper.selectById - ==>  Preparing: select id, username, password, nickname, real_name, phone, email, union_id, status, created_at, updated_at from sys_user where id = ?
2026-06-11 21:50:56.878 [http-nio-8080-exec-7] [dc483c26] [1] DEBUG c.y.m.u.m.SysUserMapper.selectById - ==> Parameters: 1(Long)
2026-06-11 21:50:56.879 [http-nio-8080-exec-7] [dc483c26] [1] DEBUG c.y.m.u.m.SysUserMapper.selectById - <==      Total: 1
2026-06-11 21:50:56.879 [http-nio-8080-exec-7] [dc483c26] [1] DEBUG c.y.m.u.m.S.selectRoleIdsByUserId - ==>  Preparing: select role_id from sys_user_role where user_id = ? order by role_id asc
2026-06-11 21:50:56.879 [http-nio-8080-exec-7] [dc483c26] [1] DEBUG c.y.m.u.m.S.selectRoleIdsByUserId - ==> Parameters: 1(Long)
2026-06-11 21:50:56.881 [http-nio-8080-exec-7] [dc483c26] [1] DEBUG c.y.m.u.m.S.selectRoleIdsByUserId - <==      Total: 1
2026-06-11 21:50:56.881 [http-nio-8080-exec-7] [dc483c26] [1] DEBUG c.y.m.u.m.SysRoleMapper.selectList - ==>  Preparing: select id, role_code, role_name, description, status, created_at, updated_at from sys_role WHERE id in ( ? )
2026-06-11 21:50:56.881 [http-nio-8080-exec-7] [dc483c26] [1] DEBUG c.y.m.u.m.SysRoleMapper.selectList - ==> Parameters: 1(Long)
2026-06-11 21:50:56.882 [http-nio-8080-exec-7] [dc483c26] [1] DEBUG c.y.m.u.m.SysRoleMapper.selectList - <==      Total: 1
2026-06-11 21:50:56.882 [http-nio-8080-exec-7] [dc483c26] [1] DEBUG c.y.m.u.m.S.selectPermissionIdsByRoleId - ==>  Preparing: select permission_id from sys_role_permission where role_id in ( ? ) order by permission_id asc
2026-06-11 21:50:56.883 [http-nio-8080-exec-7] [dc483c26] [1] DEBUG c.y.m.u.m.S.selectPermissionIdsByRoleId - ==> Parameters: 1(Long)
2026-06-11 21:50:56.883 [http-nio-8080-exec-7] [dc483c26] [1] DEBUG c.y.m.u.m.S.selectPermissionIdsByRoleId - <==      Total: 4
2026-06-11 21:50:56.884 [http-nio-8080-exec-7] [dc483c26] [1] DEBUG c.y.m.u.m.S.selectList - ==>  Preparing: select id, parent_id, permission_code, permission_name, permission_type, api_path, sort_num, description, status, created_at, updated_at from sys_permission WHERE id in ( ? , ? , ? , ? )
2026-06-11 21:50:56.884 [http-nio-8080-exec-7] [dc483c26] [1] DEBUG c.y.m.u.m.S.selectList - ==> Parameters: 101(Long), 106(Long), 113(Long), 117(Long)
2026-06-11 21:50:56.885 [http-nio-8080-exec-7] [dc483c26] [1] DEBUG c.y.m.u.m.S.selectList - <==      Total: 4
2026-06-11 21:50:56.886 [http-nio-8080-exec-7] [dc483c26] [1] INFO  c.y.common.aop.ControllerLogAspect - 接口开始: uri=/yq-admin/api/sysUser, httpMethod=GET, controller=SysUserController#pageUser, args=[{"name":"req","value":{"pageNum":1,"pageSize":10}}]
2026-06-11 21:50:56.890 [http-nio-8080-exec-7] [dc483c26] [1] DEBUG c.y.m.u.m.S.selectPage_COUNT - ==>  Preparing: SELECT count(0) FROM sys_user
2026-06-11 21:50:56.891 [http-nio-8080-exec-7] [dc483c26] [1] DEBUG c.y.m.u.m.S.selectPage_COUNT - ==> Parameters: 
2026-06-11 21:50:56.892 [http-nio-8080-exec-7] [dc483c26] [1] DEBUG c.y.m.u.m.S.selectPage_COUNT - <==      Total: 1
2026-06-11 21:50:56.892 [http-nio-8080-exec-7] [dc483c26] [1] DEBUG c.y.m.u.m.SysUserMapper.selectPage - ==>  Preparing: select id, username, password, nickname, real_name, phone, email, union_id, status, created_at, updated_at from sys_user order by id desc LIMIT ?
2026-06-11 21:50:56.892 [http-nio-8080-exec-7] [dc483c26] [1] DEBUG c.y.m.u.m.SysUserMapper.selectPage - ==> Parameters: 10(Integer)
2026-06-11 21:50:56.896 [http-nio-8080-exec-7] [dc483c26] [1] DEBUG c.y.m.u.m.SysUserMapper.selectPage - <==      Total: 6
2026-06-11 21:50:56.896 [http-nio-8080-exec-7] [dc483c26] [1] INFO  c.y.common.aop.ControllerLogAspect - 接口结束: uri=/yq-admin/api/sysUser, controller=SysUserController#pageUser, cost=11ms, result={"code":200,"message":"success","data":{"total":6,"pageNum":1,"pageSize":10,"records":[{"id":6,"username":"haha","nickname":"哈哈哈","realName":"哈哈","phone":"15118191032","email":"913038933@qq.com","status":"ACTIVE","createdAt":"Fri Apr 17 15:54:46 CST 2026"},{"id":5,"username":"laoshi2","nickname":"老师2","realName":"老师2","phone":"13762922584","status":"ACTIVE","createdAt":"Sun Apr 12 01:48:55 CST 2026"},{"id":4,"username":"laoshi1","nickname":"老师1","realName":"老师1","phone":"13273576020","status":"ACTIVE","createdAt":"Sun Apr 12 01:48:37 CST 2026"},{"id":3,"username":"banzhuren","nickname":"班主任老师","realName":"班主任老师","phone":"15118191032","status":"ACTIVE","createdAt":"Sat Apr 11 17:06:53 CST 2026"},{"id":2,"username":"huangjin","nickname":"黄瑾","realName":"黄瑾","phone":"13273672819","email":"913038933@qq.com","status":"ACTIVE","createdAt":"Thu Apr 09 22:04:43 CST 2026"},{"id":1,"username":"admin","nickname":"系统管理员","realName":"超级管理员","phone":"13800000000","email":"admin@yq.com","status":"ACTIVE","createdAt":"Thu Apr 09 20:50:39 CST 2026"}]}}
2026-06-11 21:50:57.982 [http-nio-8080-exec-8] [d2a40ed9] [1] ERROR c.y.c.e.GlobalExceptionHandler - 系统异常
org.springframework.web.servlet.resource.NoResourceFoundException: No static resource api/eduCampus.
	at org.springframework.web.servlet.resource.ResourceHttpRequestHandler.handleRequest(ResourceHttpRequestHandler.java:585)
	at org.springframework.web.servlet.mvc.HttpRequestHandlerAdapter.handle(HttpRequestHandlerAdapter.java:52)
	at org.springframework.web.servlet.DispatcherServlet.doDispatch(DispatcherServlet.java:1089)
	at org.springframework.web.servlet.DispatcherServlet.doService(DispatcherServlet.java:979)
	at org.springframework.web.servlet.FrameworkServlet.processRequest(FrameworkServlet.java:1014)
	at org.springframework.web.servlet.FrameworkServlet.doGet(FrameworkServlet.java:903)
	at jakarta.servlet.http.HttpServlet.service(HttpServlet.java:564)
	at org.springframework.web.servlet.FrameworkServlet.service(FrameworkServlet.java:885)
	at jakarta.servlet.http.HttpServlet.service(HttpServlet.java:658)
	at org.apache.catalina.core.ApplicationFilterChain.internalDoFilter(ApplicationFilterChain.java:205)
	at org.apache.catalina.core.ApplicationFilterChain.doFilter(ApplicationFilterChain.java:149)
	at org.apache.tomcat.websocket.server.WsFilter.doFilter(WsFilter.java:51)
	at org.apache.catalina.core.ApplicationFilterChain.internalDoFilter(ApplicationFilterChain.java:174)
	at org.apache.catalina.core.ApplicationFilterChain.doFilter(ApplicationFilterChain.java:149)
	at org.springframework.web.filter.RequestContextFilter.doFilterInternal(RequestContextFilter.java:100)
	at org.springframework.web.filter.OncePerRequestFilter.doFilter(OncePerRequestFilter.java:116)
	at org.apache.catalina.core.ApplicationFilterChain.internalDoFilter(ApplicationFilterChain.java:174)
	at org.apache.catalina.core.ApplicationFilterChain.doFilter(ApplicationFilterChain.java:149)
	at org.springframework.web.filter.FormContentFilter.doFilterInternal(FormContentFilter.java:93)
	at org.springframework.web.filter.OncePerRequestFilter.doFilter(OncePerRequestFilter.java:116)
	at org.apache.catalina.core.ApplicationFilterChain.internalDoFilter(ApplicationFilterChain.java:174)
	at org.apache.catalina.core.ApplicationFilterChain.doFilter(ApplicationFilterChain.java:149)
	at org.springframework.web.filter.CharacterEncodingFilter.doFilterInternal(CharacterEncodingFilter.java:201)
	at org.springframework.web.filter.OncePerRequestFilter.doFilter(OncePerRequestFilter.java:116)
	at org.apache.catalina.core.ApplicationFilterChain.internalDoFilter(ApplicationFilterChain.java:174)
	at org.apache.catalina.core.ApplicationFilterChain.doFilter(ApplicationFilterChain.java:149)
	at cn.yanque.config.MdcFilter.doFilterInternal(MdcFilter.java:37)
	at org.springframework.web.filter.OncePerRequestFilter.doFilter(OncePerRequestFilter.java:116)
	at org.apache.catalina.core.ApplicationFilterChain.internalDoFilter(ApplicationFilterChain.java:174)
	at org.apache.catalina.core.ApplicationFilterChain.doFilter(ApplicationFilterChain.java:149)
	at org.apache.catalina.core.StandardWrapperValve.invoke(StandardWrapperValve.java:167)
	at org.apache.catalina.core.StandardContextValve.invoke(StandardContextValve.java:90)
	at org.apache.catalina.authenticator.AuthenticatorBase.invoke(AuthenticatorBase.java:482)
	at org.apache.catalina.core.StandardHostValve.invoke(StandardHostValve.java:115)
	at org.apache.catalina.valves.ErrorReportValve.invoke(ErrorReportValve.java:93)
	at org.apache.catalina.core.StandardEngineValve.invoke(StandardEngineValve.java:74)
	at org.apache.catalina.connector.CoyoteAdapter.service(CoyoteAdapter.java:340)
	at org.apache.coyote.http11.Http11Processor.service(Http11Processor.java:391)
	at org.apache.coyote.AbstractProcessorLight.process(AbstractProcessorLight.java:63)
	at org.apache.coyote.AbstractProtocol$ConnectionHandler.process(AbstractProtocol.java:896)
	at org.apache.tomcat.util.net.NioEndpoint$SocketProcessor.doRun(NioEndpoint.java:1744)
	at org.apache.tomcat.util.net.SocketProcessorBase.run(SocketProcessorBase.java:52)
	at org.apache.tomcat.util.threads.ThreadPoolExecutor.runWorker(ThreadPoolExecutor.java:1191)
	at org.apache.tomcat.util.threads.ThreadPoolExecutor$Worker.run(ThreadPoolExecutor.java:659)
	at org.apache.tomcat.util.threads.TaskThread$WrappingRunnable.run(TaskThread.java:61)
	at java.base/java.lang.Thread.run(Thread.java:840)
2026-06-11 21:51:07.099 [http-nio-8080-exec-9] [11cf0d74] [1] ERROR c.y.c.e.GlobalExceptionHandler - 系统异常
org.springframework.web.servlet.resource.NoResourceFoundException: No static resource api/eduCampus.
	at org.springframework.web.servlet.resource.ResourceHttpRequestHandler.handleRequest(ResourceHttpRequestHandler.java:585)
	at org.springframework.web.servlet.mvc.HttpRequestHandlerAdapter.handle(HttpRequestHandlerAdapter.java:52)
	at org.springframework.web.servlet.DispatcherServlet.doDispatch(DispatcherServlet.java:1089)
	at org.springframework.web.servlet.DispatcherServlet.doService(DispatcherServlet.java:979)
	at org.springframework.web.servlet.FrameworkServlet.processRequest(FrameworkServlet.java:1014)
	at org.springframework.web.servlet.FrameworkServlet.doGet(FrameworkServlet.java:903)
	at jakarta.servlet.http.HttpServlet.service(HttpServlet.java:564)
	at org.springframework.web.servlet.FrameworkServlet.service(FrameworkServlet.java:885)
	at jakarta.servlet.http.HttpServlet.service(HttpServlet.java:658)
	at org.apache.catalina.core.ApplicationFilterChain.internalDoFilter(ApplicationFilterChain.java:205)
	at org.apache.catalina.core.ApplicationFilterChain.doFilter(ApplicationFilterChain.java:149)
	at org.apache.tomcat.websocket.server.WsFilter.doFilter(WsFilter.java:51)
	at org.apache.catalina.core.ApplicationFilterChain.internalDoFilter(ApplicationFilterChain.java:174)
	at org.apache.catalina.core.ApplicationFilterChain.doFilter(ApplicationFilterChain.java:149)
	at org.springframework.web.filter.RequestContextFilter.doFilterInternal(RequestContextFilter.java:100)
	at org.springframework.web.filter.OncePerRequestFilter.doFilter(OncePerRequestFilter.java:116)
	at org.apache.catalina.core.ApplicationFilterChain.internalDoFilter(ApplicationFilterChain.java:174)
	at org.apache.catalina.core.ApplicationFilterChain.doFilter(ApplicationFilterChain.java:149)
	at org.springframework.web.filter.FormContentFilter.doFilterInternal(FormContentFilter.java:93)
	at org.springframework.web.filter.OncePerRequestFilter.doFilter(OncePerRequestFilter.java:116)
	at org.apache.catalina.core.ApplicationFilterChain.internalDoFilter(ApplicationFilterChain.java:174)
	at org.apache.catalina.core.ApplicationFilterChain.doFilter(ApplicationFilterChain.java:149)
	at org.springframework.web.filter.CharacterEncodingFilter.doFilterInternal(CharacterEncodingFilter.java:201)
	at org.springframework.web.filter.OncePerRequestFilter.doFilter(OncePerRequestFilter.java:116)
	at org.apache.catalina.core.ApplicationFilterChain.internalDoFilter(ApplicationFilterChain.java:174)
	at org.apache.catalina.core.ApplicationFilterChain.doFilter(ApplicationFilterChain.java:149)
	at cn.yanque.config.MdcFilter.doFilterInternal(MdcFilter.java:37)
	at org.springframework.web.filter.OncePerRequestFilter.doFilter(OncePerRequestFilter.java:116)
	at org.apache.catalina.core.ApplicationFilterChain.internalDoFilter(ApplicationFilterChain.java:174)
	at org.apache.catalina.core.ApplicationFilterChain.doFilter(ApplicationFilterChain.java:149)
	at org.apache.catalina.core.StandardWrapperValve.invoke(StandardWrapperValve.java:167)
	at org.apache.catalina.core.StandardContextValve.invoke(StandardContextValve.java:90)
	at org.apache.catalina.authenticator.AuthenticatorBase.invoke(AuthenticatorBase.java:482)
	at org.apache.catalina.core.StandardHostValve.invoke(StandardHostValve.java:115)
	at org.apache.catalina.valves.ErrorReportValve.invoke(ErrorReportValve.java:93)
	at org.apache.catalina.core.StandardEngineValve.invoke(StandardEngineValve.java:74)
	at org.apache.catalina.connector.CoyoteAdapter.service(CoyoteAdapter.java:340)
	at org.apache.coyote.http11.Http11Processor.service(Http11Processor.java:391)
	at org.apache.coyote.AbstractProcessorLight.process(AbstractProcessorLight.java:63)
	at org.apache.coyote.AbstractProtocol$ConnectionHandler.process(AbstractProtocol.java:896)
	at org.apache.tomcat.util.net.NioEndpoint$SocketProcessor.doRun(NioEndpoint.java:1744)
	at org.apache.tomcat.util.net.SocketProcessorBase.run(SocketProcessorBase.java:52)
	at org.apache.tomcat.util.threads.ThreadPoolExecutor.runWorker(ThreadPoolExecutor.java:1191)
	at org.apache.tomcat.util.threads.ThreadPoolExecutor$Worker.run(ThreadPoolExecutor.java:659)
	at org.apache.tomcat.util.threads.TaskThread$WrappingRunnable.run(TaskThread.java:61)
	at java.base/java.lang.Thread.run(Thread.java:840)
2026-06-11 21:51:15.408 [SpringApplicationShutdownHook] [] [] INFO  com.zaxxer.hikari.HikariDataSource - HikariPool-1 - Shutdown initiated...
2026-06-11 21:51:15.412 [SpringApplicationShutdownHook] [] [] INFO  com.zaxxer.hikari.HikariDataSource - HikariPool-1 - Shutdown completed.
2026-06-11 21:51:19.041 [background-preinit] [] [] INFO  o.h.validator.internal.util.Version - HV000001: Hibernate Validator 8.0.1.Final
2026-06-11 21:51:19.063 [main] [] [] INFO  cn.yanque.YanqueApplication - Starting YanqueApplication using Java 17.0.17 with PID 144024 (D:\Java\code\yq\YanQue-Admin\target\classes started by q1571 in D:\Java\code\yq\YanQue-Admin)
2026-06-11 21:51:19.064 [main] [] [] INFO  cn.yanque.YanqueApplication - The following 1 profile is active: "dev"
2026-06-11 21:51:19.611 [main] [] [] INFO  o.s.d.r.c.RepositoryConfigurationDelegate - Multiple Spring Data modules found, entering strict repository configuration mode
2026-06-11 21:51:19.612 [main] [] [] INFO  o.s.d.r.c.RepositoryConfigurationDelegate - Bootstrapping Spring Data Redis repositories in DEFAULT mode.
2026-06-11 21:51:19.635 [main] [] [] INFO  o.s.d.r.c.RepositoryConfigurationDelegate - Finished Spring Data repository scanning in 15 ms. Found 0 Redis repository interfaces.
2026-06-11 21:51:20.077 [main] [] [] INFO  o.s.b.w.e.tomcat.TomcatWebServer - Tomcat initialized with port 8080 (http)
2026-06-11 21:51:20.082 [main] [] [] INFO  o.a.coyote.http11.Http11NioProtocol - Initializing ProtocolHandler ["http-nio-8080"]
2026-06-11 21:51:20.083 [main] [] [] INFO  o.a.catalina.core.StandardService - Starting service [Tomcat]
2026-06-11 21:51:20.083 [main] [] [] INFO  o.a.catalina.core.StandardEngine - Starting Servlet engine: [Apache Tomcat/10.1.16]
2026-06-11 21:51:20.137 [main] [] [] INFO  o.a.c.c.C.[.[localhost].[/yq-admin] - Initializing Spring embedded WebApplicationContext
2026-06-11 21:51:20.138 [main] [] [] INFO  o.s.b.w.s.c.ServletWebServerApplicationContext - Root WebApplicationContext: initialization completed in 1050 ms
2026-06-11 21:51:20.993 [main] [] [] INFO  o.a.coyote.http11.Http11NioProtocol - Starting ProtocolHandler ["http-nio-8080"]
2026-06-11 21:51:21.006 [main] [] [] INFO  o.s.b.w.e.tomcat.TomcatWebServer - Tomcat started on port 8080 (http) with context path '/yq-admin'
2026-06-11 21:51:21.012 [main] [] [] INFO  cn.yanque.YanqueApplication - Started YanqueApplication in 2.29 seconds (process running for 2.809)
2026-06-11 21:51:26.168 [http-nio-8080-exec-1] [] [] INFO  o.a.c.c.C.[.[localhost].[/yq-admin] - Initializing Spring DispatcherServlet 'dispatcherServlet'
2026-06-11 21:51:26.169 [http-nio-8080-exec-1] [] [] INFO  o.s.web.servlet.DispatcherServlet - Initializing Servlet 'dispatcherServlet'
2026-06-11 21:51:26.169 [http-nio-8080-exec-1] [] [] INFO  o.s.web.servlet.DispatcherServlet - Completed initialization in 0 ms
2026-06-11 21:51:26.613 [http-nio-8080-exec-1] [8b3c5d1c] [1] INFO  com.zaxxer.hikari.HikariDataSource - HikariPool-1 - Starting...
2026-06-11 21:51:26.713 [http-nio-8080-exec-1] [8b3c5d1c] [1] INFO  com.zaxxer.hikari.pool.HikariPool - HikariPool-1 - Added connection com.mysql.cj.jdbc.ConnectionImpl@1b455c90
2026-06-11 21:51:26.714 [http-nio-8080-exec-1] [8b3c5d1c] [1] INFO  com.zaxxer.hikari.HikariDataSource - HikariPool-1 - Start completed.
2026-06-11 21:51:26.718 [http-nio-8080-exec-1] [8b3c5d1c] [1] DEBUG c.y.m.u.m.SysUserMapper.selectById - ==>  Preparing: select id, username, password, nickname, real_name, phone, email, union_id, status, created_at, updated_at from sys_user where id = ?
2026-06-11 21:51:26.734 [http-nio-8080-exec-1] [8b3c5d1c] [1] DEBUG c.y.m.u.m.SysUserMapper.selectById - ==> Parameters: 1(Long)
2026-06-11 21:51:26.748 [http-nio-8080-exec-1] [8b3c5d1c] [1] DEBUG c.y.m.u.m.SysUserMapper.selectById - <==      Total: 1
2026-06-11 21:51:26.753 [http-nio-8080-exec-1] [8b3c5d1c] [1] DEBUG c.y.m.u.m.S.selectRoleIdsByUserId - ==>  Preparing: select role_id from sys_user_role where user_id = ? order by role_id asc
2026-06-11 21:51:26.753 [http-nio-8080-exec-1] [8b3c5d1c] [1] DEBUG c.y.m.u.m.S.selectRoleIdsByUserId - ==> Parameters: 1(Long)
2026-06-11 21:51:26.754 [http-nio-8080-exec-1] [8b3c5d1c] [1] DEBUG c.y.m.u.m.S.selectRoleIdsByUserId - <==      Total: 1
2026-06-11 21:51:26.771 [http-nio-8080-exec-1] [8b3c5d1c] [1] DEBUG c.y.m.u.m.SysRoleMapper.selectList - ==>  Preparing: select id, role_code, role_name, description, status, created_at, updated_at from sys_role WHERE id in ( ? )
2026-06-11 21:51:26.771 [http-nio-8080-exec-1] [8b3c5d1c] [1] DEBUG c.y.m.u.m.SysRoleMapper.selectList - ==> Parameters: 1(Long)
2026-06-11 21:51:26.772 [http-nio-8080-exec-1] [8b3c5d1c] [1] DEBUG c.y.m.u.m.SysRoleMapper.selectList - <==      Total: 1
2026-06-11 21:51:26.773 [http-nio-8080-exec-1] [8b3c5d1c] [1] DEBUG c.y.m.u.m.S.selectPermissionIdsByRoleId - ==>  Preparing: select permission_id from sys_role_permission where role_id in ( ? ) order by permission_id asc
2026-06-11 21:51:26.773 [http-nio-8080-exec-1] [8b3c5d1c] [1] DEBUG c.y.m.u.m.S.selectPermissionIdsByRoleId - ==> Parameters: 1(Long)
2026-06-11 21:51:26.775 [http-nio-8080-exec-1] [8b3c5d1c] [1] DEBUG c.y.m.u.m.S.selectPermissionIdsByRoleId - <==      Total: 4
2026-06-11 21:51:26.776 [http-nio-8080-exec-1] [8b3c5d1c] [1] DEBUG c.y.m.u.m.S.selectList - ==>  Preparing: select id, parent_id, permission_code, permission_name, permission_type, api_path, sort_num, description, status, created_at, updated_at from sys_permission WHERE id in ( ? , ? , ? , ? )
2026-06-11 21:51:26.777 [http-nio-8080-exec-1] [8b3c5d1c] [1] DEBUG c.y.m.u.m.S.selectList - ==> Parameters: 101(Long), 106(Long), 113(Long), 117(Long)
2026-06-11 21:51:26.779 [http-nio-8080-exec-1] [8b3c5d1c] [1] DEBUG c.y.m.u.m.S.selectList - <==      Total: 4
2026-06-11 21:51:26.917 [http-nio-8080-exec-1] [8b3c5d1c] [1] INFO  c.y.common.aop.ControllerLogAspect - 接口开始: uri=/yq-admin/api/eduCampus, httpMethod=GET, controller=EduCampusController#pageCampus, args=[{"name":"req","value":{"pageNum":1,"pageSize":10}}]
2026-06-11 21:51:26.958 [http-nio-8080-exec-1] [8b3c5d1c] [1] DEBUG c.y.m.e.m.E.selectPage_COUNT - ==>  Preparing: SELECT count(0) FROM edu_campus
2026-06-11 21:51:26.959 [http-nio-8080-exec-1] [8b3c5d1c] [1] DEBUG c.y.m.e.m.E.selectPage_COUNT - ==> Parameters: 
2026-06-11 21:51:26.965 [http-nio-8080-exec-1] [8b3c5d1c] [1] DEBUG c.y.m.e.m.E.selectPage_COUNT - <==      Total: 1
2026-06-11 21:51:26.968 [http-nio-8080-exec-1] [8b3c5d1c] [1] DEBUG c.y.m.e.m.EduCampusMapper.selectPage - ==>  Preparing: select id, campus_name, principal_user_id, address, contact_phone, remark, status, created_at, updated_at from edu_campus order by id desc LIMIT ?
2026-06-11 21:51:26.968 [http-nio-8080-exec-1] [8b3c5d1c] [1] DEBUG c.y.m.e.m.EduCampusMapper.selectPage - ==> Parameters: 10(Integer)
2026-06-11 21:51:26.969 [http-nio-8080-exec-1] [8b3c5d1c] [1] DEBUG c.y.m.e.m.EduCampusMapper.selectPage - <==      Total: 1
2026-06-11 21:51:26.972 [http-nio-8080-exec-1] [8b3c5d1c] [1] INFO  c.y.common.aop.ControllerLogAspect - 接口结束: uri=/yq-admin/api/eduCampus, controller=EduCampusController#pageCampus, cost=144ms, result={"code":200,"message":"success","data":{"total":1,"pageNum":1,"pageSize":10,"records":[{"id":1,"campusName":"杭州校区","principalUserId":2,"address":"杭州市余杭区","contactPhone":"13549684561","status":1,"createdAt":"Sat Apr 11 15:51:21 CST 2026","updatedAt":"Sat Apr 11 15:51:21 CST 2026"}]}}
2026-06-11 21:51:30.553 [http-nio-8080-exec-2] [6df1ac88] [1] DEBUG c.y.m.u.m.SysUserMapper.selectById - ==>  Preparing: select id, username, password, nickname, real_name, phone, email, union_id, status, created_at, updated_at from sys_user where id = ?
2026-06-11 21:51:30.553 [http-nio-8080-exec-2] [6df1ac88] [1] DEBUG c.y.m.u.m.SysUserMapper.selectById - ==> Parameters: 1(Long)
2026-06-11 21:51:30.554 [http-nio-8080-exec-2] [6df1ac88] [1] DEBUG c.y.m.u.m.SysUserMapper.selectById - <==      Total: 1
2026-06-11 21:51:30.555 [http-nio-8080-exec-2] [6df1ac88] [1] DEBUG c.y.m.u.m.S.selectRoleIdsByUserId - ==>  Preparing: select role_id from sys_user_role where user_id = ? order by role_id asc
2026-06-11 21:51:30.555 [http-nio-8080-exec-2] [6df1ac88] [1] DEBUG c.y.m.u.m.S.selectRoleIdsByUserId - ==> Parameters: 1(Long)
2026-06-11 21:51:30.555 [http-nio-8080-exec-2] [6df1ac88] [1] DEBUG c.y.m.u.m.S.selectRoleIdsByUserId - <==      Total: 1
2026-06-11 21:51:30.555 [http-nio-8080-exec-2] [6df1ac88] [1] DEBUG c.y.m.u.m.SysRoleMapper.selectList - ==>  Preparing: select id, role_code, role_name, description, status, created_at, updated_at from sys_role WHERE id in ( ? )
2026-06-11 21:51:30.555 [http-nio-8080-exec-2] [6df1ac88] [1] DEBUG c.y.m.u.m.SysRoleMapper.selectList - ==> Parameters: 1(Long)
2026-06-11 21:51:30.557 [http-nio-8080-exec-2] [6df1ac88] [1] DEBUG c.y.m.u.m.SysRoleMapper.selectList - <==      Total: 1
2026-06-11 21:51:30.557 [http-nio-8080-exec-2] [6df1ac88] [1] DEBUG c.y.m.u.m.S.selectPermissionIdsByRoleId - ==>  Preparing: select permission_id from sys_role_permission where role_id in ( ? ) order by permission_id asc
2026-06-11 21:51:30.557 [http-nio-8080-exec-2] [6df1ac88] [1] DEBUG c.y.m.u.m.S.selectPermissionIdsByRoleId - ==> Parameters: 1(Long)
2026-06-11 21:51:30.558 [http-nio-8080-exec-2] [6df1ac88] [1] DEBUG c.y.m.u.m.S.selectPermissionIdsByRoleId - <==      Total: 4
2026-06-11 21:51:30.558 [http-nio-8080-exec-2] [6df1ac88] [1] DEBUG c.y.m.u.m.S.selectList - ==>  Preparing: select id, parent_id, permission_code, permission_name, permission_type, api_path, sort_num, description, status, created_at, updated_at from sys_permission WHERE id in ( ? , ? , ? , ? )
2026-06-11 21:51:30.559 [http-nio-8080-exec-2] [6df1ac88] [1] DEBUG c.y.m.u.m.S.selectList - ==> Parameters: 101(Long), 106(Long), 113(Long), 117(Long)
2026-06-11 21:51:30.560 [http-nio-8080-exec-2] [6df1ac88] [1] DEBUG c.y.m.u.m.S.selectList - <==      Total: 4
2026-06-11 21:51:30.560 [http-nio-8080-exec-2] [6df1ac88] [1] INFO  c.y.common.aop.ControllerLogAspect - 接口开始: uri=/yq-admin/api/eduCampus/1, httpMethod=GET, controller=EduCampusController#getCampusById, args=[{"name":"id","value":1}]
2026-06-11 21:51:30.562 [http-nio-8080-exec-2] [6df1ac88] [1] DEBUG c.y.m.e.m.EduCampusMapper.selectById - ==>  Preparing: select id, campus_name, principal_user_id, address, contact_phone, remark, status, created_at, updated_at from edu_campus where id = ?
2026-06-11 21:51:30.562 [http-nio-8080-exec-2] [6df1ac88] [1] DEBUG c.y.m.e.m.EduCampusMapper.selectById - ==> Parameters: 1(Long)
2026-06-11 21:51:30.562 [http-nio-8080-exec-2] [6df1ac88] [1] DEBUG c.y.m.e.m.EduCampusMapper.selectById - <==      Total: 1
2026-06-11 21:51:30.563 [http-nio-8080-exec-2] [6df1ac88] [1] INFO  c.y.common.aop.ControllerLogAspect - 接口结束: uri=/yq-admin/api/eduCampus/1, controller=EduCampusController#getCampusById, cost=3ms, result={"code":200,"message":"success","data":{"id":1,"campusName":"杭州校区","principalUserId":2,"address":"杭州市余杭区","contactPhone":"13549684561","status":1,"createdAt":"Sat Apr 11 15:51:21 CST 2026","updatedAt":"Sat Apr 11 15:51:21 CST 2026"}}
2026-06-11 21:54:25.289 [http-nio-8080-exec-7] [2f034cf2] [1] DEBUG c.y.m.u.m.SysUserMapper.selectById - ==>  Preparing: select id, username, password, nickname, real_name, phone, email, union_id, status, created_at, updated_at from sys_user where id = ?
2026-06-11 21:54:25.289 [http-nio-8080-exec-7] [2f034cf2] [1] DEBUG c.y.m.u.m.SysUserMapper.selectById - ==> Parameters: 1(Long)
2026-06-11 21:54:25.290 [http-nio-8080-exec-7] [2f034cf2] [1] DEBUG c.y.m.u.m.SysUserMapper.selectById - <==      Total: 1
2026-06-11 21:54:25.291 [http-nio-8080-exec-7] [2f034cf2] [1] DEBUG c.y.m.u.m.S.selectRoleIdsByUserId - ==>  Preparing: select role_id from sys_user_role where user_id = ? order by role_id asc
2026-06-11 21:54:25.291 [http-nio-8080-exec-7] [2f034cf2] [1] DEBUG c.y.m.u.m.S.selectRoleIdsByUserId - ==> Parameters: 1(Long)
2026-06-11 21:54:25.292 [http-nio-8080-exec-7] [2f034cf2] [1] DEBUG c.y.m.u.m.S.selectRoleIdsByUserId - <==      Total: 1
2026-06-11 21:54:25.293 [http-nio-8080-exec-7] [2f034cf2] [1] DEBUG c.y.m.u.m.SysRoleMapper.selectList - ==>  Preparing: select id, role_code, role_name, description, status, created_at, updated_at from sys_role WHERE id in ( ? )
2026-06-11 21:54:25.293 [http-nio-8080-exec-7] [2f034cf2] [1] DEBUG c.y.m.u.m.SysRoleMapper.selectList - ==> Parameters: 1(Long)
2026-06-11 21:54:25.295 [http-nio-8080-exec-7] [2f034cf2] [1] DEBUG c.y.m.u.m.SysRoleMapper.selectList - <==      Total: 1
2026-06-11 21:54:25.297 [http-nio-8080-exec-7] [2f034cf2] [1] DEBUG c.y.m.u.m.S.selectPermissionIdsByRoleId - ==>  Preparing: select permission_id from sys_role_permission where role_id in ( ? ) order by permission_id asc
2026-06-11 21:54:25.297 [http-nio-8080-exec-7] [2f034cf2] [1] DEBUG c.y.m.u.m.S.selectPermissionIdsByRoleId - ==> Parameters: 1(Long)
2026-06-11 21:54:25.298 [http-nio-8080-exec-7] [2f034cf2] [1] DEBUG c.y.m.u.m.S.selectPermissionIdsByRoleId - <==      Total: 4
2026-06-11 21:54:25.299 [http-nio-8080-exec-7] [2f034cf2] [1] DEBUG c.y.m.u.m.S.selectList - ==>  Preparing: select id, parent_id, permission_code, permission_name, permission_type, api_path, sort_num, description, status, created_at, updated_at from sys_permission WHERE id in ( ? , ? , ? , ? )
2026-06-11 21:54:25.299 [http-nio-8080-exec-7] [2f034cf2] [1] DEBUG c.y.m.u.m.S.selectList - ==> Parameters: 101(Long), 106(Long), 113(Long), 117(Long)
2026-06-11 21:54:25.300 [http-nio-8080-exec-7] [2f034cf2] [1] DEBUG c.y.m.u.m.S.selectList - <==      Total: 4
2026-06-11 21:54:25.301 [http-nio-8080-exec-7] [2f034cf2] [1] INFO  c.y.common.aop.ControllerLogAspect - 接口开始: uri=/yq-admin/api/eduCampus, httpMethod=GET, controller=EduCampusController#pageCampus, args=[{"name":"req","value":{"pageNum":1,"pageSize":10}}]
2026-06-11 21:54:25.305 [http-nio-8080-exec-7] [2f034cf2] [1] DEBUG c.y.m.e.m.E.selectPage_COUNT - ==>  Preparing: SELECT count(0) FROM edu_campus
2026-06-11 21:54:25.305 [http-nio-8080-exec-7] [2f034cf2] [1] DEBUG c.y.m.e.m.E.selectPage_COUNT - ==> Parameters: 
2026-06-11 21:54:25.306 [http-nio-8080-exec-7] [2f034cf2] [1] DEBUG c.y.m.e.m.E.selectPage_COUNT - <==      Total: 1
2026-06-11 21:54:25.307 [http-nio-8080-exec-7] [2f034cf2] [1] DEBUG c.y.m.e.m.EduCampusMapper.selectPage - ==>  Preparing: select id, campus_name, principal_user_id, address, contact_phone, remark, status, created_at, updated_at from edu_campus order by id desc LIMIT ?
2026-06-11 21:54:25.307 [http-nio-8080-exec-7] [2f034cf2] [1] DEBUG c.y.m.e.m.EduCampusMapper.selectPage - ==> Parameters: 10(Integer)
2026-06-11 21:54:25.308 [http-nio-8080-exec-7] [2f034cf2] [1] DEBUG c.y.m.e.m.EduCampusMapper.selectPage - <==      Total: 1
2026-06-11 21:54:25.308 [http-nio-8080-exec-7] [2f034cf2] [1] INFO  c.y.common.aop.ControllerLogAspect - 接口结束: uri=/yq-admin/api/eduCampus, controller=EduCampusController#pageCampus, cost=7ms, result={"code":200,"message":"success","data":{"total":1,"pageNum":1,"pageSize":10,"records":[{"id":1,"campusName":"杭州校区","principalUserId":2,"address":"杭州市余杭区","contactPhone":"13549684561","status":1,"createdAt":"Sat Apr 11 15:51:21 CST 2026","updatedAt":"Sat Apr 11 15:51:21 CST 2026"}]}}
2026-06-11 21:54:27.953 [http-nio-8080-exec-4] [009d33db] [1] DEBUG c.y.m.u.m.SysUserMapper.selectById - ==>  Preparing: select id, username, password, nickname, real_name, phone, email, union_id, status, created_at, updated_at from sys_user where id = ?
2026-06-11 21:54:27.954 [http-nio-8080-exec-4] [009d33db] [1] DEBUG c.y.m.u.m.SysUserMapper.selectById - ==> Parameters: 1(Long)
2026-06-11 21:54:27.955 [http-nio-8080-exec-4] [009d33db] [1] DEBUG c.y.m.u.m.SysUserMapper.selectById - <==      Total: 1
2026-06-11 21:54:27.955 [http-nio-8080-exec-4] [009d33db] [1] DEBUG c.y.m.u.m.S.selectRoleIdsByUserId - ==>  Preparing: select role_id from sys_user_role where user_id = ? order by role_id asc
2026-06-11 21:54:27.955 [http-nio-8080-exec-4] [009d33db] [1] DEBUG c.y.m.u.m.S.selectRoleIdsByUserId - ==> Parameters: 1(Long)
2026-06-11 21:54:27.956 [http-nio-8080-exec-4] [009d33db] [1] DEBUG c.y.m.u.m.S.selectRoleIdsByUserId - <==      Total: 1
2026-06-11 21:54:27.957 [http-nio-8080-exec-4] [009d33db] [1] DEBUG c.y.m.u.m.SysRoleMapper.selectList - ==>  Preparing: select id, role_code, role_name, description, status, created_at, updated_at from sys_role WHERE id in ( ? )
2026-06-11 21:54:27.957 [http-nio-8080-exec-4] [009d33db] [1] DEBUG c.y.m.u.m.SysRoleMapper.selectList - ==> Parameters: 1(Long)
2026-06-11 21:54:27.958 [http-nio-8080-exec-4] [009d33db] [1] DEBUG c.y.m.u.m.SysRoleMapper.selectList - <==      Total: 1
2026-06-11 21:54:27.958 [http-nio-8080-exec-4] [009d33db] [1] DEBUG c.y.m.u.m.S.selectPermissionIdsByRoleId - ==>  Preparing: select permission_id from sys_role_permission where role_id in ( ? ) order by permission_id asc
2026-06-11 21:54:27.958 [http-nio-8080-exec-4] [009d33db] [1] DEBUG c.y.m.u.m.S.selectPermissionIdsByRoleId - ==> Parameters: 1(Long)
2026-06-11 21:54:27.958 [http-nio-8080-exec-4] [009d33db] [1] DEBUG c.y.m.u.m.S.selectPermissionIdsByRoleId - <==      Total: 4
2026-06-11 21:54:27.960 [http-nio-8080-exec-4] [009d33db] [1] DEBUG c.y.m.u.m.S.selectList - ==>  Preparing: select id, parent_id, permission_code, permission_name, permission_type, api_path, sort_num, description, status, created_at, updated_at from sys_permission WHERE id in ( ? , ? , ? , ? )
2026-06-11 21:54:27.960 [http-nio-8080-exec-4] [009d33db] [1] DEBUG c.y.m.u.m.S.selectList - ==> Parameters: 101(Long), 106(Long), 113(Long), 117(Long)
2026-06-11 21:54:27.964 [http-nio-8080-exec-4] [009d33db] [1] DEBUG c.y.m.u.m.S.selectList - <==      Total: 4
2026-06-11 21:54:27.964 [http-nio-8080-exec-4] [009d33db] [1] INFO  c.y.common.aop.ControllerLogAspect - 接口开始: uri=/yq-admin/api/eduCampus, httpMethod=GET, controller=EduCampusController#pageCampus, args=[{"name":"req","value":{"pageNum":1,"pageSize":10}}]
2026-06-11 21:54:27.969 [http-nio-8080-exec-4] [009d33db] [1] DEBUG c.y.m.e.m.E.selectPage_COUNT - ==>  Preparing: SELECT count(0) FROM edu_campus
2026-06-11 21:54:27.969 [http-nio-8080-exec-4] [009d33db] [1] DEBUG c.y.m.e.m.E.selectPage_COUNT - ==> Parameters: 
2026-06-11 21:54:27.970 [http-nio-8080-exec-4] [009d33db] [1] DEBUG c.y.m.e.m.E.selectPage_COUNT - <==      Total: 1
2026-06-11 21:54:27.971 [http-nio-8080-exec-4] [009d33db] [1] DEBUG c.y.m.e.m.EduCampusMapper.selectPage - ==>  Preparing: select id, campus_name, principal_user_id, address, contact_phone, remark, status, created_at, updated_at from edu_campus order by id desc LIMIT ?
2026-06-11 21:54:27.971 [http-nio-8080-exec-4] [009d33db] [1] DEBUG c.y.m.e.m.EduCampusMapper.selectPage - ==> Parameters: 10(Integer)
2026-06-11 21:54:27.971 [http-nio-8080-exec-4] [009d33db] [1] DEBUG c.y.m.e.m.EduCampusMapper.selectPage - <==      Total: 1
2026-06-11 21:54:27.971 [http-nio-8080-exec-4] [009d33db] [1] INFO  c.y.common.aop.ControllerLogAspect - 接口结束: uri=/yq-admin/api/eduCampus, controller=EduCampusController#pageCampus, cost=7ms, result={"code":200,"message":"success","data":{"total":1,"pageNum":1,"pageSize":10,"records":[{"id":1,"campusName":"杭州校区","principalUserId":2,"address":"杭州市余杭区","contactPhone":"13549684561","status":1,"createdAt":"Sat Apr 11 15:51:21 CST 2026","updatedAt":"Sat Apr 11 15:51:21 CST 2026"}]}}
2026-06-11 21:55:09.212 [SpringApplicationShutdownHook] [] [] INFO  com.zaxxer.hikari.HikariDataSource - HikariPool-1 - Shutdown initiated...
2026-06-11 21:55:09.216 [SpringApplicationShutdownHook] [] [] INFO  com.zaxxer.hikari.HikariDataSource - HikariPool-1 - Shutdown completed.
2026-06-11 21:55:13.030 [background-preinit] [] [] INFO  o.h.validator.internal.util.Version - HV000001: Hibernate Validator 8.0.1.Final
2026-06-11 21:55:13.054 [main] [] [] INFO  cn.yanque.YanqueApplication - Starting YanqueApplication using Java 17.0.17 with PID 159512 (D:\Java\code\yq\YanQue-Admin\target\classes started by q1571 in D:\Java\code\yq\YanQue-Admin)
2026-06-11 21:55:13.054 [main] [] [] INFO  cn.yanque.YanqueApplication - The following 1 profile is active: "dev"
2026-06-11 21:55:13.665 [main] [] [] INFO  o.s.d.r.c.RepositoryConfigurationDelegate - Multiple Spring Data modules found, entering strict repository configuration mode
2026-06-11 21:55:13.667 [main] [] [] INFO  o.s.d.r.c.RepositoryConfigurationDelegate - Bootstrapping Spring Data Redis repositories in DEFAULT mode.
2026-06-11 21:55:13.692 [main] [] [] INFO  o.s.d.r.c.RepositoryConfigurationDelegate - Finished Spring Data repository scanning in 15 ms. Found 0 Redis repository interfaces.
2026-06-11 21:55:14.172 [main] [] [] INFO  o.s.b.w.e.tomcat.TomcatWebServer - Tomcat initialized with port 8080 (http)
2026-06-11 21:55:14.178 [main] [] [] INFO  o.a.coyote.http11.Http11NioProtocol - Initializing ProtocolHandler ["http-nio-8080"]
2026-06-11 21:55:14.179 [main] [] [] INFO  o.a.catalina.core.StandardService - Starting service [Tomcat]
2026-06-11 21:55:14.179 [main] [] [] INFO  o.a.catalina.core.StandardEngine - Starting Servlet engine: [Apache Tomcat/10.1.16]
2026-06-11 21:55:14.219 [main] [] [] INFO  o.a.c.c.C.[.[localhost].[/yq-admin] - Initializing Spring embedded WebApplicationContext
2026-06-11 21:55:14.221 [main] [] [] INFO  o.s.b.w.s.c.ServletWebServerApplicationContext - Root WebApplicationContext: initialization completed in 1139 ms
2026-06-11 21:55:15.187 [main] [] [] INFO  o.a.coyote.http11.Http11NioProtocol - Starting ProtocolHandler ["http-nio-8080"]
2026-06-11 21:55:15.199 [main] [] [] INFO  o.s.b.w.e.tomcat.TomcatWebServer - Tomcat started on port 8080 (http) with context path '/yq-admin'
2026-06-11 21:55:15.205 [main] [] [] INFO  cn.yanque.YanqueApplication - Started YanqueApplication in 2.512 seconds (process running for 2.97)
2026-06-11 21:55:25.095 [http-nio-8080-exec-1] [] [] INFO  o.a.c.c.C.[.[localhost].[/yq-admin] - Initializing Spring DispatcherServlet 'dispatcherServlet'
2026-06-11 21:55:25.095 [http-nio-8080-exec-1] [] [] INFO  o.s.web.servlet.DispatcherServlet - Initializing Servlet 'dispatcherServlet'
2026-06-11 21:55:25.096 [http-nio-8080-exec-1] [] [] INFO  o.s.web.servlet.DispatcherServlet - Completed initialization in 1 ms
2026-06-11 21:55:25.522 [http-nio-8080-exec-1] [3191d2f5] [1] INFO  com.zaxxer.hikari.HikariDataSource - HikariPool-1 - Starting...
2026-06-11 21:55:25.645 [http-nio-8080-exec-1] [3191d2f5] [1] INFO  com.zaxxer.hikari.pool.HikariPool - HikariPool-1 - Added connection com.mysql.cj.jdbc.ConnectionImpl@7b20ce99
2026-06-11 21:55:25.646 [http-nio-8080-exec-1] [3191d2f5] [1] INFO  com.zaxxer.hikari.HikariDataSource - HikariPool-1 - Start completed.
2026-06-11 21:55:25.653 [http-nio-8080-exec-1] [3191d2f5] [1] DEBUG c.y.m.u.m.SysUserMapper.selectById - ==>  Preparing: select id, username, password, nickname, real_name, phone, email, union_id, status, created_at, updated_at from sys_user where id = ?
2026-06-11 21:55:25.672 [http-nio-8080-exec-1] [3191d2f5] [1] DEBUG c.y.m.u.m.SysUserMapper.selectById - ==> Parameters: 1(Long)
2026-06-11 21:55:25.696 [http-nio-8080-exec-1] [3191d2f5] [1] DEBUG c.y.m.u.m.SysUserMapper.selectById - <==      Total: 1
2026-06-11 21:55:25.700 [http-nio-8080-exec-1] [3191d2f5] [1] DEBUG c.y.m.u.m.S.selectRoleIdsByUserId - ==>  Preparing: select role_id from sys_user_role where user_id = ? order by role_id asc
2026-06-11 21:55:25.700 [http-nio-8080-exec-1] [3191d2f5] [1] DEBUG c.y.m.u.m.S.selectRoleIdsByUserId - ==> Parameters: 1(Long)
2026-06-11 21:55:25.701 [http-nio-8080-exec-1] [3191d2f5] [1] DEBUG c.y.m.u.m.S.selectRoleIdsByUserId - <==      Total: 1
2026-06-11 21:55:25.725 [http-nio-8080-exec-1] [3191d2f5] [1] DEBUG c.y.m.u.m.SysRoleMapper.selectList - ==>  Preparing: select id, role_code, role_name, description, status, created_at, updated_at from sys_role WHERE id in ( ? )
2026-06-11 21:55:25.725 [http-nio-8080-exec-1] [3191d2f5] [1] DEBUG c.y.m.u.m.SysRoleMapper.selectList - ==> Parameters: 1(Long)
2026-06-11 21:55:25.727 [http-nio-8080-exec-1] [3191d2f5] [1] DEBUG c.y.m.u.m.SysRoleMapper.selectList - <==      Total: 1
2026-06-11 21:55:25.727 [http-nio-8080-exec-1] [3191d2f5] [1] DEBUG c.y.m.u.m.S.selectPermissionIdsByRoleId - ==>  Preparing: select permission_id from sys_role_permission where role_id in ( ? ) order by permission_id asc
2026-06-11 21:55:25.728 [http-nio-8080-exec-1] [3191d2f5] [1] DEBUG c.y.m.u.m.S.selectPermissionIdsByRoleId - ==> Parameters: 1(Long)
2026-06-11 21:55:25.728 [http-nio-8080-exec-1] [3191d2f5] [1] DEBUG c.y.m.u.m.S.selectPermissionIdsByRoleId - <==      Total: 4
2026-06-11 21:55:25.729 [http-nio-8080-exec-1] [3191d2f5] [1] DEBUG c.y.m.u.m.S.selectList - ==>  Preparing: select id, parent_id, permission_code, permission_name, permission_type, api_path, sort_num, description, status, created_at, updated_at from sys_permission WHERE id in ( ? , ? , ? , ? )
2026-06-11 21:55:25.730 [http-nio-8080-exec-1] [3191d2f5] [1] DEBUG c.y.m.u.m.S.selectList - ==> Parameters: 101(Long), 106(Long), 113(Long), 117(Long)
2026-06-11 21:55:25.733 [http-nio-8080-exec-1] [3191d2f5] [1] DEBUG c.y.m.u.m.S.selectList - <==      Total: 4
2026-06-11 21:55:25.875 [http-nio-8080-exec-1] [3191d2f5] [1] INFO  c.y.common.aop.ControllerLogAspect - 接口开始: uri=/yq-admin/api/eduStudent, httpMethod=GET, controller=EduStudentController#pageStudent, args=[{"name":"req","value":{"pageNum":1,"pageSize":10}}]
2026-06-11 21:55:25.916 [http-nio-8080-exec-1] [3191d2f5] [1] DEBUG c.y.m.e.m.E.selectPage_COUNT - ==>  Preparing: SELECT count(0) FROM edu_student
2026-06-11 21:55:25.916 [http-nio-8080-exec-1] [3191d2f5] [1] DEBUG c.y.m.e.m.E.selectPage_COUNT - ==> Parameters: 
2026-06-11 21:55:25.931 [http-nio-8080-exec-1] [3191d2f5] [1] DEBUG c.y.m.e.m.E.selectPage_COUNT - <==      Total: 1
2026-06-11 21:55:25.937 [http-nio-8080-exec-1] [3191d2f5] [1] DEBUG c.y.m.e.m.E.selectPage - ==>  Preparing: select id, student_code, student_name, phone, graduation_session, school, education, study_mode, class_id, product_id, join_time, created_at, updated_at from edu_student order by id desc LIMIT ?
2026-06-11 21:55:25.937 [http-nio-8080-exec-1] [3191d2f5] [1] DEBUG c.y.m.e.m.E.selectPage - ==> Parameters: 10(Integer)
2026-06-11 21:55:25.945 [http-nio-8080-exec-1] [3191d2f5] [1] DEBUG c.y.m.e.m.E.selectPage - <==      Total: 10
2026-06-11 21:55:25.949 [http-nio-8080-exec-1] [3191d2f5] [1] INFO  c.y.common.aop.ControllerLogAspect - 接口结束: uri=/yq-admin/api/eduStudent, controller=EduStudentController#pageStudent, cost=158ms, result={"code":200,"message":"success","data":{"total":10,"pageNum":1,"pageSize":10,"records":[{"id":10,"studentCode":"XS20260527544261","studentName":"赵九","phone":"13273576020","graduationSession":2026,"school":"湖南师范大学","education":"硕士","studyMode":"ONLINE","productId":3,"joinTime":"Wed May 27 21:32:06 CST 2026","createdAt":"Wed May 27 21:32:23 CST 2026","updatedAt":"Wed May 27 21:32:23 CST 2026"},{"id":9,"studentCode":"XS20260526215429","studentName":"赵六","phone":"13762922580","graduationSession":2026,"school":"湖南师范大学","education":"硕士","studyMode":"ONLINE","productId":3,"joinTime":"Tue May 26 17:18:07 CST 2026","createdAt":"Tue May 26 17:18:15 CST 2026","updatedAt":"Tue May 26 17:18:15 CST 2026"},{"id":8,"studentCode":"XS20260514684479","studentName":"哈哈","phone":"13273576029","graduationSession":2026,"school":"湖南师范大学","education":"本科","studyMode":"OFFLINE","classId":2,"productId":1,"joinTime":"Thu May 14 17:45:03 CST 2026","createdAt":"Thu May 14 17:45:10 CST 2026","updatedAt":"Thu May 14 17:45:10 CST 2026"},{"id":7,"studentCode":"XS20260429790522","studentName":"王六","phone":"13273576027","graduationSession":2026,"school":"湖南师范大学","education":"博士","studyMode":"ONLINE","productId":2,"joinTime":"Wed Apr 29 22:59:06 CST 2026","createdAt":"Wed Apr 29 22:59:15 CST 2026","updatedAt":"Wed Apr 29 22:59:15 CST 2026"},{"id":6,"studentCode":"XS20260417641291","studentName":"赵六","phone":"15118191034","graduationSession":2026,"school":"洪江一中","education":"本科","studyMode":"OFFLINE","classId":3,"productId":1,"joinTime":"Fri Apr 17 22:25:31 CST 2026","createdAt":"Fri Apr 17 22:25:50 CST 2026","updatedAt":"Fri Apr 17 22:25:50 CST 2026"},{"id":5,"studentCode":"XS20260417193131","studentName":"黄某","phone":"15118191031","graduationSession":2026,"school":"洪江一中","education":"本科","studyMode":"OFFLINE","classId":1,"productId":1,"joinTime":"Fri Apr 17 15:09:40 CST 2026","createdAt":"Fri Apr 17 15:10:18 CST 2026","updatedAt":"Fri Apr 17 15:10:18 CST 2026"},{"id":4,"studentCode":"XS20260416122330","studentName":"黄某","phone":"13273576024","graduationSession":2026,"school":"洪江一中","education":"大专","studyMode":"OFFLINE","classId":1,"productId":1,"joinTime":"Thu Apr 16 22:41:38 CST 2026","createdAt":"Thu Apr 16 22:42:25 CST 2026","updatedAt":"Thu Apr 16 22:42:25 CST 2026"},{"id":3,"studentCode":"XS20260416572329","studentName":"向某","phone":"13273576023","graduationSession":2026,"school":"洪江一中","education":"本科","studyMode":"OFFLINE","classId":2,"productId":1,"joinTime":"Thu Apr 16 22:28:40 CST 2026","createdAt":"Thu Apr 16 22:34:48 CST 2026","updatedAt":"Thu Apr 16 22:34:48 CST 2026"},{"id":2,"studentCode":"XS20260416896906","studentName":"王王","phone":"15118191032","graduationSession":2026,"school":"湖南师范大学","education":"大专","studyMode":"OFFLINE","classId":2,"productId":1,"joinTime":"Thu Apr 16 17:55:46 CST 2026","createdAt":"Thu Apr 16 18:01:02 CST 2026","updatedAt":"Thu Apr 16 18:01:02 CST 2026"},{"id":1,"studentCode":"XS20260416496798","studentName":"赵家","phone":"13273672819","graduationSession":2026,"school":"湖南师范大学","education":"本科","studyMode":"OFFLINE","classId":1,"productId":1,"joinTime":"Thu Apr 16 17:52:36 CST 2026","createdAt":"Thu Apr 16 17:53:12 CST 2026","updatedAt":"Thu Apr 16 17:53:12 CST 2026"}]}}
2026-06-11 21:55:35.221 [http-nio-8080-exec-2] [fcc67b4a] [1] DEBUG c.y.m.u.m.SysUserMapper.selectById - ==>  Preparing: select id, username, password, nickname, real_name, phone, email, union_id, status, created_at, updated_at from sys_user where id = ?
2026-06-11 21:55:35.221 [http-nio-8080-exec-2] [fcc67b4a] [1] DEBUG c.y.m.u.m.SysUserMapper.selectById - ==> Parameters: 1(Long)
2026-06-11 21:55:35.222 [http-nio-8080-exec-2] [fcc67b4a] [1] DEBUG c.y.m.u.m.SysUserMapper.selectById - <==      Total: 1
2026-06-11 21:55:35.223 [http-nio-8080-exec-2] [fcc67b4a] [1] DEBUG c.y.m.u.m.S.selectRoleIdsByUserId - ==>  Preparing: select role_id from sys_user_role where user_id = ? order by role_id asc
2026-06-11 21:55:35.223 [http-nio-8080-exec-2] [fcc67b4a] [1] DEBUG c.y.m.u.m.S.selectRoleIdsByUserId - ==> Parameters: 1(Long)
2026-06-11 21:55:35.224 [http-nio-8080-exec-2] [fcc67b4a] [1] DEBUG c.y.m.u.m.S.selectRoleIdsByUserId - <==      Total: 1
2026-06-11 21:55:35.224 [http-nio-8080-exec-2] [fcc67b4a] [1] DEBUG c.y.m.u.m.SysRoleMapper.selectList - ==>  Preparing: select id, role_code, role_name, description, status, created_at, updated_at from sys_role WHERE id in ( ? )
2026-06-11 21:55:35.225 [http-nio-8080-exec-2] [fcc67b4a] [1] DEBUG c.y.m.u.m.SysRoleMapper.selectList - ==> Parameters: 1(Long)
2026-06-11 21:55:35.225 [http-nio-8080-exec-2] [fcc67b4a] [1] DEBUG c.y.m.u.m.SysRoleMapper.selectList - <==      Total: 1
2026-06-11 21:55:35.225 [http-nio-8080-exec-2] [fcc67b4a] [1] DEBUG c.y.m.u.m.S.selectPermissionIdsByRoleId - ==>  Preparing: select permission_id from sys_role_permission where role_id in ( ? ) order by permission_id asc
2026-06-11 21:55:35.225 [http-nio-8080-exec-2] [fcc67b4a] [1] DEBUG c.y.m.u.m.S.selectPermissionIdsByRoleId - ==> Parameters: 1(Long)
2026-06-11 21:55:35.226 [http-nio-8080-exec-2] [fcc67b4a] [1] DEBUG c.y.m.u.m.S.selectPermissionIdsByRoleId - <==      Total: 4
2026-06-11 21:55:35.226 [http-nio-8080-exec-2] [fcc67b4a] [1] DEBUG c.y.m.u.m.S.selectList - ==>  Preparing: select id, parent_id, permission_code, permission_name, permission_type, api_path, sort_num, description, status, created_at, updated_at from sys_permission WHERE id in ( ? , ? , ? , ? )
2026-06-11 21:55:35.227 [http-nio-8080-exec-2] [fcc67b4a] [1] DEBUG c.y.m.u.m.S.selectList - ==> Parameters: 101(Long), 106(Long), 113(Long), 117(Long)
2026-06-11 21:55:35.228 [http-nio-8080-exec-2] [fcc67b4a] [1] DEBUG c.y.m.u.m.S.selectList - <==      Total: 4
2026-06-11 21:55:35.231 [http-nio-8080-exec-2] [fcc67b4a] [1] INFO  c.y.common.aop.ControllerLogAspect - 接口开始: uri=/yq-admin/api/eduCampus, httpMethod=GET, controller=EduCampusController#pageCampus, args=[{"name":"req","value":{"pageNum":1,"pageSize":10}}]
2026-06-11 21:55:35.236 [http-nio-8080-exec-2] [fcc67b4a] [1] DEBUG c.y.m.e.m.E.selectPage_COUNT - ==>  Preparing: SELECT count(0) FROM edu_campus
2026-06-11 21:55:35.236 [http-nio-8080-exec-2] [fcc67b4a] [1] DEBUG c.y.m.e.m.E.selectPage_COUNT - ==> Parameters: 
2026-06-11 21:55:35.237 [http-nio-8080-exec-2] [fcc67b4a] [1] DEBUG c.y.m.e.m.E.selectPage_COUNT - <==      Total: 1
2026-06-11 21:55:35.238 [http-nio-8080-exec-2] [fcc67b4a] [1] DEBUG c.y.m.e.m.EduCampusMapper.selectPage - ==>  Preparing: select id, campus_name, principal_user_id, address, contact_phone, remark, status, created_at, updated_at from edu_campus order by id desc LIMIT ?
2026-06-11 21:55:35.238 [http-nio-8080-exec-2] [fcc67b4a] [1] DEBUG c.y.m.e.m.EduCampusMapper.selectPage - ==> Parameters: 10(Integer)
2026-06-11 21:55:35.239 [http-nio-8080-exec-2] [fcc67b4a] [1] DEBUG c.y.m.e.m.EduCampusMapper.selectPage - <==      Total: 1
2026-06-11 21:55:35.240 [http-nio-8080-exec-2] [fcc67b4a] [1] INFO  c.y.common.aop.ControllerLogAspect - 接口结束: uri=/yq-admin/api/eduCampus, controller=EduCampusController#pageCampus, cost=9ms, result={"code":200,"message":"success","data":{"total":1,"pageNum":1,"pageSize":10,"records":[{"id":1,"campusName":"杭州校区","principalUserId":2,"address":"杭州市余杭区","contactPhone":"13549684561","status":1,"createdAt":"Sat Apr 11 15:51:21 CST 2026","updatedAt":"Sat Apr 11 15:51:21 CST 2026"}]}}
2026-06-11 21:55:36.485 [http-nio-8080-exec-3] [77b75481] [1] DEBUG c.y.m.u.m.SysUserMapper.selectById - ==>  Preparing: select id, username, password, nickname, real_name, phone, email, union_id, status, created_at, updated_at from sys_user where id = ?
2026-06-11 21:55:36.485 [http-nio-8080-exec-3] [77b75481] [1] DEBUG c.y.m.u.m.SysUserMapper.selectById - ==> Parameters: 1(Long)
2026-06-11 21:55:36.486 [http-nio-8080-exec-3] [77b75481] [1] DEBUG c.y.m.u.m.SysUserMapper.selectById - <==      Total: 1
2026-06-11 21:55:36.487 [http-nio-8080-exec-3] [77b75481] [1] DEBUG c.y.m.u.m.S.selectRoleIdsByUserId - ==>  Preparing: select role_id from sys_user_role where user_id = ? order by role_id asc
2026-06-11 21:55:36.487 [http-nio-8080-exec-3] [77b75481] [1] DEBUG c.y.m.u.m.S.selectRoleIdsByUserId - ==> Parameters: 1(Long)
2026-06-11 21:55:36.488 [http-nio-8080-exec-3] [77b75481] [1] DEBUG c.y.m.u.m.S.selectRoleIdsByUserId - <==      Total: 1
2026-06-11 21:55:36.488 [http-nio-8080-exec-3] [77b75481] [1] DEBUG c.y.m.u.m.SysRoleMapper.selectList - ==>  Preparing: select id, role_code, role_name, description, status, created_at, updated_at from sys_role WHERE id in ( ? )
2026-06-11 21:55:36.489 [http-nio-8080-exec-3] [77b75481] [1] DEBUG c.y.m.u.m.SysRoleMapper.selectList - ==> Parameters: 1(Long)
2026-06-11 21:55:36.489 [http-nio-8080-exec-3] [77b75481] [1] DEBUG c.y.m.u.m.SysRoleMapper.selectList - <==      Total: 1
2026-06-11 21:55:36.490 [http-nio-8080-exec-3] [77b75481] [1] DEBUG c.y.m.u.m.S.selectPermissionIdsByRoleId - ==>  Preparing: select permission_id from sys_role_permission where role_id in ( ? ) order by permission_id asc
2026-06-11 21:55:36.491 [http-nio-8080-exec-3] [77b75481] [1] DEBUG c.y.m.u.m.S.selectPermissionIdsByRoleId - ==> Parameters: 1(Long)
2026-06-11 21:55:36.491 [http-nio-8080-exec-3] [77b75481] [1] DEBUG c.y.m.u.m.S.selectPermissionIdsByRoleId - <==      Total: 4
2026-06-11 21:55:36.492 [http-nio-8080-exec-3] [77b75481] [1] DEBUG c.y.m.u.m.S.selectList - ==>  Preparing: select id, parent_id, permission_code, permission_name, permission_type, api_path, sort_num, description, status, created_at, updated_at from sys_permission WHERE id in ( ? , ? , ? , ? )
2026-06-11 21:55:36.492 [http-nio-8080-exec-3] [77b75481] [1] DEBUG c.y.m.u.m.S.selectList - ==> Parameters: 101(Long), 106(Long), 113(Long), 117(Long)
2026-06-11 21:55:36.492 [http-nio-8080-exec-3] [77b75481] [1] DEBUG c.y.m.u.m.S.selectList - <==      Total: 4
2026-06-11 21:55:36.494 [http-nio-8080-exec-3] [77b75481] [1] INFO  c.y.common.aop.ControllerLogAspect - 接口开始: uri=/yq-admin/api/eduClass, httpMethod=GET, controller=EduClassController#pageClass, args=[{"name":"req","value":{"pageNum":1,"pageSize":10}}]
2026-06-11 21:55:36.501 [http-nio-8080-exec-3] [77b75481] [1] DEBUG c.y.m.e.m.E.selectPage_COUNT - ==>  Preparing: SELECT count(0) FROM edu_class
2026-06-11 21:55:36.501 [http-nio-8080-exec-3] [77b75481] [1] DEBUG c.y.m.e.m.E.selectPage_COUNT - ==> Parameters: 
2026-06-11 21:55:36.502 [http-nio-8080-exec-3] [77b75481] [1] DEBUG c.y.m.e.m.E.selectPage_COUNT - <==      Total: 1
2026-06-11 21:55:36.502 [http-nio-8080-exec-3] [77b75481] [1] DEBUG c.y.m.e.m.EduClassMapper.selectPage - ==>  Preparing: select id, class_term, campus_id, head_teacher_id, class_status, start_time, course_id, student_count, created_at, updated_at from edu_class order by id desc LIMIT ?
2026-06-11 21:55:36.504 [http-nio-8080-exec-3] [77b75481] [1] DEBUG c.y.m.e.m.EduClassMapper.selectPage - ==> Parameters: 10(Integer)
2026-06-11 21:55:36.505 [http-nio-8080-exec-3] [77b75481] [1] DEBUG c.y.m.e.m.EduClassMapper.selectPage - <==      Total: 3
2026-06-11 21:55:36.506 [http-nio-8080-exec-3] [77b75481] [1] INFO  c.y.common.aop.ControllerLogAspect - 接口结束: uri=/yq-admin/api/eduClass, controller=EduClassController#pageClass, cost=11ms, result={"code":200,"message":"success","data":{"total":3,"pageNum":1,"pageSize":10,"records":[{"id":3,"classTerm":3,"campusId":1,"headTeacherId":3,"classStatus":"WAITING","startTime":"Thu Apr 16 00:00:00 CST 2026","courseId":1,"studentCount":0,"createdAt":"Mon Apr 13 20:34:39 CST 2026"},{"id":2,"classTerm":2,"campusId":1,"headTeacherId":3,"classStatus":"WAITING","startTime":"Mon Apr 13 00:00:00 CST 2026","courseId":1,"studentCount":0,"createdAt":"Mon Apr 13 20:15:52 CST 2026"},{"id":1,"classTerm":1,"campusId":1,"headTeacherId":3,"classStatus":"WAITING","startTime":"Mon Apr 13 00:00:00 CST 2026","courseId":1,"studentCount":0,"createdAt":"Sat Apr 11 17:09:28 CST 2026"}]}}
2026-06-11 21:55:37.874 [http-nio-8080-exec-4] [13e7d551] [1] DEBUG c.y.m.u.m.SysUserMapper.selectById - ==>  Preparing: select id, username, password, nickname, real_name, phone, email, union_id, status, created_at, updated_at from sys_user where id = ?
2026-06-11 21:55:37.874 [http-nio-8080-exec-4] [13e7d551] [1] DEBUG c.y.m.u.m.SysUserMapper.selectById - ==> Parameters: 1(Long)
2026-06-11 21:55:37.874 [http-nio-8080-exec-4] [13e7d551] [1] DEBUG c.y.m.u.m.SysUserMapper.selectById - <==      Total: 1
2026-06-11 21:55:37.875 [http-nio-8080-exec-4] [13e7d551] [1] DEBUG c.y.m.u.m.S.selectRoleIdsByUserId - ==>  Preparing: select role_id from sys_user_role where user_id = ? order by role_id asc
2026-06-11 21:55:37.875 [http-nio-8080-exec-4] [13e7d551] [1] DEBUG c.y.m.u.m.S.selectRoleIdsByUserId - ==> Parameters: 1(Long)
2026-06-11 21:55:37.875 [http-nio-8080-exec-4] [13e7d551] [1] DEBUG c.y.m.u.m.S.selectRoleIdsByUserId - <==      Total: 1
2026-06-11 21:55:37.877 [http-nio-8080-exec-4] [13e7d551] [1] DEBUG c.y.m.u.m.SysRoleMapper.selectList - ==>  Preparing: select id, role_code, role_name, description, status, created_at, updated_at from sys_role WHERE id in ( ? )
2026-06-11 21:55:37.877 [http-nio-8080-exec-4] [13e7d551] [1] DEBUG c.y.m.u.m.SysRoleMapper.selectList - ==> Parameters: 1(Long)
2026-06-11 21:55:37.878 [http-nio-8080-exec-4] [13e7d551] [1] DEBUG c.y.m.u.m.SysRoleMapper.selectList - <==      Total: 1
2026-06-11 21:55:37.878 [http-nio-8080-exec-4] [13e7d551] [1] DEBUG c.y.m.u.m.S.selectPermissionIdsByRoleId - ==>  Preparing: select permission_id from sys_role_permission where role_id in ( ? ) order by permission_id asc
2026-06-11 21:55:37.878 [http-nio-8080-exec-4] [13e7d551] [1] DEBUG c.y.m.u.m.S.selectPermissionIdsByRoleId - ==> Parameters: 1(Long)
2026-06-11 21:55:37.879 [http-nio-8080-exec-4] [13e7d551] [1] DEBUG c.y.m.u.m.S.selectPermissionIdsByRoleId - <==      Total: 4
2026-06-11 21:55:37.879 [http-nio-8080-exec-4] [13e7d551] [1] DEBUG c.y.m.u.m.S.selectList - ==>  Preparing: select id, parent_id, permission_code, permission_name, permission_type, api_path, sort_num, description, status, created_at, updated_at from sys_permission WHERE id in ( ? , ? , ? , ? )
2026-06-11 21:55:37.879 [http-nio-8080-exec-4] [13e7d551] [1] DEBUG c.y.m.u.m.S.selectList - ==> Parameters: 101(Long), 106(Long), 113(Long), 117(Long)
2026-06-11 21:55:37.882 [http-nio-8080-exec-4] [13e7d551] [1] DEBUG c.y.m.u.m.S.selectList - <==      Total: 4
2026-06-11 21:55:37.884 [http-nio-8080-exec-4] [13e7d551] [1] INFO  c.y.common.aop.ControllerLogAspect - 接口开始: uri=/yq-admin/api/sysPermission, httpMethod=GET, controller=SysPermissionController#pagePermission, args=[{"name":"req","value":{"pageNum":1,"pageSize":1000}}]
2026-06-11 21:55:37.891 [http-nio-8080-exec-4] [13e7d551] [1] DEBUG c.y.m.u.m.S.selectPage_COUNT - ==>  Preparing: SELECT count(0) FROM sys_permission
2026-06-11 21:55:37.891 [http-nio-8080-exec-4] [13e7d551] [1] DEBUG c.y.m.u.m.S.selectPage_COUNT - ==> Parameters: 
2026-06-11 21:55:37.892 [http-nio-8080-exec-4] [13e7d551] [1] DEBUG c.y.m.u.m.S.selectPage_COUNT - <==      Total: 1
2026-06-11 21:55:37.892 [http-nio-8080-exec-4] [13e7d551] [1] DEBUG c.y.m.u.m.S.selectPage - ==>  Preparing: select id, parent_id, permission_code, permission_name, permission_type, api_path, sort_num, description, status, created_at, updated_at from sys_permission order by sort_num asc, id desc LIMIT ?
2026-06-11 21:55:37.892 [http-nio-8080-exec-4] [13e7d551] [1] DEBUG c.y.m.u.m.S.selectPage - ==> Parameters: 1000(Integer)
2026-06-11 21:55:37.903 [http-nio-8080-exec-4] [13e7d551] [1] DEBUG c.y.m.u.m.S.selectPage - <==      Total: 177
2026-06-11 21:55:37.913 [http-nio-8080-exec-4] [13e7d551] [1] INFO  c.y.common.aop.ControllerLogAspect - 接口结束: uri=/yq-admin/api/sysPermission, controller=SysPermissionController#pagePermission, cost=25ms, result={"code":200,"message":"success","data":{"total":177,"pageNum":1,"pageSize":1000,"records":[{"id":287,"parentId":286,"permissionName":"面试复盘上传音频按钮","permissionType":"BUTTON","permissionCode":"button:interview-review:upload","sortNum":1,"status":"1","description":"面试复盘页面的上传音频按钮","createdAt":"Wed May 20 22:13:56 CST 2026"},{"id":272,"parentId":271,"permissionName":"自媒体生成选题按钮","permissionType":"BUTTON","permissionCode":"button:media-agent:generate-topics","sortNum":1,"status":"1","description":"自媒体创作页面的生成选题按钮","createdAt":"Sat May 09 16:32:32 CST 2026"},{"id":268,"parentId":267,"permissionName":"数据分析执行按钮","permissionType":"BUTTON","permissionCode":"button:data-analysis:analyze","sortNum":1,"status":"1","description":"数据分析页面的开始分析按钮","createdAt":"Fri May 08 16:42:19 CST 2026"},{"id":249,"parentId":121,"permissionName":"发布作业按钮","permissionType":"BUTTON","permissionCode":"button:homework:create","sortNum":1,"status":"1","description":"作业管理页面的发布作业按钮","createdAt":"Wed Apr 22 16:21:14 CST 2026"},{"id":247,"parentId":118,"permissionName":"学生绑定权限模板按钮","permissionType":"BUTTON","permissionCode":"button:student:bind-permission-template","sortNum":1,"status":"1","description":"学生管理页面的绑定权限模板按钮","createdAt":"Wed Apr 22 14:20:45 CST 2026"},{"id":243,"parentId":119,"permissionName":"学员权限模板新增按钮","permissionType":"BUTTON","permissionCode":"button:student-permission-template:create","sortNum":1,"status":"1","description":"学员权限模板页面的新增按钮","createdAt":"Mon Apr 20 00:05:46 CST 2026"},{"id":240,"parentId":115,"permissionName":"订单新增按钮","permissionType":"BUTTON","permissionCode":"button:order:create","sortNum":1,"status":"1","description":"订单管理页面的新增按钮","createdAt":"Sun Apr 12 23:10:59 CST 2026"},{"id":237,"parentId":114,"permissionName":"产品新增按钮","permissionType":"BUTTON","permissionCode":"button:product:create","sortNum":1,"status":"1","description":"产品管理页面的新增按钮","createdAt":"Sun Apr 12 14:19:04 CST 2026"},{"id":235,"parentId":112,"permissionName":"值班查看按钮","permissionType":"BUTTON","permissionCode":"button:duty:view","sortNum":1,"status":"1","description":"值班管理页面的查看按钮","createdAt":"Sun Apr 12 13:11:55 CST 2026"},{"id":234,"parentId":111,"permissionName":"老师课表查看按钮","permissionType":"BUTTON","permissionCode":"button:teacher-schedule:view","sortNum":1,"status":"1","description":"老师课表页面的查看按钮","createdAt":"Sun Apr 12 03:21:07 CST 2026"},{"id":231,"parentId":110,"permissionName":"课表查看按钮","permissionType":"BUTTON","permissionCode":"button:schedule:view","sortNum":1,"status":"1","description":"课表管理页面的查看按钮","createdAt":"Sat Apr 11 19:46:45 CST 2026"},{"id":227,"parentId":109,"permissionName":"班级新增按钮","permissionType":"BUTTON","permissionCode":"button:class:create","sortNum":1,"status":"1","description":"班级管理页面的新增按钮","createdAt":"Sat Apr 11 17:05:40 CST 2026"},{"id":218,"parentId":108,"permissionName":"课程新增按钮","permissionType":"BUTTON","permissionCode":"button:course:create","sortNum":1,"status":"1","description":"课程管理页面的新增按钮","createdAt":"Sat Apr 11 16:02:19 CST 2026"},{"id":215,"parentId":107,"permissionName":"校区新增按钮","permissionType":"BUTTON","permissionCode":"button:campus:create","sortNum":1,"status":"1","description":"校区管理页面的新增按钮","createdAt":"Sat Apr 11 15:49:16 CST 2026"},{"id":212,"parentId":105,"permissionName":"系统参数新增按钮","permissionType":"BUTTON","permissionCode":"button:config:create","sortNum":1,"status":"1","description":"系统参数页面的新增配置按钮","createdAt":"Fri Apr 10 20:08:09 CST 2026"},{"id":209,"parentId":104,"permissionName":"权限新增按钮","permissionType":"BUTTON","permissionCode":"button:permission:create","sortNum":1,"status":"1","description":"权限管理页面的新增权限按钮","createdAt":"Thu Apr 09 21:22:28 CST 2026"},{"id":205,"parentId":103,"permissionName":"角色新增按钮","permissionType":"BUTTON","permissionCode":"button:role:create","sortNum":1,"status":"1","description":"角色管理页面的新增角色按钮","createdAt":"Thu Apr 09 21:22:28 CST 2026"},{"id":201,"parentId":102,"permissionName":"用户新增按钮","permissionType":"BUTTON","permissionCode":"button:user:create","sortNum":1,"status":"ACTIVE","desc...(truncated)
2026-06-11 21:55:45.518 [http-nio-8080-exec-5] [d51dbf42] [1] DEBUG c.y.m.u.m.SysUserMapper.selectById - ==>  Preparing: select id, username, password, nickname, real_name, phone, email, union_id, status, created_at, updated_at from sys_user where id = ?
2026-06-11 21:55:45.518 [http-nio-8080-exec-5] [d51dbf42] [1] DEBUG c.y.m.u.m.SysUserMapper.selectById - ==> Parameters: 1(Long)
2026-06-11 21:55:45.519 [http-nio-8080-exec-5] [d51dbf42] [1] DEBUG c.y.m.u.m.SysUserMapper.selectById - <==      Total: 1
2026-06-11 21:55:45.520 [http-nio-8080-exec-5] [d51dbf42] [1] DEBUG c.y.m.u.m.S.selectRoleIdsByUserId - ==>  Preparing: select role_id from sys_user_role where user_id = ? order by role_id asc
2026-06-11 21:55:45.520 [http-nio-8080-exec-5] [d51dbf42] [1] DEBUG c.y.m.u.m.S.selectRoleIdsByUserId - ==> Parameters: 1(Long)
2026-06-11 21:55:45.521 [http-nio-8080-exec-5] [d51dbf42] [1] DEBUG c.y.m.u.m.S.selectRoleIdsByUserId - <==      Total: 1
2026-06-11 21:55:45.521 [http-nio-8080-exec-5] [d51dbf42] [1] DEBUG c.y.m.u.m.SysRoleMapper.selectList - ==>  Preparing: select id, role_code, role_name, description, status, created_at, updated_at from sys_role WHERE id in ( ? )
2026-06-11 21:55:45.521 [http-nio-8080-exec-5] [d51dbf42] [1] DEBUG c.y.m.u.m.SysRoleMapper.selectList - ==> Parameters: 1(Long)
2026-06-11 21:55:45.523 [http-nio-8080-exec-5] [d51dbf42] [1] DEBUG c.y.m.u.m.SysRoleMapper.selectList - <==      Total: 1
2026-06-11 21:55:45.523 [http-nio-8080-exec-5] [d51dbf42] [1] DEBUG c.y.m.u.m.S.selectPermissionIdsByRoleId - ==>  Preparing: select permission_id from sys_role_permission where role_id in ( ? ) order by permission_id asc
2026-06-11 21:55:45.523 [http-nio-8080-exec-5] [d51dbf42] [1] DEBUG c.y.m.u.m.S.selectPermissionIdsByRoleId - ==> Parameters: 1(Long)
2026-06-11 21:55:45.524 [http-nio-8080-exec-5] [d51dbf42] [1] DEBUG c.y.m.u.m.S.selectPermissionIdsByRoleId - <==      Total: 4
2026-06-11 21:55:45.524 [http-nio-8080-exec-5] [d51dbf42] [1] DEBUG c.y.m.u.m.S.selectList - ==>  Preparing: select id, parent_id, permission_code, permission_name, permission_type, api_path, sort_num, description, status, created_at, updated_at from sys_permission WHERE id in ( ? , ? , ? , ? )
2026-06-11 21:55:45.525 [http-nio-8080-exec-5] [d51dbf42] [1] DEBUG c.y.m.u.m.S.selectList - ==> Parameters: 101(Long), 106(Long), 113(Long), 117(Long)
2026-06-11 21:55:45.525 [http-nio-8080-exec-5] [d51dbf42] [1] DEBUG c.y.m.u.m.S.selectList - <==      Total: 4
2026-06-11 21:55:45.526 [http-nio-8080-exec-5] [d51dbf42] [1] INFO  c.y.common.aop.ControllerLogAspect - 接口开始: uri=/yq-admin/api/eduClass, httpMethod=GET, controller=EduClassController#pageClass, args=[{"name":"req","value":{"pageNum":1,"pageSize":10}}]
2026-06-11 21:55:45.530 [http-nio-8080-exec-5] [d51dbf42] [1] DEBUG c.y.m.e.m.E.selectPage_COUNT - ==>  Preparing: SELECT count(0) FROM edu_class
2026-06-11 21:55:45.531 [http-nio-8080-exec-5] [d51dbf42] [1] DEBUG c.y.m.e.m.E.selectPage_COUNT - ==> Parameters: 
2026-06-11 21:55:45.531 [http-nio-8080-exec-5] [d51dbf42] [1] DEBUG c.y.m.e.m.E.selectPage_COUNT - <==      Total: 1
2026-06-11 21:55:45.531 [http-nio-8080-exec-5] [d51dbf42] [1] DEBUG c.y.m.e.m.EduClassMapper.selectPage - ==>  Preparing: select id, class_term, campus_id, head_teacher_id, class_status, start_time, course_id, student_count, created_at, updated_at from edu_class order by id desc LIMIT ?
2026-06-11 21:55:45.533 [http-nio-8080-exec-5] [d51dbf42] [1] DEBUG c.y.m.e.m.EduClassMapper.selectPage - ==> Parameters: 10(Integer)
2026-06-11 21:55:45.533 [http-nio-8080-exec-5] [d51dbf42] [1] DEBUG c.y.m.e.m.EduClassMapper.selectPage - <==      Total: 3
2026-06-11 21:55:45.533 [http-nio-8080-exec-5] [d51dbf42] [1] INFO  c.y.common.aop.ControllerLogAspect - 接口结束: uri=/yq-admin/api/eduClass, controller=EduClassController#pageClass, cost=7ms, result={"code":200,"message":"success","data":{"total":3,"pageNum":1,"pageSize":10,"records":[{"id":3,"classTerm":3,"campusId":1,"headTeacherId":3,"classStatus":"WAITING","startTime":"Thu Apr 16 00:00:00 CST 2026","courseId":1,"studentCount":0,"createdAt":"Mon Apr 13 20:34:39 CST 2026"},{"id":2,"classTerm":2,"campusId":1,"headTeacherId":3,"classStatus":"WAITING","startTime":"Mon Apr 13 00:00:00 CST 2026","courseId":1,"studentCount":0,"createdAt":"Mon Apr 13 20:15:52 CST 2026"},{"id":1,"classTerm":1,"campusId":1,"headTeacherId":3,"classStatus":"WAITING","startTime":"Mon Apr 13 00:00:00 CST 2026","courseId":1,"studentCount":0,"createdAt":"Sat Apr 11 17:09:28 CST 2026"}]}}
2026-06-11 21:55:46.245 [http-nio-8080-exec-6] [e0bd1275] [1] DEBUG c.y.m.u.m.SysUserMapper.selectById - ==>  Preparing: select id, username, password, nickname, real_name, phone, email, union_id, status, created_at, updated_at from sys_user where id = ?
2026-06-11 21:55:46.246 [http-nio-8080-exec-6] [e0bd1275] [1] DEBUG c.y.m.u.m.SysUserMapper.selectById - ==> Parameters: 1(Long)
2026-06-11 21:55:46.246 [http-nio-8080-exec-6] [e0bd1275] [1] DEBUG c.y.m.u.m.SysUserMapper.selectById - <==      Total: 1
2026-06-11 21:55:46.246 [http-nio-8080-exec-6] [e0bd1275] [1] DEBUG c.y.m.u.m.S.selectRoleIdsByUserId - ==>  Preparing: select role_id from sys_user_role where user_id = ? order by role_id asc
2026-06-11 21:55:46.246 [http-nio-8080-exec-6] [e0bd1275] [1] DEBUG c.y.m.u.m.S.selectRoleIdsByUserId - ==> Parameters: 1(Long)
2026-06-11 21:55:46.248 [http-nio-8080-exec-6] [e0bd1275] [1] DEBUG c.y.m.u.m.S.selectRoleIdsByUserId - <==      Total: 1
2026-06-11 21:55:46.248 [http-nio-8080-exec-6] [e0bd1275] [1] DEBUG c.y.m.u.m.SysRoleMapper.selectList - ==>  Preparing: select id, role_code, role_name, description, status, created_at, updated_at from sys_role WHERE id in ( ? )
2026-06-11 21:55:46.249 [http-nio-8080-exec-6] [e0bd1275] [1] DEBUG c.y.m.u.m.SysRoleMapper.selectList - ==> Parameters: 1(Long)
2026-06-11 21:55:46.249 [http-nio-8080-exec-6] [e0bd1275] [1] DEBUG c.y.m.u.m.SysRoleMapper.selectList - <==      Total: 1
2026-06-11 21:55:46.249 [http-nio-8080-exec-6] [e0bd1275] [1] DEBUG c.y.m.u.m.S.selectPermissionIdsByRoleId - ==>  Preparing: select permission_id from sys_role_permission where role_id in ( ? ) order by permission_id asc
2026-06-11 21:55:46.249 [http-nio-8080-exec-6] [e0bd1275] [1] DEBUG c.y.m.u.m.S.selectPermissionIdsByRoleId - ==> Parameters: 1(Long)
2026-06-11 21:55:46.250 [http-nio-8080-exec-6] [e0bd1275] [1] DEBUG c.y.m.u.m.S.selectPermissionIdsByRoleId - <==      Total: 4
2026-06-11 21:55:46.250 [http-nio-8080-exec-6] [e0bd1275] [1] DEBUG c.y.m.u.m.S.selectList - ==>  Preparing: select id, parent_id, permission_code, permission_name, permission_type, api_path, sort_num, description, status, created_at, updated_at from sys_permission WHERE id in ( ? , ? , ? , ? )
2026-06-11 21:55:46.250 [http-nio-8080-exec-6] [e0bd1275] [1] DEBUG c.y.m.u.m.S.selectList - ==> Parameters: 101(Long), 106(Long), 113(Long), 117(Long)
2026-06-11 21:55:46.251 [http-nio-8080-exec-6] [e0bd1275] [1] DEBUG c.y.m.u.m.S.selectList - <==      Total: 4
2026-06-11 21:55:46.251 [http-nio-8080-exec-6] [e0bd1275] [1] INFO  c.y.common.aop.ControllerLogAspect - 接口开始: uri=/yq-admin/api/eduCampus, httpMethod=GET, controller=EduCampusController#pageCampus, args=[{"name":"req","value":{"pageNum":1,"pageSize":10}}]
2026-06-11 21:55:46.255 [http-nio-8080-exec-6] [e0bd1275] [1] DEBUG c.y.m.e.m.E.selectPage_COUNT - ==>  Preparing: SELECT count(0) FROM edu_campus
2026-06-11 21:55:46.255 [http-nio-8080-exec-6] [e0bd1275] [1] DEBUG c.y.m.e.m.E.selectPage_COUNT - ==> Parameters: 
2026-06-11 21:55:46.257 [http-nio-8080-exec-6] [e0bd1275] [1] DEBUG c.y.m.e.m.E.selectPage_COUNT - <==      Total: 1
2026-06-11 21:55:46.257 [http-nio-8080-exec-6] [e0bd1275] [1] DEBUG c.y.m.e.m.EduCampusMapper.selectPage - ==>  Preparing: select id, campus_name, principal_user_id, address, contact_phone, remark, status, created_at, updated_at from edu_campus order by id desc LIMIT ?
2026-06-11 21:55:46.257 [http-nio-8080-exec-6] [e0bd1275] [1] DEBUG c.y.m.e.m.EduCampusMapper.selectPage - ==> Parameters: 10(Integer)
2026-06-11 21:55:46.257 [http-nio-8080-exec-6] [e0bd1275] [1] DEBUG c.y.m.e.m.EduCampusMapper.selectPage - <==      Total: 1
2026-06-11 21:55:46.258 [http-nio-8080-exec-6] [e0bd1275] [1] INFO  c.y.common.aop.ControllerLogAspect - 接口结束: uri=/yq-admin/api/eduCampus, controller=EduCampusController#pageCampus, cost=7ms, result={"code":200,"message":"success","data":{"total":1,"pageNum":1,"pageSize":10,"records":[{"id":1,"campusName":"杭州校区","principalUserId":2,"address":"杭州市余杭区","contactPhone":"13549684561","status":1,"createdAt":"Sat Apr 11 15:51:21 CST 2026","updatedAt":"Sat Apr 11 15:51:21 CST 2026"}]}}
2026-06-11 21:55:47.917 [http-nio-8080-exec-7] [2e2d0648] [1] DEBUG c.y.m.u.m.SysUserMapper.selectById - ==>  Preparing: select id, username, password, nickname, real_name, phone, email, union_id, status, created_at, updated_at from sys_user where id = ?
2026-06-11 21:55:47.917 [http-nio-8080-exec-7] [2e2d0648] [1] DEBUG c.y.m.u.m.SysUserMapper.selectById - ==> Parameters: 1(Long)
2026-06-11 21:55:47.918 [http-nio-8080-exec-7] [2e2d0648] [1] DEBUG c.y.m.u.m.SysUserMapper.selectById - <==      Total: 1
2026-06-11 21:55:47.918 [http-nio-8080-exec-7] [2e2d0648] [1] DEBUG c.y.m.u.m.S.selectRoleIdsByUserId - ==>  Preparing: select role_id from sys_user_role where user_id = ? order by role_id asc
2026-06-11 21:55:47.918 [http-nio-8080-exec-7] [2e2d0648] [1] DEBUG c.y.m.u.m.S.selectRoleIdsByUserId - ==> Parameters: 1(Long)
2026-06-11 21:55:47.919 [http-nio-8080-exec-7] [2e2d0648] [1] DEBUG c.y.m.u.m.S.selectRoleIdsByUserId - <==      Total: 1
2026-06-11 21:55:47.919 [http-nio-8080-exec-7] [2e2d0648] [1] DEBUG c.y.m.u.m.SysRoleMapper.selectList - ==>  Preparing: select id, role_code, role_name, description, status, created_at, updated_at from sys_role WHERE id in ( ? )
2026-06-11 21:55:47.920 [http-nio-8080-exec-7] [2e2d0648] [1] DEBUG c.y.m.u.m.SysRoleMapper.selectList - ==> Parameters: 1(Long)
2026-06-11 21:55:47.920 [http-nio-8080-exec-7] [2e2d0648] [1] DEBUG c.y.m.u.m.SysRoleMapper.selectList - <==      Total: 1
2026-06-11 21:55:47.920 [http-nio-8080-exec-7] [2e2d0648] [1] DEBUG c.y.m.u.m.S.selectPermissionIdsByRoleId - ==>  Preparing: select permission_id from sys_role_permission where role_id in ( ? ) order by permission_id asc
2026-06-11 21:55:47.920 [http-nio-8080-exec-7] [2e2d0648] [1] DEBUG c.y.m.u.m.S.selectPermissionIdsByRoleId - ==> Parameters: 1(Long)
2026-06-11 21:55:47.921 [http-nio-8080-exec-7] [2e2d0648] [1] DEBUG c.y.m.u.m.S.selectPermissionIdsByRoleId - <==      Total: 4
2026-06-11 21:55:47.921 [http-nio-8080-exec-7] [2e2d0648] [1] DEBUG c.y.m.u.m.S.selectList - ==>  Preparing: select id, parent_id, permission_code, permission_name, permission_type, api_path, sort_num, description, status, created_at, updated_at from sys_permission WHERE id in ( ? , ? , ? , ? )
2026-06-11 21:55:47.922 [http-nio-8080-exec-7] [2e2d0648] [1] DEBUG c.y.m.u.m.S.selectList - ==> Parameters: 101(Long), 106(Long), 113(Long), 117(Long)
2026-06-11 21:55:47.922 [http-nio-8080-exec-7] [2e2d0648] [1] DEBUG c.y.m.u.m.S.selectList - <==      Total: 4
2026-06-11 21:55:47.923 [http-nio-8080-exec-7] [2e2d0648] [1] INFO  c.y.common.aop.ControllerLogAspect - 接口开始: uri=/yq-admin/api/eduStudent, httpMethod=GET, controller=EduStudentController#pageStudent, args=[{"name":"req","value":{"pageNum":1,"pageSize":10}}]
2026-06-11 21:55:47.927 [http-nio-8080-exec-7] [2e2d0648] [1] DEBUG c.y.m.e.m.E.selectPage_COUNT - ==>  Preparing: SELECT count(0) FROM edu_student
2026-06-11 21:55:47.927 [http-nio-8080-exec-7] [2e2d0648] [1] DEBUG c.y.m.e.m.E.selectPage_COUNT - ==> Parameters: 
2026-06-11 21:55:47.928 [http-nio-8080-exec-7] [2e2d0648] [1] DEBUG c.y.m.e.m.E.selectPage_COUNT - <==      Total: 1
2026-06-11 21:55:47.928 [http-nio-8080-exec-7] [2e2d0648] [1] DEBUG c.y.m.e.m.E.selectPage - ==>  Preparing: select id, student_code, student_name, phone, graduation_session, school, education, study_mode, class_id, product_id, join_time, created_at, updated_at from edu_student order by id desc LIMIT ?
2026-06-11 21:55:47.929 [http-nio-8080-exec-7] [2e2d0648] [1] DEBUG c.y.m.e.m.E.selectPage - ==> Parameters: 10(Integer)
2026-06-11 21:55:47.932 [http-nio-8080-exec-7] [2e2d0648] [1] DEBUG c.y.m.e.m.E.selectPage - <==      Total: 10
2026-06-11 21:55:47.935 [http-nio-8080-exec-7] [2e2d0648] [1] INFO  c.y.common.aop.ControllerLogAspect - 接口结束: uri=/yq-admin/api/eduStudent, controller=EduStudentController#pageStudent, cost=11ms, result={"code":200,"message":"success","data":{"total":10,"pageNum":1,"pageSize":10,"records":[{"id":10,"studentCode":"XS20260527544261","studentName":"赵九","phone":"13273576020","graduationSession":2026,"school":"湖南师范大学","education":"硕士","studyMode":"ONLINE","productId":3,"joinTime":"Wed May 27 21:32:06 CST 2026","createdAt":"Wed May 27 21:32:23 CST 2026","updatedAt":"Wed May 27 21:32:23 CST 2026"},{"id":9,"studentCode":"XS20260526215429","studentName":"赵六","phone":"13762922580","graduationSession":2026,"school":"湖南师范大学","education":"硕士","studyMode":"ONLINE","productId":3,"joinTime":"Tue May 26 17:18:07 CST 2026","createdAt":"Tue May 26 17:18:15 CST 2026","updatedAt":"Tue May 26 17:18:15 CST 2026"},{"id":8,"studentCode":"XS20260514684479","studentName":"哈哈","phone":"13273576029","graduationSession":2026,"school":"湖南师范大学","education":"本科","studyMode":"OFFLINE","classId":2,"productId":1,"joinTime":"Thu May 14 17:45:03 CST 2026","createdAt":"Thu May 14 17:45:10 CST 2026","updatedAt":"Thu May 14 17:45:10 CST 2026"},{"id":7,"studentCode":"XS20260429790522","studentName":"王六","phone":"13273576027","graduationSession":2026,"school":"湖南师范大学","education":"博士","studyMode":"ONLINE","productId":2,"joinTime":"Wed Apr 29 22:59:06 CST 2026","createdAt":"Wed Apr 29 22:59:15 CST 2026","updatedAt":"Wed Apr 29 22:59:15 CST 2026"},{"id":6,"studentCode":"XS20260417641291","studentName":"赵六","phone":"15118191034","graduationSession":2026,"school":"洪江一中","education":"本科","studyMode":"OFFLINE","classId":3,"productId":1,"joinTime":"Fri Apr 17 22:25:31 CST 2026","createdAt":"Fri Apr 17 22:25:50 CST 2026","updatedAt":"Fri Apr 17 22:25:50 CST 2026"},{"id":5,"studentCode":"XS20260417193131","studentName":"黄某","phone":"15118191031","graduationSession":2026,"school":"洪江一中","education":"本科","studyMode":"OFFLINE","classId":1,"productId":1,"joinTime":"Fri Apr 17 15:09:40 CST 2026","createdAt":"Fri Apr 17 15:10:18 CST 2026","updatedAt":"Fri Apr 17 15:10:18 CST 2026"},{"id":4,"studentCode":"XS20260416122330","studentName":"黄某","phone":"13273576024","graduationSession":2026,"school":"洪江一中","education":"大专","studyMode":"OFFLINE","classId":1,"productId":1,"joinTime":"Thu Apr 16 22:41:38 CST 2026","createdAt":"Thu Apr 16 22:42:25 CST 2026","updatedAt":"Thu Apr 16 22:42:25 CST 2026"},{"id":3,"studentCode":"XS20260416572329","studentName":"向某","phone":"13273576023","graduationSession":2026,"school":"洪江一中","education":"本科","studyMode":"OFFLINE","classId":2,"productId":1,"joinTime":"Thu Apr 16 22:28:40 CST 2026","createdAt":"Thu Apr 16 22:34:48 CST 2026","updatedAt":"Thu Apr 16 22:34:48 CST 2026"},{"id":2,"studentCode":"XS20260416896906","studentName":"王王","phone":"15118191032","graduationSession":2026,"school":"湖南师范大学","education":"大专","studyMode":"OFFLINE","classId":2,"productId":1,"joinTime":"Thu Apr 16 17:55:46 CST 2026","createdAt":"Thu Apr 16 18:01:02 CST 2026","updatedAt":"Thu Apr 16 18:01:02 CST 2026"},{"id":1,"studentCode":"XS20260416496798","studentName":"赵家","phone":"13273672819","graduationSession":2026,"school":"湖南师范大学","education":"本科","studyMode":"OFFLINE","classId":1,"productId":1,"joinTime":"Thu Apr 16 17:52:36 CST 2026","createdAt":"Thu Apr 16 17:53:12 CST 2026","updatedAt":"Thu Apr 16 17:53:12 CST 2026"}]}}
2026-06-11 21:55:48.729 [http-nio-8080-exec-8] [e5befc47] [1] DEBUG c.y.m.u.m.SysUserMapper.selectById - ==>  Preparing: select id, username, password, nickname, real_name, phone, email, union_id, status, created_at, updated_at from sys_user where id = ?
2026-06-11 21:55:48.729 [http-nio-8080-exec-8] [e5befc47] [1] DEBUG c.y.m.u.m.SysUserMapper.selectById - ==> Parameters: 1(Long)
2026-06-11 21:55:48.730 [http-nio-8080-exec-8] [e5befc47] [1] DEBUG c.y.m.u.m.SysUserMapper.selectById - <==      Total: 1
2026-06-11 21:55:48.730 [http-nio-8080-exec-8] [e5befc47] [1] DEBUG c.y.m.u.m.S.selectRoleIdsByUserId - ==>  Preparing: select role_id from sys_user_role where user_id = ? order by role_id asc
2026-06-11 21:55:48.730 [http-nio-8080-exec-8] [e5befc47] [1] DEBUG c.y.m.u.m.S.selectRoleIdsByUserId - ==> Parameters: 1(Long)
2026-06-11 21:55:48.731 [http-nio-8080-exec-8] [e5befc47] [1] DEBUG c.y.m.u.m.S.selectRoleIdsByUserId - <==      Total: 1
2026-06-11 21:55:48.731 [http-nio-8080-exec-8] [e5befc47] [1] DEBUG c.y.m.u.m.SysRoleMapper.selectList - ==>  Preparing: select id, role_code, role_name, description, status, created_at, updated_at from sys_role WHERE id in ( ? )
2026-06-11 21:55:48.731 [http-nio-8080-exec-8] [e5befc47] [1] DEBUG c.y.m.u.m.SysRoleMapper.selectList - ==> Parameters: 1(Long)
2026-06-11 21:55:48.731 [http-nio-8080-exec-8] [e5befc47] [1] DEBUG c.y.m.u.m.SysRoleMapper.selectList - <==      Total: 1
2026-06-11 21:55:48.732 [http-nio-8080-exec-8] [e5befc47] [1] DEBUG c.y.m.u.m.S.selectPermissionIdsByRoleId - ==>  Preparing: select permission_id from sys_role_permission where role_id in ( ? ) order by permission_id asc
2026-06-11 21:55:48.732 [http-nio-8080-exec-8] [e5befc47] [1] DEBUG c.y.m.u.m.S.selectPermissionIdsByRoleId - ==> Parameters: 1(Long)
2026-06-11 21:55:48.732 [http-nio-8080-exec-8] [e5befc47] [1] DEBUG c.y.m.u.m.S.selectPermissionIdsByRoleId - <==      Total: 4
2026-06-11 21:55:48.732 [http-nio-8080-exec-8] [e5befc47] [1] DEBUG c.y.m.u.m.S.selectList - ==>  Preparing: select id, parent_id, permission_code, permission_name, permission_type, api_path, sort_num, description, status, created_at, updated_at from sys_permission WHERE id in ( ? , ? , ? , ? )
2026-06-11 21:55:48.732 [http-nio-8080-exec-8] [e5befc47] [1] DEBUG c.y.m.u.m.S.selectList - ==> Parameters: 101(Long), 106(Long), 113(Long), 117(Long)
2026-06-11 21:55:48.733 [http-nio-8080-exec-8] [e5befc47] [1] DEBUG c.y.m.u.m.S.selectList - <==      Total: 4
2026-06-11 21:55:48.733 [http-nio-8080-exec-8] [e5befc47] [1] INFO  c.y.common.aop.ControllerLogAspect - 接口开始: uri=/yq-admin/api/eduCampus, httpMethod=GET, controller=EduCampusController#pageCampus, args=[{"name":"req","value":{"pageNum":1,"pageSize":10}}]
2026-06-11 21:55:48.738 [http-nio-8080-exec-8] [e5befc47] [1] DEBUG c.y.m.e.m.E.selectPage_COUNT - ==>  Preparing: SELECT count(0) FROM edu_campus
2026-06-11 21:55:48.738 [http-nio-8080-exec-8] [e5befc47] [1] DEBUG c.y.m.e.m.E.selectPage_COUNT - ==> Parameters: 
2026-06-11 21:55:48.740 [http-nio-8080-exec-8] [e5befc47] [1] DEBUG c.y.m.e.m.E.selectPage_COUNT - <==      Total: 1
2026-06-11 21:55:48.740 [http-nio-8080-exec-8] [e5befc47] [1] DEBUG c.y.m.e.m.EduCampusMapper.selectPage - ==>  Preparing: select id, campus_name, principal_user_id, address, contact_phone, remark, status, created_at, updated_at from edu_campus order by id desc LIMIT ?
2026-06-11 21:55:48.740 [http-nio-8080-exec-8] [e5befc47] [1] DEBUG c.y.m.e.m.EduCampusMapper.selectPage - ==> Parameters: 10(Integer)
2026-06-11 21:55:48.740 [http-nio-8080-exec-8] [e5befc47] [1] DEBUG c.y.m.e.m.EduCampusMapper.selectPage - <==      Total: 1
2026-06-11 21:55:48.740 [http-nio-8080-exec-8] [e5befc47] [1] INFO  c.y.common.aop.ControllerLogAspect - 接口结束: uri=/yq-admin/api/eduCampus, controller=EduCampusController#pageCampus, cost=7ms, result={"code":200,"message":"success","data":{"total":1,"pageNum":1,"pageSize":10,"records":[{"id":1,"campusName":"杭州校区","principalUserId":2,"address":"杭州市余杭区","contactPhone":"13549684561","status":1,"createdAt":"Sat Apr 11 15:51:21 CST 2026","updatedAt":"Sat Apr 11 15:51:21 CST 2026"}]}}
2026-06-11 21:55:49.501 [http-nio-8080-exec-9] [707f8f9a] [1] DEBUG c.y.m.u.m.SysUserMapper.selectById - ==>  Preparing: select id, username, password, nickname, real_name, phone, email, union_id, status, created_at, updated_at from sys_user where id = ?
2026-06-11 21:55:49.501 [http-nio-8080-exec-9] [707f8f9a] [1] DEBUG c.y.m.u.m.SysUserMapper.selectById - ==> Parameters: 1(Long)
2026-06-11 21:55:49.501 [http-nio-8080-exec-9] [707f8f9a] [1] DEBUG c.y.m.u.m.SysUserMapper.selectById - <==      Total: 1
2026-06-11 21:55:49.502 [http-nio-8080-exec-9] [707f8f9a] [1] DEBUG c.y.m.u.m.S.selectRoleIdsByUserId - ==>  Preparing: select role_id from sys_user_role where user_id = ? order by role_id asc
2026-06-11 21:55:49.502 [http-nio-8080-exec-9] [707f8f9a] [1] DEBUG c.y.m.u.m.S.selectRoleIdsByUserId - ==> Parameters: 1(Long)
2026-06-11 21:55:49.502 [http-nio-8080-exec-9] [707f8f9a] [1] DEBUG c.y.m.u.m.S.selectRoleIdsByUserId - <==      Total: 1
2026-06-11 21:55:49.502 [http-nio-8080-exec-9] [707f8f9a] [1] DEBUG c.y.m.u.m.SysRoleMapper.selectList - ==>  Preparing: select id, role_code, role_name, description, status, created_at, updated_at from sys_role WHERE id in ( ? )
2026-06-11 21:55:49.502 [http-nio-8080-exec-9] [707f8f9a] [1] DEBUG c.y.m.u.m.SysRoleMapper.selectList - ==> Parameters: 1(Long)
2026-06-11 21:55:49.503 [http-nio-8080-exec-9] [707f8f9a] [1] DEBUG c.y.m.u.m.SysRoleMapper.selectList - <==      Total: 1
2026-06-11 21:55:49.503 [http-nio-8080-exec-9] [707f8f9a] [1] DEBUG c.y.m.u.m.S.selectPermissionIdsByRoleId - ==>  Preparing: select permission_id from sys_role_permission where role_id in ( ? ) order by permission_id asc
2026-06-11 21:55:49.503 [http-nio-8080-exec-9] [707f8f9a] [1] DEBUG c.y.m.u.m.S.selectPermissionIdsByRoleId - ==> Parameters: 1(Long)
2026-06-11 21:55:49.503 [http-nio-8080-exec-9] [707f8f9a] [1] DEBUG c.y.m.u.m.S.selectPermissionIdsByRoleId - <==      Total: 4
2026-06-11 21:55:49.505 [http-nio-8080-exec-9] [707f8f9a] [1] DEBUG c.y.m.u.m.S.selectList - ==>  Preparing: select id, parent_id, permission_code, permission_name, permission_type, api_path, sort_num, description, status, created_at, updated_at from sys_permission WHERE id in ( ? , ? , ? , ? )
2026-06-11 21:55:49.505 [http-nio-8080-exec-9] [707f8f9a] [1] DEBUG c.y.m.u.m.S.selectList - ==> Parameters: 101(Long), 106(Long), 113(Long), 117(Long)
2026-06-11 21:55:49.505 [http-nio-8080-exec-9] [707f8f9a] [1] DEBUG c.y.m.u.m.S.selectList - <==      Total: 4
2026-06-11 21:55:49.508 [http-nio-8080-exec-9] [707f8f9a] [1] INFO  c.y.common.aop.ControllerLogAspect - 接口开始: uri=/yq-admin/api/sysRole, httpMethod=GET, controller=SysRoleController#pageRole, args=[{"name":"req","value":{"pageNum":1,"pageSize":10}}]
2026-06-11 21:55:49.512 [http-nio-8080-exec-9] [707f8f9a] [1] DEBUG c.y.m.u.m.S.selectPage_COUNT - ==>  Preparing: SELECT count(0) FROM sys_role
2026-06-11 21:55:49.512 [http-nio-8080-exec-9] [707f8f9a] [1] DEBUG c.y.m.u.m.S.selectPage_COUNT - ==> Parameters: 
2026-06-11 21:55:49.512 [http-nio-8080-exec-9] [707f8f9a] [1] DEBUG c.y.m.u.m.S.selectPage_COUNT - <==      Total: 1
2026-06-11 21:55:49.513 [http-nio-8080-exec-9] [707f8f9a] [1] DEBUG c.y.m.u.m.SysRoleMapper.selectPage - ==>  Preparing: select id, role_code, role_name, description, status, created_at, updated_at from sys_role order by id desc LIMIT ?
2026-06-11 21:55:49.513 [http-nio-8080-exec-9] [707f8f9a] [1] DEBUG c.y.m.u.m.SysRoleMapper.selectPage - ==> Parameters: 10(Integer)
2026-06-11 21:55:49.513 [http-nio-8080-exec-9] [707f8f9a] [1] DEBUG c.y.m.u.m.SysRoleMapper.selectPage - <==      Total: 3
2026-06-11 21:55:49.514 [http-nio-8080-exec-9] [707f8f9a] [1] INFO  c.y.common.aop.ControllerLogAspect - 接口结束: uri=/yq-admin/api/sysRole, controller=SysRoleController#pageRole, cost=7ms, result={"code":200,"message":"success","data":{"total":3,"pageNum":1,"pageSize":10,"records":[{"id":3,"roleCode":"head_teacher","roleName":"班主任","description":"班主任","status":"ACTIVE","createdAt":"Sat Apr 11 17:06:26 CST 2026"},{"id":2,"roleCode":"teacher","roleName":"讲师","status":"ACTIVE","createdAt":"Thu Apr 09 21:28:05 CST 2026"},{"id":1,"roleCode":"SUPER_ADMIN","roleName":"超级管理员","description":"拥有全部后台权限","status":"ACTIVE","createdAt":"Thu Apr 09 20:50:38 CST 2026"}]}}
2026-06-11 21:55:50.816 [http-nio-8080-exec-10] [7504d22e] [1] DEBUG c.y.m.u.m.SysUserMapper.selectById - ==>  Preparing: select id, username, password, nickname, real_name, phone, email, union_id, status, created_at, updated_at from sys_user where id = ?
2026-06-11 21:55:50.816 [http-nio-8080-exec-10] [7504d22e] [1] DEBUG c.y.m.u.m.SysUserMapper.selectById - ==> Parameters: 1(Long)
2026-06-11 21:55:50.816 [http-nio-8080-exec-10] [7504d22e] [1] DEBUG c.y.m.u.m.SysUserMapper.selectById - <==      Total: 1
2026-06-11 21:55:50.817 [http-nio-8080-exec-10] [7504d22e] [1] DEBUG c.y.m.u.m.S.selectRoleIdsByUserId - ==>  Preparing: select role_id from sys_user_role where user_id = ? order by role_id asc
2026-06-11 21:55:50.817 [http-nio-8080-exec-10] [7504d22e] [1] DEBUG c.y.m.u.m.S.selectRoleIdsByUserId - ==> Parameters: 1(Long)
2026-06-11 21:55:50.817 [http-nio-8080-exec-10] [7504d22e] [1] DEBUG c.y.m.u.m.S.selectRoleIdsByUserId - <==      Total: 1
2026-06-11 21:55:50.817 [http-nio-8080-exec-10] [7504d22e] [1] DEBUG c.y.m.u.m.SysRoleMapper.selectList - ==>  Preparing: select id, role_code, role_name, description, status, created_at, updated_at from sys_role WHERE id in ( ? )
2026-06-11 21:55:50.818 [http-nio-8080-exec-10] [7504d22e] [1] DEBUG c.y.m.u.m.SysRoleMapper.selectList - ==> Parameters: 1(Long)
2026-06-11 21:55:50.818 [http-nio-8080-exec-10] [7504d22e] [1] DEBUG c.y.m.u.m.SysRoleMapper.selectList - <==      Total: 1
2026-06-11 21:55:50.819 [http-nio-8080-exec-10] [7504d22e] [1] DEBUG c.y.m.u.m.S.selectPermissionIdsByRoleId - ==>  Preparing: select permission_id from sys_role_permission where role_id in ( ? ) order by permission_id asc
2026-06-11 21:55:50.819 [http-nio-8080-exec-10] [7504d22e] [1] DEBUG c.y.m.u.m.S.selectPermissionIdsByRoleId - ==> Parameters: 1(Long)
2026-06-11 21:55:50.819 [http-nio-8080-exec-10] [7504d22e] [1] DEBUG c.y.m.u.m.S.selectPermissionIdsByRoleId - <==      Total: 4
2026-06-11 21:55:50.819 [http-nio-8080-exec-10] [7504d22e] [1] DEBUG c.y.m.u.m.S.selectList - ==>  Preparing: select id, parent_id, permission_code, permission_name, permission_type, api_path, sort_num, description, status, created_at, updated_at from sys_permission WHERE id in ( ? , ? , ? , ? )
2026-06-11 21:55:50.819 [http-nio-8080-exec-10] [7504d22e] [1] DEBUG c.y.m.u.m.S.selectList - ==> Parameters: 101(Long), 106(Long), 113(Long), 117(Long)
2026-06-11 21:55:50.819 [http-nio-8080-exec-10] [7504d22e] [1] DEBUG c.y.m.u.m.S.selectList - <==      Total: 4
2026-06-11 21:55:50.820 [http-nio-8080-exec-10] [7504d22e] [1] INFO  c.y.common.aop.ControllerLogAspect - 接口开始: uri=/yq-admin/api/eduCampus, httpMethod=GET, controller=EduCampusController#pageCampus, args=[{"name":"req","value":{"pageNum":1,"pageSize":10}}]
2026-06-11 21:55:50.825 [http-nio-8080-exec-10] [7504d22e] [1] DEBUG c.y.m.e.m.E.selectPage_COUNT - ==>  Preparing: SELECT count(0) FROM edu_campus
2026-06-11 21:55:50.825 [http-nio-8080-exec-10] [7504d22e] [1] DEBUG c.y.m.e.m.E.selectPage_COUNT - ==> Parameters: 
2026-06-11 21:55:50.825 [http-nio-8080-exec-10] [7504d22e] [1] DEBUG c.y.m.e.m.E.selectPage_COUNT - <==      Total: 1
2026-06-11 21:55:50.826 [http-nio-8080-exec-10] [7504d22e] [1] DEBUG c.y.m.e.m.EduCampusMapper.selectPage - ==>  Preparing: select id, campus_name, principal_user_id, address, contact_phone, remark, status, created_at, updated_at from edu_campus order by id desc LIMIT ?
2026-06-11 21:55:50.826 [http-nio-8080-exec-10] [7504d22e] [1] DEBUG c.y.m.e.m.EduCampusMapper.selectPage - ==> Parameters: 10(Integer)
2026-06-11 21:55:50.826 [http-nio-8080-exec-10] [7504d22e] [1] DEBUG c.y.m.e.m.EduCampusMapper.selectPage - <==      Total: 1
2026-06-11 21:55:50.826 [http-nio-8080-exec-10] [7504d22e] [1] INFO  c.y.common.aop.ControllerLogAspect - 接口结束: uri=/yq-admin/api/eduCampus, controller=EduCampusController#pageCampus, cost=6ms, result={"code":200,"message":"success","data":{"total":1,"pageNum":1,"pageSize":10,"records":[{"id":1,"campusName":"杭州校区","principalUserId":2,"address":"杭州市余杭区","contactPhone":"13549684561","status":1,"createdAt":"Sat Apr 11 15:51:21 CST 2026","updatedAt":"Sat Apr 11 15:51:21 CST 2026"}]}}
2026-06-11 21:55:53.718 [http-nio-8080-exec-1] [06ab8ac1] [1] DEBUG c.y.m.u.m.SysUserMapper.selectById - ==>  Preparing: select id, username, password, nickname, real_name, phone, email, union_id, status, created_at, updated_at from sys_user where id = ?
2026-06-11 21:55:53.718 [http-nio-8080-exec-1] [06ab8ac1] [1] DEBUG c.y.m.u.m.SysUserMapper.selectById - ==> Parameters: 1(Long)
2026-06-11 21:55:53.719 [http-nio-8080-exec-1] [06ab8ac1] [1] DEBUG c.y.m.u.m.SysUserMapper.selectById - <==      Total: 1
2026-06-11 21:55:53.719 [http-nio-8080-exec-1] [06ab8ac1] [1] DEBUG c.y.m.u.m.S.selectRoleIdsByUserId - ==>  Preparing: select role_id from sys_user_role where user_id = ? order by role_id asc
2026-06-11 21:55:53.719 [http-nio-8080-exec-1] [06ab8ac1] [1] DEBUG c.y.m.u.m.S.selectRoleIdsByUserId - ==> Parameters: 1(Long)
2026-06-11 21:55:53.719 [http-nio-8080-exec-1] [06ab8ac1] [1] DEBUG c.y.m.u.m.S.selectRoleIdsByUserId - <==      Total: 1
2026-06-11 21:55:53.720 [http-nio-8080-exec-1] [06ab8ac1] [1] DEBUG c.y.m.u.m.SysRoleMapper.selectList - ==>  Preparing: select id, role_code, role_name, description, status, created_at, updated_at from sys_role WHERE id in ( ? )
2026-06-11 21:55:53.720 [http-nio-8080-exec-1] [06ab8ac1] [1] DEBUG c.y.m.u.m.SysRoleMapper.selectList - ==> Parameters: 1(Long)
2026-06-11 21:55:53.720 [http-nio-8080-exec-1] [06ab8ac1] [1] DEBUG c.y.m.u.m.SysRoleMapper.selectList - <==      Total: 1
2026-06-11 21:55:53.721 [http-nio-8080-exec-1] [06ab8ac1] [1] DEBUG c.y.m.u.m.S.selectPermissionIdsByRoleId - ==>  Preparing: select permission_id from sys_role_permission where role_id in ( ? ) order by permission_id asc
2026-06-11 21:55:53.721 [http-nio-8080-exec-1] [06ab8ac1] [1] DEBUG c.y.m.u.m.S.selectPermissionIdsByRoleId - ==> Parameters: 1(Long)
2026-06-11 21:55:53.722 [http-nio-8080-exec-1] [06ab8ac1] [1] DEBUG c.y.m.u.m.S.selectPermissionIdsByRoleId - <==      Total: 4
2026-06-11 21:55:53.722 [http-nio-8080-exec-1] [06ab8ac1] [1] DEBUG c.y.m.u.m.S.selectList - ==>  Preparing: select id, parent_id, permission_code, permission_name, permission_type, api_path, sort_num, description, status, created_at, updated_at from sys_permission WHERE id in ( ? , ? , ? , ? )
2026-06-11 21:55:53.722 [http-nio-8080-exec-1] [06ab8ac1] [1] DEBUG c.y.m.u.m.S.selectList - ==> Parameters: 101(Long), 106(Long), 113(Long), 117(Long)
2026-06-11 21:55:53.722 [http-nio-8080-exec-1] [06ab8ac1] [1] DEBUG c.y.m.u.m.S.selectList - <==      Total: 4
2026-06-11 21:55:53.723 [http-nio-8080-exec-1] [06ab8ac1] [1] INFO  c.y.common.aop.ControllerLogAspect - 接口开始: uri=/yq-admin/api/eduStudent, httpMethod=GET, controller=EduStudentController#pageStudent, args=[{"name":"req","value":{"pageNum":1,"pageSize":10}}]
2026-06-11 21:55:53.729 [http-nio-8080-exec-1] [06ab8ac1] [1] DEBUG c.y.m.e.m.E.selectPage_COUNT - ==>  Preparing: SELECT count(0) FROM edu_student
2026-06-11 21:55:53.729 [http-nio-8080-exec-1] [06ab8ac1] [1] DEBUG c.y.m.e.m.E.selectPage_COUNT - ==> Parameters: 
2026-06-11 21:55:53.730 [http-nio-8080-exec-1] [06ab8ac1] [1] DEBUG c.y.m.e.m.E.selectPage_COUNT - <==      Total: 1
2026-06-11 21:55:53.730 [http-nio-8080-exec-1] [06ab8ac1] [1] DEBUG c.y.m.e.m.E.selectPage - ==>  Preparing: select id, student_code, student_name, phone, graduation_session, school, education, study_mode, class_id, product_id, join_time, created_at, updated_at from edu_student order by id desc LIMIT ?
2026-06-11 21:55:53.730 [http-nio-8080-exec-1] [06ab8ac1] [1] DEBUG c.y.m.e.m.E.selectPage - ==> Parameters: 10(Integer)
2026-06-11 21:55:53.731 [http-nio-8080-exec-1] [06ab8ac1] [1] DEBUG c.y.m.e.m.E.selectPage - <==      Total: 10
2026-06-11 21:55:53.733 [http-nio-8080-exec-1] [06ab8ac1] [1] INFO  c.y.common.aop.ControllerLogAspect - 接口结束: uri=/yq-admin/api/eduStudent, controller=EduStudentController#pageStudent, cost=8ms, result={"code":200,"message":"success","data":{"total":10,"pageNum":1,"pageSize":10,"records":[{"id":10,"studentCode":"XS20260527544261","studentName":"赵九","phone":"13273576020","graduationSession":2026,"school":"湖南师范大学","education":"硕士","studyMode":"ONLINE","productId":3,"joinTime":"Wed May 27 21:32:06 CST 2026","createdAt":"Wed May 27 21:32:23 CST 2026","updatedAt":"Wed May 27 21:32:23 CST 2026"},{"id":9,"studentCode":"XS20260526215429","studentName":"赵六","phone":"13762922580","graduationSession":2026,"school":"湖南师范大学","education":"硕士","studyMode":"ONLINE","productId":3,"joinTime":"Tue May 26 17:18:07 CST 2026","createdAt":"Tue May 26 17:18:15 CST 2026","updatedAt":"Tue May 26 17:18:15 CST 2026"},{"id":8,"studentCode":"XS20260514684479","studentName":"哈哈","phone":"13273576029","graduationSession":2026,"school":"湖南师范大学","education":"本科","studyMode":"OFFLINE","classId":2,"productId":1,"joinTime":"Thu May 14 17:45:03 CST 2026","createdAt":"Thu May 14 17:45:10 CST 2026","updatedAt":"Thu May 14 17:45:10 CST 2026"},{"id":7,"studentCode":"XS20260429790522","studentName":"王六","phone":"13273576027","graduationSession":2026,"school":"湖南师范大学","education":"博士","studyMode":"ONLINE","productId":2,"joinTime":"Wed Apr 29 22:59:06 CST 2026","createdAt":"Wed Apr 29 22:59:15 CST 2026","updatedAt":"Wed Apr 29 22:59:15 CST 2026"},{"id":6,"studentCode":"XS20260417641291","studentName":"赵六","phone":"15118191034","graduationSession":2026,"school":"洪江一中","education":"本科","studyMode":"OFFLINE","classId":3,"productId":1,"joinTime":"Fri Apr 17 22:25:31 CST 2026","createdAt":"Fri Apr 17 22:25:50 CST 2026","updatedAt":"Fri Apr 17 22:25:50 CST 2026"},{"id":5,"studentCode":"XS20260417193131","studentName":"黄某","phone":"15118191031","graduationSession":2026,"school":"洪江一中","education":"本科","studyMode":"OFFLINE","classId":1,"productId":1,"joinTime":"Fri Apr 17 15:09:40 CST 2026","createdAt":"Fri Apr 17 15:10:18 CST 2026","updatedAt":"Fri Apr 17 15:10:18 CST 2026"},{"id":4,"studentCode":"XS20260416122330","studentName":"黄某","phone":"13273576024","graduationSession":2026,"school":"洪江一中","education":"大专","studyMode":"OFFLINE","classId":1,"productId":1,"joinTime":"Thu Apr 16 22:41:38 CST 2026","createdAt":"Thu Apr 16 22:42:25 CST 2026","updatedAt":"Thu Apr 16 22:42:25 CST 2026"},{"id":3,"studentCode":"XS20260416572329","studentName":"向某","phone":"13273576023","graduationSession":2026,"school":"洪江一中","education":"本科","studyMode":"OFFLINE","classId":2,"productId":1,"joinTime":"Thu Apr 16 22:28:40 CST 2026","createdAt":"Thu Apr 16 22:34:48 CST 2026","updatedAt":"Thu Apr 16 22:34:48 CST 2026"},{"id":2,"studentCode":"XS20260416896906","studentName":"王王","phone":"15118191032","graduationSession":2026,"school":"湖南师范大学","education":"大专","studyMode":"OFFLINE","classId":2,"productId":1,"joinTime":"Thu Apr 16 17:55:46 CST 2026","createdAt":"Thu Apr 16 18:01:02 CST 2026","updatedAt":"Thu Apr 16 18:01:02 CST 2026"},{"id":1,"studentCode":"XS20260416496798","studentName":"赵家","phone":"13273672819","graduationSession":2026,"school":"湖南师范大学","education":"本科","studyMode":"OFFLINE","classId":1,"productId":1,"joinTime":"Thu Apr 16 17:52:36 CST 2026","createdAt":"Thu Apr 16 17:53:12 CST 2026","updatedAt":"Thu Apr 16 17:53:12 CST 2026"}]}}
2026-06-11 21:57:14.160 [http-nio-8080-exec-2] [1bf735d0] [1] ERROR c.y.c.e.GlobalExceptionHandler - 业务异常: code=401, message=签名密钥不存在，请重新登录
cn.yanque.common.exception.BusinessException: 签名密钥不存在，请重新登录
	at cn.yanque.models.auth.interceptor.SignInterceptor.preHandle(SignInterceptor.java:60)
	at org.springframework.web.servlet.HandlerExecutionChain.applyPreHandle(HandlerExecutionChain.java:146)
	at org.springframework.web.servlet.DispatcherServlet.doDispatch(DispatcherServlet.java:1084)
	at org.springframework.web.servlet.DispatcherServlet.doService(DispatcherServlet.java:979)
	at org.springframework.web.servlet.FrameworkServlet.processRequest(FrameworkServlet.java:1014)
	at org.springframework.web.servlet.FrameworkServlet.doGet(FrameworkServlet.java:903)
	at jakarta.servlet.http.HttpServlet.service(HttpServlet.java:564)
	at org.springframework.web.servlet.FrameworkServlet.service(FrameworkServlet.java:885)
	at jakarta.servlet.http.HttpServlet.service(HttpServlet.java:658)
	at org.apache.catalina.core.ApplicationFilterChain.internalDoFilter(ApplicationFilterChain.java:205)
	at org.apache.catalina.core.ApplicationFilterChain.doFilter(ApplicationFilterChain.java:149)
	at org.apache.tomcat.websocket.server.WsFilter.doFilter(WsFilter.java:51)
	at org.apache.catalina.core.ApplicationFilterChain.internalDoFilter(ApplicationFilterChain.java:174)
	at org.apache.catalina.core.ApplicationFilterChain.doFilter(ApplicationFilterChain.java:149)
	at org.springframework.web.filter.RequestContextFilter.doFilterInternal(RequestContextFilter.java:100)
	at org.springframework.web.filter.OncePerRequestFilter.doFilter(OncePerRequestFilter.java:116)
	at org.apache.catalina.core.ApplicationFilterChain.internalDoFilter(ApplicationFilterChain.java:174)
	at org.apache.catalina.core.ApplicationFilterChain.doFilter(ApplicationFilterChain.java:149)
	at org.springframework.web.filter.FormContentFilter.doFilterInternal(FormContentFilter.java:93)
	at org.springframework.web.filter.OncePerRequestFilter.doFilter(OncePerRequestFilter.java:116)
	at org.apache.catalina.core.ApplicationFilterChain.internalDoFilter(ApplicationFilterChain.java:174)
	at org.apache.catalina.core.ApplicationFilterChain.doFilter(ApplicationFilterChain.java:149)
	at org.springframework.web.filter.CharacterEncodingFilter.doFilterInternal(CharacterEncodingFilter.java:201)
	at org.springframework.web.filter.OncePerRequestFilter.doFilter(OncePerRequestFilter.java:116)
	at org.apache.catalina.core.ApplicationFilterChain.internalDoFilter(ApplicationFilterChain.java:174)
	at org.apache.catalina.core.ApplicationFilterChain.doFilter(ApplicationFilterChain.java:149)
	at cn.yanque.config.MdcFilter.doFilterInternal(MdcFilter.java:37)
	at org.springframework.web.filter.OncePerRequestFilter.doFilter(OncePerRequestFilter.java:116)
	at org.apache.catalina.core.ApplicationFilterChain.internalDoFilter(ApplicationFilterChain.java:174)
	at org.apache.catalina.core.ApplicationFilterChain.doFilter(ApplicationFilterChain.java:149)
	at org.apache.catalina.core.StandardWrapperValve.invoke(StandardWrapperValve.java:167)
	at org.apache.catalina.core.StandardContextValve.invoke(StandardContextValve.java:90)
	at org.apache.catalina.authenticator.AuthenticatorBase.invoke(AuthenticatorBase.java:482)
	at org.apache.catalina.core.StandardHostValve.invoke(StandardHostValve.java:115)
	at org.apache.catalina.valves.ErrorReportValve.invoke(ErrorReportValve.java:93)
	at org.apache.catalina.core.StandardEngineValve.invoke(StandardEngineValve.java:74)
	at org.apache.catalina.connector.CoyoteAdapter.service(CoyoteAdapter.java:340)
	at org.apache.coyote.http11.Http11Processor.service(Http11Processor.java:391)
	at org.apache.coyote.AbstractProcessorLight.process(AbstractProcessorLight.java:63)
	at org.apache.coyote.AbstractProtocol$ConnectionHandler.process(AbstractProtocol.java:896)
	at org.apache.tomcat.util.net.NioEndpoint$SocketProcessor.doRun(NioEndpoint.java:1744)
	at org.apache.tomcat.util.net.SocketProcessorBase.run(SocketProcessorBase.java:52)
	at org.apache.tomcat.util.threads.ThreadPoolExecutor.runWorker(ThreadPoolExecutor.java:1191)
	at org.apache.tomcat.util.threads.ThreadPoolExecutor$Worker.run(ThreadPoolExecutor.java:659)
	at org.apache.tomcat.util.threads.TaskThread$WrappingRunnable.run(TaskThread.java:61)
	at java.base/java.lang.Thread.run(Thread.java:840)
2026-06-11 21:57:40.199 [http-nio-8080-exec-3] [a888b302] [] INFO  c.y.common.aop.ControllerLogAspect - 接口开始: uri=/yq-admin/api/sysUser/login, httpMethod=POST, controller=SysUserController#login, args=[{"name":"req","value":{"username":"admin","password":"****"}}]
2026-06-11 21:57:40.199 [http-nio-8080-exec-3] [a888b302] [] DEBUG c.y.m.u.m.S.selectByUsername - ==>  Preparing: select id, username, password, nickname, real_name, phone, email, union_id, status, created_at, updated_at from sys_user where username = ?
2026-06-11 21:57:40.200 [http-nio-8080-exec-3] [a888b302] [] DEBUG c.y.m.u.m.S.selectByUsername - ==> Parameters: admin(String)
2026-06-11 21:57:40.200 [http-nio-8080-exec-3] [a888b302] [] DEBUG c.y.m.u.m.S.selectByUsername - <==      Total: 1
2026-06-11 21:57:40.215 [http-nio-8080-exec-3] [a888b302] [] DEBUG c.y.m.u.m.SysUserMapper.selectById - ==>  Preparing: select id, username, password, nickname, real_name, phone, email, union_id, status, created_at, updated_at from sys_user where id = ?
2026-06-11 21:57:40.215 [http-nio-8080-exec-3] [a888b302] [] DEBUG c.y.m.u.m.SysUserMapper.selectById - ==> Parameters: 1(Long)
2026-06-11 21:57:40.216 [http-nio-8080-exec-3] [a888b302] [] DEBUG c.y.m.u.m.SysUserMapper.selectById - <==      Total: 1
2026-06-11 21:57:40.216 [http-nio-8080-exec-3] [a888b302] [] DEBUG c.y.m.u.m.S.selectRoleIdsByUserId - ==>  Preparing: select role_id from sys_user_role where user_id = ? order by role_id asc
2026-06-11 21:57:40.216 [http-nio-8080-exec-3] [a888b302] [] DEBUG c.y.m.u.m.S.selectRoleIdsByUserId - ==> Parameters: 1(Long)
2026-06-11 21:57:40.216 [http-nio-8080-exec-3] [a888b302] [] DEBUG c.y.m.u.m.S.selectRoleIdsByUserId - <==      Total: 1
2026-06-11 21:57:40.216 [http-nio-8080-exec-3] [a888b302] [] DEBUG c.y.m.u.m.SysRoleMapper.selectList - ==>  Preparing: select id, role_code, role_name, description, status, created_at, updated_at from sys_role WHERE id in ( ? )
2026-06-11 21:57:40.217 [http-nio-8080-exec-3] [a888b302] [] DEBUG c.y.m.u.m.SysRoleMapper.selectList - ==> Parameters: 1(Long)
2026-06-11 21:57:40.217 [http-nio-8080-exec-3] [a888b302] [] DEBUG c.y.m.u.m.SysRoleMapper.selectList - <==      Total: 1
2026-06-11 21:57:40.217 [http-nio-8080-exec-3] [a888b302] [] DEBUG c.y.m.u.m.S.selectPermissionIdsByRoleId - ==>  Preparing: select permission_id from sys_role_permission where role_id in ( ? ) order by permission_id asc
2026-06-11 21:57:40.217 [http-nio-8080-exec-3] [a888b302] [] DEBUG c.y.m.u.m.S.selectPermissionIdsByRoleId - ==> Parameters: 1(Long)
2026-06-11 21:57:40.218 [http-nio-8080-exec-3] [a888b302] [] DEBUG c.y.m.u.m.S.selectPermissionIdsByRoleId - <==      Total: 4
2026-06-11 21:57:40.218 [http-nio-8080-exec-3] [a888b302] [] DEBUG c.y.m.u.m.S.selectList - ==>  Preparing: select id, parent_id, permission_code, permission_name, permission_type, api_path, sort_num, description, status, created_at, updated_at from sys_permission WHERE id in ( ? , ? , ? , ? )
2026-06-11 21:57:40.218 [http-nio-8080-exec-3] [a888b302] [] DEBUG c.y.m.u.m.S.selectList - ==> Parameters: 101(Long), 106(Long), 113(Long), 117(Long)
2026-06-11 21:57:40.219 [http-nio-8080-exec-3] [a888b302] [] DEBUG c.y.m.u.m.S.selectList - <==      Total: 4
2026-06-11 21:57:40.220 [http-nio-8080-exec-3] [a888b302] [] INFO  c.y.common.aop.ControllerLogAspect - 接口结束: uri=/yq-admin/api/sysUser/login, controller=SysUserController#login, cost=21ms, result={"code":200,"message":"success","data":{"token":"ey****JY","signSecret":"HT****OY","userDetailRes":{"id":1,"username":"admin","nickname":"系统管理员","realName":"超级管理员","phone":"13800000000","email":"admin@yq.com","unionId":"on_8dc4e328a2870919088b018841458703","status":"ACTIVE","createdAt":"Thu Apr 09 20:50:39 CST 2026","updatedAt":"Wed Jun 10 20:14:33 CST 2026"},"roleDetailResList":[{"id":1,"roleCode":"SUPER_ADMIN","roleName":"超级管理员","description":"拥有全部后台权限","status":"ACTIVE","createdAt":"Thu Apr 09 20:50:38 CST 2026","updatedAt":"Wed Jun 10 20:13:59 CST 2026"}],"permissionDetailResList":[{"id":101,"parentId":0,"permissionName":"系统配置","permissionType":"MENU","permissionCode":"menu:system","sortNum":1,"status":"ACTIVE","description":"左侧导航中的系统配置父级菜单","createdAt":"Thu Apr 09 21:22:28 CST 2026","updatedAt":"Thu Jun 11 19:21:05 CST 2026"},{"id":106,"parentId":0,"permissionName":"教学管理","permissionType":"MENU","permissionCode":"menu:teaching","sortNum":2,"status":"ACTIVE","description":"左侧导航中的教学管理父级菜单","createdAt":"Sat Apr 11 15:49:16 CST 2026","updatedAt":"Thu Jun 11 19:21:10 CST 2026"},{"id":113,"parentId":0,"permissionName":"销售管理","permissionType":"MENU","permissionCode":"menu:sales","sortNum":3,"status":"ACTIVE","description":"左侧导航中的销售管理父级菜单","createdAt":"Sun Apr 12 14:19:04 CST 2026","updatedAt":"Thu Jun 11 19:21:13 CST 2026"},{"id":117,"parentId":0,"permissionName":"学员管理","permissionType":"MENU","permissionCode":"menu:student","sortNum":4,"status":"ACTIVE","description":"左侧导航中的学员管理父级菜单","createdAt":"Sun Apr 19 23:54:31 CST 2026","updatedAt":"Thu Jun 11 19:21:15 CST 2026"}]}}
2026-06-11 21:57:40.301 [http-nio-8080-exec-4] [c8da6aca] [1] DEBUG c.y.m.u.m.SysUserMapper.selectById - ==>  Preparing: select id, username, password, nickname, real_name, phone, email, union_id, status, created_at, updated_at from sys_user where id = ?
2026-06-11 21:57:40.301 [http-nio-8080-exec-4] [c8da6aca] [1] DEBUG c.y.m.u.m.SysUserMapper.selectById - ==> Parameters: 1(Long)
2026-06-11 21:57:40.302 [http-nio-8080-exec-4] [c8da6aca] [1] DEBUG c.y.m.u.m.SysUserMapper.selectById - <==      Total: 1
2026-06-11 21:57:40.302 [http-nio-8080-exec-4] [c8da6aca] [1] DEBUG c.y.m.u.m.S.selectRoleIdsByUserId - ==>  Preparing: select role_id from sys_user_role where user_id = ? order by role_id asc
2026-06-11 21:57:40.302 [http-nio-8080-exec-4] [c8da6aca] [1] DEBUG c.y.m.u.m.S.selectRoleIdsByUserId - ==> Parameters: 1(Long)
2026-06-11 21:57:40.302 [http-nio-8080-exec-4] [c8da6aca] [1] DEBUG c.y.m.u.m.S.selectRoleIdsByUserId - <==      Total: 1
2026-06-11 21:57:40.303 [http-nio-8080-exec-4] [c8da6aca] [1] DEBUG c.y.m.u.m.SysRoleMapper.selectList - ==>  Preparing: select id, role_code, role_name, description, status, created_at, updated_at from sys_role WHERE id in ( ? )
2026-06-11 21:57:40.303 [http-nio-8080-exec-4] [c8da6aca] [1] DEBUG c.y.m.u.m.SysRoleMapper.selectList - ==> Parameters: 1(Long)
2026-06-11 21:57:40.305 [http-nio-8080-exec-4] [c8da6aca] [1] DEBUG c.y.m.u.m.SysRoleMapper.selectList - <==      Total: 1
2026-06-11 21:57:40.305 [http-nio-8080-exec-4] [c8da6aca] [1] DEBUG c.y.m.u.m.S.selectPermissionIdsByRoleId - ==>  Preparing: select permission_id from sys_role_permission where role_id in ( ? ) order by permission_id asc
2026-06-11 21:57:40.305 [http-nio-8080-exec-4] [c8da6aca] [1] DEBUG c.y.m.u.m.S.selectPermissionIdsByRoleId - ==> Parameters: 1(Long)
2026-06-11 21:57:40.305 [http-nio-8080-exec-4] [c8da6aca] [1] DEBUG c.y.m.u.m.S.selectPermissionIdsByRoleId - <==      Total: 4
2026-06-11 21:57:40.306 [http-nio-8080-exec-4] [c8da6aca] [1] DEBUG c.y.m.u.m.S.selectList - ==>  Preparing: select id, parent_id, permission_code, permission_name, permission_type, api_path, sort_num, description, status, created_at, updated_at from sys_permission WHERE id in ( ? , ? , ? , ? )
2026-06-11 21:57:40.306 [http-nio-8080-exec-4] [c8da6aca] [1] DEBUG c.y.m.u.m.S.selectList - ==> Parameters: 101(Long), 106(Long), 113(Long), 117(Long)
2026-06-11 21:57:40.307 [http-nio-8080-exec-4] [c8da6aca] [1] DEBUG c.y.m.u.m.S.selectList - <==      Total: 4
2026-06-11 21:57:40.309 [http-nio-8080-exec-4] [c8da6aca] [1] INFO  c.y.common.aop.ControllerLogAspect - 接口开始: uri=/yq-admin/api/sysUser, httpMethod=GET, controller=SysUserController#pageUser, args=[{"name":"req","value":{"pageNum":1,"pageSize":10}}]
2026-06-11 21:57:40.317 [http-nio-8080-exec-4] [c8da6aca] [1] DEBUG c.y.m.u.m.S.selectPage_COUNT - ==>  Preparing: SELECT count(0) FROM sys_user
2026-06-11 21:57:40.317 [http-nio-8080-exec-4] [c8da6aca] [1] DEBUG c.y.m.u.m.S.selectPage_COUNT - ==> Parameters: 
2026-06-11 21:57:40.318 [http-nio-8080-exec-4] [c8da6aca] [1] DEBUG c.y.m.u.m.S.selectPage_COUNT - <==      Total: 1
2026-06-11 21:57:40.318 [http-nio-8080-exec-4] [c8da6aca] [1] DEBUG c.y.m.u.m.SysUserMapper.selectPage - ==>  Preparing: select id, username, password, nickname, real_name, phone, email, union_id, status, created_at, updated_at from sys_user order by id desc LIMIT ?
2026-06-11 21:57:40.318 [http-nio-8080-exec-4] [c8da6aca] [1] DEBUG c.y.m.u.m.SysUserMapper.selectPage - ==> Parameters: 10(Integer)
2026-06-11 21:57:40.320 [http-nio-8080-exec-4] [c8da6aca] [1] DEBUG c.y.m.u.m.SysUserMapper.selectPage - <==      Total: 6
2026-06-11 21:57:40.322 [http-nio-8080-exec-4] [c8da6aca] [1] INFO  c.y.common.aop.ControllerLogAspect - 接口结束: uri=/yq-admin/api/sysUser, controller=SysUserController#pageUser, cost=12ms, result={"code":200,"message":"success","data":{"total":6,"pageNum":1,"pageSize":10,"records":[{"id":6,"username":"haha","nickname":"哈哈哈","realName":"哈哈","phone":"15118191032","email":"913038933@qq.com","status":"ACTIVE","createdAt":"Fri Apr 17 15:54:46 CST 2026"},{"id":5,"username":"laoshi2","nickname":"老师2","realName":"老师2","phone":"13762922584","status":"ACTIVE","createdAt":"Sun Apr 12 01:48:55 CST 2026"},{"id":4,"username":"laoshi1","nickname":"老师1","realName":"老师1","phone":"13273576020","status":"ACTIVE","createdAt":"Sun Apr 12 01:48:37 CST 2026"},{"id":3,"username":"banzhuren","nickname":"班主任老师","realName":"班主任老师","phone":"15118191032","status":"ACTIVE","createdAt":"Sat Apr 11 17:06:53 CST 2026"},{"id":2,"username":"huangjin","nickname":"黄瑾","realName":"黄瑾","phone":"13273672819","email":"913038933@qq.com","status":"ACTIVE","createdAt":"Thu Apr 09 22:04:43 CST 2026"},{"id":1,"username":"admin","nickname":"系统管理员","realName":"超级管理员","phone":"13800000000","email":"admin@yq.com","status":"ACTIVE","createdAt":"Thu Apr 09 20:50:39 CST 2026"}]}}
2026-06-11 21:57:41.372 [http-nio-8080-exec-5] [233b9fa9] [1] DEBUG c.y.m.u.m.SysUserMapper.selectById - ==>  Preparing: select id, username, password, nickname, real_name, phone, email, union_id, status, created_at, updated_at from sys_user where id = ?
2026-06-11 21:57:41.372 [http-nio-8080-exec-5] [233b9fa9] [1] DEBUG c.y.m.u.m.SysUserMapper.selectById - ==> Parameters: 1(Long)
2026-06-11 21:57:41.374 [http-nio-8080-exec-5] [233b9fa9] [1] DEBUG c.y.m.u.m.SysUserMapper.selectById - <==      Total: 1
2026-06-11 21:57:41.375 [http-nio-8080-exec-5] [233b9fa9] [1] DEBUG c.y.m.u.m.S.selectRoleIdsByUserId - ==>  Preparing: select role_id from sys_user_role where user_id = ? order by role_id asc
2026-06-11 21:57:41.375 [http-nio-8080-exec-5] [233b9fa9] [1] DEBUG c.y.m.u.m.S.selectRoleIdsByUserId - ==> Parameters: 1(Long)
2026-06-11 21:57:41.375 [http-nio-8080-exec-5] [233b9fa9] [1] DEBUG c.y.m.u.m.S.selectRoleIdsByUserId - <==      Total: 1
2026-06-11 21:57:41.376 [http-nio-8080-exec-5] [233b9fa9] [1] DEBUG c.y.m.u.m.SysRoleMapper.selectList - ==>  Preparing: select id, role_code, role_name, description, status, created_at, updated_at from sys_role WHERE id in ( ? )
2026-06-11 21:57:41.376 [http-nio-8080-exec-5] [233b9fa9] [1] DEBUG c.y.m.u.m.SysRoleMapper.selectList - ==> Parameters: 1(Long)
2026-06-11 21:57:41.377 [http-nio-8080-exec-5] [233b9fa9] [1] DEBUG c.y.m.u.m.SysRoleMapper.selectList - <==      Total: 1
2026-06-11 21:57:41.377 [http-nio-8080-exec-5] [233b9fa9] [1] DEBUG c.y.m.u.m.S.selectPermissionIdsByRoleId - ==>  Preparing: select permission_id from sys_role_permission where role_id in ( ? ) order by permission_id asc
2026-06-11 21:57:41.378 [http-nio-8080-exec-5] [233b9fa9] [1] DEBUG c.y.m.u.m.S.selectPermissionIdsByRoleId - ==> Parameters: 1(Long)
2026-06-11 21:57:41.378 [http-nio-8080-exec-5] [233b9fa9] [1] DEBUG c.y.m.u.m.S.selectPermissionIdsByRoleId - <==      Total: 4
2026-06-11 21:57:41.378 [http-nio-8080-exec-5] [233b9fa9] [1] DEBUG c.y.m.u.m.S.selectList - ==>  Preparing: select id, parent_id, permission_code, permission_name, permission_type, api_path, sort_num, description, status, created_at, updated_at from sys_permission WHERE id in ( ? , ? , ? , ? )
2026-06-11 21:57:41.378 [http-nio-8080-exec-5] [233b9fa9] [1] DEBUG c.y.m.u.m.S.selectList - ==> Parameters: 101(Long), 106(Long), 113(Long), 117(Long)
2026-06-11 21:57:41.379 [http-nio-8080-exec-5] [233b9fa9] [1] DEBUG c.y.m.u.m.S.selectList - <==      Total: 4
2026-06-11 21:57:41.379 [http-nio-8080-exec-5] [233b9fa9] [1] INFO  c.y.common.aop.ControllerLogAspect - 接口开始: uri=/yq-admin/api/eduStudent, httpMethod=GET, controller=EduStudentController#pageStudent, args=[{"name":"req","value":{"pageNum":1,"pageSize":10}}]
2026-06-11 21:57:41.386 [http-nio-8080-exec-5] [233b9fa9] [1] DEBUG c.y.m.e.m.E.selectPage_COUNT - ==>  Preparing: SELECT count(0) FROM edu_student
2026-06-11 21:57:41.386 [http-nio-8080-exec-5] [233b9fa9] [1] DEBUG c.y.m.e.m.E.selectPage_COUNT - ==> Parameters: 
2026-06-11 21:57:41.387 [http-nio-8080-exec-5] [233b9fa9] [1] DEBUG c.y.m.e.m.E.selectPage_COUNT - <==      Total: 1
2026-06-11 21:57:41.387 [http-nio-8080-exec-5] [233b9fa9] [1] DEBUG c.y.m.e.m.E.selectPage - ==>  Preparing: select id, student_code, student_name, phone, graduation_session, school, education, study_mode, class_id, product_id, join_time, created_at, updated_at from edu_student order by id desc LIMIT ?
2026-06-11 21:57:41.387 [http-nio-8080-exec-5] [233b9fa9] [1] DEBUG c.y.m.e.m.E.selectPage - ==> Parameters: 10(Integer)
2026-06-11 21:57:41.388 [http-nio-8080-exec-5] [233b9fa9] [1] DEBUG c.y.m.e.m.E.selectPage - <==      Total: 10
2026-06-11 21:57:41.388 [http-nio-8080-exec-5] [233b9fa9] [1] INFO  c.y.common.aop.ControllerLogAspect - 接口结束: uri=/yq-admin/api/eduStudent, controller=EduStudentController#pageStudent, cost=9ms, result={"code":200,"message":"success","data":{"total":10,"pageNum":1,"pageSize":10,"records":[{"id":10,"studentCode":"XS20260527544261","studentName":"赵九","phone":"13273576020","graduationSession":2026,"school":"湖南师范大学","education":"硕士","studyMode":"ONLINE","productId":3,"joinTime":"Wed May 27 21:32:06 CST 2026","createdAt":"Wed May 27 21:32:23 CST 2026","updatedAt":"Wed May 27 21:32:23 CST 2026"},{"id":9,"studentCode":"XS20260526215429","studentName":"赵六","phone":"13762922580","graduationSession":2026,"school":"湖南师范大学","education":"硕士","studyMode":"ONLINE","productId":3,"joinTime":"Tue May 26 17:18:07 CST 2026","createdAt":"Tue May 26 17:18:15 CST 2026","updatedAt":"Tue May 26 17:18:15 CST 2026"},{"id":8,"studentCode":"XS20260514684479","studentName":"哈哈","phone":"13273576029","graduationSession":2026,"school":"湖南师范大学","education":"本科","studyMode":"OFFLINE","classId":2,"productId":1,"joinTime":"Thu May 14 17:45:03 CST 2026","createdAt":"Thu May 14 17:45:10 CST 2026","updatedAt":"Thu May 14 17:45:10 CST 2026"},{"id":7,"studentCode":"XS20260429790522","studentName":"王六","phone":"13273576027","graduationSession":2026,"school":"湖南师范大学","education":"博士","studyMode":"ONLINE","productId":2,"joinTime":"Wed Apr 29 22:59:06 CST 2026","createdAt":"Wed Apr 29 22:59:15 CST 2026","updatedAt":"Wed Apr 29 22:59:15 CST 2026"},{"id":6,"studentCode":"XS20260417641291","studentName":"赵六","phone":"15118191034","graduationSession":2026,"school":"洪江一中","education":"本科","studyMode":"OFFLINE","classId":3,"productId":1,"joinTime":"Fri Apr 17 22:25:31 CST 2026","createdAt":"Fri Apr 17 22:25:50 CST 2026","updatedAt":"Fri Apr 17 22:25:50 CST 2026"},{"id":5,"studentCode":"XS20260417193131","studentName":"黄某","phone":"15118191031","graduationSession":2026,"school":"洪江一中","education":"本科","studyMode":"OFFLINE","classId":1,"productId":1,"joinTime":"Fri Apr 17 15:09:40 CST 2026","createdAt":"Fri Apr 17 15:10:18 CST 2026","updatedAt":"Fri Apr 17 15:10:18 CST 2026"},{"id":4,"studentCode":"XS20260416122330","studentName":"黄某","phone":"13273576024","graduationSession":2026,"school":"洪江一中","education":"大专","studyMode":"OFFLINE","classId":1,"productId":1,"joinTime":"Thu Apr 16 22:41:38 CST 2026","createdAt":"Thu Apr 16 22:42:25 CST 2026","updatedAt":"Thu Apr 16 22:42:25 CST 2026"},{"id":3,"studentCode":"XS20260416572329","studentName":"向某","phone":"13273576023","graduationSession":2026,"school":"洪江一中","education":"本科","studyMode":"OFFLINE","classId":2,"productId":1,"joinTime":"Thu Apr 16 22:28:40 CST 2026","createdAt":"Thu Apr 16 22:34:48 CST 2026","updatedAt":"Thu Apr 16 22:34:48 CST 2026"},{"id":2,"studentCode":"XS20260416896906","studentName":"王王","phone":"15118191032","graduationSession":2026,"school":"湖南师范大学","education":"大专","studyMode":"OFFLINE","classId":2,"productId":1,"joinTime":"Thu Apr 16 17:55:46 CST 2026","createdAt":"Thu Apr 16 18:01:02 CST 2026","updatedAt":"Thu Apr 16 18:01:02 CST 2026"},{"id":1,"studentCode":"XS20260416496798","studentName":"赵家","phone":"13273672819","graduationSession":2026,"school":"湖南师范大学","education":"本科","studyMode":"OFFLINE","classId":1,"productId":1,"joinTime":"Thu Apr 16 17:52:36 CST 2026","createdAt":"Thu Apr 16 17:53:12 CST 2026","updatedAt":"Thu Apr 16 17:53:12 CST 2026"}]}}
2026-06-11 21:57:46.757 [http-nio-8080-exec-6] [2e03f56b] [1] DEBUG c.y.m.u.m.SysUserMapper.selectById - ==>  Preparing: select id, username, password, nickname, real_name, phone, email, union_id, status, created_at, updated_at from sys_user where id = ?
2026-06-11 21:57:46.758 [http-nio-8080-exec-6] [2e03f56b] [1] DEBUG c.y.m.u.m.SysUserMapper.selectById - ==> Parameters: 1(Long)
2026-06-11 21:57:46.758 [http-nio-8080-exec-6] [2e03f56b] [1] DEBUG c.y.m.u.m.SysUserMapper.selectById - <==      Total: 1
2026-06-11 21:57:46.759 [http-nio-8080-exec-6] [2e03f56b] [1] DEBUG c.y.m.u.m.S.selectRoleIdsByUserId - ==>  Preparing: select role_id from sys_user_role where user_id = ? order by role_id asc
2026-06-11 21:57:46.759 [http-nio-8080-exec-6] [2e03f56b] [1] DEBUG c.y.m.u.m.S.selectRoleIdsByUserId - ==> Parameters: 1(Long)
2026-06-11 21:57:46.759 [http-nio-8080-exec-6] [2e03f56b] [1] DEBUG c.y.m.u.m.S.selectRoleIdsByUserId - <==      Total: 1
2026-06-11 21:57:46.759 [http-nio-8080-exec-6] [2e03f56b] [1] DEBUG c.y.m.u.m.SysRoleMapper.selectList - ==>  Preparing: select id, role_code, role_name, description, status, created_at, updated_at from sys_role WHERE id in ( ? )
2026-06-11 21:57:46.759 [http-nio-8080-exec-6] [2e03f56b] [1] DEBUG c.y.m.u.m.SysRoleMapper.selectList - ==> Parameters: 1(Long)
2026-06-11 21:57:46.761 [http-nio-8080-exec-6] [2e03f56b] [1] DEBUG c.y.m.u.m.SysRoleMapper.selectList - <==      Total: 1
2026-06-11 21:57:46.761 [http-nio-8080-exec-6] [2e03f56b] [1] DEBUG c.y.m.u.m.S.selectPermissionIdsByRoleId - ==>  Preparing: select permission_id from sys_role_permission where role_id in ( ? ) order by permission_id asc
2026-06-11 21:57:46.761 [http-nio-8080-exec-6] [2e03f56b] [1] DEBUG c.y.m.u.m.S.selectPermissionIdsByRoleId - ==> Parameters: 1(Long)
2026-06-11 21:57:46.761 [http-nio-8080-exec-6] [2e03f56b] [1] DEBUG c.y.m.u.m.S.selectPermissionIdsByRoleId - <==      Total: 4
2026-06-11 21:57:46.761 [http-nio-8080-exec-6] [2e03f56b] [1] DEBUG c.y.m.u.m.S.selectList - ==>  Preparing: select id, parent_id, permission_code, permission_name, permission_type, api_path, sort_num, description, status, created_at, updated_at from sys_permission WHERE id in ( ? , ? , ? , ? )
2026-06-11 21:57:46.761 [http-nio-8080-exec-6] [2e03f56b] [1] DEBUG c.y.m.u.m.S.selectList - ==> Parameters: 101(Long), 106(Long), 113(Long), 117(Long)
2026-06-11 21:57:46.762 [http-nio-8080-exec-6] [2e03f56b] [1] DEBUG c.y.m.u.m.S.selectList - <==      Total: 4
2026-06-11 21:57:46.763 [http-nio-8080-exec-6] [2e03f56b] [1] INFO  c.y.common.aop.ControllerLogAspect - 接口开始: uri=/yq-admin/api/eduCampus, httpMethod=GET, controller=EduCampusController#pageCampus, args=[{"name":"req","value":{"pageNum":1,"pageSize":10}}]
2026-06-11 21:57:46.768 [http-nio-8080-exec-6] [2e03f56b] [1] DEBUG c.y.m.e.m.E.selectPage_COUNT - ==>  Preparing: SELECT count(0) FROM edu_campus
2026-06-11 21:57:46.768 [http-nio-8080-exec-6] [2e03f56b] [1] DEBUG c.y.m.e.m.E.selectPage_COUNT - ==> Parameters: 
2026-06-11 21:57:46.769 [http-nio-8080-exec-6] [2e03f56b] [1] DEBUG c.y.m.e.m.E.selectPage_COUNT - <==      Total: 1
2026-06-11 21:57:46.769 [http-nio-8080-exec-6] [2e03f56b] [1] DEBUG c.y.m.e.m.EduCampusMapper.selectPage - ==>  Preparing: select id, campus_name, principal_user_id, address, contact_phone, remark, status, created_at, updated_at from edu_campus order by id desc LIMIT ?
2026-06-11 21:57:46.769 [http-nio-8080-exec-6] [2e03f56b] [1] DEBUG c.y.m.e.m.EduCampusMapper.selectPage - ==> Parameters: 10(Integer)
2026-06-11 21:57:46.769 [http-nio-8080-exec-6] [2e03f56b] [1] DEBUG c.y.m.e.m.EduCampusMapper.selectPage - <==      Total: 1
2026-06-11 21:57:46.770 [http-nio-8080-exec-6] [2e03f56b] [1] INFO  c.y.common.aop.ControllerLogAspect - 接口结束: uri=/yq-admin/api/eduCampus, controller=EduCampusController#pageCampus, cost=7ms, result={"code":200,"message":"success","data":{"total":1,"pageNum":1,"pageSize":10,"records":[{"id":1,"campusName":"杭州校区","principalUserId":2,"address":"杭州市余杭区","contactPhone":"13549684561","status":1,"createdAt":"Sat Apr 11 15:51:21 CST 2026","updatedAt":"Sat Apr 11 15:51:21 CST 2026"}]}}
2026-06-11 21:57:48.461 [http-nio-8080-exec-7] [da1c9ab7] [1] DEBUG c.y.m.u.m.SysUserMapper.selectById - ==>  Preparing: select id, username, password, nickname, real_name, phone, email, union_id, status, created_at, updated_at from sys_user where id = ?
2026-06-11 21:57:48.461 [http-nio-8080-exec-7] [da1c9ab7] [1] DEBUG c.y.m.u.m.SysUserMapper.selectById - ==> Parameters: 1(Long)
2026-06-11 21:57:48.462 [http-nio-8080-exec-7] [da1c9ab7] [1] DEBUG c.y.m.u.m.SysUserMapper.selectById - <==      Total: 1
2026-06-11 21:57:48.462 [http-nio-8080-exec-7] [da1c9ab7] [1] DEBUG c.y.m.u.m.S.selectRoleIdsByUserId - ==>  Preparing: select role_id from sys_user_role where user_id = ? order by role_id asc
2026-06-11 21:57:48.462 [http-nio-8080-exec-7] [da1c9ab7] [1] DEBUG c.y.m.u.m.S.selectRoleIdsByUserId - ==> Parameters: 1(Long)
2026-06-11 21:57:48.463 [http-nio-8080-exec-7] [da1c9ab7] [1] DEBUG c.y.m.u.m.S.selectRoleIdsByUserId - <==      Total: 1
2026-06-11 21:57:48.463 [http-nio-8080-exec-7] [da1c9ab7] [1] DEBUG c.y.m.u.m.SysRoleMapper.selectList - ==>  Preparing: select id, role_code, role_name, description, status, created_at, updated_at from sys_role WHERE id in ( ? )
2026-06-11 21:57:48.463 [http-nio-8080-exec-7] [da1c9ab7] [1] DEBUG c.y.m.u.m.SysRoleMapper.selectList - ==> Parameters: 1(Long)
2026-06-11 21:57:48.464 [http-nio-8080-exec-7] [da1c9ab7] [1] DEBUG c.y.m.u.m.SysRoleMapper.selectList - <==      Total: 1
2026-06-11 21:57:48.464 [http-nio-8080-exec-7] [da1c9ab7] [1] DEBUG c.y.m.u.m.S.selectPermissionIdsByRoleId - ==>  Preparing: select permission_id from sys_role_permission where role_id in ( ? ) order by permission_id asc
2026-06-11 21:57:48.464 [http-nio-8080-exec-7] [da1c9ab7] [1] DEBUG c.y.m.u.m.S.selectPermissionIdsByRoleId - ==> Parameters: 1(Long)
2026-06-11 21:57:48.464 [http-nio-8080-exec-7] [da1c9ab7] [1] DEBUG c.y.m.u.m.S.selectPermissionIdsByRoleId - <==      Total: 4
2026-06-11 21:57:48.465 [http-nio-8080-exec-7] [da1c9ab7] [1] DEBUG c.y.m.u.m.S.selectList - ==>  Preparing: select id, parent_id, permission_code, permission_name, permission_type, api_path, sort_num, description, status, created_at, updated_at from sys_permission WHERE id in ( ? , ? , ? , ? )
2026-06-11 21:57:48.465 [http-nio-8080-exec-7] [da1c9ab7] [1] DEBUG c.y.m.u.m.S.selectList - ==> Parameters: 101(Long), 106(Long), 113(Long), 117(Long)
2026-06-11 21:57:48.465 [http-nio-8080-exec-7] [da1c9ab7] [1] DEBUG c.y.m.u.m.S.selectList - <==      Total: 4
2026-06-11 21:57:48.466 [http-nio-8080-exec-7] [da1c9ab7] [1] INFO  c.y.common.aop.ControllerLogAspect - 接口开始: uri=/yq-admin/api/eduClass, httpMethod=GET, controller=EduClassController#pageClass, args=[{"name":"req","value":{"pageNum":1,"pageSize":10}}]
2026-06-11 21:57:48.470 [http-nio-8080-exec-7] [da1c9ab7] [1] DEBUG c.y.m.e.m.E.selectPage_COUNT - ==>  Preparing: SELECT count(0) FROM edu_class
2026-06-11 21:57:48.470 [http-nio-8080-exec-7] [da1c9ab7] [1] DEBUG c.y.m.e.m.E.selectPage_COUNT - ==> Parameters: 
2026-06-11 21:57:48.471 [http-nio-8080-exec-7] [da1c9ab7] [1] DEBUG c.y.m.e.m.E.selectPage_COUNT - <==      Total: 1
2026-06-11 21:57:48.471 [http-nio-8080-exec-7] [da1c9ab7] [1] DEBUG c.y.m.e.m.EduClassMapper.selectPage - ==>  Preparing: select id, class_term, campus_id, head_teacher_id, class_status, start_time, course_id, student_count, created_at, updated_at from edu_class order by id desc LIMIT ?
2026-06-11 21:57:48.472 [http-nio-8080-exec-7] [da1c9ab7] [1] DEBUG c.y.m.e.m.EduClassMapper.selectPage - ==> Parameters: 10(Integer)
2026-06-11 21:57:48.472 [http-nio-8080-exec-7] [da1c9ab7] [1] DEBUG c.y.m.e.m.EduClassMapper.selectPage - <==      Total: 3
2026-06-11 21:57:48.472 [http-nio-8080-exec-7] [da1c9ab7] [1] INFO  c.y.common.aop.ControllerLogAspect - 接口结束: uri=/yq-admin/api/eduClass, controller=EduClassController#pageClass, cost=6ms, result={"code":200,"message":"success","data":{"total":3,"pageNum":1,"pageSize":10,"records":[{"id":3,"classTerm":3,"campusId":1,"headTeacherId":3,"classStatus":"WAITING","startTime":"Thu Apr 16 00:00:00 CST 2026","courseId":1,"studentCount":0,"createdAt":"Mon Apr 13 20:34:39 CST 2026"},{"id":2,"classTerm":2,"campusId":1,"headTeacherId":3,"classStatus":"WAITING","startTime":"Mon Apr 13 00:00:00 CST 2026","courseId":1,"studentCount":0,"createdAt":"Mon Apr 13 20:15:52 CST 2026"},{"id":1,"classTerm":1,"campusId":1,"headTeacherId":3,"classStatus":"WAITING","startTime":"Mon Apr 13 00:00:00 CST 2026","courseId":1,"studentCount":0,"createdAt":"Sat Apr 11 17:09:28 CST 2026"}]}}
2026-06-11 21:57:54.142 [http-nio-8080-exec-8] [c1721f83] [1] DEBUG c.y.m.u.m.SysUserMapper.selectById - ==>  Preparing: select id, username, password, nickname, real_name, phone, email, union_id, status, created_at, updated_at from sys_user where id = ?
2026-06-11 21:57:54.142 [http-nio-8080-exec-8] [c1721f83] [1] DEBUG c.y.m.u.m.SysUserMapper.selectById - ==> Parameters: 1(Long)
2026-06-11 21:57:54.143 [http-nio-8080-exec-8] [c1721f83] [1] DEBUG c.y.m.u.m.SysUserMapper.selectById - <==      Total: 1
2026-06-11 21:57:54.143 [http-nio-8080-exec-8] [c1721f83] [1] DEBUG c.y.m.u.m.S.selectRoleIdsByUserId - ==>  Preparing: select role_id from sys_user_role where user_id = ? order by role_id asc
2026-06-11 21:57:54.143 [http-nio-8080-exec-8] [c1721f83] [1] DEBUG c.y.m.u.m.S.selectRoleIdsByUserId - ==> Parameters: 1(Long)
2026-06-11 21:57:54.144 [http-nio-8080-exec-8] [c1721f83] [1] DEBUG c.y.m.u.m.S.selectRoleIdsByUserId - <==      Total: 1
2026-06-11 21:57:54.144 [http-nio-8080-exec-8] [c1721f83] [1] DEBUG c.y.m.u.m.SysRoleMapper.selectList - ==>  Preparing: select id, role_code, role_name, description, status, created_at, updated_at from sys_role WHERE id in ( ? )
2026-06-11 21:57:54.145 [http-nio-8080-exec-8] [c1721f83] [1] DEBUG c.y.m.u.m.SysRoleMapper.selectList - ==> Parameters: 1(Long)
2026-06-11 21:57:54.145 [http-nio-8080-exec-8] [c1721f83] [1] DEBUG c.y.m.u.m.SysRoleMapper.selectList - <==      Total: 1
2026-06-11 21:57:54.145 [http-nio-8080-exec-8] [c1721f83] [1] DEBUG c.y.m.u.m.S.selectPermissionIdsByRoleId - ==>  Preparing: select permission_id from sys_role_permission where role_id in ( ? ) order by permission_id asc
2026-06-11 21:57:54.145 [http-nio-8080-exec-8] [c1721f83] [1] DEBUG c.y.m.u.m.S.selectPermissionIdsByRoleId - ==> Parameters: 1(Long)
2026-06-11 21:57:54.145 [http-nio-8080-exec-8] [c1721f83] [1] DEBUG c.y.m.u.m.S.selectPermissionIdsByRoleId - <==      Total: 4
2026-06-11 21:57:54.145 [http-nio-8080-exec-8] [c1721f83] [1] DEBUG c.y.m.u.m.S.selectList - ==>  Preparing: select id, parent_id, permission_code, permission_name, permission_type, api_path, sort_num, description, status, created_at, updated_at from sys_permission WHERE id in ( ? , ? , ? , ? )
2026-06-11 21:57:54.146 [http-nio-8080-exec-8] [c1721f83] [1] DEBUG c.y.m.u.m.S.selectList - ==> Parameters: 101(Long), 106(Long), 113(Long), 117(Long)
2026-06-11 21:57:54.146 [http-nio-8080-exec-8] [c1721f83] [1] DEBUG c.y.m.u.m.S.selectList - <==      Total: 4
2026-06-11 21:57:54.147 [http-nio-8080-exec-8] [c1721f83] [1] INFO  c.y.common.aop.ControllerLogAspect - 接口开始: uri=/yq-admin/api/sysPermission, httpMethod=GET, controller=SysPermissionController#pagePermission, args=[{"name":"req","value":{"pageNum":1,"pageSize":1000}}]
2026-06-11 21:57:54.151 [http-nio-8080-exec-8] [c1721f83] [1] DEBUG c.y.m.u.m.S.selectPage_COUNT - ==>  Preparing: SELECT count(0) FROM sys_permission
2026-06-11 21:57:54.151 [http-nio-8080-exec-8] [c1721f83] [1] DEBUG c.y.m.u.m.S.selectPage_COUNT - ==> Parameters: 
2026-06-11 21:57:54.152 [http-nio-8080-exec-8] [c1721f83] [1] DEBUG c.y.m.u.m.S.selectPage_COUNT - <==      Total: 1
2026-06-11 21:57:54.152 [http-nio-8080-exec-8] [c1721f83] [1] DEBUG c.y.m.u.m.S.selectPage - ==>  Preparing: select id, parent_id, permission_code, permission_name, permission_type, api_path, sort_num, description, status, created_at, updated_at from sys_permission order by sort_num asc, id desc LIMIT ?
2026-06-11 21:57:54.152 [http-nio-8080-exec-8] [c1721f83] [1] DEBUG c.y.m.u.m.S.selectPage - ==> Parameters: 1000(Integer)
2026-06-11 21:57:54.155 [http-nio-8080-exec-8] [c1721f83] [1] DEBUG c.y.m.u.m.S.selectPage - <==      Total: 177
2026-06-11 21:57:54.158 [http-nio-8080-exec-8] [c1721f83] [1] INFO  c.y.common.aop.ControllerLogAspect - 接口结束: uri=/yq-admin/api/sysPermission, controller=SysPermissionController#pagePermission, cost=10ms, result={"code":200,"message":"success","data":{"total":177,"pageNum":1,"pageSize":1000,"records":[{"id":287,"parentId":286,"permissionName":"面试复盘上传音频按钮","permissionType":"BUTTON","permissionCode":"button:interview-review:upload","sortNum":1,"status":"1","description":"面试复盘页面的上传音频按钮","createdAt":"Wed May 20 22:13:56 CST 2026"},{"id":272,"parentId":271,"permissionName":"自媒体生成选题按钮","permissionType":"BUTTON","permissionCode":"button:media-agent:generate-topics","sortNum":1,"status":"1","description":"自媒体创作页面的生成选题按钮","createdAt":"Sat May 09 16:32:32 CST 2026"},{"id":268,"parentId":267,"permissionName":"数据分析执行按钮","permissionType":"BUTTON","permissionCode":"button:data-analysis:analyze","sortNum":1,"status":"1","description":"数据分析页面的开始分析按钮","createdAt":"Fri May 08 16:42:19 CST 2026"},{"id":249,"parentId":121,"permissionName":"发布作业按钮","permissionType":"BUTTON","permissionCode":"button:homework:create","sortNum":1,"status":"1","description":"作业管理页面的发布作业按钮","createdAt":"Wed Apr 22 16:21:14 CST 2026"},{"id":247,"parentId":118,"permissionName":"学生绑定权限模板按钮","permissionType":"BUTTON","permissionCode":"button:student:bind-permission-template","sortNum":1,"status":"1","description":"学生管理页面的绑定权限模板按钮","createdAt":"Wed Apr 22 14:20:45 CST 2026"},{"id":243,"parentId":119,"permissionName":"学员权限模板新增按钮","permissionType":"BUTTON","permissionCode":"button:student-permission-template:create","sortNum":1,"status":"1","description":"学员权限模板页面的新增按钮","createdAt":"Mon Apr 20 00:05:46 CST 2026"},{"id":240,"parentId":115,"permissionName":"订单新增按钮","permissionType":"BUTTON","permissionCode":"button:order:create","sortNum":1,"status":"1","description":"订单管理页面的新增按钮","createdAt":"Sun Apr 12 23:10:59 CST 2026"},{"id":237,"parentId":114,"permissionName":"产品新增按钮","permissionType":"BUTTON","permissionCode":"button:product:create","sortNum":1,"status":"1","description":"产品管理页面的新增按钮","createdAt":"Sun Apr 12 14:19:04 CST 2026"},{"id":235,"parentId":112,"permissionName":"值班查看按钮","permissionType":"BUTTON","permissionCode":"button:duty:view","sortNum":1,"status":"1","description":"值班管理页面的查看按钮","createdAt":"Sun Apr 12 13:11:55 CST 2026"},{"id":234,"parentId":111,"permissionName":"老师课表查看按钮","permissionType":"BUTTON","permissionCode":"button:teacher-schedule:view","sortNum":1,"status":"1","description":"老师课表页面的查看按钮","createdAt":"Sun Apr 12 03:21:07 CST 2026"},{"id":231,"parentId":110,"permissionName":"课表查看按钮","permissionType":"BUTTON","permissionCode":"button:schedule:view","sortNum":1,"status":"1","description":"课表管理页面的查看按钮","createdAt":"Sat Apr 11 19:46:45 CST 2026"},{"id":227,"parentId":109,"permissionName":"班级新增按钮","permissionType":"BUTTON","permissionCode":"button:class:create","sortNum":1,"status":"1","description":"班级管理页面的新增按钮","createdAt":"Sat Apr 11 17:05:40 CST 2026"},{"id":218,"parentId":108,"permissionName":"课程新增按钮","permissionType":"BUTTON","permissionCode":"button:course:create","sortNum":1,"status":"1","description":"课程管理页面的新增按钮","createdAt":"Sat Apr 11 16:02:19 CST 2026"},{"id":215,"parentId":107,"permissionName":"校区新增按钮","permissionType":"BUTTON","permissionCode":"button:campus:create","sortNum":1,"status":"1","description":"校区管理页面的新增按钮","createdAt":"Sat Apr 11 15:49:16 CST 2026"},{"id":212,"parentId":105,"permissionName":"系统参数新增按钮","permissionType":"BUTTON","permissionCode":"button:config:create","sortNum":1,"status":"1","description":"系统参数页面的新增配置按钮","createdAt":"Fri Apr 10 20:08:09 CST 2026"},{"id":209,"parentId":104,"permissionName":"权限新增按钮","permissionType":"BUTTON","permissionCode":"button:permission:create","sortNum":1,"status":"1","description":"权限管理页面的新增权限按钮","createdAt":"Thu Apr 09 21:22:28 CST 2026"},{"id":205,"parentId":103,"permissionName":"角色新增按钮","permissionType":"BUTTON","permissionCode":"button:role:create","sortNum":1,"status":"1","description":"角色管理页面的新增角色按钮","createdAt":"Thu Apr 09 21:22:28 CST 2026"},{"id":201,"parentId":102,"permissionName":"用户新增按钮","permissionType":"BUTTON","permissionCode":"button:user:create","sortNum":1,"status":"ACTIVE","desc...(truncated)
2026-06-11 21:57:55.318 [http-nio-8080-exec-9] [a4cbdaed] [1] DEBUG c.y.m.u.m.SysUserMapper.selectById - ==>  Preparing: select id, username, password, nickname, real_name, phone, email, union_id, status, created_at, updated_at from sys_user where id = ?
2026-06-11 21:57:55.318 [http-nio-8080-exec-9] [a4cbdaed] [1] DEBUG c.y.m.u.m.SysUserMapper.selectById - ==> Parameters: 1(Long)
2026-06-11 21:57:55.318 [http-nio-8080-exec-9] [a4cbdaed] [1] DEBUG c.y.m.u.m.SysUserMapper.selectById - <==      Total: 1
2026-06-11 21:57:55.318 [http-nio-8080-exec-9] [a4cbdaed] [1] DEBUG c.y.m.u.m.S.selectRoleIdsByUserId - ==>  Preparing: select role_id from sys_user_role where user_id = ? order by role_id asc
2026-06-11 21:57:55.319 [http-nio-8080-exec-9] [a4cbdaed] [1] DEBUG c.y.m.u.m.S.selectRoleIdsByUserId - ==> Parameters: 1(Long)
2026-06-11 21:57:55.319 [http-nio-8080-exec-9] [a4cbdaed] [1] DEBUG c.y.m.u.m.S.selectRoleIdsByUserId - <==      Total: 1
2026-06-11 21:57:55.319 [http-nio-8080-exec-9] [a4cbdaed] [1] DEBUG c.y.m.u.m.SysRoleMapper.selectList - ==>  Preparing: select id, role_code, role_name, description, status, created_at, updated_at from sys_role WHERE id in ( ? )
2026-06-11 21:57:55.319 [http-nio-8080-exec-9] [a4cbdaed] [1] DEBUG c.y.m.u.m.SysRoleMapper.selectList - ==> Parameters: 1(Long)
2026-06-11 21:57:55.320 [http-nio-8080-exec-9] [a4cbdaed] [1] DEBUG c.y.m.u.m.SysRoleMapper.selectList - <==      Total: 1
2026-06-11 21:57:55.320 [http-nio-8080-exec-9] [a4cbdaed] [1] DEBUG c.y.m.u.m.S.selectPermissionIdsByRoleId - ==>  Preparing: select permission_id from sys_role_permission where role_id in ( ? ) order by permission_id asc
2026-06-11 21:57:55.320 [http-nio-8080-exec-9] [a4cbdaed] [1] DEBUG c.y.m.u.m.S.selectPermissionIdsByRoleId - ==> Parameters: 1(Long)
2026-06-11 21:57:55.320 [http-nio-8080-exec-9] [a4cbdaed] [1] DEBUG c.y.m.u.m.S.selectPermissionIdsByRoleId - <==      Total: 4
2026-06-11 21:57:55.320 [http-nio-8080-exec-9] [a4cbdaed] [1] DEBUG c.y.m.u.m.S.selectList - ==>  Preparing: select id, parent_id, permission_code, permission_name, permission_type, api_path, sort_num, description, status, created_at, updated_at from sys_permission WHERE id in ( ? , ? , ? , ? )
2026-06-11 21:57:55.320 [http-nio-8080-exec-9] [a4cbdaed] [1] DEBUG c.y.m.u.m.S.selectList - ==> Parameters: 101(Long), 106(Long), 113(Long), 117(Long)
2026-06-11 21:57:55.321 [http-nio-8080-exec-9] [a4cbdaed] [1] DEBUG c.y.m.u.m.S.selectList - <==      Total: 4
2026-06-11 21:57:55.322 [http-nio-8080-exec-9] [a4cbdaed] [1] INFO  c.y.common.aop.ControllerLogAspect - 接口开始: uri=/yq-admin/api/sysRole, httpMethod=GET, controller=SysRoleController#pageRole, args=[{"name":"req","value":{"pageNum":1,"pageSize":10}}]
2026-06-11 21:57:55.324 [http-nio-8080-exec-9] [a4cbdaed] [1] DEBUG c.y.m.u.m.S.selectPage_COUNT - ==>  Preparing: SELECT count(0) FROM sys_role
2026-06-11 21:57:55.324 [http-nio-8080-exec-9] [a4cbdaed] [1] DEBUG c.y.m.u.m.S.selectPage_COUNT - ==> Parameters: 
2026-06-11 21:57:55.325 [http-nio-8080-exec-9] [a4cbdaed] [1] DEBUG c.y.m.u.m.S.selectPage_COUNT - <==      Total: 1
2026-06-11 21:57:55.325 [http-nio-8080-exec-9] [a4cbdaed] [1] DEBUG c.y.m.u.m.SysRoleMapper.selectPage - ==>  Preparing: select id, role_code, role_name, description, status, created_at, updated_at from sys_role order by id desc LIMIT ?
2026-06-11 21:57:55.325 [http-nio-8080-exec-9] [a4cbdaed] [1] DEBUG c.y.m.u.m.SysRoleMapper.selectPage - ==> Parameters: 10(Integer)
2026-06-11 21:57:55.325 [http-nio-8080-exec-9] [a4cbdaed] [1] DEBUG c.y.m.u.m.SysRoleMapper.selectPage - <==      Total: 3
2026-06-11 21:57:55.325 [http-nio-8080-exec-9] [a4cbdaed] [1] INFO  c.y.common.aop.ControllerLogAspect - 接口结束: uri=/yq-admin/api/sysRole, controller=SysRoleController#pageRole, cost=4ms, result={"code":200,"message":"success","data":{"total":3,"pageNum":1,"pageSize":10,"records":[{"id":3,"roleCode":"head_teacher","roleName":"班主任","description":"班主任","status":"ACTIVE","createdAt":"Sat Apr 11 17:06:26 CST 2026"},{"id":2,"roleCode":"teacher","roleName":"讲师","status":"ACTIVE","createdAt":"Thu Apr 09 21:28:05 CST 2026"},{"id":1,"roleCode":"SUPER_ADMIN","roleName":"超级管理员","description":"拥有全部后台权限","status":"ACTIVE","createdAt":"Thu Apr 09 20:50:38 CST 2026"}]}}
2026-06-11 21:57:56.337 [http-nio-8080-exec-10] [9ce06be3] [1] DEBUG c.y.m.u.m.SysUserMapper.selectById - ==>  Preparing: select id, username, password, nickname, real_name, phone, email, union_id, status, created_at, updated_at from sys_user where id = ?
2026-06-11 21:57:56.337 [http-nio-8080-exec-10] [9ce06be3] [1] DEBUG c.y.m.u.m.SysUserMapper.selectById - ==> Parameters: 1(Long)
2026-06-11 21:57:56.338 [http-nio-8080-exec-10] [9ce06be3] [1] DEBUG c.y.m.u.m.SysUserMapper.selectById - <==      Total: 1
2026-06-11 21:57:56.338 [http-nio-8080-exec-10] [9ce06be3] [1] DEBUG c.y.m.u.m.S.selectRoleIdsByUserId - ==>  Preparing: select role_id from sys_user_role where user_id = ? order by role_id asc
2026-06-11 21:57:56.338 [http-nio-8080-exec-10] [9ce06be3] [1] DEBUG c.y.m.u.m.S.selectRoleIdsByUserId - ==> Parameters: 1(Long)
2026-06-11 21:57:56.340 [http-nio-8080-exec-10] [9ce06be3] [1] DEBUG c.y.m.u.m.S.selectRoleIdsByUserId - <==      Total: 1
2026-06-11 21:57:56.340 [http-nio-8080-exec-10] [9ce06be3] [1] DEBUG c.y.m.u.m.SysRoleMapper.selectList - ==>  Preparing: select id, role_code, role_name, description, status, created_at, updated_at from sys_role WHERE id in ( ? )
2026-06-11 21:57:56.340 [http-nio-8080-exec-10] [9ce06be3] [1] DEBUG c.y.m.u.m.SysRoleMapper.selectList - ==> Parameters: 1(Long)
2026-06-11 21:57:56.341 [http-nio-8080-exec-10] [9ce06be3] [1] DEBUG c.y.m.u.m.SysRoleMapper.selectList - <==      Total: 1
2026-06-11 21:57:56.341 [http-nio-8080-exec-10] [9ce06be3] [1] DEBUG c.y.m.u.m.S.selectPermissionIdsByRoleId - ==>  Preparing: select permission_id from sys_role_permission where role_id in ( ? ) order by permission_id asc
2026-06-11 21:57:56.341 [http-nio-8080-exec-10] [9ce06be3] [1] DEBUG c.y.m.u.m.S.selectPermissionIdsByRoleId - ==> Parameters: 1(Long)
2026-06-11 21:57:56.341 [http-nio-8080-exec-10] [9ce06be3] [1] DEBUG c.y.m.u.m.S.selectPermissionIdsByRoleId - <==      Total: 4
2026-06-11 21:57:56.341 [http-nio-8080-exec-10] [9ce06be3] [1] DEBUG c.y.m.u.m.S.selectList - ==>  Preparing: select id, parent_id, permission_code, permission_name, permission_type, api_path, sort_num, description, status, created_at, updated_at from sys_permission WHERE id in ( ? , ? , ? , ? )
2026-06-11 21:57:56.342 [http-nio-8080-exec-10] [9ce06be3] [1] DEBUG c.y.m.u.m.S.selectList - ==> Parameters: 101(Long), 106(Long), 113(Long), 117(Long)
2026-06-11 21:57:56.342 [http-nio-8080-exec-10] [9ce06be3] [1] DEBUG c.y.m.u.m.S.selectList - <==      Total: 4
2026-06-11 21:57:56.344 [http-nio-8080-exec-10] [9ce06be3] [1] INFO  c.y.common.aop.ControllerLogAspect - 接口开始: uri=/yq-admin/api/eduClass, httpMethod=GET, controller=EduClassController#pageClass, args=[{"name":"req","value":{"pageNum":1,"pageSize":10}}]
2026-06-11 21:57:56.347 [http-nio-8080-exec-10] [9ce06be3] [1] DEBUG c.y.m.e.m.E.selectPage_COUNT - ==>  Preparing: SELECT count(0) FROM edu_class
2026-06-11 21:57:56.347 [http-nio-8080-exec-10] [9ce06be3] [1] DEBUG c.y.m.e.m.E.selectPage_COUNT - ==> Parameters: 
2026-06-11 21:57:56.348 [http-nio-8080-exec-10] [9ce06be3] [1] DEBUG c.y.m.e.m.E.selectPage_COUNT - <==      Total: 1
2026-06-11 21:57:56.348 [http-nio-8080-exec-10] [9ce06be3] [1] DEBUG c.y.m.e.m.EduClassMapper.selectPage - ==>  Preparing: select id, class_term, campus_id, head_teacher_id, class_status, start_time, course_id, student_count, created_at, updated_at from edu_class order by id desc LIMIT ?
2026-06-11 21:57:56.348 [http-nio-8080-exec-10] [9ce06be3] [1] DEBUG c.y.m.e.m.EduClassMapper.selectPage - ==> Parameters: 10(Integer)
2026-06-11 21:57:56.348 [http-nio-8080-exec-10] [9ce06be3] [1] DEBUG c.y.m.e.m.EduClassMapper.selectPage - <==      Total: 3
2026-06-11 21:57:56.348 [http-nio-8080-exec-10] [9ce06be3] [1] INFO  c.y.common.aop.ControllerLogAspect - 接口结束: uri=/yq-admin/api/eduClass, controller=EduClassController#pageClass, cost=6ms, result={"code":200,"message":"success","data":{"total":3,"pageNum":1,"pageSize":10,"records":[{"id":3,"classTerm":3,"campusId":1,"headTeacherId":3,"classStatus":"WAITING","startTime":"Thu Apr 16 00:00:00 CST 2026","courseId":1,"studentCount":0,"createdAt":"Mon Apr 13 20:34:39 CST 2026"},{"id":2,"classTerm":2,"campusId":1,"headTeacherId":3,"classStatus":"WAITING","startTime":"Mon Apr 13 00:00:00 CST 2026","courseId":1,"studentCount":0,"createdAt":"Mon Apr 13 20:15:52 CST 2026"},{"id":1,"classTerm":1,"campusId":1,"headTeacherId":3,"classStatus":"WAITING","startTime":"Mon Apr 13 00:00:00 CST 2026","courseId":1,"studentCount":0,"createdAt":"Sat Apr 11 17:09:28 CST 2026"}]}}
2026-06-11 21:57:56.852 [http-nio-8080-exec-1] [2ba02e75] [1] DEBUG c.y.m.u.m.SysUserMapper.selectById - ==>  Preparing: select id, username, password, nickname, real_name, phone, email, union_id, status, created_at, updated_at from sys_user where id = ?
2026-06-11 21:57:56.852 [http-nio-8080-exec-1] [2ba02e75] [1] DEBUG c.y.m.u.m.SysUserMapper.selectById - ==> Parameters: 1(Long)
2026-06-11 21:57:56.852 [http-nio-8080-exec-1] [2ba02e75] [1] DEBUG c.y.m.u.m.SysUserMapper.selectById - <==      Total: 1
2026-06-11 21:57:56.853 [http-nio-8080-exec-1] [2ba02e75] [1] DEBUG c.y.m.u.m.S.selectRoleIdsByUserId - ==>  Preparing: select role_id from sys_user_role where user_id = ? order by role_id asc
2026-06-11 21:57:56.853 [http-nio-8080-exec-1] [2ba02e75] [1] DEBUG c.y.m.u.m.S.selectRoleIdsByUserId - ==> Parameters: 1(Long)
2026-06-11 21:57:56.853 [http-nio-8080-exec-1] [2ba02e75] [1] DEBUG c.y.m.u.m.S.selectRoleIdsByUserId - <==      Total: 1
2026-06-11 21:57:56.853 [http-nio-8080-exec-1] [2ba02e75] [1] DEBUG c.y.m.u.m.SysRoleMapper.selectList - ==>  Preparing: select id, role_code, role_name, description, status, created_at, updated_at from sys_role WHERE id in ( ? )
2026-06-11 21:57:56.853 [http-nio-8080-exec-1] [2ba02e75] [1] DEBUG c.y.m.u.m.SysRoleMapper.selectList - ==> Parameters: 1(Long)
2026-06-11 21:57:56.854 [http-nio-8080-exec-1] [2ba02e75] [1] DEBUG c.y.m.u.m.SysRoleMapper.selectList - <==      Total: 1
2026-06-11 21:57:56.854 [http-nio-8080-exec-1] [2ba02e75] [1] DEBUG c.y.m.u.m.S.selectPermissionIdsByRoleId - ==>  Preparing: select permission_id from sys_role_permission where role_id in ( ? ) order by permission_id asc
2026-06-11 21:57:56.854 [http-nio-8080-exec-1] [2ba02e75] [1] DEBUG c.y.m.u.m.S.selectPermissionIdsByRoleId - ==> Parameters: 1(Long)
2026-06-11 21:57:56.854 [http-nio-8080-exec-1] [2ba02e75] [1] DEBUG c.y.m.u.m.S.selectPermissionIdsByRoleId - <==      Total: 4
2026-06-11 21:57:56.854 [http-nio-8080-exec-1] [2ba02e75] [1] DEBUG c.y.m.u.m.S.selectList - ==>  Preparing: select id, parent_id, permission_code, permission_name, permission_type, api_path, sort_num, description, status, created_at, updated_at from sys_permission WHERE id in ( ? , ? , ? , ? )
2026-06-11 21:57:56.854 [http-nio-8080-exec-1] [2ba02e75] [1] DEBUG c.y.m.u.m.S.selectList - ==> Parameters: 101(Long), 106(Long), 113(Long), 117(Long)
2026-06-11 21:57:56.855 [http-nio-8080-exec-1] [2ba02e75] [1] DEBUG c.y.m.u.m.S.selectList - <==      Total: 4
2026-06-11 21:57:56.855 [http-nio-8080-exec-1] [2ba02e75] [1] INFO  c.y.common.aop.ControllerLogAspect - 接口开始: uri=/yq-admin/api/eduCampus, httpMethod=GET, controller=EduCampusController#pageCampus, args=[{"name":"req","value":{"pageNum":1,"pageSize":10}}]
2026-06-11 21:57:56.858 [http-nio-8080-exec-1] [2ba02e75] [1] DEBUG c.y.m.e.m.E.selectPage_COUNT - ==>  Preparing: SELECT count(0) FROM edu_campus
2026-06-11 21:57:56.858 [http-nio-8080-exec-1] [2ba02e75] [1] DEBUG c.y.m.e.m.E.selectPage_COUNT - ==> Parameters: 
2026-06-11 21:57:56.859 [http-nio-8080-exec-1] [2ba02e75] [1] DEBUG c.y.m.e.m.E.selectPage_COUNT - <==      Total: 1
2026-06-11 21:57:56.859 [http-nio-8080-exec-1] [2ba02e75] [1] DEBUG c.y.m.e.m.EduCampusMapper.selectPage - ==>  Preparing: select id, campus_name, principal_user_id, address, contact_phone, remark, status, created_at, updated_at from edu_campus order by id desc LIMIT ?
2026-06-11 21:57:56.859 [http-nio-8080-exec-1] [2ba02e75] [1] DEBUG c.y.m.e.m.EduCampusMapper.selectPage - ==> Parameters: 10(Integer)
2026-06-11 21:57:56.861 [http-nio-8080-exec-1] [2ba02e75] [1] DEBUG c.y.m.e.m.EduCampusMapper.selectPage - <==      Total: 1
2026-06-11 21:57:56.861 [http-nio-8080-exec-1] [2ba02e75] [1] INFO  c.y.common.aop.ControllerLogAspect - 接口结束: uri=/yq-admin/api/eduCampus, controller=EduCampusController#pageCampus, cost=6ms, result={"code":200,"message":"success","data":{"total":1,"pageNum":1,"pageSize":10,"records":[{"id":1,"campusName":"杭州校区","principalUserId":2,"address":"杭州市余杭区","contactPhone":"13549684561","status":1,"createdAt":"Sat Apr 11 15:51:21 CST 2026","updatedAt":"Sat Apr 11 15:51:21 CST 2026"}]}}
2026-06-11 21:57:57.420 [http-nio-8080-exec-2] [e2282699] [1] DEBUG c.y.m.u.m.SysUserMapper.selectById - ==>  Preparing: select id, username, password, nickname, real_name, phone, email, union_id, status, created_at, updated_at from sys_user where id = ?
2026-06-11 21:57:57.421 [http-nio-8080-exec-2] [e2282699] [1] DEBUG c.y.m.u.m.SysUserMapper.selectById - ==> Parameters: 1(Long)
2026-06-11 21:57:57.421 [http-nio-8080-exec-2] [e2282699] [1] DEBUG c.y.m.u.m.SysUserMapper.selectById - <==      Total: 1
2026-06-11 21:57:57.421 [http-nio-8080-exec-2] [e2282699] [1] DEBUG c.y.m.u.m.S.selectRoleIdsByUserId - ==>  Preparing: select role_id from sys_user_role where user_id = ? order by role_id asc
2026-06-11 21:57:57.421 [http-nio-8080-exec-2] [e2282699] [1] DEBUG c.y.m.u.m.S.selectRoleIdsByUserId - ==> Parameters: 1(Long)
2026-06-11 21:57:57.422 [http-nio-8080-exec-2] [e2282699] [1] DEBUG c.y.m.u.m.S.selectRoleIdsByUserId - <==      Total: 1
2026-06-11 21:57:57.422 [http-nio-8080-exec-2] [e2282699] [1] DEBUG c.y.m.u.m.SysRoleMapper.selectList - ==>  Preparing: select id, role_code, role_name, description, status, created_at, updated_at from sys_role WHERE id in ( ? )
2026-06-11 21:57:57.422 [http-nio-8080-exec-2] [e2282699] [1] DEBUG c.y.m.u.m.SysRoleMapper.selectList - ==> Parameters: 1(Long)
2026-06-11 21:57:57.422 [http-nio-8080-exec-2] [e2282699] [1] DEBUG c.y.m.u.m.SysRoleMapper.selectList - <==      Total: 1
2026-06-11 21:57:57.423 [http-nio-8080-exec-2] [e2282699] [1] DEBUG c.y.m.u.m.S.selectPermissionIdsByRoleId - ==>  Preparing: select permission_id from sys_role_permission where role_id in ( ? ) order by permission_id asc
2026-06-11 21:57:57.423 [http-nio-8080-exec-2] [e2282699] [1] DEBUG c.y.m.u.m.S.selectPermissionIdsByRoleId - ==> Parameters: 1(Long)
2026-06-11 21:57:57.423 [http-nio-8080-exec-2] [e2282699] [1] DEBUG c.y.m.u.m.S.selectPermissionIdsByRoleId - <==      Total: 4
2026-06-11 21:57:57.423 [http-nio-8080-exec-2] [e2282699] [1] DEBUG c.y.m.u.m.S.selectList - ==>  Preparing: select id, parent_id, permission_code, permission_name, permission_type, api_path, sort_num, description, status, created_at, updated_at from sys_permission WHERE id in ( ? , ? , ? , ? )
2026-06-11 21:57:57.423 [http-nio-8080-exec-2] [e2282699] [1] DEBUG c.y.m.u.m.S.selectList - ==> Parameters: 101(Long), 106(Long), 113(Long), 117(Long)
2026-06-11 21:57:57.423 [http-nio-8080-exec-2] [e2282699] [1] DEBUG c.y.m.u.m.S.selectList - <==      Total: 4
2026-06-11 21:57:57.424 [http-nio-8080-exec-2] [e2282699] [1] INFO  c.y.common.aop.ControllerLogAspect - 接口开始: uri=/yq-admin/api/eduStudent, httpMethod=GET, controller=EduStudentController#pageStudent, args=[{"name":"req","value":{"pageNum":1,"pageSize":10}}]
2026-06-11 21:57:57.428 [http-nio-8080-exec-2] [e2282699] [1] DEBUG c.y.m.e.m.E.selectPage_COUNT - ==>  Preparing: SELECT count(0) FROM edu_student
2026-06-11 21:57:57.428 [http-nio-8080-exec-2] [e2282699] [1] DEBUG c.y.m.e.m.E.selectPage_COUNT - ==> Parameters: 
2026-06-11 21:57:57.430 [http-nio-8080-exec-2] [e2282699] [1] DEBUG c.y.m.e.m.E.selectPage_COUNT - <==      Total: 1
2026-06-11 21:57:57.430 [http-nio-8080-exec-2] [e2282699] [1] DEBUG c.y.m.e.m.E.selectPage - ==>  Preparing: select id, student_code, student_name, phone, graduation_session, school, education, study_mode, class_id, product_id, join_time, created_at, updated_at from edu_student order by id desc LIMIT ?
2026-06-11 21:57:57.430 [http-nio-8080-exec-2] [e2282699] [1] DEBUG c.y.m.e.m.E.selectPage - ==> Parameters: 10(Integer)
2026-06-11 21:57:57.430 [http-nio-8080-exec-2] [e2282699] [1] DEBUG c.y.m.e.m.E.selectPage - <==      Total: 10
2026-06-11 21:57:57.430 [http-nio-8080-exec-2] [e2282699] [1] INFO  c.y.common.aop.ControllerLogAspect - 接口结束: uri=/yq-admin/api/eduStudent, controller=EduStudentController#pageStudent, cost=6ms, result={"code":200,"message":"success","data":{"total":10,"pageNum":1,"pageSize":10,"records":[{"id":10,"studentCode":"XS20260527544261","studentName":"赵九","phone":"13273576020","graduationSession":2026,"school":"湖南师范大学","education":"硕士","studyMode":"ONLINE","productId":3,"joinTime":"Wed May 27 21:32:06 CST 2026","createdAt":"Wed May 27 21:32:23 CST 2026","updatedAt":"Wed May 27 21:32:23 CST 2026"},{"id":9,"studentCode":"XS20260526215429","studentName":"赵六","phone":"13762922580","graduationSession":2026,"school":"湖南师范大学","education":"硕士","studyMode":"ONLINE","productId":3,"joinTime":"Tue May 26 17:18:07 CST 2026","createdAt":"Tue May 26 17:18:15 CST 2026","updatedAt":"Tue May 26 17:18:15 CST 2026"},{"id":8,"studentCode":"XS20260514684479","studentName":"哈哈","phone":"13273576029","graduationSession":2026,"school":"湖南师范大学","education":"本科","studyMode":"OFFLINE","classId":2,"productId":1,"joinTime":"Thu May 14 17:45:03 CST 2026","createdAt":"Thu May 14 17:45:10 CST 2026","updatedAt":"Thu May 14 17:45:10 CST 2026"},{"id":7,"studentCode":"XS20260429790522","studentName":"王六","phone":"13273576027","graduationSession":2026,"school":"湖南师范大学","education":"博士","studyMode":"ONLINE","productId":2,"joinTime":"Wed Apr 29 22:59:06 CST 2026","createdAt":"Wed Apr 29 22:59:15 CST 2026","updatedAt":"Wed Apr 29 22:59:15 CST 2026"},{"id":6,"studentCode":"XS20260417641291","studentName":"赵六","phone":"15118191034","graduationSession":2026,"school":"洪江一中","education":"本科","studyMode":"OFFLINE","classId":3,"productId":1,"joinTime":"Fri Apr 17 22:25:31 CST 2026","createdAt":"Fri Apr 17 22:25:50 CST 2026","updatedAt":"Fri Apr 17 22:25:50 CST 2026"},{"id":5,"studentCode":"XS20260417193131","studentName":"黄某","phone":"15118191031","graduationSession":2026,"school":"洪江一中","education":"本科","studyMode":"OFFLINE","classId":1,"productId":1,"joinTime":"Fri Apr 17 15:09:40 CST 2026","createdAt":"Fri Apr 17 15:10:18 CST 2026","updatedAt":"Fri Apr 17 15:10:18 CST 2026"},{"id":4,"studentCode":"XS20260416122330","studentName":"黄某","phone":"13273576024","graduationSession":2026,"school":"洪江一中","education":"大专","studyMode":"OFFLINE","classId":1,"productId":1,"joinTime":"Thu Apr 16 22:41:38 CST 2026","createdAt":"Thu Apr 16 22:42:25 CST 2026","updatedAt":"Thu Apr 16 22:42:25 CST 2026"},{"id":3,"studentCode":"XS20260416572329","studentName":"向某","phone":"13273576023","graduationSession":2026,"school":"洪江一中","education":"本科","studyMode":"OFFLINE","classId":2,"productId":1,"joinTime":"Thu Apr 16 22:28:40 CST 2026","createdAt":"Thu Apr 16 22:34:48 CST 2026","updatedAt":"Thu Apr 16 22:34:48 CST 2026"},{"id":2,"studentCode":"XS20260416896906","studentName":"王王","phone":"15118191032","graduationSession":2026,"school":"湖南师范大学","education":"大专","studyMode":"OFFLINE","classId":2,"productId":1,"joinTime":"Thu Apr 16 17:55:46 CST 2026","createdAt":"Thu Apr 16 18:01:02 CST 2026","updatedAt":"Thu Apr 16 18:01:02 CST 2026"},{"id":1,"studentCode":"XS20260416496798","studentName":"赵家","phone":"13273672819","graduationSession":2026,"school":"湖南师范大学","education":"本科","studyMode":"OFFLINE","classId":1,"productId":1,"joinTime":"Thu Apr 16 17:52:36 CST 2026","createdAt":"Thu Apr 16 17:53:12 CST 2026","updatedAt":"Thu Apr 16 17:53:12 CST 2026"}]}}
2026-06-11 22:00:30.200 [http-nio-8080-exec-3] [1e9cc4ff] [1] DEBUG c.y.m.u.m.SysUserMapper.selectById - ==>  Preparing: select id, username, password, nickname, real_name, phone, email, union_id, status, created_at, updated_at from sys_user where id = ?
2026-06-11 22:00:30.200 [http-nio-8080-exec-3] [1e9cc4ff] [1] DEBUG c.y.m.u.m.SysUserMapper.selectById - ==> Parameters: 1(Long)
2026-06-11 22:00:30.202 [http-nio-8080-exec-3] [1e9cc4ff] [1] DEBUG c.y.m.u.m.SysUserMapper.selectById - <==      Total: 1
2026-06-11 22:00:30.203 [http-nio-8080-exec-3] [1e9cc4ff] [1] DEBUG c.y.m.u.m.S.selectRoleIdsByUserId - ==>  Preparing: select role_id from sys_user_role where user_id = ? order by role_id asc
2026-06-11 22:00:30.203 [http-nio-8080-exec-3] [1e9cc4ff] [1] DEBUG c.y.m.u.m.S.selectRoleIdsByUserId - ==> Parameters: 1(Long)
2026-06-11 22:00:30.203 [http-nio-8080-exec-3] [1e9cc4ff] [1] DEBUG c.y.m.u.m.S.selectRoleIdsByUserId - <==      Total: 1
2026-06-11 22:00:30.204 [http-nio-8080-exec-3] [1e9cc4ff] [1] DEBUG c.y.m.u.m.SysRoleMapper.selectList - ==>  Preparing: select id, role_code, role_name, description, status, created_at, updated_at from sys_role WHERE id in ( ? )
2026-06-11 22:00:30.204 [http-nio-8080-exec-3] [1e9cc4ff] [1] DEBUG c.y.m.u.m.SysRoleMapper.selectList - ==> Parameters: 1(Long)
2026-06-11 22:00:30.204 [http-nio-8080-exec-3] [1e9cc4ff] [1] DEBUG c.y.m.u.m.SysRoleMapper.selectList - <==      Total: 1
2026-06-11 22:00:30.204 [http-nio-8080-exec-3] [1e9cc4ff] [1] DEBUG c.y.m.u.m.S.selectPermissionIdsByRoleId - ==>  Preparing: select permission_id from sys_role_permission where role_id in ( ? ) order by permission_id asc
2026-06-11 22:00:30.204 [http-nio-8080-exec-3] [1e9cc4ff] [1] DEBUG c.y.m.u.m.S.selectPermissionIdsByRoleId - ==> Parameters: 1(Long)
2026-06-11 22:00:30.205 [http-nio-8080-exec-3] [1e9cc4ff] [1] DEBUG c.y.m.u.m.S.selectPermissionIdsByRoleId - <==      Total: 4
2026-06-11 22:00:30.205 [http-nio-8080-exec-3] [1e9cc4ff] [1] DEBUG c.y.m.u.m.S.selectList - ==>  Preparing: select id, parent_id, permission_code, permission_name, permission_type, api_path, sort_num, description, status, created_at, updated_at from sys_permission WHERE id in ( ? , ? , ? , ? )
2026-06-11 22:00:30.206 [http-nio-8080-exec-3] [1e9cc4ff] [1] DEBUG c.y.m.u.m.S.selectList - ==> Parameters: 101(Long), 106(Long), 113(Long), 117(Long)
2026-06-11 22:00:30.206 [http-nio-8080-exec-3] [1e9cc4ff] [1] DEBUG c.y.m.u.m.S.selectList - <==      Total: 4
2026-06-11 22:00:30.207 [http-nio-8080-exec-3] [1e9cc4ff] [1] INFO  c.y.common.aop.ControllerLogAspect - 接口开始: uri=/yq-admin/api/eduStudent, httpMethod=GET, controller=EduStudentController#pageStudent, args=[{"name":"req","value":{"pageNum":1,"pageSize":10}}]
2026-06-11 22:00:30.215 [http-nio-8080-exec-3] [1e9cc4ff] [1] DEBUG c.y.m.e.m.E.selectPage_COUNT - ==>  Preparing: SELECT count(0) FROM edu_student
2026-06-11 22:00:30.216 [http-nio-8080-exec-3] [1e9cc4ff] [1] DEBUG c.y.m.e.m.E.selectPage_COUNT - ==> Parameters: 
2026-06-11 22:00:30.217 [http-nio-8080-exec-3] [1e9cc4ff] [1] DEBUG c.y.m.e.m.E.selectPage_COUNT - <==      Total: 1
2026-06-11 22:00:30.217 [http-nio-8080-exec-3] [1e9cc4ff] [1] DEBUG c.y.m.e.m.E.selectPage - ==>  Preparing: select id, student_code, student_name, phone, graduation_session, school, education, study_mode, class_id, product_id, join_time, created_at, updated_at from edu_student order by id desc LIMIT ?
2026-06-11 22:00:30.217 [http-nio-8080-exec-3] [1e9cc4ff] [1] DEBUG c.y.m.e.m.E.selectPage - ==> Parameters: 10(Integer)
2026-06-11 22:00:30.219 [http-nio-8080-exec-3] [1e9cc4ff] [1] DEBUG c.y.m.e.m.E.selectPage - <==      Total: 10
2026-06-11 22:00:30.219 [http-nio-8080-exec-3] [1e9cc4ff] [1] INFO  c.y.common.aop.ControllerLogAspect - 接口结束: uri=/yq-admin/api/eduStudent, controller=EduStudentController#pageStudent, cost=12ms, result={"code":200,"message":"success","data":{"total":10,"pageNum":1,"pageSize":10,"records":[{"id":10,"studentCode":"XS20260527544261","studentName":"赵九","phone":"13273576020","graduationSession":2026,"school":"湖南师范大学","education":"硕士","studyMode":"ONLINE","productId":3,"joinTime":"Wed May 27 21:32:06 CST 2026","createdAt":"Wed May 27 21:32:23 CST 2026","updatedAt":"Wed May 27 21:32:23 CST 2026"},{"id":9,"studentCode":"XS20260526215429","studentName":"赵六","phone":"13762922580","graduationSession":2026,"school":"湖南师范大学","education":"硕士","studyMode":"ONLINE","productId":3,"joinTime":"Tue May 26 17:18:07 CST 2026","createdAt":"Tue May 26 17:18:15 CST 2026","updatedAt":"Tue May 26 17:18:15 CST 2026"},{"id":8,"studentCode":"XS20260514684479","studentName":"哈哈","phone":"13273576029","graduationSession":2026,"school":"湖南师范大学","education":"本科","studyMode":"OFFLINE","classId":2,"productId":1,"joinTime":"Thu May 14 17:45:03 CST 2026","createdAt":"Thu May 14 17:45:10 CST 2026","updatedAt":"Thu May 14 17:45:10 CST 2026"},{"id":7,"studentCode":"XS20260429790522","studentName":"王六","phone":"13273576027","graduationSession":2026,"school":"湖南师范大学","education":"博士","studyMode":"ONLINE","productId":2,"joinTime":"Wed Apr 29 22:59:06 CST 2026","createdAt":"Wed Apr 29 22:59:15 CST 2026","updatedAt":"Wed Apr 29 22:59:15 CST 2026"},{"id":6,"studentCode":"XS20260417641291","studentName":"赵六","phone":"15118191034","graduationSession":2026,"school":"洪江一中","education":"本科","studyMode":"OFFLINE","classId":3,"productId":1,"joinTime":"Fri Apr 17 22:25:31 CST 2026","createdAt":"Fri Apr 17 22:25:50 CST 2026","updatedAt":"Fri Apr 17 22:25:50 CST 2026"},{"id":5,"studentCode":"XS20260417193131","studentName":"黄某","phone":"15118191031","graduationSession":2026,"school":"洪江一中","education":"本科","studyMode":"OFFLINE","classId":1,"productId":1,"joinTime":"Fri Apr 17 15:09:40 CST 2026","createdAt":"Fri Apr 17 15:10:18 CST 2026","updatedAt":"Fri Apr 17 15:10:18 CST 2026"},{"id":4,"studentCode":"XS20260416122330","studentName":"黄某","phone":"13273576024","graduationSession":2026,"school":"洪江一中","education":"大专","studyMode":"OFFLINE","classId":1,"productId":1,"joinTime":"Thu Apr 16 22:41:38 CST 2026","createdAt":"Thu Apr 16 22:42:25 CST 2026","updatedAt":"Thu Apr 16 22:42:25 CST 2026"},{"id":3,"studentCode":"XS20260416572329","studentName":"向某","phone":"13273576023","graduationSession":2026,"school":"洪江一中","education":"本科","studyMode":"OFFLINE","classId":2,"productId":1,"joinTime":"Thu Apr 16 22:28:40 CST 2026","createdAt":"Thu Apr 16 22:34:48 CST 2026","updatedAt":"Thu Apr 16 22:34:48 CST 2026"},{"id":2,"studentCode":"XS20260416896906","studentName":"王王","phone":"15118191032","graduationSession":2026,"school":"湖南师范大学","education":"大专","studyMode":"OFFLINE","classId":2,"productId":1,"joinTime":"Thu Apr 16 17:55:46 CST 2026","createdAt":"Thu Apr 16 18:01:02 CST 2026","updatedAt":"Thu Apr 16 18:01:02 CST 2026"},{"id":1,"studentCode":"XS20260416496798","studentName":"赵家","phone":"13273672819","graduationSession":2026,"school":"湖南师范大学","education":"本科","studyMode":"OFFLINE","classId":1,"productId":1,"joinTime":"Thu Apr 16 17:52:36 CST 2026","createdAt":"Thu Apr 16 17:53:12 CST 2026","updatedAt":"Thu Apr 16 17:53:12 CST 2026"}]}}
2026-06-11 22:00:36.657 [http-nio-8080-exec-4] [929bba8b] [1] DEBUG c.y.m.u.m.SysUserMapper.selectById - ==>  Preparing: select id, username, password, nickname, real_name, phone, email, union_id, status, created_at, updated_at from sys_user where id = ?
2026-06-11 22:00:36.657 [http-nio-8080-exec-4] [929bba8b] [1] DEBUG c.y.m.u.m.SysUserMapper.selectById - ==> Parameters: 1(Long)
2026-06-11 22:00:36.658 [http-nio-8080-exec-4] [929bba8b] [1] DEBUG c.y.m.u.m.SysUserMapper.selectById - <==      Total: 1
2026-06-11 22:00:36.659 [http-nio-8080-exec-4] [929bba8b] [1] DEBUG c.y.m.u.m.S.selectRoleIdsByUserId - ==>  Preparing: select role_id from sys_user_role where user_id = ? order by role_id asc
2026-06-11 22:00:36.659 [http-nio-8080-exec-4] [929bba8b] [1] DEBUG c.y.m.u.m.S.selectRoleIdsByUserId - ==> Parameters: 1(Long)
2026-06-11 22:00:36.659 [http-nio-8080-exec-4] [929bba8b] [1] DEBUG c.y.m.u.m.S.selectRoleIdsByUserId - <==      Total: 1
2026-06-11 22:00:36.661 [http-nio-8080-exec-4] [929bba8b] [1] DEBUG c.y.m.u.m.SysRoleMapper.selectList - ==>  Preparing: select id, role_code, role_name, description, status, created_at, updated_at from sys_role WHERE id in ( ? )
2026-06-11 22:00:36.661 [http-nio-8080-exec-4] [929bba8b] [1] DEBUG c.y.m.u.m.SysRoleMapper.selectList - ==> Parameters: 1(Long)
2026-06-11 22:00:36.661 [http-nio-8080-exec-4] [929bba8b] [1] DEBUG c.y.m.u.m.SysRoleMapper.selectList - <==      Total: 1
2026-06-11 22:00:36.662 [http-nio-8080-exec-4] [929bba8b] [1] DEBUG c.y.m.u.m.S.selectPermissionIdsByRoleId - ==>  Preparing: select permission_id from sys_role_permission where role_id in ( ? ) order by permission_id asc
2026-06-11 22:00:36.662 [http-nio-8080-exec-4] [929bba8b] [1] DEBUG c.y.m.u.m.S.selectPermissionIdsByRoleId - ==> Parameters: 1(Long)
2026-06-11 22:00:36.662 [http-nio-8080-exec-4] [929bba8b] [1] DEBUG c.y.m.u.m.S.selectPermissionIdsByRoleId - <==      Total: 4
2026-06-11 22:00:36.663 [http-nio-8080-exec-4] [929bba8b] [1] DEBUG c.y.m.u.m.S.selectList - ==>  Preparing: select id, parent_id, permission_code, permission_name, permission_type, api_path, sort_num, description, status, created_at, updated_at from sys_permission WHERE id in ( ? , ? , ? , ? )
2026-06-11 22:00:36.663 [http-nio-8080-exec-4] [929bba8b] [1] DEBUG c.y.m.u.m.S.selectList - ==> Parameters: 101(Long), 106(Long), 113(Long), 117(Long)
2026-06-11 22:00:36.663 [http-nio-8080-exec-4] [929bba8b] [1] DEBUG c.y.m.u.m.S.selectList - <==      Total: 4
2026-06-11 22:00:36.664 [http-nio-8080-exec-4] [929bba8b] [1] INFO  c.y.common.aop.ControllerLogAspect - 接口开始: uri=/yq-admin/api/eduStudent, httpMethod=GET, controller=EduStudentController#pageStudent, args=[{"name":"req","value":{"pageNum":1,"pageSize":10}}]
2026-06-11 22:00:36.669 [http-nio-8080-exec-4] [929bba8b] [1] DEBUG c.y.m.e.m.E.selectPage_COUNT - ==>  Preparing: SELECT count(0) FROM edu_student
2026-06-11 22:00:36.670 [http-nio-8080-exec-4] [929bba8b] [1] DEBUG c.y.m.e.m.E.selectPage_COUNT - ==> Parameters: 
2026-06-11 22:00:36.670 [http-nio-8080-exec-4] [929bba8b] [1] DEBUG c.y.m.e.m.E.selectPage_COUNT - <==      Total: 1
2026-06-11 22:00:36.672 [http-nio-8080-exec-4] [929bba8b] [1] DEBUG c.y.m.e.m.E.selectPage - ==>  Preparing: select id, student_code, student_name, phone, graduation_session, school, education, study_mode, class_id, product_id, join_time, created_at, updated_at from edu_student order by id desc LIMIT ?
2026-06-11 22:00:36.672 [http-nio-8080-exec-4] [929bba8b] [1] DEBUG c.y.m.e.m.E.selectPage - ==> Parameters: 10(Integer)
2026-06-11 22:00:36.672 [http-nio-8080-exec-4] [929bba8b] [1] DEBUG c.y.m.e.m.E.selectPage - <==      Total: 10
2026-06-11 22:00:36.673 [http-nio-8080-exec-4] [929bba8b] [1] INFO  c.y.common.aop.ControllerLogAspect - 接口结束: uri=/yq-admin/api/eduStudent, controller=EduStudentController#pageStudent, cost=9ms, result={"code":200,"message":"success","data":{"total":10,"pageNum":1,"pageSize":10,"records":[{"id":10,"studentCode":"XS20260527544261","studentName":"赵九","phone":"13273576020","graduationSession":2026,"school":"湖南师范大学","education":"硕士","studyMode":"ONLINE","productId":3,"joinTime":"Wed May 27 21:32:06 CST 2026","createdAt":"Wed May 27 21:32:23 CST 2026","updatedAt":"Wed May 27 21:32:23 CST 2026"},{"id":9,"studentCode":"XS20260526215429","studentName":"赵六","phone":"13762922580","graduationSession":2026,"school":"湖南师范大学","education":"硕士","studyMode":"ONLINE","productId":3,"joinTime":"Tue May 26 17:18:07 CST 2026","createdAt":"Tue May 26 17:18:15 CST 2026","updatedAt":"Tue May 26 17:18:15 CST 2026"},{"id":8,"studentCode":"XS20260514684479","studentName":"哈哈","phone":"13273576029","graduationSession":2026,"school":"湖南师范大学","education":"本科","studyMode":"OFFLINE","classId":2,"productId":1,"joinTime":"Thu May 14 17:45:03 CST 2026","createdAt":"Thu May 14 17:45:10 CST 2026","updatedAt":"Thu May 14 17:45:10 CST 2026"},{"id":7,"studentCode":"XS20260429790522","studentName":"王六","phone":"13273576027","graduationSession":2026,"school":"湖南师范大学","education":"博士","studyMode":"ONLINE","productId":2,"joinTime":"Wed Apr 29 22:59:06 CST 2026","createdAt":"Wed Apr 29 22:59:15 CST 2026","updatedAt":"Wed Apr 29 22:59:15 CST 2026"},{"id":6,"studentCode":"XS20260417641291","studentName":"赵六","phone":"15118191034","graduationSession":2026,"school":"洪江一中","education":"本科","studyMode":"OFFLINE","classId":3,"productId":1,"joinTime":"Fri Apr 17 22:25:31 CST 2026","createdAt":"Fri Apr 17 22:25:50 CST 2026","updatedAt":"Fri Apr 17 22:25:50 CST 2026"},{"id":5,"studentCode":"XS20260417193131","studentName":"黄某","phone":"15118191031","graduationSession":2026,"school":"洪江一中","education":"本科","studyMode":"OFFLINE","classId":1,"productId":1,"joinTime":"Fri Apr 17 15:09:40 CST 2026","createdAt":"Fri Apr 17 15:10:18 CST 2026","updatedAt":"Fri Apr 17 15:10:18 CST 2026"},{"id":4,"studentCode":"XS20260416122330","studentName":"黄某","phone":"13273576024","graduationSession":2026,"school":"洪江一中","education":"大专","studyMode":"OFFLINE","classId":1,"productId":1,"joinTime":"Thu Apr 16 22:41:38 CST 2026","createdAt":"Thu Apr 16 22:42:25 CST 2026","updatedAt":"Thu Apr 16 22:42:25 CST 2026"},{"id":3,"studentCode":"XS20260416572329","studentName":"向某","phone":"13273576023","graduationSession":2026,"school":"洪江一中","education":"本科","studyMode":"OFFLINE","classId":2,"productId":1,"joinTime":"Thu Apr 16 22:28:40 CST 2026","createdAt":"Thu Apr 16 22:34:48 CST 2026","updatedAt":"Thu Apr 16 22:34:48 CST 2026"},{"id":2,"studentCode":"XS20260416896906","studentName":"王王","phone":"15118191032","graduationSession":2026,"school":"湖南师范大学","education":"大专","studyMode":"OFFLINE","classId":2,"productId":1,"joinTime":"Thu Apr 16 17:55:46 CST 2026","createdAt":"Thu Apr 16 18:01:02 CST 2026","updatedAt":"Thu Apr 16 18:01:02 CST 2026"},{"id":1,"studentCode":"XS20260416496798","studentName":"赵家","phone":"13273672819","graduationSession":2026,"school":"湖南师范大学","education":"本科","studyMode":"OFFLINE","classId":1,"productId":1,"joinTime":"Thu Apr 16 17:52:36 CST 2026","createdAt":"Thu Apr 16 17:53:12 CST 2026","updatedAt":"Thu Apr 16 17:53:12 CST 2026"}]}}
2026-06-11 22:00:38.364 [http-nio-8080-exec-5] [59ad4661] [1] DEBUG c.y.m.u.m.SysUserMapper.selectById - ==>  Preparing: select id, username, password, nickname, real_name, phone, email, union_id, status, created_at, updated_at from sys_user where id = ?
2026-06-11 22:00:38.364 [http-nio-8080-exec-5] [59ad4661] [1] DEBUG c.y.m.u.m.SysUserMapper.selectById - ==> Parameters: 1(Long)
2026-06-11 22:00:38.364 [http-nio-8080-exec-5] [59ad4661] [1] DEBUG c.y.m.u.m.SysUserMapper.selectById - <==      Total: 1
2026-06-11 22:00:38.365 [http-nio-8080-exec-5] [59ad4661] [1] DEBUG c.y.m.u.m.S.selectRoleIdsByUserId - ==>  Preparing: select role_id from sys_user_role where user_id = ? order by role_id asc
2026-06-11 22:00:38.365 [http-nio-8080-exec-5] [59ad4661] [1] DEBUG c.y.m.u.m.S.selectRoleIdsByUserId - ==> Parameters: 1(Long)
2026-06-11 22:00:38.365 [http-nio-8080-exec-5] [59ad4661] [1] DEBUG c.y.m.u.m.S.selectRoleIdsByUserId - <==      Total: 1
2026-06-11 22:00:38.365 [http-nio-8080-exec-5] [59ad4661] [1] DEBUG c.y.m.u.m.SysRoleMapper.selectList - ==>  Preparing: select id, role_code, role_name, description, status, created_at, updated_at from sys_role WHERE id in ( ? )
2026-06-11 22:00:38.365 [http-nio-8080-exec-5] [59ad4661] [1] DEBUG c.y.m.u.m.SysRoleMapper.selectList - ==> Parameters: 1(Long)
2026-06-11 22:00:38.365 [http-nio-8080-exec-5] [59ad4661] [1] DEBUG c.y.m.u.m.SysRoleMapper.selectList - <==      Total: 1
2026-06-11 22:00:38.366 [http-nio-8080-exec-5] [59ad4661] [1] DEBUG c.y.m.u.m.S.selectPermissionIdsByRoleId - ==>  Preparing: select permission_id from sys_role_permission where role_id in ( ? ) order by permission_id asc
2026-06-11 22:00:38.366 [http-nio-8080-exec-5] [59ad4661] [1] DEBUG c.y.m.u.m.S.selectPermissionIdsByRoleId - ==> Parameters: 1(Long)
2026-06-11 22:00:38.366 [http-nio-8080-exec-5] [59ad4661] [1] DEBUG c.y.m.u.m.S.selectPermissionIdsByRoleId - <==      Total: 4
2026-06-11 22:00:38.367 [http-nio-8080-exec-5] [59ad4661] [1] DEBUG c.y.m.u.m.S.selectList - ==>  Preparing: select id, parent_id, permission_code, permission_name, permission_type, api_path, sort_num, description, status, created_at, updated_at from sys_permission WHERE id in ( ? , ? , ? , ? )
2026-06-11 22:00:38.367 [http-nio-8080-exec-5] [59ad4661] [1] DEBUG c.y.m.u.m.S.selectList - ==> Parameters: 101(Long), 106(Long), 113(Long), 117(Long)
2026-06-11 22:00:38.367 [http-nio-8080-exec-5] [59ad4661] [1] DEBUG c.y.m.u.m.S.selectList - <==      Total: 4
2026-06-11 22:00:38.368 [http-nio-8080-exec-5] [59ad4661] [1] INFO  c.y.common.aop.ControllerLogAspect - 接口开始: uri=/yq-admin/api/eduCampus, httpMethod=GET, controller=EduCampusController#pageCampus, args=[{"name":"req","value":{"pageNum":1,"pageSize":10}}]
2026-06-11 22:00:38.372 [http-nio-8080-exec-5] [59ad4661] [1] DEBUG c.y.m.e.m.E.selectPage_COUNT - ==>  Preparing: SELECT count(0) FROM edu_campus
2026-06-11 22:00:38.372 [http-nio-8080-exec-5] [59ad4661] [1] DEBUG c.y.m.e.m.E.selectPage_COUNT - ==> Parameters: 
2026-06-11 22:00:38.373 [http-nio-8080-exec-5] [59ad4661] [1] DEBUG c.y.m.e.m.E.selectPage_COUNT - <==      Total: 1
2026-06-11 22:00:38.373 [http-nio-8080-exec-5] [59ad4661] [1] DEBUG c.y.m.e.m.EduCampusMapper.selectPage - ==>  Preparing: select id, campus_name, principal_user_id, address, contact_phone, remark, status, created_at, updated_at from edu_campus order by id desc LIMIT ?
2026-06-11 22:00:38.373 [http-nio-8080-exec-5] [59ad4661] [1] DEBUG c.y.m.e.m.EduCampusMapper.selectPage - ==> Parameters: 10(Integer)
2026-06-11 22:00:38.373 [http-nio-8080-exec-5] [59ad4661] [1] DEBUG c.y.m.e.m.EduCampusMapper.selectPage - <==      Total: 1
2026-06-11 22:00:38.374 [http-nio-8080-exec-5] [59ad4661] [1] INFO  c.y.common.aop.ControllerLogAspect - 接口结束: uri=/yq-admin/api/eduCampus, controller=EduCampusController#pageCampus, cost=6ms, result={"code":200,"message":"success","data":{"total":1,"pageNum":1,"pageSize":10,"records":[{"id":1,"campusName":"杭州校区","principalUserId":2,"address":"杭州市余杭区","contactPhone":"13549684561","status":1,"createdAt":"Sat Apr 11 15:51:21 CST 2026","updatedAt":"Sat Apr 11 15:51:21 CST 2026"}]}}
2026-06-11 22:00:38.896 [http-nio-8080-exec-6] [042f806e] [1] DEBUG c.y.m.u.m.SysUserMapper.selectById - ==>  Preparing: select id, username, password, nickname, real_name, phone, email, union_id, status, created_at, updated_at from sys_user where id = ?
2026-06-11 22:00:38.896 [http-nio-8080-exec-6] [042f806e] [1] DEBUG c.y.m.u.m.SysUserMapper.selectById - ==> Parameters: 1(Long)
2026-06-11 22:00:38.897 [http-nio-8080-exec-6] [042f806e] [1] DEBUG c.y.m.u.m.SysUserMapper.selectById - <==      Total: 1
2026-06-11 22:00:38.897 [http-nio-8080-exec-6] [042f806e] [1] DEBUG c.y.m.u.m.S.selectRoleIdsByUserId - ==>  Preparing: select role_id from sys_user_role where user_id = ? order by role_id asc
2026-06-11 22:00:38.897 [http-nio-8080-exec-6] [042f806e] [1] DEBUG c.y.m.u.m.S.selectRoleIdsByUserId - ==> Parameters: 1(Long)
2026-06-11 22:00:38.897 [http-nio-8080-exec-6] [042f806e] [1] DEBUG c.y.m.u.m.S.selectRoleIdsByUserId - <==      Total: 1
2026-06-11 22:00:38.898 [http-nio-8080-exec-6] [042f806e] [1] DEBUG c.y.m.u.m.SysRoleMapper.selectList - ==>  Preparing: select id, role_code, role_name, description, status, created_at, updated_at from sys_role WHERE id in ( ? )
2026-06-11 22:00:38.898 [http-nio-8080-exec-6] [042f806e] [1] DEBUG c.y.m.u.m.SysRoleMapper.selectList - ==> Parameters: 1(Long)
2026-06-11 22:00:38.898 [http-nio-8080-exec-6] [042f806e] [1] DEBUG c.y.m.u.m.SysRoleMapper.selectList - <==      Total: 1
2026-06-11 22:00:38.898 [http-nio-8080-exec-6] [042f806e] [1] DEBUG c.y.m.u.m.S.selectPermissionIdsByRoleId - ==>  Preparing: select permission_id from sys_role_permission where role_id in ( ? ) order by permission_id asc
2026-06-11 22:00:38.898 [http-nio-8080-exec-6] [042f806e] [1] DEBUG c.y.m.u.m.S.selectPermissionIdsByRoleId - ==> Parameters: 1(Long)
2026-06-11 22:00:38.898 [http-nio-8080-exec-6] [042f806e] [1] DEBUG c.y.m.u.m.S.selectPermissionIdsByRoleId - <==      Total: 4
2026-06-11 22:00:38.899 [http-nio-8080-exec-6] [042f806e] [1] DEBUG c.y.m.u.m.S.selectList - ==>  Preparing: select id, parent_id, permission_code, permission_name, permission_type, api_path, sort_num, description, status, created_at, updated_at from sys_permission WHERE id in ( ? , ? , ? , ? )
2026-06-11 22:00:38.899 [http-nio-8080-exec-6] [042f806e] [1] DEBUG c.y.m.u.m.S.selectList - ==> Parameters: 101(Long), 106(Long), 113(Long), 117(Long)
2026-06-11 22:00:38.899 [http-nio-8080-exec-6] [042f806e] [1] DEBUG c.y.m.u.m.S.selectList - <==      Total: 4
2026-06-11 22:00:38.901 [http-nio-8080-exec-6] [042f806e] [1] INFO  c.y.common.aop.ControllerLogAspect - 接口开始: uri=/yq-admin/api/eduStudent, httpMethod=GET, controller=EduStudentController#pageStudent, args=[{"name":"req","value":{"pageNum":1,"pageSize":10}}]
2026-06-11 22:00:38.905 [http-nio-8080-exec-6] [042f806e] [1] DEBUG c.y.m.e.m.E.selectPage_COUNT - ==>  Preparing: SELECT count(0) FROM edu_student
2026-06-11 22:00:38.905 [http-nio-8080-exec-6] [042f806e] [1] DEBUG c.y.m.e.m.E.selectPage_COUNT - ==> Parameters: 
2026-06-11 22:00:38.907 [http-nio-8080-exec-6] [042f806e] [1] DEBUG c.y.m.e.m.E.selectPage_COUNT - <==      Total: 1
2026-06-11 22:00:38.907 [http-nio-8080-exec-6] [042f806e] [1] DEBUG c.y.m.e.m.E.selectPage - ==>  Preparing: select id, student_code, student_name, phone, graduation_session, school, education, study_mode, class_id, product_id, join_time, created_at, updated_at from edu_student order by id desc LIMIT ?
2026-06-11 22:00:38.907 [http-nio-8080-exec-6] [042f806e] [1] DEBUG c.y.m.e.m.E.selectPage - ==> Parameters: 10(Integer)
2026-06-11 22:00:38.908 [http-nio-8080-exec-6] [042f806e] [1] DEBUG c.y.m.e.m.E.selectPage - <==      Total: 10
2026-06-11 22:00:38.908 [http-nio-8080-exec-6] [042f806e] [1] INFO  c.y.common.aop.ControllerLogAspect - 接口结束: uri=/yq-admin/api/eduStudent, controller=EduStudentController#pageStudent, cost=7ms, result={"code":200,"message":"success","data":{"total":10,"pageNum":1,"pageSize":10,"records":[{"id":10,"studentCode":"XS20260527544261","studentName":"赵九","phone":"13273576020","graduationSession":2026,"school":"湖南师范大学","education":"硕士","studyMode":"ONLINE","productId":3,"joinTime":"Wed May 27 21:32:06 CST 2026","createdAt":"Wed May 27 21:32:23 CST 2026","updatedAt":"Wed May 27 21:32:23 CST 2026"},{"id":9,"studentCode":"XS20260526215429","studentName":"赵六","phone":"13762922580","graduationSession":2026,"school":"湖南师范大学","education":"硕士","studyMode":"ONLINE","productId":3,"joinTime":"Tue May 26 17:18:07 CST 2026","createdAt":"Tue May 26 17:18:15 CST 2026","updatedAt":"Tue May 26 17:18:15 CST 2026"},{"id":8,"studentCode":"XS20260514684479","studentName":"哈哈","phone":"13273576029","graduationSession":2026,"school":"湖南师范大学","education":"本科","studyMode":"OFFLINE","classId":2,"productId":1,"joinTime":"Thu May 14 17:45:03 CST 2026","createdAt":"Thu May 14 17:45:10 CST 2026","updatedAt":"Thu May 14 17:45:10 CST 2026"},{"id":7,"studentCode":"XS20260429790522","studentName":"王六","phone":"13273576027","graduationSession":2026,"school":"湖南师范大学","education":"博士","studyMode":"ONLINE","productId":2,"joinTime":"Wed Apr 29 22:59:06 CST 2026","createdAt":"Wed Apr 29 22:59:15 CST 2026","updatedAt":"Wed Apr 29 22:59:15 CST 2026"},{"id":6,"studentCode":"XS20260417641291","studentName":"赵六","phone":"15118191034","graduationSession":2026,"school":"洪江一中","education":"本科","studyMode":"OFFLINE","classId":3,"productId":1,"joinTime":"Fri Apr 17 22:25:31 CST 2026","createdAt":"Fri Apr 17 22:25:50 CST 2026","updatedAt":"Fri Apr 17 22:25:50 CST 2026"},{"id":5,"studentCode":"XS20260417193131","studentName":"黄某","phone":"15118191031","graduationSession":2026,"school":"洪江一中","education":"本科","studyMode":"OFFLINE","classId":1,"productId":1,"joinTime":"Fri Apr 17 15:09:40 CST 2026","createdAt":"Fri Apr 17 15:10:18 CST 2026","updatedAt":"Fri Apr 17 15:10:18 CST 2026"},{"id":4,"studentCode":"XS20260416122330","studentName":"黄某","phone":"13273576024","graduationSession":2026,"school":"洪江一中","education":"大专","studyMode":"OFFLINE","classId":1,"productId":1,"joinTime":"Thu Apr 16 22:41:38 CST 2026","createdAt":"Thu Apr 16 22:42:25 CST 2026","updatedAt":"Thu Apr 16 22:42:25 CST 2026"},{"id":3,"studentCode":"XS20260416572329","studentName":"向某","phone":"13273576023","graduationSession":2026,"school":"洪江一中","education":"本科","studyMode":"OFFLINE","classId":2,"productId":1,"joinTime":"Thu Apr 16 22:28:40 CST 2026","createdAt":"Thu Apr 16 22:34:48 CST 2026","updatedAt":"Thu Apr 16 22:34:48 CST 2026"},{"id":2,"studentCode":"XS20260416896906","studentName":"王王","phone":"15118191032","graduationSession":2026,"school":"湖南师范大学","education":"大专","studyMode":"OFFLINE","classId":2,"productId":1,"joinTime":"Thu Apr 16 17:55:46 CST 2026","createdAt":"Thu Apr 16 18:01:02 CST 2026","updatedAt":"Thu Apr 16 18:01:02 CST 2026"},{"id":1,"studentCode":"XS20260416496798","studentName":"赵家","phone":"13273672819","graduationSession":2026,"school":"湖南师范大学","education":"本科","studyMode":"OFFLINE","classId":1,"productId":1,"joinTime":"Thu Apr 16 17:52:36 CST 2026","createdAt":"Thu Apr 16 17:53:12 CST 2026","updatedAt":"Thu Apr 16 17:53:12 CST 2026"}]}}
2026-06-11 22:00:41.171 [http-nio-8080-exec-7] [1c4b6647] [1] DEBUG c.y.m.u.m.SysUserMapper.selectById - ==>  Preparing: select id, username, password, nickname, real_name, phone, email, union_id, status, created_at, updated_at from sys_user where id = ?
2026-06-11 22:00:41.171 [http-nio-8080-exec-7] [1c4b6647] [1] DEBUG c.y.m.u.m.SysUserMapper.selectById - ==> Parameters: 1(Long)
2026-06-11 22:00:41.172 [http-nio-8080-exec-7] [1c4b6647] [1] DEBUG c.y.m.u.m.SysUserMapper.selectById - <==      Total: 1
2026-06-11 22:00:41.172 [http-nio-8080-exec-7] [1c4b6647] [1] DEBUG c.y.m.u.m.S.selectRoleIdsByUserId - ==>  Preparing: select role_id from sys_user_role where user_id = ? order by role_id asc
2026-06-11 22:00:41.173 [http-nio-8080-exec-7] [1c4b6647] [1] DEBUG c.y.m.u.m.S.selectRoleIdsByUserId - ==> Parameters: 1(Long)
2026-06-11 22:00:41.173 [http-nio-8080-exec-7] [1c4b6647] [1] DEBUG c.y.m.u.m.S.selectRoleIdsByUserId - <==      Total: 1
2026-06-11 22:00:41.173 [http-nio-8080-exec-7] [1c4b6647] [1] DEBUG c.y.m.u.m.SysRoleMapper.selectList - ==>  Preparing: select id, role_code, role_name, description, status, created_at, updated_at from sys_role WHERE id in ( ? )
2026-06-11 22:00:41.173 [http-nio-8080-exec-7] [1c4b6647] [1] DEBUG c.y.m.u.m.SysRoleMapper.selectList - ==> Parameters: 1(Long)
2026-06-11 22:00:41.174 [http-nio-8080-exec-7] [1c4b6647] [1] DEBUG c.y.m.u.m.SysRoleMapper.selectList - <==      Total: 1
2026-06-11 22:00:41.174 [http-nio-8080-exec-7] [1c4b6647] [1] DEBUG c.y.m.u.m.S.selectPermissionIdsByRoleId - ==>  Preparing: select permission_id from sys_role_permission where role_id in ( ? ) order by permission_id asc
2026-06-11 22:00:41.174 [http-nio-8080-exec-7] [1c4b6647] [1] DEBUG c.y.m.u.m.S.selectPermissionIdsByRoleId - ==> Parameters: 1(Long)
2026-06-11 22:00:41.175 [http-nio-8080-exec-7] [1c4b6647] [1] DEBUG c.y.m.u.m.S.selectPermissionIdsByRoleId - <==      Total: 4
2026-06-11 22:00:41.175 [http-nio-8080-exec-7] [1c4b6647] [1] DEBUG c.y.m.u.m.S.selectList - ==>  Preparing: select id, parent_id, permission_code, permission_name, permission_type, api_path, sort_num, description, status, created_at, updated_at from sys_permission WHERE id in ( ? , ? , ? , ? )
2026-06-11 22:00:41.175 [http-nio-8080-exec-7] [1c4b6647] [1] DEBUG c.y.m.u.m.S.selectList - ==> Parameters: 101(Long), 106(Long), 113(Long), 117(Long)
2026-06-11 22:00:41.175 [http-nio-8080-exec-7] [1c4b6647] [1] DEBUG c.y.m.u.m.S.selectList - <==      Total: 4
2026-06-11 22:00:41.177 [http-nio-8080-exec-7] [1c4b6647] [1] INFO  c.y.common.aop.ControllerLogAspect - 接口开始: uri=/yq-admin/api/eduCampus, httpMethod=GET, controller=EduCampusController#pageCampus, args=[{"name":"req","value":{"pageNum":1,"pageSize":10}}]
2026-06-11 22:00:41.183 [http-nio-8080-exec-7] [1c4b6647] [1] DEBUG c.y.m.e.m.E.selectPage_COUNT - ==>  Preparing: SELECT count(0) FROM edu_campus
2026-06-11 22:00:41.183 [http-nio-8080-exec-7] [1c4b6647] [1] DEBUG c.y.m.e.m.E.selectPage_COUNT - ==> Parameters: 
2026-06-11 22:00:41.184 [http-nio-8080-exec-7] [1c4b6647] [1] DEBUG c.y.m.e.m.E.selectPage_COUNT - <==      Total: 1
2026-06-11 22:00:41.184 [http-nio-8080-exec-7] [1c4b6647] [1] DEBUG c.y.m.e.m.EduCampusMapper.selectPage - ==>  Preparing: select id, campus_name, principal_user_id, address, contact_phone, remark, status, created_at, updated_at from edu_campus order by id desc LIMIT ?
2026-06-11 22:00:41.185 [http-nio-8080-exec-7] [1c4b6647] [1] DEBUG c.y.m.e.m.EduCampusMapper.selectPage - ==> Parameters: 10(Integer)
2026-06-11 22:00:41.185 [http-nio-8080-exec-7] [1c4b6647] [1] DEBUG c.y.m.e.m.EduCampusMapper.selectPage - <==      Total: 1
2026-06-11 22:00:41.185 [http-nio-8080-exec-7] [1c4b6647] [1] INFO  c.y.common.aop.ControllerLogAspect - 接口结束: uri=/yq-admin/api/eduCampus, controller=EduCampusController#pageCampus, cost=8ms, result={"code":200,"message":"success","data":{"total":1,"pageNum":1,"pageSize":10,"records":[{"id":1,"campusName":"杭州校区","principalUserId":2,"address":"杭州市余杭区","contactPhone":"13549684561","status":1,"createdAt":"Sat Apr 11 15:51:21 CST 2026","updatedAt":"Sat Apr 11 15:51:21 CST 2026"}]}}
2026-06-11 22:00:43.263 [http-nio-8080-exec-8] [209d918e] [1] DEBUG c.y.m.u.m.SysUserMapper.selectById - ==>  Preparing: select id, username, password, nickname, real_name, phone, email, union_id, status, created_at, updated_at from sys_user where id = ?
2026-06-11 22:00:43.263 [http-nio-8080-exec-8] [209d918e] [1] DEBUG c.y.m.u.m.SysUserMapper.selectById - ==> Parameters: 1(Long)
2026-06-11 22:00:43.263 [http-nio-8080-exec-8] [209d918e] [1] DEBUG c.y.m.u.m.SysUserMapper.selectById - <==      Total: 1
2026-06-11 22:00:43.264 [http-nio-8080-exec-8] [209d918e] [1] DEBUG c.y.m.u.m.S.selectRoleIdsByUserId - ==>  Preparing: select role_id from sys_user_role where user_id = ? order by role_id asc
2026-06-11 22:00:43.264 [http-nio-8080-exec-8] [209d918e] [1] DEBUG c.y.m.u.m.S.selectRoleIdsByUserId - ==> Parameters: 1(Long)
2026-06-11 22:00:43.264 [http-nio-8080-exec-8] [209d918e] [1] DEBUG c.y.m.u.m.S.selectRoleIdsByUserId - <==      Total: 1
2026-06-11 22:00:43.265 [http-nio-8080-exec-8] [209d918e] [1] DEBUG c.y.m.u.m.SysRoleMapper.selectList - ==>  Preparing: select id, role_code, role_name, description, status, created_at, updated_at from sys_role WHERE id in ( ? )
2026-06-11 22:00:43.265 [http-nio-8080-exec-8] [209d918e] [1] DEBUG c.y.m.u.m.SysRoleMapper.selectList - ==> Parameters: 1(Long)
2026-06-11 22:00:43.265 [http-nio-8080-exec-8] [209d918e] [1] DEBUG c.y.m.u.m.SysRoleMapper.selectList - <==      Total: 1
2026-06-11 22:00:43.266 [http-nio-8080-exec-8] [209d918e] [1] DEBUG c.y.m.u.m.S.selectPermissionIdsByRoleId - ==>  Preparing: select permission_id from sys_role_permission where role_id in ( ? ) order by permission_id asc
2026-06-11 22:00:43.266 [http-nio-8080-exec-8] [209d918e] [1] DEBUG c.y.m.u.m.S.selectPermissionIdsByRoleId - ==> Parameters: 1(Long)
2026-06-11 22:00:43.266 [http-nio-8080-exec-8] [209d918e] [1] DEBUG c.y.m.u.m.S.selectPermissionIdsByRoleId - <==      Total: 4
2026-06-11 22:00:43.266 [http-nio-8080-exec-8] [209d918e] [1] DEBUG c.y.m.u.m.S.selectList - ==>  Preparing: select id, parent_id, permission_code, permission_name, permission_type, api_path, sort_num, description, status, created_at, updated_at from sys_permission WHERE id in ( ? , ? , ? , ? )
2026-06-11 22:00:43.266 [http-nio-8080-exec-8] [209d918e] [1] DEBUG c.y.m.u.m.S.selectList - ==> Parameters: 101(Long), 106(Long), 113(Long), 117(Long)
2026-06-11 22:00:43.267 [http-nio-8080-exec-8] [209d918e] [1] DEBUG c.y.m.u.m.S.selectList - <==      Total: 4
2026-06-11 22:00:43.267 [http-nio-8080-exec-8] [209d918e] [1] INFO  c.y.common.aop.ControllerLogAspect - 接口开始: uri=/yq-admin/api/eduStudent, httpMethod=GET, controller=EduStudentController#pageStudent, args=[{"name":"req","value":{"pageNum":1,"pageSize":10}}]
2026-06-11 22:00:43.272 [http-nio-8080-exec-8] [209d918e] [1] DEBUG c.y.m.e.m.E.selectPage_COUNT - ==>  Preparing: SELECT count(0) FROM edu_student
2026-06-11 22:00:43.272 [http-nio-8080-exec-8] [209d918e] [1] DEBUG c.y.m.e.m.E.selectPage_COUNT - ==> Parameters: 
2026-06-11 22:00:43.273 [http-nio-8080-exec-8] [209d918e] [1] DEBUG c.y.m.e.m.E.selectPage_COUNT - <==      Total: 1
2026-06-11 22:00:43.273 [http-nio-8080-exec-8] [209d918e] [1] DEBUG c.y.m.e.m.E.selectPage - ==>  Preparing: select id, student_code, student_name, phone, graduation_session, school, education, study_mode, class_id, product_id, join_time, created_at, updated_at from edu_student order by id desc LIMIT ?
2026-06-11 22:00:43.273 [http-nio-8080-exec-8] [209d918e] [1] DEBUG c.y.m.e.m.E.selectPage - ==> Parameters: 10(Integer)
2026-06-11 22:00:43.274 [http-nio-8080-exec-8] [209d918e] [1] DEBUG c.y.m.e.m.E.selectPage - <==      Total: 10
2026-06-11 22:00:43.274 [http-nio-8080-exec-8] [209d918e] [1] INFO  c.y.common.aop.ControllerLogAspect - 接口结束: uri=/yq-admin/api/eduStudent, controller=EduStudentController#pageStudent, cost=7ms, result={"code":200,"message":"success","data":{"total":10,"pageNum":1,"pageSize":10,"records":[{"id":10,"studentCode":"XS20260527544261","studentName":"赵九","phone":"13273576020","graduationSession":2026,"school":"湖南师范大学","education":"硕士","studyMode":"ONLINE","productId":3,"joinTime":"Wed May 27 21:32:06 CST 2026","createdAt":"Wed May 27 21:32:23 CST 2026","updatedAt":"Wed May 27 21:32:23 CST 2026"},{"id":9,"studentCode":"XS20260526215429","studentName":"赵六","phone":"13762922580","graduationSession":2026,"school":"湖南师范大学","education":"硕士","studyMode":"ONLINE","productId":3,"joinTime":"Tue May 26 17:18:07 CST 2026","createdAt":"Tue May 26 17:18:15 CST 2026","updatedAt":"Tue May 26 17:18:15 CST 2026"},{"id":8,"studentCode":"XS20260514684479","studentName":"哈哈","phone":"13273576029","graduationSession":2026,"school":"湖南师范大学","education":"本科","studyMode":"OFFLINE","classId":2,"productId":1,"joinTime":"Thu May 14 17:45:03 CST 2026","createdAt":"Thu May 14 17:45:10 CST 2026","updatedAt":"Thu May 14 17:45:10 CST 2026"},{"id":7,"studentCode":"XS20260429790522","studentName":"王六","phone":"13273576027","graduationSession":2026,"school":"湖南师范大学","education":"博士","studyMode":"ONLINE","productId":2,"joinTime":"Wed Apr 29 22:59:06 CST 2026","createdAt":"Wed Apr 29 22:59:15 CST 2026","updatedAt":"Wed Apr 29 22:59:15 CST 2026"},{"id":6,"studentCode":"XS20260417641291","studentName":"赵六","phone":"15118191034","graduationSession":2026,"school":"洪江一中","education":"本科","studyMode":"OFFLINE","classId":3,"productId":1,"joinTime":"Fri Apr 17 22:25:31 CST 2026","createdAt":"Fri Apr 17 22:25:50 CST 2026","updatedAt":"Fri Apr 17 22:25:50 CST 2026"},{"id":5,"studentCode":"XS20260417193131","studentName":"黄某","phone":"15118191031","graduationSession":2026,"school":"洪江一中","education":"本科","studyMode":"OFFLINE","classId":1,"productId":1,"joinTime":"Fri Apr 17 15:09:40 CST 2026","createdAt":"Fri Apr 17 15:10:18 CST 2026","updatedAt":"Fri Apr 17 15:10:18 CST 2026"},{"id":4,"studentCode":"XS20260416122330","studentName":"黄某","phone":"13273576024","graduationSession":2026,"school":"洪江一中","education":"大专","studyMode":"OFFLINE","classId":1,"productId":1,"joinTime":"Thu Apr 16 22:41:38 CST 2026","createdAt":"Thu Apr 16 22:42:25 CST 2026","updatedAt":"Thu Apr 16 22:42:25 CST 2026"},{"id":3,"studentCode":"XS20260416572329","studentName":"向某","phone":"13273576023","graduationSession":2026,"school":"洪江一中","education":"本科","studyMode":"OFFLINE","classId":2,"productId":1,"joinTime":"Thu Apr 16 22:28:40 CST 2026","createdAt":"Thu Apr 16 22:34:48 CST 2026","updatedAt":"Thu Apr 16 22:34:48 CST 2026"},{"id":2,"studentCode":"XS20260416896906","studentName":"王王","phone":"15118191032","graduationSession":2026,"school":"湖南师范大学","education":"大专","studyMode":"OFFLINE","classId":2,"productId":1,"joinTime":"Thu Apr 16 17:55:46 CST 2026","createdAt":"Thu Apr 16 18:01:02 CST 2026","updatedAt":"Thu Apr 16 18:01:02 CST 2026"},{"id":1,"studentCode":"XS20260416496798","studentName":"赵家","phone":"13273672819","graduationSession":2026,"school":"湖南师范大学","education":"本科","studyMode":"OFFLINE","classId":1,"productId":1,"joinTime":"Thu Apr 16 17:52:36 CST 2026","createdAt":"Thu Apr 16 17:53:12 CST 2026","updatedAt":"Thu Apr 16 17:53:12 CST 2026"}]}}
2026-06-11 22:00:49.679 [http-nio-8080-exec-9] [4be3ff52] [1] DEBUG c.y.m.u.m.SysUserMapper.selectById - ==>  Preparing: select id, username, password, nickname, real_name, phone, email, union_id, status, created_at, updated_at from sys_user where id = ?
2026-06-11 22:00:49.679 [http-nio-8080-exec-9] [4be3ff52] [1] DEBUG c.y.m.u.m.SysUserMapper.selectById - ==> Parameters: 1(Long)
2026-06-11 22:00:49.680 [http-nio-8080-exec-9] [4be3ff52] [1] DEBUG c.y.m.u.m.SysUserMapper.selectById - <==      Total: 1
2026-06-11 22:00:49.680 [http-nio-8080-exec-9] [4be3ff52] [1] DEBUG c.y.m.u.m.S.selectRoleIdsByUserId - ==>  Preparing: select role_id from sys_user_role where user_id = ? order by role_id asc
2026-06-11 22:00:49.680 [http-nio-8080-exec-9] [4be3ff52] [1] DEBUG c.y.m.u.m.S.selectRoleIdsByUserId - ==> Parameters: 1(Long)
2026-06-11 22:00:49.680 [http-nio-8080-exec-9] [4be3ff52] [1] DEBUG c.y.m.u.m.S.selectRoleIdsByUserId - <==      Total: 1
2026-06-11 22:00:49.682 [http-nio-8080-exec-9] [4be3ff52] [1] DEBUG c.y.m.u.m.SysRoleMapper.selectList - ==>  Preparing: select id, role_code, role_name, description, status, created_at, updated_at from sys_role WHERE id in ( ? )
2026-06-11 22:00:49.682 [http-nio-8080-exec-9] [4be3ff52] [1] DEBUG c.y.m.u.m.SysRoleMapper.selectList - ==> Parameters: 1(Long)
2026-06-11 22:00:49.682 [http-nio-8080-exec-9] [4be3ff52] [1] DEBUG c.y.m.u.m.SysRoleMapper.selectList - <==      Total: 1
2026-06-11 22:00:49.682 [http-nio-8080-exec-9] [4be3ff52] [1] DEBUG c.y.m.u.m.S.selectPermissionIdsByRoleId - ==>  Preparing: select permission_id from sys_role_permission where role_id in ( ? ) order by permission_id asc
2026-06-11 22:00:49.682 [http-nio-8080-exec-9] [4be3ff52] [1] DEBUG c.y.m.u.m.S.selectPermissionIdsByRoleId - ==> Parameters: 1(Long)
2026-06-11 22:00:49.683 [http-nio-8080-exec-9] [4be3ff52] [1] DEBUG c.y.m.u.m.S.selectPermissionIdsByRoleId - <==      Total: 4
2026-06-11 22:00:49.683 [http-nio-8080-exec-9] [4be3ff52] [1] DEBUG c.y.m.u.m.S.selectList - ==>  Preparing: select id, parent_id, permission_code, permission_name, permission_type, api_path, sort_num, description, status, created_at, updated_at from sys_permission WHERE id in ( ? , ? , ? , ? )
2026-06-11 22:00:49.683 [http-nio-8080-exec-9] [4be3ff52] [1] DEBUG c.y.m.u.m.S.selectList - ==> Parameters: 101(Long), 106(Long), 113(Long), 117(Long)
2026-06-11 22:00:49.683 [http-nio-8080-exec-9] [4be3ff52] [1] DEBUG c.y.m.u.m.S.selectList - <==      Total: 4
2026-06-11 22:00:49.684 [http-nio-8080-exec-9] [4be3ff52] [1] INFO  c.y.common.aop.ControllerLogAspect - 接口开始: uri=/yq-admin/api/eduCampus, httpMethod=GET, controller=EduCampusController#pageCampus, args=[{"name":"req","value":{"pageNum":1,"pageSize":10}}]
2026-06-11 22:00:49.687 [http-nio-8080-exec-9] [4be3ff52] [1] DEBUG c.y.m.e.m.E.selectPage_COUNT - ==>  Preparing: SELECT count(0) FROM edu_campus
2026-06-11 22:00:49.688 [http-nio-8080-exec-9] [4be3ff52] [1] DEBUG c.y.m.e.m.E.selectPage_COUNT - ==> Parameters: 
2026-06-11 22:00:49.688 [http-nio-8080-exec-9] [4be3ff52] [1] DEBUG c.y.m.e.m.E.selectPage_COUNT - <==      Total: 1
2026-06-11 22:00:49.689 [http-nio-8080-exec-9] [4be3ff52] [1] DEBUG c.y.m.e.m.EduCampusMapper.selectPage - ==>  Preparing: select id, campus_name, principal_user_id, address, contact_phone, remark, status, created_at, updated_at from edu_campus order by id desc LIMIT ?
2026-06-11 22:00:49.689 [http-nio-8080-exec-9] [4be3ff52] [1] DEBUG c.y.m.e.m.EduCampusMapper.selectPage - ==> Parameters: 10(Integer)
2026-06-11 22:00:49.689 [http-nio-8080-exec-9] [4be3ff52] [1] DEBUG c.y.m.e.m.EduCampusMapper.selectPage - <==      Total: 1
2026-06-11 22:00:49.689 [http-nio-8080-exec-9] [4be3ff52] [1] INFO  c.y.common.aop.ControllerLogAspect - 接口结束: uri=/yq-admin/api/eduCampus, controller=EduCampusController#pageCampus, cost=5ms, result={"code":200,"message":"success","data":{"total":1,"pageNum":1,"pageSize":10,"records":[{"id":1,"campusName":"杭州校区","principalUserId":2,"address":"杭州市余杭区","contactPhone":"13549684561","status":1,"createdAt":"Sat Apr 11 15:51:21 CST 2026","updatedAt":"Sat Apr 11 15:51:21 CST 2026"}]}}
2026-06-11 22:00:51.571 [http-nio-8080-exec-10] [d251c64a] [1] DEBUG c.y.m.u.m.SysUserMapper.selectById - ==>  Preparing: select id, username, password, nickname, real_name, phone, email, union_id, status, created_at, updated_at from sys_user where id = ?
2026-06-11 22:00:51.571 [http-nio-8080-exec-10] [d251c64a] [1] DEBUG c.y.m.u.m.SysUserMapper.selectById - ==> Parameters: 1(Long)
2026-06-11 22:00:51.571 [http-nio-8080-exec-10] [d251c64a] [1] DEBUG c.y.m.u.m.SysUserMapper.selectById - <==      Total: 1
2026-06-11 22:00:51.571 [http-nio-8080-exec-10] [d251c64a] [1] DEBUG c.y.m.u.m.S.selectRoleIdsByUserId - ==>  Preparing: select role_id from sys_user_role where user_id = ? order by role_id asc
2026-06-11 22:00:51.572 [http-nio-8080-exec-10] [d251c64a] [1] DEBUG c.y.m.u.m.S.selectRoleIdsByUserId - ==> Parameters: 1(Long)
2026-06-11 22:00:51.572 [http-nio-8080-exec-10] [d251c64a] [1] DEBUG c.y.m.u.m.S.selectRoleIdsByUserId - <==      Total: 1
2026-06-11 22:00:51.572 [http-nio-8080-exec-10] [d251c64a] [1] DEBUG c.y.m.u.m.SysRoleMapper.selectList - ==>  Preparing: select id, role_code, role_name, description, status, created_at, updated_at from sys_role WHERE id in ( ? )
2026-06-11 22:00:51.572 [http-nio-8080-exec-10] [d251c64a] [1] DEBUG c.y.m.u.m.SysRoleMapper.selectList - ==> Parameters: 1(Long)
2026-06-11 22:00:51.572 [http-nio-8080-exec-10] [d251c64a] [1] DEBUG c.y.m.u.m.SysRoleMapper.selectList - <==      Total: 1
2026-06-11 22:00:51.573 [http-nio-8080-exec-10] [d251c64a] [1] DEBUG c.y.m.u.m.S.selectPermissionIdsByRoleId - ==>  Preparing: select permission_id from sys_role_permission where role_id in ( ? ) order by permission_id asc
2026-06-11 22:00:51.573 [http-nio-8080-exec-10] [d251c64a] [1] DEBUG c.y.m.u.m.S.selectPermissionIdsByRoleId - ==> Parameters: 1(Long)
2026-06-11 22:00:51.573 [http-nio-8080-exec-10] [d251c64a] [1] DEBUG c.y.m.u.m.S.selectPermissionIdsByRoleId - <==      Total: 4
2026-06-11 22:00:51.573 [http-nio-8080-exec-10] [d251c64a] [1] DEBUG c.y.m.u.m.S.selectList - ==>  Preparing: select id, parent_id, permission_code, permission_name, permission_type, api_path, sort_num, description, status, created_at, updated_at from sys_permission WHERE id in ( ? , ? , ? , ? )
2026-06-11 22:00:51.573 [http-nio-8080-exec-10] [d251c64a] [1] DEBUG c.y.m.u.m.S.selectList - ==> Parameters: 101(Long), 106(Long), 113(Long), 117(Long)
2026-06-11 22:00:51.575 [http-nio-8080-exec-10] [d251c64a] [1] DEBUG c.y.m.u.m.S.selectList - <==      Total: 4
2026-06-11 22:00:51.575 [http-nio-8080-exec-10] [d251c64a] [1] INFO  c.y.common.aop.ControllerLogAspect - 接口开始: uri=/yq-admin/api/eduClass, httpMethod=GET, controller=EduClassController#pageClass, args=[{"name":"req","value":{"pageNum":1,"pageSize":10}}]
2026-06-11 22:00:51.579 [http-nio-8080-exec-10] [d251c64a] [1] DEBUG c.y.m.e.m.E.selectPage_COUNT - ==>  Preparing: SELECT count(0) FROM edu_class
2026-06-11 22:00:51.579 [http-nio-8080-exec-10] [d251c64a] [1] DEBUG c.y.m.e.m.E.selectPage_COUNT - ==> Parameters: 
2026-06-11 22:00:51.579 [http-nio-8080-exec-10] [d251c64a] [1] DEBUG c.y.m.e.m.E.selectPage_COUNT - <==      Total: 1
2026-06-11 22:00:51.580 [http-nio-8080-exec-10] [d251c64a] [1] DEBUG c.y.m.e.m.EduClassMapper.selectPage - ==>  Preparing: select id, class_term, campus_id, head_teacher_id, class_status, start_time, course_id, student_count, created_at, updated_at from edu_class order by id desc LIMIT ?
2026-06-11 22:00:51.580 [http-nio-8080-exec-10] [d251c64a] [1] DEBUG c.y.m.e.m.EduClassMapper.selectPage - ==> Parameters: 10(Integer)
2026-06-11 22:00:51.580 [http-nio-8080-exec-10] [d251c64a] [1] DEBUG c.y.m.e.m.EduClassMapper.selectPage - <==      Total: 3
2026-06-11 22:00:51.580 [http-nio-8080-exec-10] [d251c64a] [1] INFO  c.y.common.aop.ControllerLogAspect - 接口结束: uri=/yq-admin/api/eduClass, controller=EduClassController#pageClass, cost=5ms, result={"code":200,"message":"success","data":{"total":3,"pageNum":1,"pageSize":10,"records":[{"id":3,"classTerm":3,"campusId":1,"headTeacherId":3,"classStatus":"WAITING","startTime":"Thu Apr 16 00:00:00 CST 2026","courseId":1,"studentCount":0,"createdAt":"Mon Apr 13 20:34:39 CST 2026"},{"id":2,"classTerm":2,"campusId":1,"headTeacherId":3,"classStatus":"WAITING","startTime":"Mon Apr 13 00:00:00 CST 2026","courseId":1,"studentCount":0,"createdAt":"Mon Apr 13 20:15:52 CST 2026"},{"id":1,"classTerm":1,"campusId":1,"headTeacherId":3,"classStatus":"WAITING","startTime":"Mon Apr 13 00:00:00 CST 2026","courseId":1,"studentCount":0,"createdAt":"Sat Apr 11 17:09:28 CST 2026"}]}}
2026-06-11 22:00:54.908 [http-nio-8080-exec-1] [5d8a44c7] [1] DEBUG c.y.m.u.m.SysUserMapper.selectById - ==>  Preparing: select id, username, password, nickname, real_name, phone, email, union_id, status, created_at, updated_at from sys_user where id = ?
2026-06-11 22:00:54.908 [http-nio-8080-exec-1] [5d8a44c7] [1] DEBUG c.y.m.u.m.SysUserMapper.selectById - ==> Parameters: 1(Long)
2026-06-11 22:00:54.909 [http-nio-8080-exec-1] [5d8a44c7] [1] DEBUG c.y.m.u.m.SysUserMapper.selectById - <==      Total: 1
2026-06-11 22:00:54.909 [http-nio-8080-exec-1] [5d8a44c7] [1] DEBUG c.y.m.u.m.S.selectRoleIdsByUserId - ==>  Preparing: select role_id from sys_user_role where user_id = ? order by role_id asc
2026-06-11 22:00:54.909 [http-nio-8080-exec-1] [5d8a44c7] [1] DEBUG c.y.m.u.m.S.selectRoleIdsByUserId - ==> Parameters: 1(Long)
2026-06-11 22:00:54.911 [http-nio-8080-exec-1] [5d8a44c7] [1] DEBUG c.y.m.u.m.S.selectRoleIdsByUserId - <==      Total: 1
2026-06-11 22:00:54.911 [http-nio-8080-exec-1] [5d8a44c7] [1] DEBUG c.y.m.u.m.SysRoleMapper.selectList - ==>  Preparing: select id, role_code, role_name, description, status, created_at, updated_at from sys_role WHERE id in ( ? )
2026-06-11 22:00:54.911 [http-nio-8080-exec-1] [5d8a44c7] [1] DEBUG c.y.m.u.m.SysRoleMapper.selectList - ==> Parameters: 1(Long)
2026-06-11 22:00:54.912 [http-nio-8080-exec-1] [5d8a44c7] [1] DEBUG c.y.m.u.m.SysRoleMapper.selectList - <==      Total: 1
2026-06-11 22:00:54.912 [http-nio-8080-exec-1] [5d8a44c7] [1] DEBUG c.y.m.u.m.S.selectPermissionIdsByRoleId - ==>  Preparing: select permission_id from sys_role_permission where role_id in ( ? ) order by permission_id asc
2026-06-11 22:00:54.912 [http-nio-8080-exec-1] [5d8a44c7] [1] DEBUG c.y.m.u.m.S.selectPermissionIdsByRoleId - ==> Parameters: 1(Long)
2026-06-11 22:00:54.912 [http-nio-8080-exec-1] [5d8a44c7] [1] DEBUG c.y.m.u.m.S.selectPermissionIdsByRoleId - <==      Total: 4
2026-06-11 22:00:54.912 [http-nio-8080-exec-1] [5d8a44c7] [1] DEBUG c.y.m.u.m.S.selectList - ==>  Preparing: select id, parent_id, permission_code, permission_name, permission_type, api_path, sort_num, description, status, created_at, updated_at from sys_permission WHERE id in ( ? , ? , ? , ? )
2026-06-11 22:00:54.913 [http-nio-8080-exec-1] [5d8a44c7] [1] DEBUG c.y.m.u.m.S.selectList - ==> Parameters: 101(Long), 106(Long), 113(Long), 117(Long)
2026-06-11 22:00:54.913 [http-nio-8080-exec-1] [5d8a44c7] [1] DEBUG c.y.m.u.m.S.selectList - <==      Total: 4
2026-06-11 22:00:54.914 [http-nio-8080-exec-1] [5d8a44c7] [1] INFO  c.y.common.aop.ControllerLogAspect - 接口开始: uri=/yq-admin/api/sysPermission, httpMethod=GET, controller=SysPermissionController#pagePermission, args=[{"name":"req","value":{"pageNum":1,"pageSize":1000}}]
2026-06-11 22:00:54.918 [http-nio-8080-exec-1] [5d8a44c7] [1] DEBUG c.y.m.u.m.S.selectPage_COUNT - ==>  Preparing: SELECT count(0) FROM sys_permission
2026-06-11 22:00:54.919 [http-nio-8080-exec-1] [5d8a44c7] [1] DEBUG c.y.m.u.m.S.selectPage_COUNT - ==> Parameters: 
2026-06-11 22:00:54.920 [http-nio-8080-exec-1] [5d8a44c7] [1] DEBUG c.y.m.u.m.S.selectPage_COUNT - <==      Total: 1
2026-06-11 22:00:54.920 [http-nio-8080-exec-1] [5d8a44c7] [1] DEBUG c.y.m.u.m.S.selectPage - ==>  Preparing: select id, parent_id, permission_code, permission_name, permission_type, api_path, sort_num, description, status, created_at, updated_at from sys_permission order by sort_num asc, id desc LIMIT ?
2026-06-11 22:00:54.920 [http-nio-8080-exec-1] [5d8a44c7] [1] DEBUG c.y.m.u.m.S.selectPage - ==> Parameters: 1000(Integer)
2026-06-11 22:00:54.922 [http-nio-8080-exec-1] [5d8a44c7] [1] DEBUG c.y.m.u.m.S.selectPage - <==      Total: 177
2026-06-11 22:00:54.924 [http-nio-8080-exec-1] [5d8a44c7] [1] INFO  c.y.common.aop.ControllerLogAspect - 接口结束: uri=/yq-admin/api/sysPermission, controller=SysPermissionController#pagePermission, cost=10ms, result={"code":200,"message":"success","data":{"total":177,"pageNum":1,"pageSize":1000,"records":[{"id":287,"parentId":286,"permissionName":"面试复盘上传音频按钮","permissionType":"BUTTON","permissionCode":"button:interview-review:upload","sortNum":1,"status":"1","description":"面试复盘页面的上传音频按钮","createdAt":"Wed May 20 22:13:56 CST 2026"},{"id":272,"parentId":271,"permissionName":"自媒体生成选题按钮","permissionType":"BUTTON","permissionCode":"button:media-agent:generate-topics","sortNum":1,"status":"1","description":"自媒体创作页面的生成选题按钮","createdAt":"Sat May 09 16:32:32 CST 2026"},{"id":268,"parentId":267,"permissionName":"数据分析执行按钮","permissionType":"BUTTON","permissionCode":"button:data-analysis:analyze","sortNum":1,"status":"1","description":"数据分析页面的开始分析按钮","createdAt":"Fri May 08 16:42:19 CST 2026"},{"id":249,"parentId":121,"permissionName":"发布作业按钮","permissionType":"BUTTON","permissionCode":"button:homework:create","sortNum":1,"status":"1","description":"作业管理页面的发布作业按钮","createdAt":"Wed Apr 22 16:21:14 CST 2026"},{"id":247,"parentId":118,"permissionName":"学生绑定权限模板按钮","permissionType":"BUTTON","permissionCode":"button:student:bind-permission-template","sortNum":1,"status":"1","description":"学生管理页面的绑定权限模板按钮","createdAt":"Wed Apr 22 14:20:45 CST 2026"},{"id":243,"parentId":119,"permissionName":"学员权限模板新增按钮","permissionType":"BUTTON","permissionCode":"button:student-permission-template:create","sortNum":1,"status":"1","description":"学员权限模板页面的新增按钮","createdAt":"Mon Apr 20 00:05:46 CST 2026"},{"id":240,"parentId":115,"permissionName":"订单新增按钮","permissionType":"BUTTON","permissionCode":"button:order:create","sortNum":1,"status":"1","description":"订单管理页面的新增按钮","createdAt":"Sun Apr 12 23:10:59 CST 2026"},{"id":237,"parentId":114,"permissionName":"产品新增按钮","permissionType":"BUTTON","permissionCode":"button:product:create","sortNum":1,"status":"1","description":"产品管理页面的新增按钮","createdAt":"Sun Apr 12 14:19:04 CST 2026"},{"id":235,"parentId":112,"permissionName":"值班查看按钮","permissionType":"BUTTON","permissionCode":"button:duty:view","sortNum":1,"status":"1","description":"值班管理页面的查看按钮","createdAt":"Sun Apr 12 13:11:55 CST 2026"},{"id":234,"parentId":111,"permissionName":"老师课表查看按钮","permissionType":"BUTTON","permissionCode":"button:teacher-schedule:view","sortNum":1,"status":"1","description":"老师课表页面的查看按钮","createdAt":"Sun Apr 12 03:21:07 CST 2026"},{"id":231,"parentId":110,"permissionName":"课表查看按钮","permissionType":"BUTTON","permissionCode":"button:schedule:view","sortNum":1,"status":"1","description":"课表管理页面的查看按钮","createdAt":"Sat Apr 11 19:46:45 CST 2026"},{"id":227,"parentId":109,"permissionName":"班级新增按钮","permissionType":"BUTTON","permissionCode":"button:class:create","sortNum":1,"status":"1","description":"班级管理页面的新增按钮","createdAt":"Sat Apr 11 17:05:40 CST 2026"},{"id":218,"parentId":108,"permissionName":"课程新增按钮","permissionType":"BUTTON","permissionCode":"button:course:create","sortNum":1,"status":"1","description":"课程管理页面的新增按钮","createdAt":"Sat Apr 11 16:02:19 CST 2026"},{"id":215,"parentId":107,"permissionName":"校区新增按钮","permissionType":"BUTTON","permissionCode":"button:campus:create","sortNum":1,"status":"1","description":"校区管理页面的新增按钮","createdAt":"Sat Apr 11 15:49:16 CST 2026"},{"id":212,"parentId":105,"permissionName":"系统参数新增按钮","permissionType":"BUTTON","permissionCode":"button:config:create","sortNum":1,"status":"1","description":"系统参数页面的新增配置按钮","createdAt":"Fri Apr 10 20:08:09 CST 2026"},{"id":209,"parentId":104,"permissionName":"权限新增按钮","permissionType":"BUTTON","permissionCode":"button:permission:create","sortNum":1,"status":"1","description":"权限管理页面的新增权限按钮","createdAt":"Thu Apr 09 21:22:28 CST 2026"},{"id":205,"parentId":103,"permissionName":"角色新增按钮","permissionType":"BUTTON","permissionCode":"button:role:create","sortNum":1,"status":"1","description":"角色管理页面的新增角色按钮","createdAt":"Thu Apr 09 21:22:28 CST 2026"},{"id":201,"parentId":102,"permissionName":"用户新增按钮","permissionType":"BUTTON","permissionCode":"button:user:create","sortNum":1,"status":"ACTIVE","desc...(truncated)
2026-06-11 22:00:56.477 [http-nio-8080-exec-2] [de1014ee] [1] DEBUG c.y.m.u.m.SysUserMapper.selectById - ==>  Preparing: select id, username, password, nickname, real_name, phone, email, union_id, status, created_at, updated_at from sys_user where id = ?
2026-06-11 22:00:56.477 [http-nio-8080-exec-2] [de1014ee] [1] DEBUG c.y.m.u.m.SysUserMapper.selectById - ==> Parameters: 1(Long)
2026-06-11 22:00:56.478 [http-nio-8080-exec-2] [de1014ee] [1] DEBUG c.y.m.u.m.SysUserMapper.selectById - <==      Total: 1
2026-06-11 22:00:56.478 [http-nio-8080-exec-2] [de1014ee] [1] DEBUG c.y.m.u.m.S.selectRoleIdsByUserId - ==>  Preparing: select role_id from sys_user_role where user_id = ? order by role_id asc
2026-06-11 22:00:56.478 [http-nio-8080-exec-2] [de1014ee] [1] DEBUG c.y.m.u.m.S.selectRoleIdsByUserId - ==> Parameters: 1(Long)
2026-06-11 22:00:56.478 [http-nio-8080-exec-2] [de1014ee] [1] DEBUG c.y.m.u.m.S.selectRoleIdsByUserId - <==      Total: 1
2026-06-11 22:00:56.479 [http-nio-8080-exec-2] [de1014ee] [1] DEBUG c.y.m.u.m.SysRoleMapper.selectList - ==>  Preparing: select id, role_code, role_name, description, status, created_at, updated_at from sys_role WHERE id in ( ? )
2026-06-11 22:00:56.479 [http-nio-8080-exec-2] [de1014ee] [1] DEBUG c.y.m.u.m.SysRoleMapper.selectList - ==> Parameters: 1(Long)
2026-06-11 22:00:56.479 [http-nio-8080-exec-2] [de1014ee] [1] DEBUG c.y.m.u.m.SysRoleMapper.selectList - <==      Total: 1
2026-06-11 22:00:56.479 [http-nio-8080-exec-2] [de1014ee] [1] DEBUG c.y.m.u.m.S.selectPermissionIdsByRoleId - ==>  Preparing: select permission_id from sys_role_permission where role_id in ( ? ) order by permission_id asc
2026-06-11 22:00:56.479 [http-nio-8080-exec-2] [de1014ee] [1] DEBUG c.y.m.u.m.S.selectPermissionIdsByRoleId - ==> Parameters: 1(Long)
2026-06-11 22:00:56.480 [http-nio-8080-exec-2] [de1014ee] [1] DEBUG c.y.m.u.m.S.selectPermissionIdsByRoleId - <==      Total: 4
2026-06-11 22:00:56.480 [http-nio-8080-exec-2] [de1014ee] [1] DEBUG c.y.m.u.m.S.selectList - ==>  Preparing: select id, parent_id, permission_code, permission_name, permission_type, api_path, sort_num, description, status, created_at, updated_at from sys_permission WHERE id in ( ? , ? , ? , ? )
2026-06-11 22:00:56.480 [http-nio-8080-exec-2] [de1014ee] [1] DEBUG c.y.m.u.m.S.selectList - ==> Parameters: 101(Long), 106(Long), 113(Long), 117(Long)
2026-06-11 22:00:56.480 [http-nio-8080-exec-2] [de1014ee] [1] DEBUG c.y.m.u.m.S.selectList - <==      Total: 4
2026-06-11 22:00:56.481 [http-nio-8080-exec-2] [de1014ee] [1] INFO  c.y.common.aop.ControllerLogAspect - 接口开始: uri=/yq-admin/api/sysRole, httpMethod=GET, controller=SysRoleController#pageRole, args=[{"name":"req","value":{"pageNum":1,"pageSize":10}}]
2026-06-11 22:00:56.485 [http-nio-8080-exec-2] [de1014ee] [1] DEBUG c.y.m.u.m.S.selectPage_COUNT - ==>  Preparing: SELECT count(0) FROM sys_role
2026-06-11 22:00:56.485 [http-nio-8080-exec-2] [de1014ee] [1] DEBUG c.y.m.u.m.S.selectPage_COUNT - ==> Parameters: 
2026-06-11 22:00:56.486 [http-nio-8080-exec-2] [de1014ee] [1] DEBUG c.y.m.u.m.S.selectPage_COUNT - <==      Total: 1
2026-06-11 22:00:56.486 [http-nio-8080-exec-2] [de1014ee] [1] DEBUG c.y.m.u.m.SysRoleMapper.selectPage - ==>  Preparing: select id, role_code, role_name, description, status, created_at, updated_at from sys_role order by id desc LIMIT ?
2026-06-11 22:00:56.486 [http-nio-8080-exec-2] [de1014ee] [1] DEBUG c.y.m.u.m.SysRoleMapper.selectPage - ==> Parameters: 10(Integer)
2026-06-11 22:00:56.486 [http-nio-8080-exec-2] [de1014ee] [1] DEBUG c.y.m.u.m.SysRoleMapper.selectPage - <==      Total: 3
2026-06-11 22:00:56.487 [http-nio-8080-exec-2] [de1014ee] [1] INFO  c.y.common.aop.ControllerLogAspect - 接口结束: uri=/yq-admin/api/sysRole, controller=SysRoleController#pageRole, cost=5ms, result={"code":200,"message":"success","data":{"total":3,"pageNum":1,"pageSize":10,"records":[{"id":3,"roleCode":"head_teacher","roleName":"班主任","description":"班主任","status":"ACTIVE","createdAt":"Sat Apr 11 17:06:26 CST 2026"},{"id":2,"roleCode":"teacher","roleName":"讲师","status":"ACTIVE","createdAt":"Thu Apr 09 21:28:05 CST 2026"},{"id":1,"roleCode":"SUPER_ADMIN","roleName":"超级管理员","description":"拥有全部后台权限","status":"ACTIVE","createdAt":"Thu Apr 09 20:50:38 CST 2026"}]}}
2026-06-11 22:00:57.350 [http-nio-8080-exec-3] [ff7a0101] [1] DEBUG c.y.m.u.m.SysUserMapper.selectById - ==>  Preparing: select id, username, password, nickname, real_name, phone, email, union_id, status, created_at, updated_at from sys_user where id = ?
2026-06-11 22:00:57.350 [http-nio-8080-exec-3] [ff7a0101] [1] DEBUG c.y.m.u.m.SysUserMapper.selectById - ==> Parameters: 1(Long)
2026-06-11 22:00:57.351 [http-nio-8080-exec-3] [ff7a0101] [1] DEBUG c.y.m.u.m.SysUserMapper.selectById - <==      Total: 1
2026-06-11 22:00:57.351 [http-nio-8080-exec-3] [ff7a0101] [1] DEBUG c.y.m.u.m.S.selectRoleIdsByUserId - ==>  Preparing: select role_id from sys_user_role where user_id = ? order by role_id asc
2026-06-11 22:00:57.351 [http-nio-8080-exec-3] [ff7a0101] [1] DEBUG c.y.m.u.m.S.selectRoleIdsByUserId - ==> Parameters: 1(Long)
2026-06-11 22:00:57.351 [http-nio-8080-exec-3] [ff7a0101] [1] DEBUG c.y.m.u.m.S.selectRoleIdsByUserId - <==      Total: 1
2026-06-11 22:00:57.352 [http-nio-8080-exec-3] [ff7a0101] [1] DEBUG c.y.m.u.m.SysRoleMapper.selectList - ==>  Preparing: select id, role_code, role_name, description, status, created_at, updated_at from sys_role WHERE id in ( ? )
2026-06-11 22:00:57.352 [http-nio-8080-exec-3] [ff7a0101] [1] DEBUG c.y.m.u.m.SysRoleMapper.selectList - ==> Parameters: 1(Long)
2026-06-11 22:00:57.352 [http-nio-8080-exec-3] [ff7a0101] [1] DEBUG c.y.m.u.m.SysRoleMapper.selectList - <==      Total: 1
2026-06-11 22:00:57.352 [http-nio-8080-exec-3] [ff7a0101] [1] DEBUG c.y.m.u.m.S.selectPermissionIdsByRoleId - ==>  Preparing: select permission_id from sys_role_permission where role_id in ( ? ) order by permission_id asc
2026-06-11 22:00:57.352 [http-nio-8080-exec-3] [ff7a0101] [1] DEBUG c.y.m.u.m.S.selectPermissionIdsByRoleId - ==> Parameters: 1(Long)
2026-06-11 22:00:57.352 [http-nio-8080-exec-3] [ff7a0101] [1] DEBUG c.y.m.u.m.S.selectPermissionIdsByRoleId - <==      Total: 4
2026-06-11 22:00:57.353 [http-nio-8080-exec-3] [ff7a0101] [1] DEBUG c.y.m.u.m.S.selectList - ==>  Preparing: select id, parent_id, permission_code, permission_name, permission_type, api_path, sort_num, description, status, created_at, updated_at from sys_permission WHERE id in ( ? , ? , ? , ? )
2026-06-11 22:00:57.353 [http-nio-8080-exec-3] [ff7a0101] [1] DEBUG c.y.m.u.m.S.selectList - ==> Parameters: 101(Long), 106(Long), 113(Long), 117(Long)
2026-06-11 22:00:57.353 [http-nio-8080-exec-3] [ff7a0101] [1] DEBUG c.y.m.u.m.S.selectList - <==      Total: 4
2026-06-11 22:00:57.355 [http-nio-8080-exec-3] [ff7a0101] [1] INFO  c.y.common.aop.ControllerLogAspect - 接口开始: uri=/yq-admin/api/sysUser, httpMethod=GET, controller=SysUserController#pageUser, args=[{"name":"req","value":{"pageNum":1,"pageSize":10}}]
2026-06-11 22:00:57.359 [http-nio-8080-exec-3] [ff7a0101] [1] DEBUG c.y.m.u.m.S.selectPage_COUNT - ==>  Preparing: SELECT count(0) FROM sys_user
2026-06-11 22:00:57.359 [http-nio-8080-exec-3] [ff7a0101] [1] DEBUG c.y.m.u.m.S.selectPage_COUNT - ==> Parameters: 
2026-06-11 22:00:57.360 [http-nio-8080-exec-3] [ff7a0101] [1] DEBUG c.y.m.u.m.S.selectPage_COUNT - <==      Total: 1
2026-06-11 22:00:57.360 [http-nio-8080-exec-3] [ff7a0101] [1] DEBUG c.y.m.u.m.SysUserMapper.selectPage - ==>  Preparing: select id, username, password, nickname, real_name, phone, email, union_id, status, created_at, updated_at from sys_user order by id desc LIMIT ?
2026-06-11 22:00:57.360 [http-nio-8080-exec-3] [ff7a0101] [1] DEBUG c.y.m.u.m.SysUserMapper.selectPage - ==> Parameters: 10(Integer)
2026-06-11 22:00:57.360 [http-nio-8080-exec-3] [ff7a0101] [1] DEBUG c.y.m.u.m.SysUserMapper.selectPage - <==      Total: 6
2026-06-11 22:00:57.362 [http-nio-8080-exec-3] [ff7a0101] [1] INFO  c.y.common.aop.ControllerLogAspect - 接口结束: uri=/yq-admin/api/sysUser, controller=SysUserController#pageUser, cost=5ms, result={"code":200,"message":"success","data":{"total":6,"pageNum":1,"pageSize":10,"records":[{"id":6,"username":"haha","nickname":"哈哈哈","realName":"哈哈","phone":"15118191032","email":"913038933@qq.com","status":"ACTIVE","createdAt":"Fri Apr 17 15:54:46 CST 2026"},{"id":5,"username":"laoshi2","nickname":"老师2","realName":"老师2","phone":"13762922584","status":"ACTIVE","createdAt":"Sun Apr 12 01:48:55 CST 2026"},{"id":4,"username":"laoshi1","nickname":"老师1","realName":"老师1","phone":"13273576020","status":"ACTIVE","createdAt":"Sun Apr 12 01:48:37 CST 2026"},{"id":3,"username":"banzhuren","nickname":"班主任老师","realName":"班主任老师","phone":"15118191032","status":"ACTIVE","createdAt":"Sat Apr 11 17:06:53 CST 2026"},{"id":2,"username":"huangjin","nickname":"黄瑾","realName":"黄瑾","phone":"13273672819","email":"913038933@qq.com","status":"ACTIVE","createdAt":"Thu Apr 09 22:04:43 CST 2026"},{"id":1,"username":"admin","nickname":"系统管理员","realName":"超级管理员","phone":"13800000000","email":"admin@yq.com","status":"ACTIVE","createdAt":"Thu Apr 09 20:50:39 CST 2026"}]}}
2026-06-11 22:00:58.641 [http-nio-8080-exec-4] [6e310a02] [1] DEBUG c.y.m.u.m.SysUserMapper.selectById - ==>  Preparing: select id, username, password, nickname, real_name, phone, email, union_id, status, created_at, updated_at from sys_user where id = ?
2026-06-11 22:00:58.641 [http-nio-8080-exec-4] [6e310a02] [1] DEBUG c.y.m.u.m.SysUserMapper.selectById - ==> Parameters: 1(Long)
2026-06-11 22:00:58.642 [http-nio-8080-exec-4] [6e310a02] [1] DEBUG c.y.m.u.m.SysUserMapper.selectById - <==      Total: 1
2026-06-11 22:00:58.642 [http-nio-8080-exec-4] [6e310a02] [1] DEBUG c.y.m.u.m.S.selectRoleIdsByUserId - ==>  Preparing: select role_id from sys_user_role where user_id = ? order by role_id asc
2026-06-11 22:00:58.642 [http-nio-8080-exec-4] [6e310a02] [1] DEBUG c.y.m.u.m.S.selectRoleIdsByUserId - ==> Parameters: 1(Long)
2026-06-11 22:00:58.642 [http-nio-8080-exec-4] [6e310a02] [1] DEBUG c.y.m.u.m.S.selectRoleIdsByUserId - <==      Total: 1
2026-06-11 22:00:58.643 [http-nio-8080-exec-4] [6e310a02] [1] DEBUG c.y.m.u.m.SysRoleMapper.selectList - ==>  Preparing: select id, role_code, role_name, description, status, created_at, updated_at from sys_role WHERE id in ( ? )
2026-06-11 22:00:58.643 [http-nio-8080-exec-4] [6e310a02] [1] DEBUG c.y.m.u.m.SysRoleMapper.selectList - ==> Parameters: 1(Long)
2026-06-11 22:00:58.643 [http-nio-8080-exec-4] [6e310a02] [1] DEBUG c.y.m.u.m.SysRoleMapper.selectList - <==      Total: 1
2026-06-11 22:00:58.643 [http-nio-8080-exec-4] [6e310a02] [1] DEBUG c.y.m.u.m.S.selectPermissionIdsByRoleId - ==>  Preparing: select permission_id from sys_role_permission where role_id in ( ? ) order by permission_id asc
2026-06-11 22:00:58.645 [http-nio-8080-exec-4] [6e310a02] [1] DEBUG c.y.m.u.m.S.selectPermissionIdsByRoleId - ==> Parameters: 1(Long)
2026-06-11 22:00:58.645 [http-nio-8080-exec-4] [6e310a02] [1] DEBUG c.y.m.u.m.S.selectPermissionIdsByRoleId - <==      Total: 4
2026-06-11 22:00:58.645 [http-nio-8080-exec-4] [6e310a02] [1] DEBUG c.y.m.u.m.S.selectList - ==>  Preparing: select id, parent_id, permission_code, permission_name, permission_type, api_path, sort_num, description, status, created_at, updated_at from sys_permission WHERE id in ( ? , ? , ? , ? )
2026-06-11 22:00:58.645 [http-nio-8080-exec-4] [6e310a02] [1] DEBUG c.y.m.u.m.S.selectList - ==> Parameters: 101(Long), 106(Long), 113(Long), 117(Long)
2026-06-11 22:00:58.645 [http-nio-8080-exec-4] [6e310a02] [1] DEBUG c.y.m.u.m.S.selectList - <==      Total: 4
2026-06-11 22:00:58.646 [http-nio-8080-exec-4] [6e310a02] [1] INFO  c.y.common.aop.ControllerLogAspect - 接口开始: uri=/yq-admin/api/sysRole, httpMethod=GET, controller=SysRoleController#pageRole, args=[{"name":"req","value":{"pageNum":1,"pageSize":10}}]
2026-06-11 22:00:58.649 [http-nio-8080-exec-4] [6e310a02] [1] DEBUG c.y.m.u.m.S.selectPage_COUNT - ==>  Preparing: SELECT count(0) FROM sys_role
2026-06-11 22:00:58.650 [http-nio-8080-exec-4] [6e310a02] [1] DEBUG c.y.m.u.m.S.selectPage_COUNT - ==> Parameters: 
2026-06-11 22:00:58.651 [http-nio-8080-exec-4] [6e310a02] [1] DEBUG c.y.m.u.m.S.selectPage_COUNT - <==      Total: 1
2026-06-11 22:00:58.651 [http-nio-8080-exec-4] [6e310a02] [1] DEBUG c.y.m.u.m.SysRoleMapper.selectPage - ==>  Preparing: select id, role_code, role_name, description, status, created_at, updated_at from sys_role order by id desc LIMIT ?
2026-06-11 22:00:58.651 [http-nio-8080-exec-4] [6e310a02] [1] DEBUG c.y.m.u.m.SysRoleMapper.selectPage - ==> Parameters: 10(Integer)
2026-06-11 22:00:58.651 [http-nio-8080-exec-4] [6e310a02] [1] DEBUG c.y.m.u.m.SysRoleMapper.selectPage - <==      Total: 3
2026-06-11 22:00:58.651 [http-nio-8080-exec-4] [6e310a02] [1] INFO  c.y.common.aop.ControllerLogAspect - 接口结束: uri=/yq-admin/api/sysRole, controller=SysRoleController#pageRole, cost=5ms, result={"code":200,"message":"success","data":{"total":3,"pageNum":1,"pageSize":10,"records":[{"id":3,"roleCode":"head_teacher","roleName":"班主任","description":"班主任","status":"ACTIVE","createdAt":"Sat Apr 11 17:06:26 CST 2026"},{"id":2,"roleCode":"teacher","roleName":"讲师","status":"ACTIVE","createdAt":"Thu Apr 09 21:28:05 CST 2026"},{"id":1,"roleCode":"SUPER_ADMIN","roleName":"超级管理员","description":"拥有全部后台权限","status":"ACTIVE","createdAt":"Thu Apr 09 20:50:38 CST 2026"}]}}
2026-06-11 22:00:59.215 [http-nio-8080-exec-5] [7b72800c] [1] DEBUG c.y.m.u.m.SysUserMapper.selectById - ==>  Preparing: select id, username, password, nickname, real_name, phone, email, union_id, status, created_at, updated_at from sys_user where id = ?
2026-06-11 22:00:59.215 [http-nio-8080-exec-5] [7b72800c] [1] DEBUG c.y.m.u.m.SysUserMapper.selectById - ==> Parameters: 1(Long)
2026-06-11 22:00:59.216 [http-nio-8080-exec-5] [7b72800c] [1] DEBUG c.y.m.u.m.SysUserMapper.selectById - <==      Total: 1
2026-06-11 22:00:59.216 [http-nio-8080-exec-5] [7b72800c] [1] DEBUG c.y.m.u.m.S.selectRoleIdsByUserId - ==>  Preparing: select role_id from sys_user_role where user_id = ? order by role_id asc
2026-06-11 22:00:59.216 [http-nio-8080-exec-5] [7b72800c] [1] DEBUG c.y.m.u.m.S.selectRoleIdsByUserId - ==> Parameters: 1(Long)
2026-06-11 22:00:59.217 [http-nio-8080-exec-5] [7b72800c] [1] DEBUG c.y.m.u.m.S.selectRoleIdsByUserId - <==      Total: 1
2026-06-11 22:00:59.217 [http-nio-8080-exec-5] [7b72800c] [1] DEBUG c.y.m.u.m.SysRoleMapper.selectList - ==>  Preparing: select id, role_code, role_name, description, status, created_at, updated_at from sys_role WHERE id in ( ? )
2026-06-11 22:00:59.217 [http-nio-8080-exec-5] [7b72800c] [1] DEBUG c.y.m.u.m.SysRoleMapper.selectList - ==> Parameters: 1(Long)
2026-06-11 22:00:59.217 [http-nio-8080-exec-5] [7b72800c] [1] DEBUG c.y.m.u.m.SysRoleMapper.selectList - <==      Total: 1
2026-06-11 22:00:59.218 [http-nio-8080-exec-5] [7b72800c] [1] DEBUG c.y.m.u.m.S.selectPermissionIdsByRoleId - ==>  Preparing: select permission_id from sys_role_permission where role_id in ( ? ) order by permission_id asc
2026-06-11 22:00:59.218 [http-nio-8080-exec-5] [7b72800c] [1] DEBUG c.y.m.u.m.S.selectPermissionIdsByRoleId - ==> Parameters: 1(Long)
2026-06-11 22:00:59.218 [http-nio-8080-exec-5] [7b72800c] [1] DEBUG c.y.m.u.m.S.selectPermissionIdsByRoleId - <==      Total: 4
2026-06-11 22:00:59.218 [http-nio-8080-exec-5] [7b72800c] [1] DEBUG c.y.m.u.m.S.selectList - ==>  Preparing: select id, parent_id, permission_code, permission_name, permission_type, api_path, sort_num, description, status, created_at, updated_at from sys_permission WHERE id in ( ? , ? , ? , ? )
2026-06-11 22:00:59.218 [http-nio-8080-exec-5] [7b72800c] [1] DEBUG c.y.m.u.m.S.selectList - ==> Parameters: 101(Long), 106(Long), 113(Long), 117(Long)
2026-06-11 22:00:59.219 [http-nio-8080-exec-5] [7b72800c] [1] DEBUG c.y.m.u.m.S.selectList - <==      Total: 4
2026-06-11 22:00:59.219 [http-nio-8080-exec-5] [7b72800c] [1] INFO  c.y.common.aop.ControllerLogAspect - 接口开始: uri=/yq-admin/api/sysPermission, httpMethod=GET, controller=SysPermissionController#pagePermission, args=[{"name":"req","value":{"pageNum":1,"pageSize":1000}}]
2026-06-11 22:00:59.223 [http-nio-8080-exec-5] [7b72800c] [1] DEBUG c.y.m.u.m.S.selectPage_COUNT - ==>  Preparing: SELECT count(0) FROM sys_permission
2026-06-11 22:00:59.223 [http-nio-8080-exec-5] [7b72800c] [1] DEBUG c.y.m.u.m.S.selectPage_COUNT - ==> Parameters: 
2026-06-11 22:00:59.226 [http-nio-8080-exec-5] [7b72800c] [1] DEBUG c.y.m.u.m.S.selectPage_COUNT - <==      Total: 1
2026-06-11 22:00:59.226 [http-nio-8080-exec-5] [7b72800c] [1] DEBUG c.y.m.u.m.S.selectPage - ==>  Preparing: select id, parent_id, permission_code, permission_name, permission_type, api_path, sort_num, description, status, created_at, updated_at from sys_permission order by sort_num asc, id desc LIMIT ?
2026-06-11 22:00:59.226 [http-nio-8080-exec-5] [7b72800c] [1] DEBUG c.y.m.u.m.S.selectPage - ==> Parameters: 1000(Integer)
2026-06-11 22:00:59.228 [http-nio-8080-exec-5] [7b72800c] [1] DEBUG c.y.m.u.m.S.selectPage - <==      Total: 177
2026-06-11 22:00:59.229 [http-nio-8080-exec-5] [7b72800c] [1] INFO  c.y.common.aop.ControllerLogAspect - 接口结束: uri=/yq-admin/api/sysPermission, controller=SysPermissionController#pagePermission, cost=10ms, result={"code":200,"message":"success","data":{"total":177,"pageNum":1,"pageSize":1000,"records":[{"id":287,"parentId":286,"permissionName":"面试复盘上传音频按钮","permissionType":"BUTTON","permissionCode":"button:interview-review:upload","sortNum":1,"status":"1","description":"面试复盘页面的上传音频按钮","createdAt":"Wed May 20 22:13:56 CST 2026"},{"id":272,"parentId":271,"permissionName":"自媒体生成选题按钮","permissionType":"BUTTON","permissionCode":"button:media-agent:generate-topics","sortNum":1,"status":"1","description":"自媒体创作页面的生成选题按钮","createdAt":"Sat May 09 16:32:32 CST 2026"},{"id":268,"parentId":267,"permissionName":"数据分析执行按钮","permissionType":"BUTTON","permissionCode":"button:data-analysis:analyze","sortNum":1,"status":"1","description":"数据分析页面的开始分析按钮","createdAt":"Fri May 08 16:42:19 CST 2026"},{"id":249,"parentId":121,"permissionName":"发布作业按钮","permissionType":"BUTTON","permissionCode":"button:homework:create","sortNum":1,"status":"1","description":"作业管理页面的发布作业按钮","createdAt":"Wed Apr 22 16:21:14 CST 2026"},{"id":247,"parentId":118,"permissionName":"学生绑定权限模板按钮","permissionType":"BUTTON","permissionCode":"button:student:bind-permission-template","sortNum":1,"status":"1","description":"学生管理页面的绑定权限模板按钮","createdAt":"Wed Apr 22 14:20:45 CST 2026"},{"id":243,"parentId":119,"permissionName":"学员权限模板新增按钮","permissionType":"BUTTON","permissionCode":"button:student-permission-template:create","sortNum":1,"status":"1","description":"学员权限模板页面的新增按钮","createdAt":"Mon Apr 20 00:05:46 CST 2026"},{"id":240,"parentId":115,"permissionName":"订单新增按钮","permissionType":"BUTTON","permissionCode":"button:order:create","sortNum":1,"status":"1","description":"订单管理页面的新增按钮","createdAt":"Sun Apr 12 23:10:59 CST 2026"},{"id":237,"parentId":114,"permissionName":"产品新增按钮","permissionType":"BUTTON","permissionCode":"button:product:create","sortNum":1,"status":"1","description":"产品管理页面的新增按钮","createdAt":"Sun Apr 12 14:19:04 CST 2026"},{"id":235,"parentId":112,"permissionName":"值班查看按钮","permissionType":"BUTTON","permissionCode":"button:duty:view","sortNum":1,"status":"1","description":"值班管理页面的查看按钮","createdAt":"Sun Apr 12 13:11:55 CST 2026"},{"id":234,"parentId":111,"permissionName":"老师课表查看按钮","permissionType":"BUTTON","permissionCode":"button:teacher-schedule:view","sortNum":1,"status":"1","description":"老师课表页面的查看按钮","createdAt":"Sun Apr 12 03:21:07 CST 2026"},{"id":231,"parentId":110,"permissionName":"课表查看按钮","permissionType":"BUTTON","permissionCode":"button:schedule:view","sortNum":1,"status":"1","description":"课表管理页面的查看按钮","createdAt":"Sat Apr 11 19:46:45 CST 2026"},{"id":227,"parentId":109,"permissionName":"班级新增按钮","permissionType":"BUTTON","permissionCode":"button:class:create","sortNum":1,"status":"1","description":"班级管理页面的新增按钮","createdAt":"Sat Apr 11 17:05:40 CST 2026"},{"id":218,"parentId":108,"permissionName":"课程新增按钮","permissionType":"BUTTON","permissionCode":"button:course:create","sortNum":1,"status":"1","description":"课程管理页面的新增按钮","createdAt":"Sat Apr 11 16:02:19 CST 2026"},{"id":215,"parentId":107,"permissionName":"校区新增按钮","permissionType":"BUTTON","permissionCode":"button:campus:create","sortNum":1,"status":"1","description":"校区管理页面的新增按钮","createdAt":"Sat Apr 11 15:49:16 CST 2026"},{"id":212,"parentId":105,"permissionName":"系统参数新增按钮","permissionType":"BUTTON","permissionCode":"button:config:create","sortNum":1,"status":"1","description":"系统参数页面的新增配置按钮","createdAt":"Fri Apr 10 20:08:09 CST 2026"},{"id":209,"parentId":104,"permissionName":"权限新增按钮","permissionType":"BUTTON","permissionCode":"button:permission:create","sortNum":1,"status":"1","description":"权限管理页面的新增权限按钮","createdAt":"Thu Apr 09 21:22:28 CST 2026"},{"id":205,"parentId":103,"permissionName":"角色新增按钮","permissionType":"BUTTON","permissionCode":"button:role:create","sortNum":1,"status":"1","description":"角色管理页面的新增角色按钮","createdAt":"Thu Apr 09 21:22:28 CST 2026"},{"id":201,"parentId":102,"permissionName":"用户新增按钮","permissionType":"BUTTON","permissionCode":"button:user:create","sortNum":1,"status":"ACTIVE","desc...(truncated)
2026-06-11 22:01:01.059 [http-nio-8080-exec-6] [63ddafc0] [1] DEBUG c.y.m.u.m.SysUserMapper.selectById - ==>  Preparing: select id, username, password, nickname, real_name, phone, email, union_id, status, created_at, updated_at from sys_user where id = ?
2026-06-11 22:01:01.060 [http-nio-8080-exec-6] [63ddafc0] [1] DEBUG c.y.m.u.m.SysUserMapper.selectById - ==> Parameters: 1(Long)
2026-06-11 22:01:01.060 [http-nio-8080-exec-6] [63ddafc0] [1] DEBUG c.y.m.u.m.SysUserMapper.selectById - <==      Total: 1
2026-06-11 22:01:01.060 [http-nio-8080-exec-6] [63ddafc0] [1] DEBUG c.y.m.u.m.S.selectRoleIdsByUserId - ==>  Preparing: select role_id from sys_user_role where user_id = ? order by role_id asc
2026-06-11 22:01:01.061 [http-nio-8080-exec-6] [63ddafc0] [1] DEBUG c.y.m.u.m.S.selectRoleIdsByUserId - ==> Parameters: 1(Long)
2026-06-11 22:01:01.061 [http-nio-8080-exec-6] [63ddafc0] [1] DEBUG c.y.m.u.m.S.selectRoleIdsByUserId - <==      Total: 1
2026-06-11 22:01:01.061 [http-nio-8080-exec-6] [63ddafc0] [1] DEBUG c.y.m.u.m.SysRoleMapper.selectList - ==>  Preparing: select id, role_code, role_name, description, status, created_at, updated_at from sys_role WHERE id in ( ? )
2026-06-11 22:01:01.061 [http-nio-8080-exec-6] [63ddafc0] [1] DEBUG c.y.m.u.m.SysRoleMapper.selectList - ==> Parameters: 1(Long)
2026-06-11 22:01:01.062 [http-nio-8080-exec-6] [63ddafc0] [1] DEBUG c.y.m.u.m.SysRoleMapper.selectList - <==      Total: 1
2026-06-11 22:01:01.062 [http-nio-8080-exec-6] [63ddafc0] [1] DEBUG c.y.m.u.m.S.selectPermissionIdsByRoleId - ==>  Preparing: select permission_id from sys_role_permission where role_id in ( ? ) order by permission_id asc
2026-06-11 22:01:01.062 [http-nio-8080-exec-6] [63ddafc0] [1] DEBUG c.y.m.u.m.S.selectPermissionIdsByRoleId - ==> Parameters: 1(Long)
2026-06-11 22:01:01.062 [http-nio-8080-exec-6] [63ddafc0] [1] DEBUG c.y.m.u.m.S.selectPermissionIdsByRoleId - <==      Total: 4
2026-06-11 22:01:01.063 [http-nio-8080-exec-6] [63ddafc0] [1] DEBUG c.y.m.u.m.S.selectList - ==>  Preparing: select id, parent_id, permission_code, permission_name, permission_type, api_path, sort_num, description, status, created_at, updated_at from sys_permission WHERE id in ( ? , ? , ? , ? )
2026-06-11 22:01:01.063 [http-nio-8080-exec-6] [63ddafc0] [1] DEBUG c.y.m.u.m.S.selectList - ==> Parameters: 101(Long), 106(Long), 113(Long), 117(Long)
2026-06-11 22:01:01.064 [http-nio-8080-exec-6] [63ddafc0] [1] DEBUG c.y.m.u.m.S.selectList - <==      Total: 4
2026-06-11 22:01:01.065 [http-nio-8080-exec-6] [63ddafc0] [1] INFO  c.y.common.aop.ControllerLogAspect - 接口开始: uri=/yq-admin/api/eduClass, httpMethod=GET, controller=EduClassController#pageClass, args=[{"name":"req","value":{"pageNum":1,"pageSize":10}}]
2026-06-11 22:01:01.071 [http-nio-8080-exec-6] [63ddafc0] [1] DEBUG c.y.m.e.m.E.selectPage_COUNT - ==>  Preparing: SELECT count(0) FROM edu_class
2026-06-11 22:01:01.071 [http-nio-8080-exec-6] [63ddafc0] [1] DEBUG c.y.m.e.m.E.selectPage_COUNT - ==> Parameters: 
2026-06-11 22:01:01.072 [http-nio-8080-exec-6] [63ddafc0] [1] DEBUG c.y.m.e.m.E.selectPage_COUNT - <==      Total: 1
2026-06-11 22:01:01.072 [http-nio-8080-exec-6] [63ddafc0] [1] DEBUG c.y.m.e.m.EduClassMapper.selectPage - ==>  Preparing: select id, class_term, campus_id, head_teacher_id, class_status, start_time, course_id, student_count, created_at, updated_at from edu_class order by id desc LIMIT ?
2026-06-11 22:01:01.072 [http-nio-8080-exec-6] [63ddafc0] [1] DEBUG c.y.m.e.m.EduClassMapper.selectPage - ==> Parameters: 10(Integer)
2026-06-11 22:01:01.077 [http-nio-8080-exec-6] [63ddafc0] [1] DEBUG c.y.m.e.m.EduClassMapper.selectPage - <==      Total: 3
2026-06-11 22:01:01.079 [http-nio-8080-exec-6] [63ddafc0] [1] INFO  c.y.common.aop.ControllerLogAspect - 接口结束: uri=/yq-admin/api/eduClass, controller=EduClassController#pageClass, cost=15ms, result={"code":200,"message":"success","data":{"total":3,"pageNum":1,"pageSize":10,"records":[{"id":3,"classTerm":3,"campusId":1,"headTeacherId":3,"classStatus":"WAITING","startTime":"Thu Apr 16 00:00:00 CST 2026","courseId":1,"studentCount":0,"createdAt":"Mon Apr 13 20:34:39 CST 2026"},{"id":2,"classTerm":2,"campusId":1,"headTeacherId":3,"classStatus":"WAITING","startTime":"Mon Apr 13 00:00:00 CST 2026","courseId":1,"studentCount":0,"createdAt":"Mon Apr 13 20:15:52 CST 2026"},{"id":1,"classTerm":1,"campusId":1,"headTeacherId":3,"classStatus":"WAITING","startTime":"Mon Apr 13 00:00:00 CST 2026","courseId":1,"studentCount":0,"createdAt":"Sat Apr 11 17:09:28 CST 2026"}]}}
2026-06-11 22:01:01.716 [http-nio-8080-exec-7] [ba8d5673] [1] DEBUG c.y.m.u.m.SysUserMapper.selectById - ==>  Preparing: select id, username, password, nickname, real_name, phone, email, union_id, status, created_at, updated_at from sys_user where id = ?
2026-06-11 22:01:01.716 [http-nio-8080-exec-7] [ba8d5673] [1] DEBUG c.y.m.u.m.SysUserMapper.selectById - ==> Parameters: 1(Long)
2026-06-11 22:01:01.716 [http-nio-8080-exec-7] [ba8d5673] [1] DEBUG c.y.m.u.m.SysUserMapper.selectById - <==      Total: 1
2026-06-11 22:01:01.716 [http-nio-8080-exec-7] [ba8d5673] [1] DEBUG c.y.m.u.m.S.selectRoleIdsByUserId - ==>  Preparing: select role_id from sys_user_role where user_id = ? order by role_id asc
2026-06-11 22:01:01.717 [http-nio-8080-exec-7] [ba8d5673] [1] DEBUG c.y.m.u.m.S.selectRoleIdsByUserId - ==> Parameters: 1(Long)
2026-06-11 22:01:01.717 [http-nio-8080-exec-7] [ba8d5673] [1] DEBUG c.y.m.u.m.S.selectRoleIdsByUserId - <==      Total: 1
2026-06-11 22:01:01.717 [http-nio-8080-exec-7] [ba8d5673] [1] DEBUG c.y.m.u.m.SysRoleMapper.selectList - ==>  Preparing: select id, role_code, role_name, description, status, created_at, updated_at from sys_role WHERE id in ( ? )
2026-06-11 22:01:01.717 [http-nio-8080-exec-7] [ba8d5673] [1] DEBUG c.y.m.u.m.SysRoleMapper.selectList - ==> Parameters: 1(Long)
2026-06-11 22:01:01.719 [http-nio-8080-exec-7] [ba8d5673] [1] DEBUG c.y.m.u.m.SysRoleMapper.selectList - <==      Total: 1
2026-06-11 22:01:01.719 [http-nio-8080-exec-7] [ba8d5673] [1] DEBUG c.y.m.u.m.S.selectPermissionIdsByRoleId - ==>  Preparing: select permission_id from sys_role_permission where role_id in ( ? ) order by permission_id asc
2026-06-11 22:01:01.719 [http-nio-8080-exec-7] [ba8d5673] [1] DEBUG c.y.m.u.m.S.selectPermissionIdsByRoleId - ==> Parameters: 1(Long)
2026-06-11 22:01:01.719 [http-nio-8080-exec-7] [ba8d5673] [1] DEBUG c.y.m.u.m.S.selectPermissionIdsByRoleId - <==      Total: 4
2026-06-11 22:01:01.719 [http-nio-8080-exec-7] [ba8d5673] [1] DEBUG c.y.m.u.m.S.selectList - ==>  Preparing: select id, parent_id, permission_code, permission_name, permission_type, api_path, sort_num, description, status, created_at, updated_at from sys_permission WHERE id in ( ? , ? , ? , ? )
2026-06-11 22:01:01.719 [http-nio-8080-exec-7] [ba8d5673] [1] DEBUG c.y.m.u.m.S.selectList - ==> Parameters: 101(Long), 106(Long), 113(Long), 117(Long)
2026-06-11 22:01:01.720 [http-nio-8080-exec-7] [ba8d5673] [1] DEBUG c.y.m.u.m.S.selectList - <==      Total: 4
2026-06-11 22:01:01.720 [http-nio-8080-exec-7] [ba8d5673] [1] INFO  c.y.common.aop.ControllerLogAspect - 接口开始: uri=/yq-admin/api/eduCampus, httpMethod=GET, controller=EduCampusController#pageCampus, args=[{"name":"req","value":{"pageNum":1,"pageSize":10}}]
2026-06-11 22:01:01.726 [http-nio-8080-exec-7] [ba8d5673] [1] DEBUG c.y.m.e.m.E.selectPage_COUNT - ==>  Preparing: SELECT count(0) FROM edu_campus
2026-06-11 22:01:01.726 [http-nio-8080-exec-7] [ba8d5673] [1] DEBUG c.y.m.e.m.E.selectPage_COUNT - ==> Parameters: 
2026-06-11 22:01:01.726 [http-nio-8080-exec-7] [ba8d5673] [1] DEBUG c.y.m.e.m.E.selectPage_COUNT - <==      Total: 1
2026-06-11 22:01:01.728 [http-nio-8080-exec-7] [ba8d5673] [1] DEBUG c.y.m.e.m.EduCampusMapper.selectPage - ==>  Preparing: select id, campus_name, principal_user_id, address, contact_phone, remark, status, created_at, updated_at from edu_campus order by id desc LIMIT ?
2026-06-11 22:01:01.728 [http-nio-8080-exec-7] [ba8d5673] [1] DEBUG c.y.m.e.m.EduCampusMapper.selectPage - ==> Parameters: 10(Integer)
2026-06-11 22:01:01.728 [http-nio-8080-exec-7] [ba8d5673] [1] DEBUG c.y.m.e.m.EduCampusMapper.selectPage - <==      Total: 1
2026-06-11 22:01:01.728 [http-nio-8080-exec-7] [ba8d5673] [1] INFO  c.y.common.aop.ControllerLogAspect - 接口结束: uri=/yq-admin/api/eduCampus, controller=EduCampusController#pageCampus, cost=8ms, result={"code":200,"message":"success","data":{"total":1,"pageNum":1,"pageSize":10,"records":[{"id":1,"campusName":"杭州校区","principalUserId":2,"address":"杭州市余杭区","contactPhone":"13549684561","status":1,"createdAt":"Sat Apr 11 15:51:21 CST 2026","updatedAt":"Sat Apr 11 15:51:21 CST 2026"}]}}
2026-06-11 22:01:51.567 [http-nio-8080-exec-8] [eaca53bd] [1] DEBUG c.y.m.u.m.SysUserMapper.selectById - ==>  Preparing: select id, username, password, nickname, real_name, phone, email, union_id, status, created_at, updated_at from sys_user where id = ?
2026-06-11 22:01:51.567 [http-nio-8080-exec-8] [eaca53bd] [1] DEBUG c.y.m.u.m.SysUserMapper.selectById - ==> Parameters: 1(Long)
2026-06-11 22:01:51.568 [http-nio-8080-exec-8] [eaca53bd] [1] DEBUG c.y.m.u.m.SysUserMapper.selectById - <==      Total: 1
2026-06-11 22:01:51.568 [http-nio-8080-exec-8] [eaca53bd] [1] DEBUG c.y.m.u.m.S.selectRoleIdsByUserId - ==>  Preparing: select role_id from sys_user_role where user_id = ? order by role_id asc
2026-06-11 22:01:51.568 [http-nio-8080-exec-8] [eaca53bd] [1] DEBUG c.y.m.u.m.S.selectRoleIdsByUserId - ==> Parameters: 1(Long)
2026-06-11 22:01:51.568 [http-nio-8080-exec-8] [eaca53bd] [1] DEBUG c.y.m.u.m.S.selectRoleIdsByUserId - <==      Total: 1
2026-06-11 22:01:51.568 [http-nio-8080-exec-8] [eaca53bd] [1] DEBUG c.y.m.u.m.SysRoleMapper.selectList - ==>  Preparing: select id, role_code, role_name, description, status, created_at, updated_at from sys_role WHERE id in ( ? )
2026-06-11 22:01:51.568 [http-nio-8080-exec-8] [eaca53bd] [1] DEBUG c.y.m.u.m.SysRoleMapper.selectList - ==> Parameters: 1(Long)
2026-06-11 22:01:51.569 [http-nio-8080-exec-8] [eaca53bd] [1] DEBUG c.y.m.u.m.SysRoleMapper.selectList - <==      Total: 1
2026-06-11 22:01:51.570 [http-nio-8080-exec-8] [eaca53bd] [1] DEBUG c.y.m.u.m.S.selectPermissionIdsByRoleId - ==>  Preparing: select permission_id from sys_role_permission where role_id in ( ? ) order by permission_id asc
2026-06-11 22:01:51.570 [http-nio-8080-exec-8] [eaca53bd] [1] DEBUG c.y.m.u.m.S.selectPermissionIdsByRoleId - ==> Parameters: 1(Long)
2026-06-11 22:01:51.570 [http-nio-8080-exec-8] [eaca53bd] [1] DEBUG c.y.m.u.m.S.selectPermissionIdsByRoleId - <==      Total: 4
2026-06-11 22:01:51.570 [http-nio-8080-exec-8] [eaca53bd] [1] DEBUG c.y.m.u.m.S.selectList - ==>  Preparing: select id, parent_id, permission_code, permission_name, permission_type, api_path, sort_num, description, status, created_at, updated_at from sys_permission WHERE id in ( ? , ? , ? , ? )
2026-06-11 22:01:51.570 [http-nio-8080-exec-8] [eaca53bd] [1] DEBUG c.y.m.u.m.S.selectList - ==> Parameters: 101(Long), 106(Long), 113(Long), 117(Long)
2026-06-11 22:01:51.571 [http-nio-8080-exec-8] [eaca53bd] [1] DEBUG c.y.m.u.m.S.selectList - <==      Total: 4
2026-06-11 22:01:51.571 [http-nio-8080-exec-8] [eaca53bd] [1] INFO  c.y.common.aop.ControllerLogAspect - 接口开始: uri=/yq-admin/api/sysPermission, httpMethod=GET, controller=SysPermissionController#pagePermission, args=[{"name":"req","value":{"pageNum":1,"pageSize":1000}}]
2026-06-11 22:01:51.576 [http-nio-8080-exec-8] [eaca53bd] [1] DEBUG c.y.m.u.m.S.selectPage_COUNT - ==>  Preparing: SELECT count(0) FROM sys_permission
2026-06-11 22:01:51.576 [http-nio-8080-exec-8] [eaca53bd] [1] DEBUG c.y.m.u.m.S.selectPage_COUNT - ==> Parameters: 
2026-06-11 22:01:51.577 [http-nio-8080-exec-8] [eaca53bd] [1] DEBUG c.y.m.u.m.S.selectPage_COUNT - <==      Total: 1
2026-06-11 22:01:51.577 [http-nio-8080-exec-8] [eaca53bd] [1] DEBUG c.y.m.u.m.S.selectPage - ==>  Preparing: select id, parent_id, permission_code, permission_name, permission_type, api_path, sort_num, description, status, created_at, updated_at from sys_permission order by sort_num asc, id desc LIMIT ?
2026-06-11 22:01:51.577 [http-nio-8080-exec-8] [eaca53bd] [1] DEBUG c.y.m.u.m.S.selectPage - ==> Parameters: 1000(Integer)
2026-06-11 22:01:51.580 [http-nio-8080-exec-8] [eaca53bd] [1] DEBUG c.y.m.u.m.S.selectPage - <==      Total: 177
2026-06-11 22:01:51.582 [http-nio-8080-exec-8] [eaca53bd] [1] INFO  c.y.common.aop.ControllerLogAspect - 接口结束: uri=/yq-admin/api/sysPermission, controller=SysPermissionController#pagePermission, cost=10ms, result={"code":200,"message":"success","data":{"total":177,"pageNum":1,"pageSize":1000,"records":[{"id":287,"parentId":286,"permissionName":"面试复盘上传音频按钮","permissionType":"BUTTON","permissionCode":"button:interview-review:upload","sortNum":1,"status":"1","description":"面试复盘页面的上传音频按钮","createdAt":"Wed May 20 22:13:56 CST 2026"},{"id":272,"parentId":271,"permissionName":"自媒体生成选题按钮","permissionType":"BUTTON","permissionCode":"button:media-agent:generate-topics","sortNum":1,"status":"1","description":"自媒体创作页面的生成选题按钮","createdAt":"Sat May 09 16:32:32 CST 2026"},{"id":268,"parentId":267,"permissionName":"数据分析执行按钮","permissionType":"BUTTON","permissionCode":"button:data-analysis:analyze","sortNum":1,"status":"1","description":"数据分析页面的开始分析按钮","createdAt":"Fri May 08 16:42:19 CST 2026"},{"id":249,"parentId":121,"permissionName":"发布作业按钮","permissionType":"BUTTON","permissionCode":"button:homework:create","sortNum":1,"status":"1","description":"作业管理页面的发布作业按钮","createdAt":"Wed Apr 22 16:21:14 CST 2026"},{"id":247,"parentId":118,"permissionName":"学生绑定权限模板按钮","permissionType":"BUTTON","permissionCode":"button:student:bind-permission-template","sortNum":1,"status":"1","description":"学生管理页面的绑定权限模板按钮","createdAt":"Wed Apr 22 14:20:45 CST 2026"},{"id":243,"parentId":119,"permissionName":"学员权限模板新增按钮","permissionType":"BUTTON","permissionCode":"button:student-permission-template:create","sortNum":1,"status":"1","description":"学员权限模板页面的新增按钮","createdAt":"Mon Apr 20 00:05:46 CST 2026"},{"id":240,"parentId":115,"permissionName":"订单新增按钮","permissionType":"BUTTON","permissionCode":"button:order:create","sortNum":1,"status":"1","description":"订单管理页面的新增按钮","createdAt":"Sun Apr 12 23:10:59 CST 2026"},{"id":237,"parentId":114,"permissionName":"产品新增按钮","permissionType":"BUTTON","permissionCode":"button:product:create","sortNum":1,"status":"1","description":"产品管理页面的新增按钮","createdAt":"Sun Apr 12 14:19:04 CST 2026"},{"id":235,"parentId":112,"permissionName":"值班查看按钮","permissionType":"BUTTON","permissionCode":"button:duty:view","sortNum":1,"status":"1","description":"值班管理页面的查看按钮","createdAt":"Sun Apr 12 13:11:55 CST 2026"},{"id":234,"parentId":111,"permissionName":"老师课表查看按钮","permissionType":"BUTTON","permissionCode":"button:teacher-schedule:view","sortNum":1,"status":"1","description":"老师课表页面的查看按钮","createdAt":"Sun Apr 12 03:21:07 CST 2026"},{"id":231,"parentId":110,"permissionName":"课表查看按钮","permissionType":"BUTTON","permissionCode":"button:schedule:view","sortNum":1,"status":"1","description":"课表管理页面的查看按钮","createdAt":"Sat Apr 11 19:46:45 CST 2026"},{"id":227,"parentId":109,"permissionName":"班级新增按钮","permissionType":"BUTTON","permissionCode":"button:class:create","sortNum":1,"status":"1","description":"班级管理页面的新增按钮","createdAt":"Sat Apr 11 17:05:40 CST 2026"},{"id":218,"parentId":108,"permissionName":"课程新增按钮","permissionType":"BUTTON","permissionCode":"button:course:create","sortNum":1,"status":"1","description":"课程管理页面的新增按钮","createdAt":"Sat Apr 11 16:02:19 CST 2026"},{"id":215,"parentId":107,"permissionName":"校区新增按钮","permissionType":"BUTTON","permissionCode":"button:campus:create","sortNum":1,"status":"1","description":"校区管理页面的新增按钮","createdAt":"Sat Apr 11 15:49:16 CST 2026"},{"id":212,"parentId":105,"permissionName":"系统参数新增按钮","permissionType":"BUTTON","permissionCode":"button:config:create","sortNum":1,"status":"1","description":"系统参数页面的新增配置按钮","createdAt":"Fri Apr 10 20:08:09 CST 2026"},{"id":209,"parentId":104,"permissionName":"权限新增按钮","permissionType":"BUTTON","permissionCode":"button:permission:create","sortNum":1,"status":"1","description":"权限管理页面的新增权限按钮","createdAt":"Thu Apr 09 21:22:28 CST 2026"},{"id":205,"parentId":103,"permissionName":"角色新增按钮","permissionType":"BUTTON","permissionCode":"button:role:create","sortNum":1,"status":"1","description":"角色管理页面的新增角色按钮","createdAt":"Thu Apr 09 21:22:28 CST 2026"},{"id":201,"parentId":102,"permissionName":"用户新增按钮","permissionType":"BUTTON","permissionCode":"button:user:create","sortNum":1,"status":"ACTIVE","desc...(truncated)
2026-06-11 22:01:54.707 [http-nio-8080-exec-9] [8dea892f] [1] DEBUG c.y.m.u.m.SysUserMapper.selectById - ==>  Preparing: select id, username, password, nickname, real_name, phone, email, union_id, status, created_at, updated_at from sys_user where id = ?
2026-06-11 22:01:54.707 [http-nio-8080-exec-9] [8dea892f] [1] DEBUG c.y.m.u.m.SysUserMapper.selectById - ==> Parameters: 1(Long)
2026-06-11 22:01:54.707 [http-nio-8080-exec-9] [8dea892f] [1] DEBUG c.y.m.u.m.SysUserMapper.selectById - <==      Total: 1
2026-06-11 22:01:54.708 [http-nio-8080-exec-9] [8dea892f] [1] DEBUG c.y.m.u.m.S.selectRoleIdsByUserId - ==>  Preparing: select role_id from sys_user_role where user_id = ? order by role_id asc
2026-06-11 22:01:54.708 [http-nio-8080-exec-9] [8dea892f] [1] DEBUG c.y.m.u.m.S.selectRoleIdsByUserId - ==> Parameters: 1(Long)
2026-06-11 22:01:54.708 [http-nio-8080-exec-9] [8dea892f] [1] DEBUG c.y.m.u.m.S.selectRoleIdsByUserId - <==      Total: 1
2026-06-11 22:01:54.708 [http-nio-8080-exec-9] [8dea892f] [1] DEBUG c.y.m.u.m.SysRoleMapper.selectList - ==>  Preparing: select id, role_code, role_name, description, status, created_at, updated_at from sys_role WHERE id in ( ? )
2026-06-11 22:01:54.708 [http-nio-8080-exec-9] [8dea892f] [1] DEBUG c.y.m.u.m.SysRoleMapper.selectList - ==> Parameters: 1(Long)
2026-06-11 22:01:54.709 [http-nio-8080-exec-9] [8dea892f] [1] DEBUG c.y.m.u.m.SysRoleMapper.selectList - <==      Total: 1
2026-06-11 22:01:54.709 [http-nio-8080-exec-9] [8dea892f] [1] DEBUG c.y.m.u.m.S.selectPermissionIdsByRoleId - ==>  Preparing: select permission_id from sys_role_permission where role_id in ( ? ) order by permission_id asc
2026-06-11 22:01:54.709 [http-nio-8080-exec-9] [8dea892f] [1] DEBUG c.y.m.u.m.S.selectPermissionIdsByRoleId - ==> Parameters: 1(Long)
2026-06-11 22:01:54.709 [http-nio-8080-exec-9] [8dea892f] [1] DEBUG c.y.m.u.m.S.selectPermissionIdsByRoleId - <==      Total: 4
2026-06-11 22:01:54.709 [http-nio-8080-exec-9] [8dea892f] [1] DEBUG c.y.m.u.m.S.selectList - ==>  Preparing: select id, parent_id, permission_code, permission_name, permission_type, api_path, sort_num, description, status, created_at, updated_at from sys_permission WHERE id in ( ? , ? , ? , ? )
2026-06-11 22:01:54.709 [http-nio-8080-exec-9] [8dea892f] [1] DEBUG c.y.m.u.m.S.selectList - ==> Parameters: 101(Long), 106(Long), 113(Long), 117(Long)
2026-06-11 22:01:54.709 [http-nio-8080-exec-9] [8dea892f] [1] DEBUG c.y.m.u.m.S.selectList - <==      Total: 4
2026-06-11 22:01:54.710 [http-nio-8080-exec-9] [8dea892f] [1] INFO  c.y.common.aop.ControllerLogAspect - 接口开始: uri=/yq-admin/api/eduCampus, httpMethod=GET, controller=EduCampusController#pageCampus, args=[{"name":"req","value":{"pageNum":1,"pageSize":10}}]
2026-06-11 22:01:54.714 [http-nio-8080-exec-9] [8dea892f] [1] DEBUG c.y.m.e.m.E.selectPage_COUNT - ==>  Preparing: SELECT count(0) FROM edu_campus
2026-06-11 22:01:54.714 [http-nio-8080-exec-9] [8dea892f] [1] DEBUG c.y.m.e.m.E.selectPage_COUNT - ==> Parameters: 
2026-06-11 22:01:54.715 [http-nio-8080-exec-9] [8dea892f] [1] DEBUG c.y.m.e.m.E.selectPage_COUNT - <==      Total: 1
2026-06-11 22:01:54.715 [http-nio-8080-exec-9] [8dea892f] [1] DEBUG c.y.m.e.m.EduCampusMapper.selectPage - ==>  Preparing: select id, campus_name, principal_user_id, address, contact_phone, remark, status, created_at, updated_at from edu_campus order by id desc LIMIT ?
2026-06-11 22:01:54.715 [http-nio-8080-exec-9] [8dea892f] [1] DEBUG c.y.m.e.m.EduCampusMapper.selectPage - ==> Parameters: 10(Integer)
2026-06-11 22:01:54.715 [http-nio-8080-exec-9] [8dea892f] [1] DEBUG c.y.m.e.m.EduCampusMapper.selectPage - <==      Total: 1
2026-06-11 22:01:54.715 [http-nio-8080-exec-9] [8dea892f] [1] INFO  c.y.common.aop.ControllerLogAspect - 接口结束: uri=/yq-admin/api/eduCampus, controller=EduCampusController#pageCampus, cost=5ms, result={"code":200,"message":"success","data":{"total":1,"pageNum":1,"pageSize":10,"records":[{"id":1,"campusName":"杭州校区","principalUserId":2,"address":"杭州市余杭区","contactPhone":"13549684561","status":1,"createdAt":"Sat Apr 11 15:51:21 CST 2026","updatedAt":"Sat Apr 11 15:51:21 CST 2026"}]}}
2026-06-11 22:02:33.112 [http-nio-8080-exec-10] [32b89b30] [1] DEBUG c.y.m.u.m.SysUserMapper.selectById - ==>  Preparing: select id, username, password, nickname, real_name, phone, email, union_id, status, created_at, updated_at from sys_user where id = ?
2026-06-11 22:02:33.112 [http-nio-8080-exec-10] [32b89b30] [1] DEBUG c.y.m.u.m.SysUserMapper.selectById - ==> Parameters: 1(Long)
2026-06-11 22:02:33.113 [http-nio-8080-exec-10] [32b89b30] [1] DEBUG c.y.m.u.m.SysUserMapper.selectById - <==      Total: 1
2026-06-11 22:02:33.113 [http-nio-8080-exec-10] [32b89b30] [1] DEBUG c.y.m.u.m.S.selectRoleIdsByUserId - ==>  Preparing: select role_id from sys_user_role where user_id = ? order by role_id asc
2026-06-11 22:02:33.113 [http-nio-8080-exec-10] [32b89b30] [1] DEBUG c.y.m.u.m.S.selectRoleIdsByUserId - ==> Parameters: 1(Long)
2026-06-11 22:02:33.113 [http-nio-8080-exec-10] [32b89b30] [1] DEBUG c.y.m.u.m.S.selectRoleIdsByUserId - <==      Total: 1
2026-06-11 22:02:33.114 [http-nio-8080-exec-10] [32b89b30] [1] DEBUG c.y.m.u.m.SysRoleMapper.selectList - ==>  Preparing: select id, role_code, role_name, description, status, created_at, updated_at from sys_role WHERE id in ( ? )
2026-06-11 22:02:33.114 [http-nio-8080-exec-10] [32b89b30] [1] DEBUG c.y.m.u.m.SysRoleMapper.selectList - ==> Parameters: 1(Long)
2026-06-11 22:02:33.114 [http-nio-8080-exec-10] [32b89b30] [1] DEBUG c.y.m.u.m.SysRoleMapper.selectList - <==      Total: 1
2026-06-11 22:02:33.114 [http-nio-8080-exec-10] [32b89b30] [1] DEBUG c.y.m.u.m.S.selectPermissionIdsByRoleId - ==>  Preparing: select permission_id from sys_role_permission where role_id in ( ? ) order by permission_id asc
2026-06-11 22:02:33.114 [http-nio-8080-exec-10] [32b89b30] [1] DEBUG c.y.m.u.m.S.selectPermissionIdsByRoleId - ==> Parameters: 1(Long)
2026-06-11 22:02:33.115 [http-nio-8080-exec-10] [32b89b30] [1] DEBUG c.y.m.u.m.S.selectPermissionIdsByRoleId - <==      Total: 4
2026-06-11 22:02:33.115 [http-nio-8080-exec-10] [32b89b30] [1] DEBUG c.y.m.u.m.S.selectList - ==>  Preparing: select id, parent_id, permission_code, permission_name, permission_type, api_path, sort_num, description, status, created_at, updated_at from sys_permission WHERE id in ( ? , ? , ? , ? )
2026-06-11 22:02:33.115 [http-nio-8080-exec-10] [32b89b30] [1] DEBUG c.y.m.u.m.S.selectList - ==> Parameters: 101(Long), 106(Long), 113(Long), 117(Long)
2026-06-11 22:02:33.116 [http-nio-8080-exec-10] [32b89b30] [1] DEBUG c.y.m.u.m.S.selectList - <==      Total: 4
2026-06-11 22:02:33.116 [http-nio-8080-exec-10] [32b89b30] [1] INFO  c.y.common.aop.ControllerLogAspect - 接口开始: uri=/yq-admin/api/eduCampus, httpMethod=GET, controller=EduCampusController#pageCampus, args=[{"name":"req","value":{"pageNum":1,"pageSize":10}}]
2026-06-11 22:02:33.121 [http-nio-8080-exec-10] [32b89b30] [1] DEBUG c.y.m.e.m.E.selectPage_COUNT - ==>  Preparing: SELECT count(0) FROM edu_campus
2026-06-11 22:02:33.121 [http-nio-8080-exec-10] [32b89b30] [1] DEBUG c.y.m.e.m.E.selectPage_COUNT - ==> Parameters: 
2026-06-11 22:02:33.122 [http-nio-8080-exec-10] [32b89b30] [1] DEBUG c.y.m.e.m.E.selectPage_COUNT - <==      Total: 1
2026-06-11 22:02:33.122 [http-nio-8080-exec-10] [32b89b30] [1] DEBUG c.y.m.e.m.EduCampusMapper.selectPage - ==>  Preparing: select id, campus_name, principal_user_id, address, contact_phone, remark, status, created_at, updated_at from edu_campus order by id desc LIMIT ?
2026-06-11 22:02:33.122 [http-nio-8080-exec-10] [32b89b30] [1] DEBUG c.y.m.e.m.EduCampusMapper.selectPage - ==> Parameters: 10(Integer)
2026-06-11 22:02:33.123 [http-nio-8080-exec-10] [32b89b30] [1] DEBUG c.y.m.e.m.EduCampusMapper.selectPage - <==      Total: 1
2026-06-11 22:02:33.124 [http-nio-8080-exec-10] [32b89b30] [1] INFO  c.y.common.aop.ControllerLogAspect - 接口结束: uri=/yq-admin/api/eduCampus, controller=EduCampusController#pageCampus, cost=7ms, result={"code":200,"message":"success","data":{"total":1,"pageNum":1,"pageSize":10,"records":[{"id":1,"campusName":"杭州校区","principalUserId":2,"address":"杭州市余杭区","contactPhone":"13549684561","status":1,"createdAt":"Sat Apr 11 15:51:21 CST 2026","updatedAt":"Sat Apr 11 15:51:21 CST 2026"}]}}
2026-06-11 22:02:43.457 [http-nio-8080-exec-1] [aa092781] [1] ERROR c.y.c.e.GlobalExceptionHandler - 业务异常: code=401, message=签名密钥不存在，请重新登录
cn.yanque.common.exception.BusinessException: 签名密钥不存在，请重新登录
	at cn.yanque.models.auth.interceptor.SignInterceptor.preHandle(SignInterceptor.java:60)
	at org.springframework.web.servlet.HandlerExecutionChain.applyPreHandle(HandlerExecutionChain.java:146)
	at org.springframework.web.servlet.DispatcherServlet.doDispatch(DispatcherServlet.java:1084)
	at org.springframework.web.servlet.DispatcherServlet.doService(DispatcherServlet.java:979)
	at org.springframework.web.servlet.FrameworkServlet.processRequest(FrameworkServlet.java:1014)
	at org.springframework.web.servlet.FrameworkServlet.doGet(FrameworkServlet.java:903)
	at jakarta.servlet.http.HttpServlet.service(HttpServlet.java:564)
	at org.springframework.web.servlet.FrameworkServlet.service(FrameworkServlet.java:885)
	at jakarta.servlet.http.HttpServlet.service(HttpServlet.java:658)
	at org.apache.catalina.core.ApplicationFilterChain.internalDoFilter(ApplicationFilterChain.java:205)
	at org.apache.catalina.core.ApplicationFilterChain.doFilter(ApplicationFilterChain.java:149)
	at org.apache.tomcat.websocket.server.WsFilter.doFilter(WsFilter.java:51)
	at org.apache.catalina.core.ApplicationFilterChain.internalDoFilter(ApplicationFilterChain.java:174)
	at org.apache.catalina.core.ApplicationFilterChain.doFilter(ApplicationFilterChain.java:149)
	at org.springframework.web.filter.RequestContextFilter.doFilterInternal(RequestContextFilter.java:100)
	at org.springframework.web.filter.OncePerRequestFilter.doFilter(OncePerRequestFilter.java:116)
	at org.apache.catalina.core.ApplicationFilterChain.internalDoFilter(ApplicationFilterChain.java:174)
	at org.apache.catalina.core.ApplicationFilterChain.doFilter(ApplicationFilterChain.java:149)
	at org.springframework.web.filter.FormContentFilter.doFilterInternal(FormContentFilter.java:93)
	at org.springframework.web.filter.OncePerRequestFilter.doFilter(OncePerRequestFilter.java:116)
	at org.apache.catalina.core.ApplicationFilterChain.internalDoFilter(ApplicationFilterChain.java:174)
	at org.apache.catalina.core.ApplicationFilterChain.doFilter(ApplicationFilterChain.java:149)
	at org.springframework.web.filter.CharacterEncodingFilter.doFilterInternal(CharacterEncodingFilter.java:201)
	at org.springframework.web.filter.OncePerRequestFilter.doFilter(OncePerRequestFilter.java:116)
	at org.apache.catalina.core.ApplicationFilterChain.internalDoFilter(ApplicationFilterChain.java:174)
	at org.apache.catalina.core.ApplicationFilterChain.doFilter(ApplicationFilterChain.java:149)
	at cn.yanque.config.MdcFilter.doFilterInternal(MdcFilter.java:37)
	at org.springframework.web.filter.OncePerRequestFilter.doFilter(OncePerRequestFilter.java:116)
	at org.apache.catalina.core.ApplicationFilterChain.internalDoFilter(ApplicationFilterChain.java:174)
	at org.apache.catalina.core.ApplicationFilterChain.doFilter(ApplicationFilterChain.java:149)
	at org.apache.catalina.core.StandardWrapperValve.invoke(StandardWrapperValve.java:167)
	at org.apache.catalina.core.StandardContextValve.invoke(StandardContextValve.java:90)
	at org.apache.catalina.authenticator.AuthenticatorBase.invoke(AuthenticatorBase.java:482)
	at org.apache.catalina.core.StandardHostValve.invoke(StandardHostValve.java:115)
	at org.apache.catalina.valves.ErrorReportValve.invoke(ErrorReportValve.java:93)
	at org.apache.catalina.core.StandardEngineValve.invoke(StandardEngineValve.java:74)
	at org.apache.catalina.connector.CoyoteAdapter.service(CoyoteAdapter.java:340)
	at org.apache.coyote.http11.Http11Processor.service(Http11Processor.java:391)
	at org.apache.coyote.AbstractProcessorLight.process(AbstractProcessorLight.java:63)
	at org.apache.coyote.AbstractProtocol$ConnectionHandler.process(AbstractProtocol.java:896)
	at org.apache.tomcat.util.net.NioEndpoint$SocketProcessor.doRun(NioEndpoint.java:1744)
	at org.apache.tomcat.util.net.SocketProcessorBase.run(SocketProcessorBase.java:52)
	at org.apache.tomcat.util.threads.ThreadPoolExecutor.runWorker(ThreadPoolExecutor.java:1191)
	at org.apache.tomcat.util.threads.ThreadPoolExecutor$Worker.run(ThreadPoolExecutor.java:659)
	at org.apache.tomcat.util.threads.TaskThread$WrappingRunnable.run(TaskThread.java:61)
	at java.base/java.lang.Thread.run(Thread.java:840)
2026-06-11 22:02:44.893 [http-nio-8080-exec-2] [05ad562b] [] INFO  c.y.common.aop.ControllerLogAspect - 接口开始: uri=/yq-admin/api/sysUser/login, httpMethod=POST, controller=SysUserController#login, args=[{"name":"req","value":{"username":"admin","password":"****"}}]
2026-06-11 22:02:44.898 [http-nio-8080-exec-2] [05ad562b] [] DEBUG c.y.m.u.m.S.selectByUsername - ==>  Preparing: select id, username, password, nickname, real_name, phone, email, union_id, status, created_at, updated_at from sys_user where username = ?
2026-06-11 22:02:44.898 [http-nio-8080-exec-2] [05ad562b] [] DEBUG c.y.m.u.m.S.selectByUsername - ==> Parameters: admin(String)
2026-06-11 22:02:44.899 [http-nio-8080-exec-2] [05ad562b] [] DEBUG c.y.m.u.m.S.selectByUsername - <==      Total: 1
2026-06-11 22:02:44.899 [http-nio-8080-exec-2] [05ad562b] [] DEBUG c.y.m.u.m.SysUserMapper.selectById - ==>  Preparing: select id, username, password, nickname, real_name, phone, email, union_id, status, created_at, updated_at from sys_user where id = ?
2026-06-11 22:02:44.901 [http-nio-8080-exec-2] [05ad562b] [] DEBUG c.y.m.u.m.SysUserMapper.selectById - ==> Parameters: 1(Long)
2026-06-11 22:02:44.901 [http-nio-8080-exec-2] [05ad562b] [] DEBUG c.y.m.u.m.SysUserMapper.selectById - <==      Total: 1
2026-06-11 22:02:44.901 [http-nio-8080-exec-2] [05ad562b] [] DEBUG c.y.m.u.m.S.selectRoleIdsByUserId - ==>  Preparing: select role_id from sys_user_role where user_id = ? order by role_id asc
2026-06-11 22:02:44.901 [http-nio-8080-exec-2] [05ad562b] [] DEBUG c.y.m.u.m.S.selectRoleIdsByUserId - ==> Parameters: 1(Long)
2026-06-11 22:02:44.901 [http-nio-8080-exec-2] [05ad562b] [] DEBUG c.y.m.u.m.S.selectRoleIdsByUserId - <==      Total: 1
2026-06-11 22:02:44.902 [http-nio-8080-exec-2] [05ad562b] [] DEBUG c.y.m.u.m.SysRoleMapper.selectList - ==>  Preparing: select id, role_code, role_name, description, status, created_at, updated_at from sys_role WHERE id in ( ? )
2026-06-11 22:02:44.902 [http-nio-8080-exec-2] [05ad562b] [] DEBUG c.y.m.u.m.SysRoleMapper.selectList - ==> Parameters: 1(Long)
2026-06-11 22:02:44.902 [http-nio-8080-exec-2] [05ad562b] [] DEBUG c.y.m.u.m.SysRoleMapper.selectList - <==      Total: 1
2026-06-11 22:02:44.902 [http-nio-8080-exec-2] [05ad562b] [] DEBUG c.y.m.u.m.S.selectPermissionIdsByRoleId - ==>  Preparing: select permission_id from sys_role_permission where role_id in ( ? ) order by permission_id asc
2026-06-11 22:02:44.902 [http-nio-8080-exec-2] [05ad562b] [] DEBUG c.y.m.u.m.S.selectPermissionIdsByRoleId - ==> Parameters: 1(Long)
2026-06-11 22:02:44.902 [http-nio-8080-exec-2] [05ad562b] [] DEBUG c.y.m.u.m.S.selectPermissionIdsByRoleId - <==      Total: 4
2026-06-11 22:02:44.902 [http-nio-8080-exec-2] [05ad562b] [] DEBUG c.y.m.u.m.S.selectList - ==>  Preparing: select id, parent_id, permission_code, permission_name, permission_type, api_path, sort_num, description, status, created_at, updated_at from sys_permission WHERE id in ( ? , ? , ? , ? )
2026-06-11 22:02:44.902 [http-nio-8080-exec-2] [05ad562b] [] DEBUG c.y.m.u.m.S.selectList - ==> Parameters: 101(Long), 106(Long), 113(Long), 117(Long)
2026-06-11 22:02:44.903 [http-nio-8080-exec-2] [05ad562b] [] DEBUG c.y.m.u.m.S.selectList - <==      Total: 4
2026-06-11 22:02:44.903 [http-nio-8080-exec-2] [05ad562b] [] INFO  c.y.common.aop.ControllerLogAspect - 接口结束: uri=/yq-admin/api/sysUser/login, controller=SysUserController#login, cost=10ms, result={"code":200,"message":"success","data":{"token":"ey****_E","signSecret":"M3****NU","userDetailRes":{"id":1,"username":"admin","nickname":"系统管理员","realName":"超级管理员","phone":"13800000000","email":"admin@yq.com","unionId":"on_8dc4e328a2870919088b018841458703","status":"ACTIVE","createdAt":"Thu Apr 09 20:50:39 CST 2026","updatedAt":"Wed Jun 10 20:14:33 CST 2026"},"roleDetailResList":[{"id":1,"roleCode":"SUPER_ADMIN","roleName":"超级管理员","description":"拥有全部后台权限","status":"ACTIVE","createdAt":"Thu Apr 09 20:50:38 CST 2026","updatedAt":"Wed Jun 10 20:13:59 CST 2026"}],"permissionDetailResList":[{"id":101,"parentId":0,"permissionName":"系统配置","permissionType":"MENU","permissionCode":"menu:system","sortNum":1,"status":"ACTIVE","description":"左侧导航中的系统配置父级菜单","createdAt":"Thu Apr 09 21:22:28 CST 2026","updatedAt":"Thu Jun 11 19:21:05 CST 2026"},{"id":106,"parentId":0,"permissionName":"教学管理","permissionType":"MENU","permissionCode":"menu:teaching","sortNum":2,"status":"ACTIVE","description":"左侧导航中的教学管理父级菜单","createdAt":"Sat Apr 11 15:49:16 CST 2026","updatedAt":"Thu Jun 11 19:21:10 CST 2026"},{"id":113,"parentId":0,"permissionName":"销售管理","permissionType":"MENU","permissionCode":"menu:sales","sortNum":3,"status":"ACTIVE","description":"左侧导航中的销售管理父级菜单","createdAt":"Sun Apr 12 14:19:04 CST 2026","updatedAt":"Thu Jun 11 19:21:13 CST 2026"},{"id":117,"parentId":0,"permissionName":"学员管理","permissionType":"MENU","permissionCode":"menu:student","sortNum":4,"status":"ACTIVE","description":"左侧导航中的学员管理父级菜单","createdAt":"Sun Apr 19 23:54:31 CST 2026","updatedAt":"Thu Jun 11 19:21:15 CST 2026"}]}}
2026-06-11 22:02:44.966 [http-nio-8080-exec-3] [326c490a] [1] DEBUG c.y.m.u.m.SysUserMapper.selectById - ==>  Preparing: select id, username, password, nickname, real_name, phone, email, union_id, status, created_at, updated_at from sys_user where id = ?
2026-06-11 22:02:44.966 [http-nio-8080-exec-3] [326c490a] [1] DEBUG c.y.m.u.m.SysUserMapper.selectById - ==> Parameters: 1(Long)
2026-06-11 22:02:44.967 [http-nio-8080-exec-3] [326c490a] [1] DEBUG c.y.m.u.m.SysUserMapper.selectById - <==      Total: 1
2026-06-11 22:02:44.967 [http-nio-8080-exec-3] [326c490a] [1] DEBUG c.y.m.u.m.S.selectRoleIdsByUserId - ==>  Preparing: select role_id from sys_user_role where user_id = ? order by role_id asc
2026-06-11 22:02:44.967 [http-nio-8080-exec-3] [326c490a] [1] DEBUG c.y.m.u.m.S.selectRoleIdsByUserId - ==> Parameters: 1(Long)
2026-06-11 22:02:44.967 [http-nio-8080-exec-3] [326c490a] [1] DEBUG c.y.m.u.m.S.selectRoleIdsByUserId - <==      Total: 1
2026-06-11 22:02:44.967 [http-nio-8080-exec-3] [326c490a] [1] DEBUG c.y.m.u.m.SysRoleMapper.selectList - ==>  Preparing: select id, role_code, role_name, description, status, created_at, updated_at from sys_role WHERE id in ( ? )
2026-06-11 22:02:44.969 [http-nio-8080-exec-3] [326c490a] [1] DEBUG c.y.m.u.m.SysRoleMapper.selectList - ==> Parameters: 1(Long)
2026-06-11 22:02:44.969 [http-nio-8080-exec-3] [326c490a] [1] DEBUG c.y.m.u.m.SysRoleMapper.selectList - <==      Total: 1
2026-06-11 22:02:44.969 [http-nio-8080-exec-3] [326c490a] [1] DEBUG c.y.m.u.m.S.selectPermissionIdsByRoleId - ==>  Preparing: select permission_id from sys_role_permission where role_id in ( ? ) order by permission_id asc
2026-06-11 22:02:44.969 [http-nio-8080-exec-3] [326c490a] [1] DEBUG c.y.m.u.m.S.selectPermissionIdsByRoleId - ==> Parameters: 1(Long)
2026-06-11 22:02:44.969 [http-nio-8080-exec-3] [326c490a] [1] DEBUG c.y.m.u.m.S.selectPermissionIdsByRoleId - <==      Total: 4
2026-06-11 22:02:44.969 [http-nio-8080-exec-3] [326c490a] [1] DEBUG c.y.m.u.m.S.selectList - ==>  Preparing: select id, parent_id, permission_code, permission_name, permission_type, api_path, sort_num, description, status, created_at, updated_at from sys_permission WHERE id in ( ? , ? , ? , ? )
2026-06-11 22:02:44.969 [http-nio-8080-exec-3] [326c490a] [1] DEBUG c.y.m.u.m.S.selectList - ==> Parameters: 101(Long), 106(Long), 113(Long), 117(Long)
2026-06-11 22:02:44.970 [http-nio-8080-exec-3] [326c490a] [1] DEBUG c.y.m.u.m.S.selectList - <==      Total: 4
2026-06-11 22:02:44.970 [http-nio-8080-exec-3] [326c490a] [1] INFO  c.y.common.aop.ControllerLogAspect - 接口开始: uri=/yq-admin/api/sysUser, httpMethod=GET, controller=SysUserController#pageUser, args=[{"name":"req","value":{"pageNum":1,"pageSize":10}}]
2026-06-11 22:02:44.975 [http-nio-8080-exec-3] [326c490a] [1] DEBUG c.y.m.u.m.S.selectPage_COUNT - ==>  Preparing: SELECT count(0) FROM sys_user
2026-06-11 22:02:44.975 [http-nio-8080-exec-3] [326c490a] [1] DEBUG c.y.m.u.m.S.selectPage_COUNT - ==> Parameters: 
2026-06-11 22:02:44.976 [http-nio-8080-exec-3] [326c490a] [1] DEBUG c.y.m.u.m.S.selectPage_COUNT - <==      Total: 1
2026-06-11 22:02:44.976 [http-nio-8080-exec-3] [326c490a] [1] DEBUG c.y.m.u.m.SysUserMapper.selectPage - ==>  Preparing: select id, username, password, nickname, real_name, phone, email, union_id, status, created_at, updated_at from sys_user order by id desc LIMIT ?
2026-06-11 22:02:44.976 [http-nio-8080-exec-3] [326c490a] [1] DEBUG c.y.m.u.m.SysUserMapper.selectPage - ==> Parameters: 10(Integer)
2026-06-11 22:02:44.976 [http-nio-8080-exec-3] [326c490a] [1] DEBUG c.y.m.u.m.SysUserMapper.selectPage - <==      Total: 6
2026-06-11 22:02:44.979 [http-nio-8080-exec-3] [326c490a] [1] INFO  c.y.common.aop.ControllerLogAspect - 接口结束: uri=/yq-admin/api/sysUser, controller=SysUserController#pageUser, cost=9ms, result={"code":200,"message":"success","data":{"total":6,"pageNum":1,"pageSize":10,"records":[{"id":6,"username":"haha","nickname":"哈哈哈","realName":"哈哈","phone":"15118191032","email":"913038933@qq.com","status":"ACTIVE","createdAt":"Fri Apr 17 15:54:46 CST 2026"},{"id":5,"username":"laoshi2","nickname":"老师2","realName":"老师2","phone":"13762922584","status":"ACTIVE","createdAt":"Sun Apr 12 01:48:55 CST 2026"},{"id":4,"username":"laoshi1","nickname":"老师1","realName":"老师1","phone":"13273576020","status":"ACTIVE","createdAt":"Sun Apr 12 01:48:37 CST 2026"},{"id":3,"username":"banzhuren","nickname":"班主任老师","realName":"班主任老师","phone":"15118191032","status":"ACTIVE","createdAt":"Sat Apr 11 17:06:53 CST 2026"},{"id":2,"username":"huangjin","nickname":"黄瑾","realName":"黄瑾","phone":"13273672819","email":"913038933@qq.com","status":"ACTIVE","createdAt":"Thu Apr 09 22:04:43 CST 2026"},{"id":1,"username":"admin","nickname":"系统管理员","realName":"超级管理员","phone":"13800000000","email":"admin@yq.com","status":"ACTIVE","createdAt":"Thu Apr 09 20:50:39 CST 2026"}]}}
2026-06-11 22:02:46.325 [http-nio-8080-exec-4] [c23296c5] [1] DEBUG c.y.m.u.m.SysUserMapper.selectById - ==>  Preparing: select id, username, password, nickname, real_name, phone, email, union_id, status, created_at, updated_at from sys_user where id = ?
2026-06-11 22:02:46.326 [http-nio-8080-exec-4] [c23296c5] [1] DEBUG c.y.m.u.m.SysUserMapper.selectById - ==> Parameters: 1(Long)
2026-06-11 22:02:46.326 [http-nio-8080-exec-4] [c23296c5] [1] DEBUG c.y.m.u.m.SysUserMapper.selectById - <==      Total: 1
2026-06-11 22:02:46.326 [http-nio-8080-exec-4] [c23296c5] [1] DEBUG c.y.m.u.m.S.selectRoleIdsByUserId - ==>  Preparing: select role_id from sys_user_role where user_id = ? order by role_id asc
2026-06-11 22:02:46.326 [http-nio-8080-exec-4] [c23296c5] [1] DEBUG c.y.m.u.m.S.selectRoleIdsByUserId - ==> Parameters: 1(Long)
2026-06-11 22:02:46.327 [http-nio-8080-exec-4] [c23296c5] [1] DEBUG c.y.m.u.m.S.selectRoleIdsByUserId - <==      Total: 1
2026-06-11 22:02:46.327 [http-nio-8080-exec-4] [c23296c5] [1] DEBUG c.y.m.u.m.SysRoleMapper.selectList - ==>  Preparing: select id, role_code, role_name, description, status, created_at, updated_at from sys_role WHERE id in ( ? )
2026-06-11 22:02:46.327 [http-nio-8080-exec-4] [c23296c5] [1] DEBUG c.y.m.u.m.SysRoleMapper.selectList - ==> Parameters: 1(Long)
2026-06-11 22:02:46.327 [http-nio-8080-exec-4] [c23296c5] [1] DEBUG c.y.m.u.m.SysRoleMapper.selectList - <==      Total: 1
2026-06-11 22:02:46.327 [http-nio-8080-exec-4] [c23296c5] [1] DEBUG c.y.m.u.m.S.selectPermissionIdsByRoleId - ==>  Preparing: select permission_id from sys_role_permission where role_id in ( ? ) order by permission_id asc
2026-06-11 22:02:46.327 [http-nio-8080-exec-4] [c23296c5] [1] DEBUG c.y.m.u.m.S.selectPermissionIdsByRoleId - ==> Parameters: 1(Long)
2026-06-11 22:02:46.327 [http-nio-8080-exec-4] [c23296c5] [1] DEBUG c.y.m.u.m.S.selectPermissionIdsByRoleId - <==      Total: 4
2026-06-11 22:02:46.327 [http-nio-8080-exec-4] [c23296c5] [1] DEBUG c.y.m.u.m.S.selectList - ==>  Preparing: select id, parent_id, permission_code, permission_name, permission_type, api_path, sort_num, description, status, created_at, updated_at from sys_permission WHERE id in ( ? , ? , ? , ? )
2026-06-11 22:02:46.327 [http-nio-8080-exec-4] [c23296c5] [1] DEBUG c.y.m.u.m.S.selectList - ==> Parameters: 101(Long), 106(Long), 113(Long), 117(Long)
2026-06-11 22:02:46.329 [http-nio-8080-exec-4] [c23296c5] [1] DEBUG c.y.m.u.m.S.selectList - <==      Total: 4
2026-06-11 22:02:46.329 [http-nio-8080-exec-4] [c23296c5] [1] INFO  c.y.common.aop.ControllerLogAspect - 接口开始: uri=/yq-admin/api/eduCampus, httpMethod=GET, controller=EduCampusController#pageCampus, args=[{"name":"req","value":{"pageNum":1,"pageSize":10}}]
2026-06-11 22:02:46.333 [http-nio-8080-exec-4] [c23296c5] [1] DEBUG c.y.m.e.m.E.selectPage_COUNT - ==>  Preparing: SELECT count(0) FROM edu_campus
2026-06-11 22:02:46.333 [http-nio-8080-exec-4] [c23296c5] [1] DEBUG c.y.m.e.m.E.selectPage_COUNT - ==> Parameters: 
2026-06-11 22:02:46.333 [http-nio-8080-exec-4] [c23296c5] [1] DEBUG c.y.m.e.m.E.selectPage_COUNT - <==      Total: 1
2026-06-11 22:02:46.333 [http-nio-8080-exec-4] [c23296c5] [1] DEBUG c.y.m.e.m.EduCampusMapper.selectPage - ==>  Preparing: select id, campus_name, principal_user_id, address, contact_phone, remark, status, created_at, updated_at from edu_campus order by id desc LIMIT ?
2026-06-11 22:02:46.333 [http-nio-8080-exec-4] [c23296c5] [1] DEBUG c.y.m.e.m.EduCampusMapper.selectPage - ==> Parameters: 10(Integer)
2026-06-11 22:02:46.334 [http-nio-8080-exec-4] [c23296c5] [1] DEBUG c.y.m.e.m.EduCampusMapper.selectPage - <==      Total: 1
2026-06-11 22:02:46.334 [http-nio-8080-exec-4] [c23296c5] [1] INFO  c.y.common.aop.ControllerLogAspect - 接口结束: uri=/yq-admin/api/eduCampus, controller=EduCampusController#pageCampus, cost=5ms, result={"code":200,"message":"success","data":{"total":1,"pageNum":1,"pageSize":10,"records":[{"id":1,"campusName":"杭州校区","principalUserId":2,"address":"杭州市余杭区","contactPhone":"13549684561","status":1,"createdAt":"Sat Apr 11 15:51:21 CST 2026","updatedAt":"Sat Apr 11 15:51:21 CST 2026"}]}}
2026-06-11 22:02:47.009 [http-nio-8080-exec-5] [7f724249] [1] DEBUG c.y.m.u.m.SysUserMapper.selectById - ==>  Preparing: select id, username, password, nickname, real_name, phone, email, union_id, status, created_at, updated_at from sys_user where id = ?
2026-06-11 22:02:47.010 [http-nio-8080-exec-5] [7f724249] [1] DEBUG c.y.m.u.m.SysUserMapper.selectById - ==> Parameters: 1(Long)
2026-06-11 22:02:47.010 [http-nio-8080-exec-5] [7f724249] [1] DEBUG c.y.m.u.m.SysUserMapper.selectById - <==      Total: 1
2026-06-11 22:02:47.010 [http-nio-8080-exec-5] [7f724249] [1] DEBUG c.y.m.u.m.S.selectRoleIdsByUserId - ==>  Preparing: select role_id from sys_user_role where user_id = ? order by role_id asc
2026-06-11 22:02:47.010 [http-nio-8080-exec-5] [7f724249] [1] DEBUG c.y.m.u.m.S.selectRoleIdsByUserId - ==> Parameters: 1(Long)
2026-06-11 22:02:47.011 [http-nio-8080-exec-5] [7f724249] [1] DEBUG c.y.m.u.m.S.selectRoleIdsByUserId - <==      Total: 1
2026-06-11 22:02:47.011 [http-nio-8080-exec-5] [7f724249] [1] DEBUG c.y.m.u.m.SysRoleMapper.selectList - ==>  Preparing: select id, role_code, role_name, description, status, created_at, updated_at from sys_role WHERE id in ( ? )
2026-06-11 22:02:47.011 [http-nio-8080-exec-5] [7f724249] [1] DEBUG c.y.m.u.m.SysRoleMapper.selectList - ==> Parameters: 1(Long)
2026-06-11 22:02:47.011 [http-nio-8080-exec-5] [7f724249] [1] DEBUG c.y.m.u.m.SysRoleMapper.selectList - <==      Total: 1
2026-06-11 22:02:47.011 [http-nio-8080-exec-5] [7f724249] [1] DEBUG c.y.m.u.m.S.selectPermissionIdsByRoleId - ==>  Preparing: select permission_id from sys_role_permission where role_id in ( ? ) order by permission_id asc
2026-06-11 22:02:47.012 [http-nio-8080-exec-5] [7f724249] [1] DEBUG c.y.m.u.m.S.selectPermissionIdsByRoleId - ==> Parameters: 1(Long)
2026-06-11 22:02:47.012 [http-nio-8080-exec-5] [7f724249] [1] DEBUG c.y.m.u.m.S.selectPermissionIdsByRoleId - <==      Total: 4
2026-06-11 22:02:47.012 [http-nio-8080-exec-5] [7f724249] [1] DEBUG c.y.m.u.m.S.selectList - ==>  Preparing: select id, parent_id, permission_code, permission_name, permission_type, api_path, sort_num, description, status, created_at, updated_at from sys_permission WHERE id in ( ? , ? , ? , ? )
2026-06-11 22:02:47.012 [http-nio-8080-exec-5] [7f724249] [1] DEBUG c.y.m.u.m.S.selectList - ==> Parameters: 101(Long), 106(Long), 113(Long), 117(Long)
2026-06-11 22:02:47.012 [http-nio-8080-exec-5] [7f724249] [1] DEBUG c.y.m.u.m.S.selectList - <==      Total: 4
2026-06-11 22:02:47.012 [http-nio-8080-exec-5] [7f724249] [1] INFO  c.y.common.aop.ControllerLogAspect - 接口开始: uri=/yq-admin/api/eduClass, httpMethod=GET, controller=EduClassController#pageClass, args=[{"name":"req","value":{"pageNum":1,"pageSize":10}}]
2026-06-11 22:02:47.017 [http-nio-8080-exec-5] [7f724249] [1] DEBUG c.y.m.e.m.E.selectPage_COUNT - ==>  Preparing: SELECT count(0) FROM edu_class
2026-06-11 22:02:47.017 [http-nio-8080-exec-5] [7f724249] [1] DEBUG c.y.m.e.m.E.selectPage_COUNT - ==> Parameters: 
2026-06-11 22:02:47.018 [http-nio-8080-exec-5] [7f724249] [1] DEBUG c.y.m.e.m.E.selectPage_COUNT - <==      Total: 1
2026-06-11 22:02:47.018 [http-nio-8080-exec-5] [7f724249] [1] DEBUG c.y.m.e.m.EduClassMapper.selectPage - ==>  Preparing: select id, class_term, campus_id, head_teacher_id, class_status, start_time, course_id, student_count, created_at, updated_at from edu_class order by id desc LIMIT ?
2026-06-11 22:02:47.018 [http-nio-8080-exec-5] [7f724249] [1] DEBUG c.y.m.e.m.EduClassMapper.selectPage - ==> Parameters: 10(Integer)
2026-06-11 22:02:47.019 [http-nio-8080-exec-5] [7f724249] [1] DEBUG c.y.m.e.m.EduClassMapper.selectPage - <==      Total: 3
2026-06-11 22:02:47.019 [http-nio-8080-exec-5] [7f724249] [1] INFO  c.y.common.aop.ControllerLogAspect - 接口结束: uri=/yq-admin/api/eduClass, controller=EduClassController#pageClass, cost=7ms, result={"code":200,"message":"success","data":{"total":3,"pageNum":1,"pageSize":10,"records":[{"id":3,"classTerm":3,"campusId":1,"headTeacherId":3,"classStatus":"WAITING","startTime":"Thu Apr 16 00:00:00 CST 2026","courseId":1,"studentCount":0,"createdAt":"Mon Apr 13 20:34:39 CST 2026"},{"id":2,"classTerm":2,"campusId":1,"headTeacherId":3,"classStatus":"WAITING","startTime":"Mon Apr 13 00:00:00 CST 2026","courseId":1,"studentCount":0,"createdAt":"Mon Apr 13 20:15:52 CST 2026"},{"id":1,"classTerm":1,"campusId":1,"headTeacherId":3,"classStatus":"WAITING","startTime":"Mon Apr 13 00:00:00 CST 2026","courseId":1,"studentCount":0,"createdAt":"Sat Apr 11 17:09:28 CST 2026"}]}}
2026-06-11 22:02:48.230 [http-nio-8080-exec-6] [7f0522bd] [1] DEBUG c.y.m.u.m.SysUserMapper.selectById - ==>  Preparing: select id, username, password, nickname, real_name, phone, email, union_id, status, created_at, updated_at from sys_user where id = ?
2026-06-11 22:02:48.231 [http-nio-8080-exec-6] [7f0522bd] [1] DEBUG c.y.m.u.m.SysUserMapper.selectById - ==> Parameters: 1(Long)
2026-06-11 22:02:48.231 [http-nio-8080-exec-6] [7f0522bd] [1] DEBUG c.y.m.u.m.SysUserMapper.selectById - <==      Total: 1
2026-06-11 22:02:48.231 [http-nio-8080-exec-6] [7f0522bd] [1] DEBUG c.y.m.u.m.S.selectRoleIdsByUserId - ==>  Preparing: select role_id from sys_user_role where user_id = ? order by role_id asc
2026-06-11 22:02:48.231 [http-nio-8080-exec-6] [7f0522bd] [1] DEBUG c.y.m.u.m.S.selectRoleIdsByUserId - ==> Parameters: 1(Long)
2026-06-11 22:02:48.232 [http-nio-8080-exec-6] [7f0522bd] [1] DEBUG c.y.m.u.m.S.selectRoleIdsByUserId - <==      Total: 1
2026-06-11 22:02:48.232 [http-nio-8080-exec-6] [7f0522bd] [1] DEBUG c.y.m.u.m.SysRoleMapper.selectList - ==>  Preparing: select id, role_code, role_name, description, status, created_at, updated_at from sys_role WHERE id in ( ? )
2026-06-11 22:02:48.232 [http-nio-8080-exec-6] [7f0522bd] [1] DEBUG c.y.m.u.m.SysRoleMapper.selectList - ==> Parameters: 1(Long)
2026-06-11 22:02:48.232 [http-nio-8080-exec-6] [7f0522bd] [1] DEBUG c.y.m.u.m.SysRoleMapper.selectList - <==      Total: 1
2026-06-11 22:02:48.233 [http-nio-8080-exec-6] [7f0522bd] [1] DEBUG c.y.m.u.m.S.selectPermissionIdsByRoleId - ==>  Preparing: select permission_id from sys_role_permission where role_id in ( ? ) order by permission_id asc
2026-06-11 22:02:48.233 [http-nio-8080-exec-6] [7f0522bd] [1] DEBUG c.y.m.u.m.S.selectPermissionIdsByRoleId - ==> Parameters: 1(Long)
2026-06-11 22:02:48.233 [http-nio-8080-exec-6] [7f0522bd] [1] DEBUG c.y.m.u.m.S.selectPermissionIdsByRoleId - <==      Total: 4
2026-06-11 22:02:48.233 [http-nio-8080-exec-6] [7f0522bd] [1] DEBUG c.y.m.u.m.S.selectList - ==>  Preparing: select id, parent_id, permission_code, permission_name, permission_type, api_path, sort_num, description, status, created_at, updated_at from sys_permission WHERE id in ( ? , ? , ? , ? )
2026-06-11 22:02:48.233 [http-nio-8080-exec-6] [7f0522bd] [1] DEBUG c.y.m.u.m.S.selectList - ==> Parameters: 101(Long), 106(Long), 113(Long), 117(Long)
2026-06-11 22:02:48.234 [http-nio-8080-exec-6] [7f0522bd] [1] DEBUG c.y.m.u.m.S.selectList - <==      Total: 4
2026-06-11 22:02:48.234 [http-nio-8080-exec-6] [7f0522bd] [1] INFO  c.y.common.aop.ControllerLogAspect - 接口开始: uri=/yq-admin/api/sysPermission, httpMethod=GET, controller=SysPermissionController#pagePermission, args=[{"name":"req","value":{"pageNum":1,"pageSize":1000}}]
2026-06-11 22:02:48.238 [http-nio-8080-exec-6] [7f0522bd] [1] DEBUG c.y.m.u.m.S.selectPage_COUNT - ==>  Preparing: SELECT count(0) FROM sys_permission
2026-06-11 22:02:48.239 [http-nio-8080-exec-6] [7f0522bd] [1] DEBUG c.y.m.u.m.S.selectPage_COUNT - ==> Parameters: 
2026-06-11 22:02:48.239 [http-nio-8080-exec-6] [7f0522bd] [1] DEBUG c.y.m.u.m.S.selectPage_COUNT - <==      Total: 1
2026-06-11 22:02:48.239 [http-nio-8080-exec-6] [7f0522bd] [1] DEBUG c.y.m.u.m.S.selectPage - ==>  Preparing: select id, parent_id, permission_code, permission_name, permission_type, api_path, sort_num, description, status, created_at, updated_at from sys_permission order by sort_num asc, id desc LIMIT ?
2026-06-11 22:02:48.239 [http-nio-8080-exec-6] [7f0522bd] [1] DEBUG c.y.m.u.m.S.selectPage - ==> Parameters: 1000(Integer)
2026-06-11 22:02:48.242 [http-nio-8080-exec-6] [7f0522bd] [1] DEBUG c.y.m.u.m.S.selectPage - <==      Total: 177
2026-06-11 22:02:48.244 [http-nio-8080-exec-6] [7f0522bd] [1] INFO  c.y.common.aop.ControllerLogAspect - 接口结束: uri=/yq-admin/api/sysPermission, controller=SysPermissionController#pagePermission, cost=9ms, result={"code":200,"message":"success","data":{"total":177,"pageNum":1,"pageSize":1000,"records":[{"id":287,"parentId":286,"permissionName":"面试复盘上传音频按钮","permissionType":"BUTTON","permissionCode":"button:interview-review:upload","sortNum":1,"status":"1","description":"面试复盘页面的上传音频按钮","createdAt":"Wed May 20 22:13:56 CST 2026"},{"id":272,"parentId":271,"permissionName":"自媒体生成选题按钮","permissionType":"BUTTON","permissionCode":"button:media-agent:generate-topics","sortNum":1,"status":"1","description":"自媒体创作页面的生成选题按钮","createdAt":"Sat May 09 16:32:32 CST 2026"},{"id":268,"parentId":267,"permissionName":"数据分析执行按钮","permissionType":"BUTTON","permissionCode":"button:data-analysis:analyze","sortNum":1,"status":"1","description":"数据分析页面的开始分析按钮","createdAt":"Fri May 08 16:42:19 CST 2026"},{"id":249,"parentId":121,"permissionName":"发布作业按钮","permissionType":"BUTTON","permissionCode":"button:homework:create","sortNum":1,"status":"1","description":"作业管理页面的发布作业按钮","createdAt":"Wed Apr 22 16:21:14 CST 2026"},{"id":247,"parentId":118,"permissionName":"学生绑定权限模板按钮","permissionType":"BUTTON","permissionCode":"button:student:bind-permission-template","sortNum":1,"status":"1","description":"学生管理页面的绑定权限模板按钮","createdAt":"Wed Apr 22 14:20:45 CST 2026"},{"id":243,"parentId":119,"permissionName":"学员权限模板新增按钮","permissionType":"BUTTON","permissionCode":"button:student-permission-template:create","sortNum":1,"status":"1","description":"学员权限模板页面的新增按钮","createdAt":"Mon Apr 20 00:05:46 CST 2026"},{"id":240,"parentId":115,"permissionName":"订单新增按钮","permissionType":"BUTTON","permissionCode":"button:order:create","sortNum":1,"status":"1","description":"订单管理页面的新增按钮","createdAt":"Sun Apr 12 23:10:59 CST 2026"},{"id":237,"parentId":114,"permissionName":"产品新增按钮","permissionType":"BUTTON","permissionCode":"button:product:create","sortNum":1,"status":"1","description":"产品管理页面的新增按钮","createdAt":"Sun Apr 12 14:19:04 CST 2026"},{"id":235,"parentId":112,"permissionName":"值班查看按钮","permissionType":"BUTTON","permissionCode":"button:duty:view","sortNum":1,"status":"1","description":"值班管理页面的查看按钮","createdAt":"Sun Apr 12 13:11:55 CST 2026"},{"id":234,"parentId":111,"permissionName":"老师课表查看按钮","permissionType":"BUTTON","permissionCode":"button:teacher-schedule:view","sortNum":1,"status":"1","description":"老师课表页面的查看按钮","createdAt":"Sun Apr 12 03:21:07 CST 2026"},{"id":231,"parentId":110,"permissionName":"课表查看按钮","permissionType":"BUTTON","permissionCode":"button:schedule:view","sortNum":1,"status":"1","description":"课表管理页面的查看按钮","createdAt":"Sat Apr 11 19:46:45 CST 2026"},{"id":227,"parentId":109,"permissionName":"班级新增按钮","permissionType":"BUTTON","permissionCode":"button:class:create","sortNum":1,"status":"1","description":"班级管理页面的新增按钮","createdAt":"Sat Apr 11 17:05:40 CST 2026"},{"id":218,"parentId":108,"permissionName":"课程新增按钮","permissionType":"BUTTON","permissionCode":"button:course:create","sortNum":1,"status":"1","description":"课程管理页面的新增按钮","createdAt":"Sat Apr 11 16:02:19 CST 2026"},{"id":215,"parentId":107,"permissionName":"校区新增按钮","permissionType":"BUTTON","permissionCode":"button:campus:create","sortNum":1,"status":"1","description":"校区管理页面的新增按钮","createdAt":"Sat Apr 11 15:49:16 CST 2026"},{"id":212,"parentId":105,"permissionName":"系统参数新增按钮","permissionType":"BUTTON","permissionCode":"button:config:create","sortNum":1,"status":"1","description":"系统参数页面的新增配置按钮","createdAt":"Fri Apr 10 20:08:09 CST 2026"},{"id":209,"parentId":104,"permissionName":"权限新增按钮","permissionType":"BUTTON","permissionCode":"button:permission:create","sortNum":1,"status":"1","description":"权限管理页面的新增权限按钮","createdAt":"Thu Apr 09 21:22:28 CST 2026"},{"id":205,"parentId":103,"permissionName":"角色新增按钮","permissionType":"BUTTON","permissionCode":"button:role:create","sortNum":1,"status":"1","description":"角色管理页面的新增角色按钮","createdAt":"Thu Apr 09 21:22:28 CST 2026"},{"id":201,"parentId":102,"permissionName":"用户新增按钮","permissionType":"BUTTON","permissionCode":"button:user:create","sortNum":1,"status":"ACTIVE","desc...(truncated)
2026-06-11 22:02:50.205 [http-nio-8080-exec-7] [568ee51c] [1] DEBUG c.y.m.u.m.SysUserMapper.selectById - ==>  Preparing: select id, username, password, nickname, real_name, phone, email, union_id, status, created_at, updated_at from sys_user where id = ?
2026-06-11 22:02:50.205 [http-nio-8080-exec-7] [568ee51c] [1] DEBUG c.y.m.u.m.SysUserMapper.selectById - ==> Parameters: 1(Long)
2026-06-11 22:02:50.205 [http-nio-8080-exec-7] [568ee51c] [1] DEBUG c.y.m.u.m.SysUserMapper.selectById - <==      Total: 1
2026-06-11 22:02:50.205 [http-nio-8080-exec-7] [568ee51c] [1] DEBUG c.y.m.u.m.S.selectRoleIdsByUserId - ==>  Preparing: select role_id from sys_user_role where user_id = ? order by role_id asc
2026-06-11 22:02:50.205 [http-nio-8080-exec-7] [568ee51c] [1] DEBUG c.y.m.u.m.S.selectRoleIdsByUserId - ==> Parameters: 1(Long)
2026-06-11 22:02:50.206 [http-nio-8080-exec-7] [568ee51c] [1] DEBUG c.y.m.u.m.S.selectRoleIdsByUserId - <==      Total: 1
2026-06-11 22:02:50.206 [http-nio-8080-exec-7] [568ee51c] [1] DEBUG c.y.m.u.m.SysRoleMapper.selectList - ==>  Preparing: select id, role_code, role_name, description, status, created_at, updated_at from sys_role WHERE id in ( ? )
2026-06-11 22:02:50.206 [http-nio-8080-exec-7] [568ee51c] [1] DEBUG c.y.m.u.m.SysRoleMapper.selectList - ==> Parameters: 1(Long)
2026-06-11 22:02:50.206 [http-nio-8080-exec-7] [568ee51c] [1] DEBUG c.y.m.u.m.SysRoleMapper.selectList - <==      Total: 1
2026-06-11 22:02:50.206 [http-nio-8080-exec-7] [568ee51c] [1] DEBUG c.y.m.u.m.S.selectPermissionIdsByRoleId - ==>  Preparing: select permission_id from sys_role_permission where role_id in ( ? ) order by permission_id asc
2026-06-11 22:02:50.206 [http-nio-8080-exec-7] [568ee51c] [1] DEBUG c.y.m.u.m.S.selectPermissionIdsByRoleId - ==> Parameters: 1(Long)
2026-06-11 22:02:50.207 [http-nio-8080-exec-7] [568ee51c] [1] DEBUG c.y.m.u.m.S.selectPermissionIdsByRoleId - <==      Total: 4
2026-06-11 22:02:50.207 [http-nio-8080-exec-7] [568ee51c] [1] DEBUG c.y.m.u.m.S.selectList - ==>  Preparing: select id, parent_id, permission_code, permission_name, permission_type, api_path, sort_num, description, status, created_at, updated_at from sys_permission WHERE id in ( ? , ? , ? , ? )
2026-06-11 22:02:50.207 [http-nio-8080-exec-7] [568ee51c] [1] DEBUG c.y.m.u.m.S.selectList - ==> Parameters: 101(Long), 106(Long), 113(Long), 117(Long)
2026-06-11 22:02:50.207 [http-nio-8080-exec-7] [568ee51c] [1] DEBUG c.y.m.u.m.S.selectList - <==      Total: 4
2026-06-11 22:02:50.208 [http-nio-8080-exec-7] [568ee51c] [1] INFO  c.y.common.aop.ControllerLogAspect - 接口开始: uri=/yq-admin/api/eduClass, httpMethod=GET, controller=EduClassController#pageClass, args=[{"name":"req","value":{"pageNum":1,"pageSize":10}}]
2026-06-11 22:02:50.212 [http-nio-8080-exec-7] [568ee51c] [1] DEBUG c.y.m.e.m.E.selectPage_COUNT - ==>  Preparing: SELECT count(0) FROM edu_class
2026-06-11 22:02:50.212 [http-nio-8080-exec-7] [568ee51c] [1] DEBUG c.y.m.e.m.E.selectPage_COUNT - ==> Parameters: 
2026-06-11 22:02:50.213 [http-nio-8080-exec-7] [568ee51c] [1] DEBUG c.y.m.e.m.E.selectPage_COUNT - <==      Total: 1
2026-06-11 22:02:50.213 [http-nio-8080-exec-7] [568ee51c] [1] DEBUG c.y.m.e.m.EduClassMapper.selectPage - ==>  Preparing: select id, class_term, campus_id, head_teacher_id, class_status, start_time, course_id, student_count, created_at, updated_at from edu_class order by id desc LIMIT ?
2026-06-11 22:02:50.213 [http-nio-8080-exec-7] [568ee51c] [1] DEBUG c.y.m.e.m.EduClassMapper.selectPage - ==> Parameters: 10(Integer)
2026-06-11 22:02:50.213 [http-nio-8080-exec-7] [568ee51c] [1] DEBUG c.y.m.e.m.EduClassMapper.selectPage - <==      Total: 3
2026-06-11 22:02:50.214 [http-nio-8080-exec-7] [568ee51c] [1] INFO  c.y.common.aop.ControllerLogAspect - 接口结束: uri=/yq-admin/api/eduClass, controller=EduClassController#pageClass, cost=6ms, result={"code":200,"message":"success","data":{"total":3,"pageNum":1,"pageSize":10,"records":[{"id":3,"classTerm":3,"campusId":1,"headTeacherId":3,"classStatus":"WAITING","startTime":"Thu Apr 16 00:00:00 CST 2026","courseId":1,"studentCount":0,"createdAt":"Mon Apr 13 20:34:39 CST 2026"},{"id":2,"classTerm":2,"campusId":1,"headTeacherId":3,"classStatus":"WAITING","startTime":"Mon Apr 13 00:00:00 CST 2026","courseId":1,"studentCount":0,"createdAt":"Mon Apr 13 20:15:52 CST 2026"},{"id":1,"classTerm":1,"campusId":1,"headTeacherId":3,"classStatus":"WAITING","startTime":"Mon Apr 13 00:00:00 CST 2026","courseId":1,"studentCount":0,"createdAt":"Sat Apr 11 17:09:28 CST 2026"}]}}
2026-06-11 22:02:50.889 [http-nio-8080-exec-8] [152f0406] [1] DEBUG c.y.m.u.m.SysUserMapper.selectById - ==>  Preparing: select id, username, password, nickname, real_name, phone, email, union_id, status, created_at, updated_at from sys_user where id = ?
2026-06-11 22:02:50.889 [http-nio-8080-exec-8] [152f0406] [1] DEBUG c.y.m.u.m.SysUserMapper.selectById - ==> Parameters: 1(Long)
2026-06-11 22:02:50.890 [http-nio-8080-exec-8] [152f0406] [1] DEBUG c.y.m.u.m.SysUserMapper.selectById - <==      Total: 1
2026-06-11 22:02:50.891 [http-nio-8080-exec-8] [152f0406] [1] DEBUG c.y.m.u.m.S.selectRoleIdsByUserId - ==>  Preparing: select role_id from sys_user_role where user_id = ? order by role_id asc
2026-06-11 22:02:50.891 [http-nio-8080-exec-8] [152f0406] [1] DEBUG c.y.m.u.m.S.selectRoleIdsByUserId - ==> Parameters: 1(Long)
2026-06-11 22:02:50.891 [http-nio-8080-exec-8] [152f0406] [1] DEBUG c.y.m.u.m.S.selectRoleIdsByUserId - <==      Total: 1
2026-06-11 22:02:50.891 [http-nio-8080-exec-8] [152f0406] [1] DEBUG c.y.m.u.m.SysRoleMapper.selectList - ==>  Preparing: select id, role_code, role_name, description, status, created_at, updated_at from sys_role WHERE id in ( ? )
2026-06-11 22:02:50.892 [http-nio-8080-exec-8] [152f0406] [1] DEBUG c.y.m.u.m.SysRoleMapper.selectList - ==> Parameters: 1(Long)
2026-06-11 22:02:50.892 [http-nio-8080-exec-8] [152f0406] [1] DEBUG c.y.m.u.m.SysRoleMapper.selectList - <==      Total: 1
2026-06-11 22:02:50.892 [http-nio-8080-exec-8] [152f0406] [1] DEBUG c.y.m.u.m.S.selectPermissionIdsByRoleId - ==>  Preparing: select permission_id from sys_role_permission where role_id in ( ? ) order by permission_id asc
2026-06-11 22:02:50.892 [http-nio-8080-exec-8] [152f0406] [1] DEBUG c.y.m.u.m.S.selectPermissionIdsByRoleId - ==> Parameters: 1(Long)
2026-06-11 22:02:50.892 [http-nio-8080-exec-8] [152f0406] [1] DEBUG c.y.m.u.m.S.selectPermissionIdsByRoleId - <==      Total: 4
2026-06-11 22:02:50.892 [http-nio-8080-exec-8] [152f0406] [1] DEBUG c.y.m.u.m.S.selectList - ==>  Preparing: select id, parent_id, permission_code, permission_name, permission_type, api_path, sort_num, description, status, created_at, updated_at from sys_permission WHERE id in ( ? , ? , ? , ? )
2026-06-11 22:02:50.893 [http-nio-8080-exec-8] [152f0406] [1] DEBUG c.y.m.u.m.S.selectList - ==> Parameters: 101(Long), 106(Long), 113(Long), 117(Long)
2026-06-11 22:02:50.893 [http-nio-8080-exec-8] [152f0406] [1] DEBUG c.y.m.u.m.S.selectList - <==      Total: 4
2026-06-11 22:02:50.893 [http-nio-8080-exec-8] [152f0406] [1] INFO  c.y.common.aop.ControllerLogAspect - 接口开始: uri=/yq-admin/api/eduCampus, httpMethod=GET, controller=EduCampusController#pageCampus, args=[{"name":"req","value":{"pageNum":1,"pageSize":10}}]
2026-06-11 22:02:50.897 [http-nio-8080-exec-8] [152f0406] [1] DEBUG c.y.m.e.m.E.selectPage_COUNT - ==>  Preparing: SELECT count(0) FROM edu_campus
2026-06-11 22:02:50.897 [http-nio-8080-exec-8] [152f0406] [1] DEBUG c.y.m.e.m.E.selectPage_COUNT - ==> Parameters: 
2026-06-11 22:02:50.898 [http-nio-8080-exec-8] [152f0406] [1] DEBUG c.y.m.e.m.E.selectPage_COUNT - <==      Total: 1
2026-06-11 22:02:50.898 [http-nio-8080-exec-8] [152f0406] [1] DEBUG c.y.m.e.m.EduCampusMapper.selectPage - ==>  Preparing: select id, campus_name, principal_user_id, address, contact_phone, remark, status, created_at, updated_at from edu_campus order by id desc LIMIT ?
2026-06-11 22:02:50.898 [http-nio-8080-exec-8] [152f0406] [1] DEBUG c.y.m.e.m.EduCampusMapper.selectPage - ==> Parameters: 10(Integer)
2026-06-11 22:02:50.898 [http-nio-8080-exec-8] [152f0406] [1] DEBUG c.y.m.e.m.EduCampusMapper.selectPage - <==      Total: 1
2026-06-11 22:02:50.898 [http-nio-8080-exec-8] [152f0406] [1] INFO  c.y.common.aop.ControllerLogAspect - 接口结束: uri=/yq-admin/api/eduCampus, controller=EduCampusController#pageCampus, cost=5ms, result={"code":200,"message":"success","data":{"total":1,"pageNum":1,"pageSize":10,"records":[{"id":1,"campusName":"杭州校区","principalUserId":2,"address":"杭州市余杭区","contactPhone":"13549684561","status":1,"createdAt":"Sat Apr 11 15:51:21 CST 2026","updatedAt":"Sat Apr 11 15:51:21 CST 2026"}]}}
2026-06-11 22:02:55.039 [http-nio-8080-exec-9] [4314d6d3] [1] DEBUG c.y.m.u.m.SysUserMapper.selectById - ==>  Preparing: select id, username, password, nickname, real_name, phone, email, union_id, status, created_at, updated_at from sys_user where id = ?
2026-06-11 22:02:55.039 [http-nio-8080-exec-9] [4314d6d3] [1] DEBUG c.y.m.u.m.SysUserMapper.selectById - ==> Parameters: 1(Long)
2026-06-11 22:02:55.039 [http-nio-8080-exec-9] [4314d6d3] [1] DEBUG c.y.m.u.m.SysUserMapper.selectById - <==      Total: 1
2026-06-11 22:02:55.039 [http-nio-8080-exec-9] [4314d6d3] [1] DEBUG c.y.m.u.m.S.selectRoleIdsByUserId - ==>  Preparing: select role_id from sys_user_role where user_id = ? order by role_id asc
2026-06-11 22:02:55.039 [http-nio-8080-exec-9] [4314d6d3] [1] DEBUG c.y.m.u.m.S.selectRoleIdsByUserId - ==> Parameters: 1(Long)
2026-06-11 22:02:55.041 [http-nio-8080-exec-9] [4314d6d3] [1] DEBUG c.y.m.u.m.S.selectRoleIdsByUserId - <==      Total: 1
2026-06-11 22:02:55.041 [http-nio-8080-exec-9] [4314d6d3] [1] DEBUG c.y.m.u.m.SysRoleMapper.selectList - ==>  Preparing: select id, role_code, role_name, description, status, created_at, updated_at from sys_role WHERE id in ( ? )
2026-06-11 22:02:55.041 [http-nio-8080-exec-9] [4314d6d3] [1] DEBUG c.y.m.u.m.SysRoleMapper.selectList - ==> Parameters: 1(Long)
2026-06-11 22:02:55.041 [http-nio-8080-exec-9] [4314d6d3] [1] DEBUG c.y.m.u.m.SysRoleMapper.selectList - <==      Total: 1
2026-06-11 22:02:55.041 [http-nio-8080-exec-9] [4314d6d3] [1] DEBUG c.y.m.u.m.S.selectPermissionIdsByRoleId - ==>  Preparing: select permission_id from sys_role_permission where role_id in ( ? ) order by permission_id asc
2026-06-11 22:02:55.041 [http-nio-8080-exec-9] [4314d6d3] [1] DEBUG c.y.m.u.m.S.selectPermissionIdsByRoleId - ==> Parameters: 1(Long)
2026-06-11 22:02:55.042 [http-nio-8080-exec-9] [4314d6d3] [1] DEBUG c.y.m.u.m.S.selectPermissionIdsByRoleId - <==      Total: 4
2026-06-11 22:02:55.042 [http-nio-8080-exec-9] [4314d6d3] [1] DEBUG c.y.m.u.m.S.selectList - ==>  Preparing: select id, parent_id, permission_code, permission_name, permission_type, api_path, sort_num, description, status, created_at, updated_at from sys_permission WHERE id in ( ? , ? , ? , ? )
2026-06-11 22:02:55.042 [http-nio-8080-exec-9] [4314d6d3] [1] DEBUG c.y.m.u.m.S.selectList - ==> Parameters: 101(Long), 106(Long), 113(Long), 117(Long)
2026-06-11 22:02:55.042 [http-nio-8080-exec-9] [4314d6d3] [1] DEBUG c.y.m.u.m.S.selectList - <==      Total: 4
2026-06-11 22:02:55.042 [http-nio-8080-exec-9] [4314d6d3] [1] INFO  c.y.common.aop.ControllerLogAspect - 接口开始: uri=/yq-admin/api/eduStudent, httpMethod=GET, controller=EduStudentController#pageStudent, args=[{"name":"req","value":{"pageNum":1,"pageSize":10}}]
2026-06-11 22:02:55.048 [http-nio-8080-exec-9] [4314d6d3] [1] DEBUG c.y.m.e.m.E.selectPage_COUNT - ==>  Preparing: SELECT count(0) FROM edu_student
2026-06-11 22:02:55.048 [http-nio-8080-exec-9] [4314d6d3] [1] DEBUG c.y.m.e.m.E.selectPage_COUNT - ==> Parameters: 
2026-06-11 22:02:55.049 [http-nio-8080-exec-9] [4314d6d3] [1] DEBUG c.y.m.e.m.E.selectPage_COUNT - <==      Total: 1
2026-06-11 22:02:55.049 [http-nio-8080-exec-9] [4314d6d3] [1] DEBUG c.y.m.e.m.E.selectPage - ==>  Preparing: select id, student_code, student_name, phone, graduation_session, school, education, study_mode, class_id, product_id, join_time, created_at, updated_at from edu_student order by id desc LIMIT ?
2026-06-11 22:02:55.049 [http-nio-8080-exec-9] [4314d6d3] [1] DEBUG c.y.m.e.m.E.selectPage - ==> Parameters: 10(Integer)
2026-06-11 22:02:55.051 [http-nio-8080-exec-9] [4314d6d3] [1] DEBUG c.y.m.e.m.E.selectPage - <==      Total: 10
2026-06-11 22:02:55.051 [http-nio-8080-exec-9] [4314d6d3] [1] INFO  c.y.common.aop.ControllerLogAspect - 接口结束: uri=/yq-admin/api/eduStudent, controller=EduStudentController#pageStudent, cost=9ms, result={"code":200,"message":"success","data":{"total":10,"pageNum":1,"pageSize":10,"records":[{"id":10,"studentCode":"XS20260527544261","studentName":"赵九","phone":"13273576020","graduationSession":2026,"school":"湖南师范大学","education":"硕士","studyMode":"ONLINE","productId":3,"joinTime":"Wed May 27 21:32:06 CST 2026","createdAt":"Wed May 27 21:32:23 CST 2026","updatedAt":"Wed May 27 21:32:23 CST 2026"},{"id":9,"studentCode":"XS20260526215429","studentName":"赵六","phone":"13762922580","graduationSession":2026,"school":"湖南师范大学","education":"硕士","studyMode":"ONLINE","productId":3,"joinTime":"Tue May 26 17:18:07 CST 2026","createdAt":"Tue May 26 17:18:15 CST 2026","updatedAt":"Tue May 26 17:18:15 CST 2026"},{"id":8,"studentCode":"XS20260514684479","studentName":"哈哈","phone":"13273576029","graduationSession":2026,"school":"湖南师范大学","education":"本科","studyMode":"OFFLINE","classId":2,"productId":1,"joinTime":"Thu May 14 17:45:03 CST 2026","createdAt":"Thu May 14 17:45:10 CST 2026","updatedAt":"Thu May 14 17:45:10 CST 2026"},{"id":7,"studentCode":"XS20260429790522","studentName":"王六","phone":"13273576027","graduationSession":2026,"school":"湖南师范大学","education":"博士","studyMode":"ONLINE","productId":2,"joinTime":"Wed Apr 29 22:59:06 CST 2026","createdAt":"Wed Apr 29 22:59:15 CST 2026","updatedAt":"Wed Apr 29 22:59:15 CST 2026"},{"id":6,"studentCode":"XS20260417641291","studentName":"赵六","phone":"15118191034","graduationSession":2026,"school":"洪江一中","education":"本科","studyMode":"OFFLINE","classId":3,"productId":1,"joinTime":"Fri Apr 17 22:25:31 CST 2026","createdAt":"Fri Apr 17 22:25:50 CST 2026","updatedAt":"Fri Apr 17 22:25:50 CST 2026"},{"id":5,"studentCode":"XS20260417193131","studentName":"黄某","phone":"15118191031","graduationSession":2026,"school":"洪江一中","education":"本科","studyMode":"OFFLINE","classId":1,"productId":1,"joinTime":"Fri Apr 17 15:09:40 CST 2026","createdAt":"Fri Apr 17 15:10:18 CST 2026","updatedAt":"Fri Apr 17 15:10:18 CST 2026"},{"id":4,"studentCode":"XS20260416122330","studentName":"黄某","phone":"13273576024","graduationSession":2026,"school":"洪江一中","education":"大专","studyMode":"OFFLINE","classId":1,"productId":1,"joinTime":"Thu Apr 16 22:41:38 CST 2026","createdAt":"Thu Apr 16 22:42:25 CST 2026","updatedAt":"Thu Apr 16 22:42:25 CST 2026"},{"id":3,"studentCode":"XS20260416572329","studentName":"向某","phone":"13273576023","graduationSession":2026,"school":"洪江一中","education":"本科","studyMode":"OFFLINE","classId":2,"productId":1,"joinTime":"Thu Apr 16 22:28:40 CST 2026","createdAt":"Thu Apr 16 22:34:48 CST 2026","updatedAt":"Thu Apr 16 22:34:48 CST 2026"},{"id":2,"studentCode":"XS20260416896906","studentName":"王王","phone":"15118191032","graduationSession":2026,"school":"湖南师范大学","education":"大专","studyMode":"OFFLINE","classId":2,"productId":1,"joinTime":"Thu Apr 16 17:55:46 CST 2026","createdAt":"Thu Apr 16 18:01:02 CST 2026","updatedAt":"Thu Apr 16 18:01:02 CST 2026"},{"id":1,"studentCode":"XS20260416496798","studentName":"赵家","phone":"13273672819","graduationSession":2026,"school":"湖南师范大学","education":"本科","studyMode":"OFFLINE","classId":1,"productId":1,"joinTime":"Thu Apr 16 17:52:36 CST 2026","createdAt":"Thu Apr 16 17:53:12 CST 2026","updatedAt":"Thu Apr 16 17:53:12 CST 2026"}]}}
2026-06-11 22:02:57.636 [http-nio-8080-exec-10] [b2255a07] [1] DEBUG c.y.m.u.m.SysUserMapper.selectById - ==>  Preparing: select id, username, password, nickname, real_name, phone, email, union_id, status, created_at, updated_at from sys_user where id = ?
2026-06-11 22:02:57.636 [http-nio-8080-exec-10] [b2255a07] [1] DEBUG c.y.m.u.m.SysUserMapper.selectById - ==> Parameters: 1(Long)
2026-06-11 22:02:57.637 [http-nio-8080-exec-10] [b2255a07] [1] DEBUG c.y.m.u.m.SysUserMapper.selectById - <==      Total: 1
2026-06-11 22:02:57.637 [http-nio-8080-exec-10] [b2255a07] [1] DEBUG c.y.m.u.m.S.selectRoleIdsByUserId - ==>  Preparing: select role_id from sys_user_role where user_id = ? order by role_id asc
2026-06-11 22:02:57.637 [http-nio-8080-exec-10] [b2255a07] [1] DEBUG c.y.m.u.m.S.selectRoleIdsByUserId - ==> Parameters: 1(Long)
2026-06-11 22:02:57.637 [http-nio-8080-exec-10] [b2255a07] [1] DEBUG c.y.m.u.m.S.selectRoleIdsByUserId - <==      Total: 1
2026-06-11 22:02:57.637 [http-nio-8080-exec-10] [b2255a07] [1] DEBUG c.y.m.u.m.SysRoleMapper.selectList - ==>  Preparing: select id, role_code, role_name, description, status, created_at, updated_at from sys_role WHERE id in ( ? )
2026-06-11 22:02:57.637 [http-nio-8080-exec-10] [b2255a07] [1] DEBUG c.y.m.u.m.SysRoleMapper.selectList - ==> Parameters: 1(Long)
2026-06-11 22:02:57.638 [http-nio-8080-exec-10] [b2255a07] [1] DEBUG c.y.m.u.m.SysRoleMapper.selectList - <==      Total: 1
2026-06-11 22:02:57.638 [http-nio-8080-exec-10] [b2255a07] [1] DEBUG c.y.m.u.m.S.selectPermissionIdsByRoleId - ==>  Preparing: select permission_id from sys_role_permission where role_id in ( ? ) order by permission_id asc
2026-06-11 22:02:57.638 [http-nio-8080-exec-10] [b2255a07] [1] DEBUG c.y.m.u.m.S.selectPermissionIdsByRoleId - ==> Parameters: 1(Long)
2026-06-11 22:02:57.638 [http-nio-8080-exec-10] [b2255a07] [1] DEBUG c.y.m.u.m.S.selectPermissionIdsByRoleId - <==      Total: 4
2026-06-11 22:02:57.638 [http-nio-8080-exec-10] [b2255a07] [1] DEBUG c.y.m.u.m.S.selectList - ==>  Preparing: select id, parent_id, permission_code, permission_name, permission_type, api_path, sort_num, description, status, created_at, updated_at from sys_permission WHERE id in ( ? , ? , ? , ? )
2026-06-11 22:02:57.638 [http-nio-8080-exec-10] [b2255a07] [1] DEBUG c.y.m.u.m.S.selectList - ==> Parameters: 101(Long), 106(Long), 113(Long), 117(Long)
2026-06-11 22:02:57.639 [http-nio-8080-exec-10] [b2255a07] [1] DEBUG c.y.m.u.m.S.selectList - <==      Total: 4
2026-06-11 22:02:57.640 [http-nio-8080-exec-10] [b2255a07] [1] INFO  c.y.common.aop.ControllerLogAspect - 接口开始: uri=/yq-admin/api/eduCampus, httpMethod=GET, controller=EduCampusController#pageCampus, args=[{"name":"req","value":{"pageNum":1,"pageSize":10}}]
2026-06-11 22:02:57.643 [http-nio-8080-exec-10] [b2255a07] [1] DEBUG c.y.m.e.m.E.selectPage_COUNT - ==>  Preparing: SELECT count(0) FROM edu_campus
2026-06-11 22:02:57.643 [http-nio-8080-exec-10] [b2255a07] [1] DEBUG c.y.m.e.m.E.selectPage_COUNT - ==> Parameters: 
2026-06-11 22:02:57.644 [http-nio-8080-exec-10] [b2255a07] [1] DEBUG c.y.m.e.m.E.selectPage_COUNT - <==      Total: 1
2026-06-11 22:02:57.644 [http-nio-8080-exec-10] [b2255a07] [1] DEBUG c.y.m.e.m.EduCampusMapper.selectPage - ==>  Preparing: select id, campus_name, principal_user_id, address, contact_phone, remark, status, created_at, updated_at from edu_campus order by id desc LIMIT ?
2026-06-11 22:02:57.644 [http-nio-8080-exec-10] [b2255a07] [1] DEBUG c.y.m.e.m.EduCampusMapper.selectPage - ==> Parameters: 10(Integer)
2026-06-11 22:02:57.645 [http-nio-8080-exec-10] [b2255a07] [1] DEBUG c.y.m.e.m.EduCampusMapper.selectPage - <==      Total: 1
2026-06-11 22:02:57.645 [http-nio-8080-exec-10] [b2255a07] [1] INFO  c.y.common.aop.ControllerLogAspect - 接口结束: uri=/yq-admin/api/eduCampus, controller=EduCampusController#pageCampus, cost=6ms, result={"code":200,"message":"success","data":{"total":1,"pageNum":1,"pageSize":10,"records":[{"id":1,"campusName":"杭州校区","principalUserId":2,"address":"杭州市余杭区","contactPhone":"13549684561","status":1,"createdAt":"Sat Apr 11 15:51:21 CST 2026","updatedAt":"Sat Apr 11 15:51:21 CST 2026"}]}}
2026-06-11 22:02:59.450 [http-nio-8080-exec-1] [096f4fa3] [1] DEBUG c.y.m.u.m.SysUserMapper.selectById - ==>  Preparing: select id, username, password, nickname, real_name, phone, email, union_id, status, created_at, updated_at from sys_user where id = ?
2026-06-11 22:02:59.450 [http-nio-8080-exec-1] [096f4fa3] [1] DEBUG c.y.m.u.m.SysUserMapper.selectById - ==> Parameters: 1(Long)
2026-06-11 22:02:59.451 [http-nio-8080-exec-1] [096f4fa3] [1] DEBUG c.y.m.u.m.SysUserMapper.selectById - <==      Total: 1
2026-06-11 22:02:59.451 [http-nio-8080-exec-1] [096f4fa3] [1] DEBUG c.y.m.u.m.S.selectRoleIdsByUserId - ==>  Preparing: select role_id from sys_user_role where user_id = ? order by role_id asc
2026-06-11 22:02:59.451 [http-nio-8080-exec-1] [096f4fa3] [1] DEBUG c.y.m.u.m.S.selectRoleIdsByUserId - ==> Parameters: 1(Long)
2026-06-11 22:02:59.451 [http-nio-8080-exec-1] [096f4fa3] [1] DEBUG c.y.m.u.m.S.selectRoleIdsByUserId - <==      Total: 1
2026-06-11 22:02:59.451 [http-nio-8080-exec-1] [096f4fa3] [1] DEBUG c.y.m.u.m.SysRoleMapper.selectList - ==>  Preparing: select id, role_code, role_name, description, status, created_at, updated_at from sys_role WHERE id in ( ? )
2026-06-11 22:02:59.451 [http-nio-8080-exec-1] [096f4fa3] [1] DEBUG c.y.m.u.m.SysRoleMapper.selectList - ==> Parameters: 1(Long)
2026-06-11 22:02:59.451 [http-nio-8080-exec-1] [096f4fa3] [1] DEBUG c.y.m.u.m.SysRoleMapper.selectList - <==      Total: 1
2026-06-11 22:02:59.453 [http-nio-8080-exec-1] [096f4fa3] [1] DEBUG c.y.m.u.m.S.selectPermissionIdsByRoleId - ==>  Preparing: select permission_id from sys_role_permission where role_id in ( ? ) order by permission_id asc
2026-06-11 22:02:59.453 [http-nio-8080-exec-1] [096f4fa3] [1] DEBUG c.y.m.u.m.S.selectPermissionIdsByRoleId - ==> Parameters: 1(Long)
2026-06-11 22:02:59.453 [http-nio-8080-exec-1] [096f4fa3] [1] DEBUG c.y.m.u.m.S.selectPermissionIdsByRoleId - <==      Total: 4
2026-06-11 22:02:59.453 [http-nio-8080-exec-1] [096f4fa3] [1] DEBUG c.y.m.u.m.S.selectList - ==>  Preparing: select id, parent_id, permission_code, permission_name, permission_type, api_path, sort_num, description, status, created_at, updated_at from sys_permission WHERE id in ( ? , ? , ? , ? )
2026-06-11 22:02:59.453 [http-nio-8080-exec-1] [096f4fa3] [1] DEBUG c.y.m.u.m.S.selectList - ==> Parameters: 101(Long), 106(Long), 113(Long), 117(Long)
2026-06-11 22:02:59.454 [http-nio-8080-exec-1] [096f4fa3] [1] DEBUG c.y.m.u.m.S.selectList - <==      Total: 4
2026-06-11 22:02:59.454 [http-nio-8080-exec-1] [096f4fa3] [1] INFO  c.y.common.aop.ControllerLogAspect - 接口开始: uri=/yq-admin/api/sysPermission, httpMethod=GET, controller=SysPermissionController#pagePermission, args=[{"name":"req","value":{"pageNum":1,"pageSize":1000}}]
2026-06-11 22:02:59.458 [http-nio-8080-exec-1] [096f4fa3] [1] DEBUG c.y.m.u.m.S.selectPage_COUNT - ==>  Preparing: SELECT count(0) FROM sys_permission
2026-06-11 22:02:59.458 [http-nio-8080-exec-1] [096f4fa3] [1] DEBUG c.y.m.u.m.S.selectPage_COUNT - ==> Parameters: 
2026-06-11 22:02:59.459 [http-nio-8080-exec-1] [096f4fa3] [1] DEBUG c.y.m.u.m.S.selectPage_COUNT - <==      Total: 1
2026-06-11 22:02:59.459 [http-nio-8080-exec-1] [096f4fa3] [1] DEBUG c.y.m.u.m.S.selectPage - ==>  Preparing: select id, parent_id, permission_code, permission_name, permission_type, api_path, sort_num, description, status, created_at, updated_at from sys_permission order by sort_num asc, id desc LIMIT ?
2026-06-11 22:02:59.459 [http-nio-8080-exec-1] [096f4fa3] [1] DEBUG c.y.m.u.m.S.selectPage - ==> Parameters: 1000(Integer)
2026-06-11 22:02:59.461 [http-nio-8080-exec-1] [096f4fa3] [1] DEBUG c.y.m.u.m.S.selectPage - <==      Total: 177
2026-06-11 22:02:59.463 [http-nio-8080-exec-1] [096f4fa3] [1] INFO  c.y.common.aop.ControllerLogAspect - 接口结束: uri=/yq-admin/api/sysPermission, controller=SysPermissionController#pagePermission, cost=9ms, result={"code":200,"message":"success","data":{"total":177,"pageNum":1,"pageSize":1000,"records":[{"id":287,"parentId":286,"permissionName":"面试复盘上传音频按钮","permissionType":"BUTTON","permissionCode":"button:interview-review:upload","sortNum":1,"status":"1","description":"面试复盘页面的上传音频按钮","createdAt":"Wed May 20 22:13:56 CST 2026"},{"id":272,"parentId":271,"permissionName":"自媒体生成选题按钮","permissionType":"BUTTON","permissionCode":"button:media-agent:generate-topics","sortNum":1,"status":"1","description":"自媒体创作页面的生成选题按钮","createdAt":"Sat May 09 16:32:32 CST 2026"},{"id":268,"parentId":267,"permissionName":"数据分析执行按钮","permissionType":"BUTTON","permissionCode":"button:data-analysis:analyze","sortNum":1,"status":"1","description":"数据分析页面的开始分析按钮","createdAt":"Fri May 08 16:42:19 CST 2026"},{"id":249,"parentId":121,"permissionName":"发布作业按钮","permissionType":"BUTTON","permissionCode":"button:homework:create","sortNum":1,"status":"1","description":"作业管理页面的发布作业按钮","createdAt":"Wed Apr 22 16:21:14 CST 2026"},{"id":247,"parentId":118,"permissionName":"学生绑定权限模板按钮","permissionType":"BUTTON","permissionCode":"button:student:bind-permission-template","sortNum":1,"status":"1","description":"学生管理页面的绑定权限模板按钮","createdAt":"Wed Apr 22 14:20:45 CST 2026"},{"id":243,"parentId":119,"permissionName":"学员权限模板新增按钮","permissionType":"BUTTON","permissionCode":"button:student-permission-template:create","sortNum":1,"status":"1","description":"学员权限模板页面的新增按钮","createdAt":"Mon Apr 20 00:05:46 CST 2026"},{"id":240,"parentId":115,"permissionName":"订单新增按钮","permissionType":"BUTTON","permissionCode":"button:order:create","sortNum":1,"status":"1","description":"订单管理页面的新增按钮","createdAt":"Sun Apr 12 23:10:59 CST 2026"},{"id":237,"parentId":114,"permissionName":"产品新增按钮","permissionType":"BUTTON","permissionCode":"button:product:create","sortNum":1,"status":"1","description":"产品管理页面的新增按钮","createdAt":"Sun Apr 12 14:19:04 CST 2026"},{"id":235,"parentId":112,"permissionName":"值班查看按钮","permissionType":"BUTTON","permissionCode":"button:duty:view","sortNum":1,"status":"1","description":"值班管理页面的查看按钮","createdAt":"Sun Apr 12 13:11:55 CST 2026"},{"id":234,"parentId":111,"permissionName":"老师课表查看按钮","permissionType":"BUTTON","permissionCode":"button:teacher-schedule:view","sortNum":1,"status":"1","description":"老师课表页面的查看按钮","createdAt":"Sun Apr 12 03:21:07 CST 2026"},{"id":231,"parentId":110,"permissionName":"课表查看按钮","permissionType":"BUTTON","permissionCode":"button:schedule:view","sortNum":1,"status":"1","description":"课表管理页面的查看按钮","createdAt":"Sat Apr 11 19:46:45 CST 2026"},{"id":227,"parentId":109,"permissionName":"班级新增按钮","permissionType":"BUTTON","permissionCode":"button:class:create","sortNum":1,"status":"1","description":"班级管理页面的新增按钮","createdAt":"Sat Apr 11 17:05:40 CST 2026"},{"id":218,"parentId":108,"permissionName":"课程新增按钮","permissionType":"BUTTON","permissionCode":"button:course:create","sortNum":1,"status":"1","description":"课程管理页面的新增按钮","createdAt":"Sat Apr 11 16:02:19 CST 2026"},{"id":215,"parentId":107,"permissionName":"校区新增按钮","permissionType":"BUTTON","permissionCode":"button:campus:create","sortNum":1,"status":"1","description":"校区管理页面的新增按钮","createdAt":"Sat Apr 11 15:49:16 CST 2026"},{"id":212,"parentId":105,"permissionName":"系统参数新增按钮","permissionType":"BUTTON","permissionCode":"button:config:create","sortNum":1,"status":"1","description":"系统参数页面的新增配置按钮","createdAt":"Fri Apr 10 20:08:09 CST 2026"},{"id":209,"parentId":104,"permissionName":"权限新增按钮","permissionType":"BUTTON","permissionCode":"button:permission:create","sortNum":1,"status":"1","description":"权限管理页面的新增权限按钮","createdAt":"Thu Apr 09 21:22:28 CST 2026"},{"id":205,"parentId":103,"permissionName":"角色新增按钮","permissionType":"BUTTON","permissionCode":"button:role:create","sortNum":1,"status":"1","description":"角色管理页面的新增角色按钮","createdAt":"Thu Apr 09 21:22:28 CST 2026"},{"id":201,"parentId":102,"permissionName":"用户新增按钮","permissionType":"BUTTON","permissionCode":"button:user:create","sortNum":1,"status":"ACTIVE","desc...(truncated)
2026-06-11 22:03:02.190 [http-nio-8080-exec-2] [988cdb48] [1] DEBUG c.y.m.u.m.SysUserMapper.selectById - ==>  Preparing: select id, username, password, nickname, real_name, phone, email, union_id, status, created_at, updated_at from sys_user where id = ?
2026-06-11 22:03:02.190 [http-nio-8080-exec-2] [988cdb48] [1] DEBUG c.y.m.u.m.SysUserMapper.selectById - ==> Parameters: 1(Long)
2026-06-11 22:03:02.190 [http-nio-8080-exec-2] [988cdb48] [1] DEBUG c.y.m.u.m.SysUserMapper.selectById - <==      Total: 1
2026-06-11 22:03:02.192 [http-nio-8080-exec-2] [988cdb48] [1] DEBUG c.y.m.u.m.S.selectRoleIdsByUserId - ==>  Preparing: select role_id from sys_user_role where user_id = ? order by role_id asc
2026-06-11 22:03:02.192 [http-nio-8080-exec-2] [988cdb48] [1] DEBUG c.y.m.u.m.S.selectRoleIdsByUserId - ==> Parameters: 1(Long)
2026-06-11 22:03:02.192 [http-nio-8080-exec-2] [988cdb48] [1] DEBUG c.y.m.u.m.S.selectRoleIdsByUserId - <==      Total: 1
2026-06-11 22:03:02.192 [http-nio-8080-exec-2] [988cdb48] [1] DEBUG c.y.m.u.m.SysRoleMapper.selectList - ==>  Preparing: select id, role_code, role_name, description, status, created_at, updated_at from sys_role WHERE id in ( ? )
2026-06-11 22:03:02.192 [http-nio-8080-exec-2] [988cdb48] [1] DEBUG c.y.m.u.m.SysRoleMapper.selectList - ==> Parameters: 1(Long)
2026-06-11 22:03:02.193 [http-nio-8080-exec-2] [988cdb48] [1] DEBUG c.y.m.u.m.SysRoleMapper.selectList - <==      Total: 1
2026-06-11 22:03:02.193 [http-nio-8080-exec-2] [988cdb48] [1] DEBUG c.y.m.u.m.S.selectPermissionIdsByRoleId - ==>  Preparing: select permission_id from sys_role_permission where role_id in ( ? ) order by permission_id asc
2026-06-11 22:03:02.193 [http-nio-8080-exec-2] [988cdb48] [1] DEBUG c.y.m.u.m.S.selectPermissionIdsByRoleId - ==> Parameters: 1(Long)
2026-06-11 22:03:02.193 [http-nio-8080-exec-2] [988cdb48] [1] DEBUG c.y.m.u.m.S.selectPermissionIdsByRoleId - <==      Total: 4
2026-06-11 22:03:02.193 [http-nio-8080-exec-2] [988cdb48] [1] DEBUG c.y.m.u.m.S.selectList - ==>  Preparing: select id, parent_id, permission_code, permission_name, permission_type, api_path, sort_num, description, status, created_at, updated_at from sys_permission WHERE id in ( ? , ? , ? , ? )
2026-06-11 22:03:02.193 [http-nio-8080-exec-2] [988cdb48] [1] DEBUG c.y.m.u.m.S.selectList - ==> Parameters: 101(Long), 106(Long), 113(Long), 117(Long)
2026-06-11 22:03:02.194 [http-nio-8080-exec-2] [988cdb48] [1] DEBUG c.y.m.u.m.S.selectList - <==      Total: 4
2026-06-11 22:03:02.195 [http-nio-8080-exec-2] [988cdb48] [1] INFO  c.y.common.aop.ControllerLogAspect - 接口开始: uri=/yq-admin/api/eduCampus, httpMethod=GET, controller=EduCampusController#pageCampus, args=[{"name":"req","value":{"pageNum":1,"pageSize":10}}]
2026-06-11 22:03:02.199 [http-nio-8080-exec-2] [988cdb48] [1] DEBUG c.y.m.e.m.E.selectPage_COUNT - ==>  Preparing: SELECT count(0) FROM edu_campus
2026-06-11 22:03:02.199 [http-nio-8080-exec-2] [988cdb48] [1] DEBUG c.y.m.e.m.E.selectPage_COUNT - ==> Parameters: 
2026-06-11 22:03:02.200 [http-nio-8080-exec-2] [988cdb48] [1] DEBUG c.y.m.e.m.E.selectPage_COUNT - <==      Total: 1
2026-06-11 22:03:02.200 [http-nio-8080-exec-2] [988cdb48] [1] DEBUG c.y.m.e.m.EduCampusMapper.selectPage - ==>  Preparing: select id, campus_name, principal_user_id, address, contact_phone, remark, status, created_at, updated_at from edu_campus order by id desc LIMIT ?
2026-06-11 22:03:02.200 [http-nio-8080-exec-2] [988cdb48] [1] DEBUG c.y.m.e.m.EduCampusMapper.selectPage - ==> Parameters: 10(Integer)
2026-06-11 22:03:02.201 [http-nio-8080-exec-2] [988cdb48] [1] DEBUG c.y.m.e.m.EduCampusMapper.selectPage - <==      Total: 1
2026-06-11 22:03:02.203 [http-nio-8080-exec-2] [988cdb48] [1] INFO  c.y.common.aop.ControllerLogAspect - 接口结束: uri=/yq-admin/api/eduCampus, controller=EduCampusController#pageCampus, cost=8ms, result={"code":200,"message":"success","data":{"total":1,"pageNum":1,"pageSize":10,"records":[{"id":1,"campusName":"杭州校区","principalUserId":2,"address":"杭州市余杭区","contactPhone":"13549684561","status":1,"createdAt":"Sat Apr 11 15:51:21 CST 2026","updatedAt":"Sat Apr 11 15:51:21 CST 2026"}]}}
2026-06-11 22:03:02.701 [http-nio-8080-exec-3] [63da73e3] [1] DEBUG c.y.m.u.m.SysUserMapper.selectById - ==>  Preparing: select id, username, password, nickname, real_name, phone, email, union_id, status, created_at, updated_at from sys_user where id = ?
2026-06-11 22:03:02.701 [http-nio-8080-exec-3] [63da73e3] [1] DEBUG c.y.m.u.m.SysUserMapper.selectById - ==> Parameters: 1(Long)
2026-06-11 22:03:02.702 [http-nio-8080-exec-3] [63da73e3] [1] DEBUG c.y.m.u.m.SysUserMapper.selectById - <==      Total: 1
2026-06-11 22:03:02.702 [http-nio-8080-exec-3] [63da73e3] [1] DEBUG c.y.m.u.m.S.selectRoleIdsByUserId - ==>  Preparing: select role_id from sys_user_role where user_id = ? order by role_id asc
2026-06-11 22:03:02.702 [http-nio-8080-exec-3] [63da73e3] [1] DEBUG c.y.m.u.m.S.selectRoleIdsByUserId - ==> Parameters: 1(Long)
2026-06-11 22:03:02.702 [http-nio-8080-exec-3] [63da73e3] [1] DEBUG c.y.m.u.m.S.selectRoleIdsByUserId - <==      Total: 1
2026-06-11 22:03:02.703 [http-nio-8080-exec-3] [63da73e3] [1] DEBUG c.y.m.u.m.SysRoleMapper.selectList - ==>  Preparing: select id, role_code, role_name, description, status, created_at, updated_at from sys_role WHERE id in ( ? )
2026-06-11 22:03:02.703 [http-nio-8080-exec-3] [63da73e3] [1] DEBUG c.y.m.u.m.SysRoleMapper.selectList - ==> Parameters: 1(Long)
2026-06-11 22:03:02.704 [http-nio-8080-exec-3] [63da73e3] [1] DEBUG c.y.m.u.m.SysRoleMapper.selectList - <==      Total: 1
2026-06-11 22:03:02.704 [http-nio-8080-exec-3] [63da73e3] [1] DEBUG c.y.m.u.m.S.selectPermissionIdsByRoleId - ==>  Preparing: select permission_id from sys_role_permission where role_id in ( ? ) order by permission_id asc
2026-06-11 22:03:02.704 [http-nio-8080-exec-3] [63da73e3] [1] DEBUG c.y.m.u.m.S.selectPermissionIdsByRoleId - ==> Parameters: 1(Long)
2026-06-11 22:03:02.704 [http-nio-8080-exec-3] [63da73e3] [1] DEBUG c.y.m.u.m.S.selectPermissionIdsByRoleId - <==      Total: 4
2026-06-11 22:03:02.704 [http-nio-8080-exec-3] [63da73e3] [1] DEBUG c.y.m.u.m.S.selectList - ==>  Preparing: select id, parent_id, permission_code, permission_name, permission_type, api_path, sort_num, description, status, created_at, updated_at from sys_permission WHERE id in ( ? , ? , ? , ? )
2026-06-11 22:03:02.705 [http-nio-8080-exec-3] [63da73e3] [1] DEBUG c.y.m.u.m.S.selectList - ==> Parameters: 101(Long), 106(Long), 113(Long), 117(Long)
2026-06-11 22:03:02.705 [http-nio-8080-exec-3] [63da73e3] [1] DEBUG c.y.m.u.m.S.selectList - <==      Total: 4
2026-06-11 22:03:02.706 [http-nio-8080-exec-3] [63da73e3] [1] INFO  c.y.common.aop.ControllerLogAspect - 接口开始: uri=/yq-admin/api/sysPermission, httpMethod=GET, controller=SysPermissionController#pagePermission, args=[{"name":"req","value":{"pageNum":1,"pageSize":1000}}]
2026-06-11 22:03:02.710 [http-nio-8080-exec-3] [63da73e3] [1] DEBUG c.y.m.u.m.S.selectPage_COUNT - ==>  Preparing: SELECT count(0) FROM sys_permission
2026-06-11 22:03:02.711 [http-nio-8080-exec-3] [63da73e3] [1] DEBUG c.y.m.u.m.S.selectPage_COUNT - ==> Parameters: 
2026-06-11 22:03:02.712 [http-nio-8080-exec-3] [63da73e3] [1] DEBUG c.y.m.u.m.S.selectPage_COUNT - <==      Total: 1
2026-06-11 22:03:02.712 [http-nio-8080-exec-3] [63da73e3] [1] DEBUG c.y.m.u.m.S.selectPage - ==>  Preparing: select id, parent_id, permission_code, permission_name, permission_type, api_path, sort_num, description, status, created_at, updated_at from sys_permission order by sort_num asc, id desc LIMIT ?
2026-06-11 22:03:02.712 [http-nio-8080-exec-3] [63da73e3] [1] DEBUG c.y.m.u.m.S.selectPage - ==> Parameters: 1000(Integer)
2026-06-11 22:03:02.715 [http-nio-8080-exec-3] [63da73e3] [1] DEBUG c.y.m.u.m.S.selectPage - <==      Total: 177
2026-06-11 22:03:02.717 [http-nio-8080-exec-3] [63da73e3] [1] INFO  c.y.common.aop.ControllerLogAspect - 接口结束: uri=/yq-admin/api/sysPermission, controller=SysPermissionController#pagePermission, cost=10ms, result={"code":200,"message":"success","data":{"total":177,"pageNum":1,"pageSize":1000,"records":[{"id":287,"parentId":286,"permissionName":"面试复盘上传音频按钮","permissionType":"BUTTON","permissionCode":"button:interview-review:upload","sortNum":1,"status":"1","description":"面试复盘页面的上传音频按钮","createdAt":"Wed May 20 22:13:56 CST 2026"},{"id":272,"parentId":271,"permissionName":"自媒体生成选题按钮","permissionType":"BUTTON","permissionCode":"button:media-agent:generate-topics","sortNum":1,"status":"1","description":"自媒体创作页面的生成选题按钮","createdAt":"Sat May 09 16:32:32 CST 2026"},{"id":268,"parentId":267,"permissionName":"数据分析执行按钮","permissionType":"BUTTON","permissionCode":"button:data-analysis:analyze","sortNum":1,"status":"1","description":"数据分析页面的开始分析按钮","createdAt":"Fri May 08 16:42:19 CST 2026"},{"id":249,"parentId":121,"permissionName":"发布作业按钮","permissionType":"BUTTON","permissionCode":"button:homework:create","sortNum":1,"status":"1","description":"作业管理页面的发布作业按钮","createdAt":"Wed Apr 22 16:21:14 CST 2026"},{"id":247,"parentId":118,"permissionName":"学生绑定权限模板按钮","permissionType":"BUTTON","permissionCode":"button:student:bind-permission-template","sortNum":1,"status":"1","description":"学生管理页面的绑定权限模板按钮","createdAt":"Wed Apr 22 14:20:45 CST 2026"},{"id":243,"parentId":119,"permissionName":"学员权限模板新增按钮","permissionType":"BUTTON","permissionCode":"button:student-permission-template:create","sortNum":1,"status":"1","description":"学员权限模板页面的新增按钮","createdAt":"Mon Apr 20 00:05:46 CST 2026"},{"id":240,"parentId":115,"permissionName":"订单新增按钮","permissionType":"BUTTON","permissionCode":"button:order:create","sortNum":1,"status":"1","description":"订单管理页面的新增按钮","createdAt":"Sun Apr 12 23:10:59 CST 2026"},{"id":237,"parentId":114,"permissionName":"产品新增按钮","permissionType":"BUTTON","permissionCode":"button:product:create","sortNum":1,"status":"1","description":"产品管理页面的新增按钮","createdAt":"Sun Apr 12 14:19:04 CST 2026"},{"id":235,"parentId":112,"permissionName":"值班查看按钮","permissionType":"BUTTON","permissionCode":"button:duty:view","sortNum":1,"status":"1","description":"值班管理页面的查看按钮","createdAt":"Sun Apr 12 13:11:55 CST 2026"},{"id":234,"parentId":111,"permissionName":"老师课表查看按钮","permissionType":"BUTTON","permissionCode":"button:teacher-schedule:view","sortNum":1,"status":"1","description":"老师课表页面的查看按钮","createdAt":"Sun Apr 12 03:21:07 CST 2026"},{"id":231,"parentId":110,"permissionName":"课表查看按钮","permissionType":"BUTTON","permissionCode":"button:schedule:view","sortNum":1,"status":"1","description":"课表管理页面的查看按钮","createdAt":"Sat Apr 11 19:46:45 CST 2026"},{"id":227,"parentId":109,"permissionName":"班级新增按钮","permissionType":"BUTTON","permissionCode":"button:class:create","sortNum":1,"status":"1","description":"班级管理页面的新增按钮","createdAt":"Sat Apr 11 17:05:40 CST 2026"},{"id":218,"parentId":108,"permissionName":"课程新增按钮","permissionType":"BUTTON","permissionCode":"button:course:create","sortNum":1,"status":"1","description":"课程管理页面的新增按钮","createdAt":"Sat Apr 11 16:02:19 CST 2026"},{"id":215,"parentId":107,"permissionName":"校区新增按钮","permissionType":"BUTTON","permissionCode":"button:campus:create","sortNum":1,"status":"1","description":"校区管理页面的新增按钮","createdAt":"Sat Apr 11 15:49:16 CST 2026"},{"id":212,"parentId":105,"permissionName":"系统参数新增按钮","permissionType":"BUTTON","permissionCode":"button:config:create","sortNum":1,"status":"1","description":"系统参数页面的新增配置按钮","createdAt":"Fri Apr 10 20:08:09 CST 2026"},{"id":209,"parentId":104,"permissionName":"权限新增按钮","permissionType":"BUTTON","permissionCode":"button:permission:create","sortNum":1,"status":"1","description":"权限管理页面的新增权限按钮","createdAt":"Thu Apr 09 21:22:28 CST 2026"},{"id":205,"parentId":103,"permissionName":"角色新增按钮","permissionType":"BUTTON","permissionCode":"button:role:create","sortNum":1,"status":"1","description":"角色管理页面的新增角色按钮","createdAt":"Thu Apr 09 21:22:28 CST 2026"},{"id":201,"parentId":102,"permissionName":"用户新增按钮","permissionType":"BUTTON","permissionCode":"button:user:create","sortNum":1,"status":"ACTIVE","desc...(truncated)
2026-06-11 22:03:03.693 [http-nio-8080-exec-4] [3edee454] [1] DEBUG c.y.m.u.m.SysUserMapper.selectById - ==>  Preparing: select id, username, password, nickname, real_name, phone, email, union_id, status, created_at, updated_at from sys_user where id = ?
2026-06-11 22:03:03.693 [http-nio-8080-exec-4] [3edee454] [1] DEBUG c.y.m.u.m.SysUserMapper.selectById - ==> Parameters: 1(Long)
2026-06-11 22:03:03.693 [http-nio-8080-exec-4] [3edee454] [1] DEBUG c.y.m.u.m.SysUserMapper.selectById - <==      Total: 1
2026-06-11 22:03:03.693 [http-nio-8080-exec-4] [3edee454] [1] DEBUG c.y.m.u.m.S.selectRoleIdsByUserId - ==>  Preparing: select role_id from sys_user_role where user_id = ? order by role_id asc
2026-06-11 22:03:03.693 [http-nio-8080-exec-4] [3edee454] [1] DEBUG c.y.m.u.m.S.selectRoleIdsByUserId - ==> Parameters: 1(Long)
2026-06-11 22:03:03.694 [http-nio-8080-exec-4] [3edee454] [1] DEBUG c.y.m.u.m.S.selectRoleIdsByUserId - <==      Total: 1
2026-06-11 22:03:03.694 [http-nio-8080-exec-4] [3edee454] [1] DEBUG c.y.m.u.m.SysRoleMapper.selectList - ==>  Preparing: select id, role_code, role_name, description, status, created_at, updated_at from sys_role WHERE id in ( ? )
2026-06-11 22:03:03.694 [http-nio-8080-exec-4] [3edee454] [1] DEBUG c.y.m.u.m.SysRoleMapper.selectList - ==> Parameters: 1(Long)
2026-06-11 22:03:03.694 [http-nio-8080-exec-4] [3edee454] [1] DEBUG c.y.m.u.m.SysRoleMapper.selectList - <==      Total: 1
2026-06-11 22:03:03.695 [http-nio-8080-exec-4] [3edee454] [1] DEBUG c.y.m.u.m.S.selectPermissionIdsByRoleId - ==>  Preparing: select permission_id from sys_role_permission where role_id in ( ? ) order by permission_id asc
2026-06-11 22:03:03.695 [http-nio-8080-exec-4] [3edee454] [1] DEBUG c.y.m.u.m.S.selectPermissionIdsByRoleId - ==> Parameters: 1(Long)
2026-06-11 22:03:03.695 [http-nio-8080-exec-4] [3edee454] [1] DEBUG c.y.m.u.m.S.selectPermissionIdsByRoleId - <==      Total: 4
2026-06-11 22:03:03.695 [http-nio-8080-exec-4] [3edee454] [1] DEBUG c.y.m.u.m.S.selectList - ==>  Preparing: select id, parent_id, permission_code, permission_name, permission_type, api_path, sort_num, description, status, created_at, updated_at from sys_permission WHERE id in ( ? , ? , ? , ? )
2026-06-11 22:03:03.695 [http-nio-8080-exec-4] [3edee454] [1] DEBUG c.y.m.u.m.S.selectList - ==> Parameters: 101(Long), 106(Long), 113(Long), 117(Long)
2026-06-11 22:03:03.695 [http-nio-8080-exec-4] [3edee454] [1] DEBUG c.y.m.u.m.S.selectList - <==      Total: 4
2026-06-11 22:03:03.696 [http-nio-8080-exec-4] [3edee454] [1] INFO  c.y.common.aop.ControllerLogAspect - 接口开始: uri=/yq-admin/api/eduCampus, httpMethod=GET, controller=EduCampusController#pageCampus, args=[{"name":"req","value":{"pageNum":1,"pageSize":10}}]
2026-06-11 22:03:03.701 [http-nio-8080-exec-4] [3edee454] [1] DEBUG c.y.m.e.m.E.selectPage_COUNT - ==>  Preparing: SELECT count(0) FROM edu_campus
2026-06-11 22:03:03.701 [http-nio-8080-exec-4] [3edee454] [1] DEBUG c.y.m.e.m.E.selectPage_COUNT - ==> Parameters: 
2026-06-11 22:03:03.702 [http-nio-8080-exec-4] [3edee454] [1] DEBUG c.y.m.e.m.E.selectPage_COUNT - <==      Total: 1
2026-06-11 22:03:03.702 [http-nio-8080-exec-4] [3edee454] [1] DEBUG c.y.m.e.m.EduCampusMapper.selectPage - ==>  Preparing: select id, campus_name, principal_user_id, address, contact_phone, remark, status, created_at, updated_at from edu_campus order by id desc LIMIT ?
2026-06-11 22:03:03.702 [http-nio-8080-exec-4] [3edee454] [1] DEBUG c.y.m.e.m.EduCampusMapper.selectPage - ==> Parameters: 10(Integer)
2026-06-11 22:03:03.704 [http-nio-8080-exec-4] [3edee454] [1] DEBUG c.y.m.e.m.EduCampusMapper.selectPage - <==      Total: 1
2026-06-11 22:03:03.704 [http-nio-8080-exec-4] [3edee454] [1] INFO  c.y.common.aop.ControllerLogAspect - 接口结束: uri=/yq-admin/api/eduCampus, controller=EduCampusController#pageCampus, cost=8ms, result={"code":200,"message":"success","data":{"total":1,"pageNum":1,"pageSize":10,"records":[{"id":1,"campusName":"杭州校区","principalUserId":2,"address":"杭州市余杭区","contactPhone":"13549684561","status":1,"createdAt":"Sat Apr 11 15:51:21 CST 2026","updatedAt":"Sat Apr 11 15:51:21 CST 2026"}]}}
2026-06-11 22:03:40.353 [http-nio-8080-exec-5] [bea8b777] [1] DEBUG c.y.m.u.m.SysUserMapper.selectById - ==>  Preparing: select id, username, password, nickname, real_name, phone, email, union_id, status, created_at, updated_at from sys_user where id = ?
2026-06-11 22:03:40.353 [http-nio-8080-exec-5] [bea8b777] [1] DEBUG c.y.m.u.m.SysUserMapper.selectById - ==> Parameters: 1(Long)
2026-06-11 22:03:40.354 [http-nio-8080-exec-5] [bea8b777] [1] DEBUG c.y.m.u.m.SysUserMapper.selectById - <==      Total: 1
2026-06-11 22:03:40.354 [http-nio-8080-exec-5] [bea8b777] [1] DEBUG c.y.m.u.m.S.selectRoleIdsByUserId - ==>  Preparing: select role_id from sys_user_role where user_id = ? order by role_id asc
2026-06-11 22:03:40.354 [http-nio-8080-exec-5] [bea8b777] [1] DEBUG c.y.m.u.m.S.selectRoleIdsByUserId - ==> Parameters: 1(Long)
2026-06-11 22:03:40.354 [http-nio-8080-exec-5] [bea8b777] [1] DEBUG c.y.m.u.m.S.selectRoleIdsByUserId - <==      Total: 1
2026-06-11 22:03:40.355 [http-nio-8080-exec-5] [bea8b777] [1] DEBUG c.y.m.u.m.SysRoleMapper.selectList - ==>  Preparing: select id, role_code, role_name, description, status, created_at, updated_at from sys_role WHERE id in ( ? )
2026-06-11 22:03:40.355 [http-nio-8080-exec-5] [bea8b777] [1] DEBUG c.y.m.u.m.SysRoleMapper.selectList - ==> Parameters: 1(Long)
2026-06-11 22:03:40.355 [http-nio-8080-exec-5] [bea8b777] [1] DEBUG c.y.m.u.m.SysRoleMapper.selectList - <==      Total: 1
2026-06-11 22:03:40.355 [http-nio-8080-exec-5] [bea8b777] [1] DEBUG c.y.m.u.m.S.selectPermissionIdsByRoleId - ==>  Preparing: select permission_id from sys_role_permission where role_id in ( ? ) order by permission_id asc
2026-06-11 22:03:40.355 [http-nio-8080-exec-5] [bea8b777] [1] DEBUG c.y.m.u.m.S.selectPermissionIdsByRoleId - ==> Parameters: 1(Long)
2026-06-11 22:03:40.355 [http-nio-8080-exec-5] [bea8b777] [1] DEBUG c.y.m.u.m.S.selectPermissionIdsByRoleId - <==      Total: 4
2026-06-11 22:03:40.356 [http-nio-8080-exec-5] [bea8b777] [1] DEBUG c.y.m.u.m.S.selectList - ==>  Preparing: select id, parent_id, permission_code, permission_name, permission_type, api_path, sort_num, description, status, created_at, updated_at from sys_permission WHERE id in ( ? , ? , ? , ? )
2026-06-11 22:03:40.356 [http-nio-8080-exec-5] [bea8b777] [1] DEBUG c.y.m.u.m.S.selectList - ==> Parameters: 101(Long), 106(Long), 113(Long), 117(Long)
2026-06-11 22:03:40.356 [http-nio-8080-exec-5] [bea8b777] [1] DEBUG c.y.m.u.m.S.selectList - <==      Total: 4
2026-06-11 22:03:40.357 [http-nio-8080-exec-5] [bea8b777] [1] INFO  c.y.common.aop.ControllerLogAspect - 接口开始: uri=/yq-admin/api/sysPermission, httpMethod=GET, controller=SysPermissionController#pagePermission, args=[{"name":"req","value":{"pageNum":1,"pageSize":1000}}]
2026-06-11 22:03:40.362 [http-nio-8080-exec-5] [bea8b777] [1] DEBUG c.y.m.u.m.S.selectPage_COUNT - ==>  Preparing: SELECT count(0) FROM sys_permission
2026-06-11 22:03:40.362 [http-nio-8080-exec-5] [bea8b777] [1] DEBUG c.y.m.u.m.S.selectPage_COUNT - ==> Parameters: 
2026-06-11 22:03:40.363 [http-nio-8080-exec-5] [bea8b777] [1] DEBUG c.y.m.u.m.S.selectPage_COUNT - <==      Total: 1
2026-06-11 22:03:40.363 [http-nio-8080-exec-5] [bea8b777] [1] DEBUG c.y.m.u.m.S.selectPage - ==>  Preparing: select id, parent_id, permission_code, permission_name, permission_type, api_path, sort_num, description, status, created_at, updated_at from sys_permission order by sort_num asc, id desc LIMIT ?
2026-06-11 22:03:40.363 [http-nio-8080-exec-5] [bea8b777] [1] DEBUG c.y.m.u.m.S.selectPage - ==> Parameters: 1000(Integer)
2026-06-11 22:03:40.366 [http-nio-8080-exec-5] [bea8b777] [1] DEBUG c.y.m.u.m.S.selectPage - <==      Total: 177
2026-06-11 22:03:40.367 [http-nio-8080-exec-5] [bea8b777] [1] INFO  c.y.common.aop.ControllerLogAspect - 接口结束: uri=/yq-admin/api/sysPermission, controller=SysPermissionController#pagePermission, cost=9ms, result={"code":200,"message":"success","data":{"total":177,"pageNum":1,"pageSize":1000,"records":[{"id":287,"parentId":286,"permissionName":"面试复盘上传音频按钮","permissionType":"BUTTON","permissionCode":"button:interview-review:upload","sortNum":1,"status":"1","description":"面试复盘页面的上传音频按钮","createdAt":"Wed May 20 22:13:56 CST 2026"},{"id":272,"parentId":271,"permissionName":"自媒体生成选题按钮","permissionType":"BUTTON","permissionCode":"button:media-agent:generate-topics","sortNum":1,"status":"1","description":"自媒体创作页面的生成选题按钮","createdAt":"Sat May 09 16:32:32 CST 2026"},{"id":268,"parentId":267,"permissionName":"数据分析执行按钮","permissionType":"BUTTON","permissionCode":"button:data-analysis:analyze","sortNum":1,"status":"1","description":"数据分析页面的开始分析按钮","createdAt":"Fri May 08 16:42:19 CST 2026"},{"id":249,"parentId":121,"permissionName":"发布作业按钮","permissionType":"BUTTON","permissionCode":"button:homework:create","sortNum":1,"status":"1","description":"作业管理页面的发布作业按钮","createdAt":"Wed Apr 22 16:21:14 CST 2026"},{"id":247,"parentId":118,"permissionName":"学生绑定权限模板按钮","permissionType":"BUTTON","permissionCode":"button:student:bind-permission-template","sortNum":1,"status":"1","description":"学生管理页面的绑定权限模板按钮","createdAt":"Wed Apr 22 14:20:45 CST 2026"},{"id":243,"parentId":119,"permissionName":"学员权限模板新增按钮","permissionType":"BUTTON","permissionCode":"button:student-permission-template:create","sortNum":1,"status":"1","description":"学员权限模板页面的新增按钮","createdAt":"Mon Apr 20 00:05:46 CST 2026"},{"id":240,"parentId":115,"permissionName":"订单新增按钮","permissionType":"BUTTON","permissionCode":"button:order:create","sortNum":1,"status":"1","description":"订单管理页面的新增按钮","createdAt":"Sun Apr 12 23:10:59 CST 2026"},{"id":237,"parentId":114,"permissionName":"产品新增按钮","permissionType":"BUTTON","permissionCode":"button:product:create","sortNum":1,"status":"1","description":"产品管理页面的新增按钮","createdAt":"Sun Apr 12 14:19:04 CST 2026"},{"id":235,"parentId":112,"permissionName":"值班查看按钮","permissionType":"BUTTON","permissionCode":"button:duty:view","sortNum":1,"status":"1","description":"值班管理页面的查看按钮","createdAt":"Sun Apr 12 13:11:55 CST 2026"},{"id":234,"parentId":111,"permissionName":"老师课表查看按钮","permissionType":"BUTTON","permissionCode":"button:teacher-schedule:view","sortNum":1,"status":"1","description":"老师课表页面的查看按钮","createdAt":"Sun Apr 12 03:21:07 CST 2026"},{"id":231,"parentId":110,"permissionName":"课表查看按钮","permissionType":"BUTTON","permissionCode":"button:schedule:view","sortNum":1,"status":"1","description":"课表管理页面的查看按钮","createdAt":"Sat Apr 11 19:46:45 CST 2026"},{"id":227,"parentId":109,"permissionName":"班级新增按钮","permissionType":"BUTTON","permissionCode":"button:class:create","sortNum":1,"status":"1","description":"班级管理页面的新增按钮","createdAt":"Sat Apr 11 17:05:40 CST 2026"},{"id":218,"parentId":108,"permissionName":"课程新增按钮","permissionType":"BUTTON","permissionCode":"button:course:create","sortNum":1,"status":"1","description":"课程管理页面的新增按钮","createdAt":"Sat Apr 11 16:02:19 CST 2026"},{"id":215,"parentId":107,"permissionName":"校区新增按钮","permissionType":"BUTTON","permissionCode":"button:campus:create","sortNum":1,"status":"1","description":"校区管理页面的新增按钮","createdAt":"Sat Apr 11 15:49:16 CST 2026"},{"id":212,"parentId":105,"permissionName":"系统参数新增按钮","permissionType":"BUTTON","permissionCode":"button:config:create","sortNum":1,"status":"1","description":"系统参数页面的新增配置按钮","createdAt":"Fri Apr 10 20:08:09 CST 2026"},{"id":209,"parentId":104,"permissionName":"权限新增按钮","permissionType":"BUTTON","permissionCode":"button:permission:create","sortNum":1,"status":"1","description":"权限管理页面的新增权限按钮","createdAt":"Thu Apr 09 21:22:28 CST 2026"},{"id":205,"parentId":103,"permissionName":"角色新增按钮","permissionType":"BUTTON","permissionCode":"button:role:create","sortNum":1,"status":"1","description":"角色管理页面的新增角色按钮","createdAt":"Thu Apr 09 21:22:28 CST 2026"},{"id":201,"parentId":102,"permissionName":"用户新增按钮","permissionType":"BUTTON","permissionCode":"button:user:create","sortNum":1,"status":"ACTIVE","desc...(truncated)
2026-06-11 22:05:36.920 [http-nio-8080-exec-6] [239195e8] [1] DEBUG c.y.m.u.m.SysUserMapper.selectById - ==>  Preparing: select id, username, password, nickname, real_name, phone, email, union_id, status, created_at, updated_at from sys_user where id = ?
2026-06-11 22:05:36.920 [http-nio-8080-exec-6] [239195e8] [1] DEBUG c.y.m.u.m.SysUserMapper.selectById - ==> Parameters: 1(Long)
2026-06-11 22:05:36.920 [http-nio-8080-exec-6] [239195e8] [1] DEBUG c.y.m.u.m.SysUserMapper.selectById - <==      Total: 1
2026-06-11 22:05:36.920 [http-nio-8080-exec-6] [239195e8] [1] DEBUG c.y.m.u.m.S.selectRoleIdsByUserId - ==>  Preparing: select role_id from sys_user_role where user_id = ? order by role_id asc
2026-06-11 22:05:36.921 [http-nio-8080-exec-6] [239195e8] [1] DEBUG c.y.m.u.m.S.selectRoleIdsByUserId - ==> Parameters: 1(Long)
2026-06-11 22:05:36.921 [http-nio-8080-exec-6] [239195e8] [1] DEBUG c.y.m.u.m.S.selectRoleIdsByUserId - <==      Total: 1
2026-06-11 22:05:36.921 [http-nio-8080-exec-6] [239195e8] [1] DEBUG c.y.m.u.m.SysRoleMapper.selectList - ==>  Preparing: select id, role_code, role_name, description, status, created_at, updated_at from sys_role WHERE id in ( ? )
2026-06-11 22:05:36.921 [http-nio-8080-exec-6] [239195e8] [1] DEBUG c.y.m.u.m.SysRoleMapper.selectList - ==> Parameters: 1(Long)
2026-06-11 22:05:36.921 [http-nio-8080-exec-6] [239195e8] [1] DEBUG c.y.m.u.m.SysRoleMapper.selectList - <==      Total: 1
2026-06-11 22:05:36.922 [http-nio-8080-exec-6] [239195e8] [1] DEBUG c.y.m.u.m.S.selectPermissionIdsByRoleId - ==>  Preparing: select permission_id from sys_role_permission where role_id in ( ? ) order by permission_id asc
2026-06-11 22:05:36.922 [http-nio-8080-exec-6] [239195e8] [1] DEBUG c.y.m.u.m.S.selectPermissionIdsByRoleId - ==> Parameters: 1(Long)
2026-06-11 22:05:36.922 [http-nio-8080-exec-6] [239195e8] [1] DEBUG c.y.m.u.m.S.selectPermissionIdsByRoleId - <==      Total: 4
2026-06-11 22:05:36.922 [http-nio-8080-exec-6] [239195e8] [1] DEBUG c.y.m.u.m.S.selectList - ==>  Preparing: select id, parent_id, permission_code, permission_name, permission_type, api_path, sort_num, description, status, created_at, updated_at from sys_permission WHERE id in ( ? , ? , ? , ? )
2026-06-11 22:05:36.922 [http-nio-8080-exec-6] [239195e8] [1] DEBUG c.y.m.u.m.S.selectList - ==> Parameters: 101(Long), 106(Long), 113(Long), 117(Long)
2026-06-11 22:05:36.923 [http-nio-8080-exec-6] [239195e8] [1] DEBUG c.y.m.u.m.S.selectList - <==      Total: 4
2026-06-11 22:05:36.924 [http-nio-8080-exec-6] [239195e8] [1] INFO  c.y.common.aop.ControllerLogAspect - 接口开始: uri=/yq-admin/api/eduCampus, httpMethod=GET, controller=EduCampusController#pageCampus, args=[{"name":"req","value":{"pageNum":1,"pageSize":10}}]
2026-06-11 22:05:36.929 [http-nio-8080-exec-6] [239195e8] [1] DEBUG c.y.m.e.m.E.selectPage_COUNT - ==>  Preparing: SELECT count(0) FROM edu_campus
2026-06-11 22:05:36.929 [http-nio-8080-exec-6] [239195e8] [1] DEBUG c.y.m.e.m.E.selectPage_COUNT - ==> Parameters: 
2026-06-11 22:05:36.930 [http-nio-8080-exec-6] [239195e8] [1] DEBUG c.y.m.e.m.E.selectPage_COUNT - <==      Total: 1
2026-06-11 22:05:36.930 [http-nio-8080-exec-6] [239195e8] [1] DEBUG c.y.m.e.m.EduCampusMapper.selectPage - ==>  Preparing: select id, campus_name, principal_user_id, address, contact_phone, remark, status, created_at, updated_at from edu_campus order by id desc LIMIT ?
2026-06-11 22:05:36.930 [http-nio-8080-exec-6] [239195e8] [1] DEBUG c.y.m.e.m.EduCampusMapper.selectPage - ==> Parameters: 10(Integer)
2026-06-11 22:05:36.931 [http-nio-8080-exec-6] [239195e8] [1] DEBUG c.y.m.e.m.EduCampusMapper.selectPage - <==      Total: 1
2026-06-11 22:05:36.931 [http-nio-8080-exec-6] [239195e8] [1] INFO  c.y.common.aop.ControllerLogAspect - 接口结束: uri=/yq-admin/api/eduCampus, controller=EduCampusController#pageCampus, cost=7ms, result={"code":200,"message":"success","data":{"total":1,"pageNum":1,"pageSize":10,"records":[{"id":1,"campusName":"杭州校区","principalUserId":2,"address":"杭州市余杭区","contactPhone":"13549684561","status":1,"createdAt":"Sat Apr 11 15:51:21 CST 2026","updatedAt":"Sat Apr 11 15:51:21 CST 2026"}]}}
2026-06-11 22:05:41.376 [http-nio-8080-exec-7] [31c6ff1f] [1] DEBUG c.y.m.u.m.SysUserMapper.selectById - ==>  Preparing: select id, username, password, nickname, real_name, phone, email, union_id, status, created_at, updated_at from sys_user where id = ?
2026-06-11 22:05:41.376 [http-nio-8080-exec-7] [31c6ff1f] [1] DEBUG c.y.m.u.m.SysUserMapper.selectById - ==> Parameters: 1(Long)
2026-06-11 22:05:41.377 [http-nio-8080-exec-7] [31c6ff1f] [1] DEBUG c.y.m.u.m.SysUserMapper.selectById - <==      Total: 1
2026-06-11 22:05:41.377 [http-nio-8080-exec-7] [31c6ff1f] [1] DEBUG c.y.m.u.m.S.selectRoleIdsByUserId - ==>  Preparing: select role_id from sys_user_role where user_id = ? order by role_id asc
2026-06-11 22:05:41.377 [http-nio-8080-exec-7] [31c6ff1f] [1] DEBUG c.y.m.u.m.S.selectRoleIdsByUserId - ==> Parameters: 1(Long)
2026-06-11 22:05:41.377 [http-nio-8080-exec-7] [31c6ff1f] [1] DEBUG c.y.m.u.m.S.selectRoleIdsByUserId - <==      Total: 1
2026-06-11 22:05:41.377 [http-nio-8080-exec-7] [31c6ff1f] [1] DEBUG c.y.m.u.m.SysRoleMapper.selectList - ==>  Preparing: select id, role_code, role_name, description, status, created_at, updated_at from sys_role WHERE id in ( ? )
2026-06-11 22:05:41.378 [http-nio-8080-exec-7] [31c6ff1f] [1] DEBUG c.y.m.u.m.SysRoleMapper.selectList - ==> Parameters: 1(Long)
2026-06-11 22:05:41.378 [http-nio-8080-exec-7] [31c6ff1f] [1] DEBUG c.y.m.u.m.SysRoleMapper.selectList - <==      Total: 1
2026-06-11 22:05:41.378 [http-nio-8080-exec-7] [31c6ff1f] [1] DEBUG c.y.m.u.m.S.selectPermissionIdsByRoleId - ==>  Preparing: select permission_id from sys_role_permission where role_id in ( ? ) order by permission_id asc
2026-06-11 22:05:41.378 [http-nio-8080-exec-7] [31c6ff1f] [1] DEBUG c.y.m.u.m.S.selectPermissionIdsByRoleId - ==> Parameters: 1(Long)
2026-06-11 22:05:41.378 [http-nio-8080-exec-7] [31c6ff1f] [1] DEBUG c.y.m.u.m.S.selectPermissionIdsByRoleId - <==      Total: 4
2026-06-11 22:05:41.379 [http-nio-8080-exec-7] [31c6ff1f] [1] DEBUG c.y.m.u.m.S.selectList - ==>  Preparing: select id, parent_id, permission_code, permission_name, permission_type, api_path, sort_num, description, status, created_at, updated_at from sys_permission WHERE id in ( ? , ? , ? , ? )
2026-06-11 22:05:41.379 [http-nio-8080-exec-7] [31c6ff1f] [1] DEBUG c.y.m.u.m.S.selectList - ==> Parameters: 101(Long), 106(Long), 113(Long), 117(Long)
2026-06-11 22:05:41.380 [http-nio-8080-exec-7] [31c6ff1f] [1] DEBUG c.y.m.u.m.S.selectList - <==      Total: 4
2026-06-11 22:05:41.380 [http-nio-8080-exec-7] [31c6ff1f] [1] INFO  c.y.common.aop.ControllerLogAspect - 接口开始: uri=/yq-admin/api/eduClass, httpMethod=GET, controller=EduClassController#pageClass, args=[{"name":"req","value":{"pageNum":1,"pageSize":10}}]
2026-06-11 22:05:41.384 [http-nio-8080-exec-7] [31c6ff1f] [1] DEBUG c.y.m.e.m.E.selectPage_COUNT - ==>  Preparing: SELECT count(0) FROM edu_class
2026-06-11 22:05:41.384 [http-nio-8080-exec-7] [31c6ff1f] [1] DEBUG c.y.m.e.m.E.selectPage_COUNT - ==> Parameters: 
2026-06-11 22:05:41.386 [http-nio-8080-exec-7] [31c6ff1f] [1] DEBUG c.y.m.e.m.E.selectPage_COUNT - <==      Total: 1
2026-06-11 22:05:41.386 [http-nio-8080-exec-7] [31c6ff1f] [1] DEBUG c.y.m.e.m.EduClassMapper.selectPage - ==>  Preparing: select id, class_term, campus_id, head_teacher_id, class_status, start_time, course_id, student_count, created_at, updated_at from edu_class order by id desc LIMIT ?
2026-06-11 22:05:41.386 [http-nio-8080-exec-7] [31c6ff1f] [1] DEBUG c.y.m.e.m.EduClassMapper.selectPage - ==> Parameters: 10(Integer)
2026-06-11 22:05:41.386 [http-nio-8080-exec-7] [31c6ff1f] [1] DEBUG c.y.m.e.m.EduClassMapper.selectPage - <==      Total: 3
2026-06-11 22:05:41.386 [http-nio-8080-exec-7] [31c6ff1f] [1] INFO  c.y.common.aop.ControllerLogAspect - 接口结束: uri=/yq-admin/api/eduClass, controller=EduClassController#pageClass, cost=6ms, result={"code":200,"message":"success","data":{"total":3,"pageNum":1,"pageSize":10,"records":[{"id":3,"classTerm":3,"campusId":1,"headTeacherId":3,"classStatus":"WAITING","startTime":"Thu Apr 16 00:00:00 CST 2026","courseId":1,"studentCount":0,"createdAt":"Mon Apr 13 20:34:39 CST 2026"},{"id":2,"classTerm":2,"campusId":1,"headTeacherId":3,"classStatus":"WAITING","startTime":"Mon Apr 13 00:00:00 CST 2026","courseId":1,"studentCount":0,"createdAt":"Mon Apr 13 20:15:52 CST 2026"},{"id":1,"classTerm":1,"campusId":1,"headTeacherId":3,"classStatus":"WAITING","startTime":"Mon Apr 13 00:00:00 CST 2026","courseId":1,"studentCount":0,"createdAt":"Sat Apr 11 17:09:28 CST 2026"}]}}
2026-06-11 22:05:42.225 [http-nio-8080-exec-8] [5cd5c916] [1] DEBUG c.y.m.u.m.SysUserMapper.selectById - ==>  Preparing: select id, username, password, nickname, real_name, phone, email, union_id, status, created_at, updated_at from sys_user where id = ?
2026-06-11 22:05:42.225 [http-nio-8080-exec-8] [5cd5c916] [1] DEBUG c.y.m.u.m.SysUserMapper.selectById - ==> Parameters: 1(Long)
2026-06-11 22:05:42.225 [http-nio-8080-exec-8] [5cd5c916] [1] DEBUG c.y.m.u.m.SysUserMapper.selectById - <==      Total: 1
2026-06-11 22:05:42.226 [http-nio-8080-exec-8] [5cd5c916] [1] DEBUG c.y.m.u.m.S.selectRoleIdsByUserId - ==>  Preparing: select role_id from sys_user_role where user_id = ? order by role_id asc
2026-06-11 22:05:42.226 [http-nio-8080-exec-8] [5cd5c916] [1] DEBUG c.y.m.u.m.S.selectRoleIdsByUserId - ==> Parameters: 1(Long)
2026-06-11 22:05:42.226 [http-nio-8080-exec-8] [5cd5c916] [1] DEBUG c.y.m.u.m.S.selectRoleIdsByUserId - <==      Total: 1
2026-06-11 22:05:42.226 [http-nio-8080-exec-8] [5cd5c916] [1] DEBUG c.y.m.u.m.SysRoleMapper.selectList - ==>  Preparing: select id, role_code, role_name, description, status, created_at, updated_at from sys_role WHERE id in ( ? )
2026-06-11 22:05:42.226 [http-nio-8080-exec-8] [5cd5c916] [1] DEBUG c.y.m.u.m.SysRoleMapper.selectList - ==> Parameters: 1(Long)
2026-06-11 22:05:42.226 [http-nio-8080-exec-8] [5cd5c916] [1] DEBUG c.y.m.u.m.SysRoleMapper.selectList - <==      Total: 1
2026-06-11 22:05:42.226 [http-nio-8080-exec-8] [5cd5c916] [1] DEBUG c.y.m.u.m.S.selectPermissionIdsByRoleId - ==>  Preparing: select permission_id from sys_role_permission where role_id in ( ? ) order by permission_id asc
2026-06-11 22:05:42.227 [http-nio-8080-exec-8] [5cd5c916] [1] DEBUG c.y.m.u.m.S.selectPermissionIdsByRoleId - ==> Parameters: 1(Long)
2026-06-11 22:05:42.227 [http-nio-8080-exec-8] [5cd5c916] [1] DEBUG c.y.m.u.m.S.selectPermissionIdsByRoleId - <==      Total: 4
2026-06-11 22:05:42.227 [http-nio-8080-exec-8] [5cd5c916] [1] DEBUG c.y.m.u.m.S.selectList - ==>  Preparing: select id, parent_id, permission_code, permission_name, permission_type, api_path, sort_num, description, status, created_at, updated_at from sys_permission WHERE id in ( ? , ? , ? , ? )
2026-06-11 22:05:42.227 [http-nio-8080-exec-8] [5cd5c916] [1] DEBUG c.y.m.u.m.S.selectList - ==> Parameters: 101(Long), 106(Long), 113(Long), 117(Long)
2026-06-11 22:05:42.227 [http-nio-8080-exec-8] [5cd5c916] [1] DEBUG c.y.m.u.m.S.selectList - <==      Total: 4
2026-06-11 22:05:42.229 [http-nio-8080-exec-8] [5cd5c916] [1] INFO  c.y.common.aop.ControllerLogAspect - 接口开始: uri=/yq-admin/api/sysPermission, httpMethod=GET, controller=SysPermissionController#pagePermission, args=[{"name":"req","value":{"pageNum":1,"pageSize":1000}}]
2026-06-11 22:05:42.236 [http-nio-8080-exec-8] [5cd5c916] [1] DEBUG c.y.m.u.m.S.selectPage_COUNT - ==>  Preparing: SELECT count(0) FROM sys_permission
2026-06-11 22:05:42.236 [http-nio-8080-exec-8] [5cd5c916] [1] DEBUG c.y.m.u.m.S.selectPage_COUNT - ==> Parameters: 
2026-06-11 22:05:42.237 [http-nio-8080-exec-8] [5cd5c916] [1] DEBUG c.y.m.u.m.S.selectPage_COUNT - <==      Total: 1
2026-06-11 22:05:42.237 [http-nio-8080-exec-8] [5cd5c916] [1] DEBUG c.y.m.u.m.S.selectPage - ==>  Preparing: select id, parent_id, permission_code, permission_name, permission_type, api_path, sort_num, description, status, created_at, updated_at from sys_permission order by sort_num asc, id desc LIMIT ?
2026-06-11 22:05:42.237 [http-nio-8080-exec-8] [5cd5c916] [1] DEBUG c.y.m.u.m.S.selectPage - ==> Parameters: 1000(Integer)
2026-06-11 22:05:42.240 [http-nio-8080-exec-8] [5cd5c916] [1] DEBUG c.y.m.u.m.S.selectPage - <==      Total: 177
2026-06-11 22:05:42.243 [http-nio-8080-exec-8] [5cd5c916] [1] INFO  c.y.common.aop.ControllerLogAspect - 接口结束: uri=/yq-admin/api/sysPermission, controller=SysPermissionController#pagePermission, cost=13ms, result={"code":200,"message":"success","data":{"total":177,"pageNum":1,"pageSize":1000,"records":[{"id":287,"parentId":286,"permissionName":"面试复盘上传音频按钮","permissionType":"BUTTON","permissionCode":"button:interview-review:upload","sortNum":1,"status":"1","description":"面试复盘页面的上传音频按钮","createdAt":"Wed May 20 22:13:56 CST 2026"},{"id":272,"parentId":271,"permissionName":"自媒体生成选题按钮","permissionType":"BUTTON","permissionCode":"button:media-agent:generate-topics","sortNum":1,"status":"1","description":"自媒体创作页面的生成选题按钮","createdAt":"Sat May 09 16:32:32 CST 2026"},{"id":268,"parentId":267,"permissionName":"数据分析执行按钮","permissionType":"BUTTON","permissionCode":"button:data-analysis:analyze","sortNum":1,"status":"1","description":"数据分析页面的开始分析按钮","createdAt":"Fri May 08 16:42:19 CST 2026"},{"id":249,"parentId":121,"permissionName":"发布作业按钮","permissionType":"BUTTON","permissionCode":"button:homework:create","sortNum":1,"status":"1","description":"作业管理页面的发布作业按钮","createdAt":"Wed Apr 22 16:21:14 CST 2026"},{"id":247,"parentId":118,"permissionName":"学生绑定权限模板按钮","permissionType":"BUTTON","permissionCode":"button:student:bind-permission-template","sortNum":1,"status":"1","description":"学生管理页面的绑定权限模板按钮","createdAt":"Wed Apr 22 14:20:45 CST 2026"},{"id":243,"parentId":119,"permissionName":"学员权限模板新增按钮","permissionType":"BUTTON","permissionCode":"button:student-permission-template:create","sortNum":1,"status":"1","description":"学员权限模板页面的新增按钮","createdAt":"Mon Apr 20 00:05:46 CST 2026"},{"id":240,"parentId":115,"permissionName":"订单新增按钮","permissionType":"BUTTON","permissionCode":"button:order:create","sortNum":1,"status":"1","description":"订单管理页面的新增按钮","createdAt":"Sun Apr 12 23:10:59 CST 2026"},{"id":237,"parentId":114,"permissionName":"产品新增按钮","permissionType":"BUTTON","permissionCode":"button:product:create","sortNum":1,"status":"1","description":"产品管理页面的新增按钮","createdAt":"Sun Apr 12 14:19:04 CST 2026"},{"id":235,"parentId":112,"permissionName":"值班查看按钮","permissionType":"BUTTON","permissionCode":"button:duty:view","sortNum":1,"status":"1","description":"值班管理页面的查看按钮","createdAt":"Sun Apr 12 13:11:55 CST 2026"},{"id":234,"parentId":111,"permissionName":"老师课表查看按钮","permissionType":"BUTTON","permissionCode":"button:teacher-schedule:view","sortNum":1,"status":"1","description":"老师课表页面的查看按钮","createdAt":"Sun Apr 12 03:21:07 CST 2026"},{"id":231,"parentId":110,"permissionName":"课表查看按钮","permissionType":"BUTTON","permissionCode":"button:schedule:view","sortNum":1,"status":"1","description":"课表管理页面的查看按钮","createdAt":"Sat Apr 11 19:46:45 CST 2026"},{"id":227,"parentId":109,"permissionName":"班级新增按钮","permissionType":"BUTTON","permissionCode":"button:class:create","sortNum":1,"status":"1","description":"班级管理页面的新增按钮","createdAt":"Sat Apr 11 17:05:40 CST 2026"},{"id":218,"parentId":108,"permissionName":"课程新增按钮","permissionType":"BUTTON","permissionCode":"button:course:create","sortNum":1,"status":"1","description":"课程管理页面的新增按钮","createdAt":"Sat Apr 11 16:02:19 CST 2026"},{"id":215,"parentId":107,"permissionName":"校区新增按钮","permissionType":"BUTTON","permissionCode":"button:campus:create","sortNum":1,"status":"1","description":"校区管理页面的新增按钮","createdAt":"Sat Apr 11 15:49:16 CST 2026"},{"id":212,"parentId":105,"permissionName":"系统参数新增按钮","permissionType":"BUTTON","permissionCode":"button:config:create","sortNum":1,"status":"1","description":"系统参数页面的新增配置按钮","createdAt":"Fri Apr 10 20:08:09 CST 2026"},{"id":209,"parentId":104,"permissionName":"权限新增按钮","permissionType":"BUTTON","permissionCode":"button:permission:create","sortNum":1,"status":"1","description":"权限管理页面的新增权限按钮","createdAt":"Thu Apr 09 21:22:28 CST 2026"},{"id":205,"parentId":103,"permissionName":"角色新增按钮","permissionType":"BUTTON","permissionCode":"button:role:create","sortNum":1,"status":"1","description":"角色管理页面的新增角色按钮","createdAt":"Thu Apr 09 21:22:28 CST 2026"},{"id":201,"parentId":102,"permissionName":"用户新增按钮","permissionType":"BUTTON","permissionCode":"button:user:create","sortNum":1,"status":"ACTIVE","desc...(truncated)
2026-06-11 22:06:08.841 [http-nio-8080-exec-9] [00776cad] [1] DEBUG c.y.m.u.m.SysUserMapper.selectById - ==>  Preparing: select id, username, password, nickname, real_name, phone, email, union_id, status, created_at, updated_at from sys_user where id = ?
2026-06-11 22:06:08.841 [http-nio-8080-exec-9] [00776cad] [1] DEBUG c.y.m.u.m.SysUserMapper.selectById - ==> Parameters: 1(Long)
2026-06-11 22:06:08.842 [http-nio-8080-exec-9] [00776cad] [1] DEBUG c.y.m.u.m.SysUserMapper.selectById - <==      Total: 1
2026-06-11 22:06:08.842 [http-nio-8080-exec-9] [00776cad] [1] DEBUG c.y.m.u.m.S.selectRoleIdsByUserId - ==>  Preparing: select role_id from sys_user_role where user_id = ? order by role_id asc
2026-06-11 22:06:08.842 [http-nio-8080-exec-9] [00776cad] [1] DEBUG c.y.m.u.m.S.selectRoleIdsByUserId - ==> Parameters: 1(Long)
2026-06-11 22:06:08.843 [http-nio-8080-exec-9] [00776cad] [1] DEBUG c.y.m.u.m.S.selectRoleIdsByUserId - <==      Total: 1
2026-06-11 22:06:08.844 [http-nio-8080-exec-9] [00776cad] [1] DEBUG c.y.m.u.m.SysRoleMapper.selectList - ==>  Preparing: select id, role_code, role_name, description, status, created_at, updated_at from sys_role WHERE id in ( ? )
2026-06-11 22:06:08.844 [http-nio-8080-exec-9] [00776cad] [1] DEBUG c.y.m.u.m.SysRoleMapper.selectList - ==> Parameters: 1(Long)
2026-06-11 22:06:08.844 [http-nio-8080-exec-9] [00776cad] [1] DEBUG c.y.m.u.m.SysRoleMapper.selectList - <==      Total: 1
2026-06-11 22:06:08.844 [http-nio-8080-exec-9] [00776cad] [1] DEBUG c.y.m.u.m.S.selectPermissionIdsByRoleId - ==>  Preparing: select permission_id from sys_role_permission where role_id in ( ? ) order by permission_id asc
2026-06-11 22:06:08.844 [http-nio-8080-exec-9] [00776cad] [1] DEBUG c.y.m.u.m.S.selectPermissionIdsByRoleId - ==> Parameters: 1(Long)
2026-06-11 22:06:08.845 [http-nio-8080-exec-9] [00776cad] [1] DEBUG c.y.m.u.m.S.selectPermissionIdsByRoleId - <==      Total: 4
2026-06-11 22:06:08.845 [http-nio-8080-exec-9] [00776cad] [1] DEBUG c.y.m.u.m.S.selectList - ==>  Preparing: select id, parent_id, permission_code, permission_name, permission_type, api_path, sort_num, description, status, created_at, updated_at from sys_permission WHERE id in ( ? , ? , ? , ? )
2026-06-11 22:06:08.845 [http-nio-8080-exec-9] [00776cad] [1] DEBUG c.y.m.u.m.S.selectList - ==> Parameters: 101(Long), 106(Long), 113(Long), 117(Long)
2026-06-11 22:06:08.846 [http-nio-8080-exec-9] [00776cad] [1] DEBUG c.y.m.u.m.S.selectList - <==      Total: 4
2026-06-11 22:06:08.847 [http-nio-8080-exec-9] [00776cad] [1] INFO  c.y.common.aop.ControllerLogAspect - 接口开始: uri=/yq-admin/api/sysPermission, httpMethod=GET, controller=SysPermissionController#pagePermission, args=[{"name":"req","value":{"pageNum":1,"pageSize":1000}}]
2026-06-11 22:06:08.853 [http-nio-8080-exec-9] [00776cad] [1] DEBUG c.y.m.u.m.S.selectPage_COUNT - ==>  Preparing: SELECT count(0) FROM sys_permission
2026-06-11 22:06:08.853 [http-nio-8080-exec-9] [00776cad] [1] DEBUG c.y.m.u.m.S.selectPage_COUNT - ==> Parameters: 
2026-06-11 22:06:08.854 [http-nio-8080-exec-9] [00776cad] [1] DEBUG c.y.m.u.m.S.selectPage_COUNT - <==      Total: 1
2026-06-11 22:06:08.854 [http-nio-8080-exec-9] [00776cad] [1] DEBUG c.y.m.u.m.S.selectPage - ==>  Preparing: select id, parent_id, permission_code, permission_name, permission_type, api_path, sort_num, description, status, created_at, updated_at from sys_permission order by sort_num asc, id desc LIMIT ?
2026-06-11 22:06:08.854 [http-nio-8080-exec-9] [00776cad] [1] DEBUG c.y.m.u.m.S.selectPage - ==> Parameters: 1000(Integer)
2026-06-11 22:06:08.857 [http-nio-8080-exec-9] [00776cad] [1] DEBUG c.y.m.u.m.S.selectPage - <==      Total: 177
2026-06-11 22:06:08.860 [http-nio-8080-exec-9] [00776cad] [1] INFO  c.y.common.aop.ControllerLogAspect - 接口结束: uri=/yq-admin/api/sysPermission, controller=SysPermissionController#pagePermission, cost=12ms, result={"code":200,"message":"success","data":{"total":177,"pageNum":1,"pageSize":1000,"records":[{"id":287,"parentId":286,"permissionName":"面试复盘上传音频按钮","permissionType":"BUTTON","permissionCode":"button:interview-review:upload","sortNum":1,"status":"1","description":"面试复盘页面的上传音频按钮","createdAt":"Wed May 20 22:13:56 CST 2026"},{"id":272,"parentId":271,"permissionName":"自媒体生成选题按钮","permissionType":"BUTTON","permissionCode":"button:media-agent:generate-topics","sortNum":1,"status":"1","description":"自媒体创作页面的生成选题按钮","createdAt":"Sat May 09 16:32:32 CST 2026"},{"id":268,"parentId":267,"permissionName":"数据分析执行按钮","permissionType":"BUTTON","permissionCode":"button:data-analysis:analyze","sortNum":1,"status":"1","description":"数据分析页面的开始分析按钮","createdAt":"Fri May 08 16:42:19 CST 2026"},{"id":249,"parentId":121,"permissionName":"发布作业按钮","permissionType":"BUTTON","permissionCode":"button:homework:create","sortNum":1,"status":"1","description":"作业管理页面的发布作业按钮","createdAt":"Wed Apr 22 16:21:14 CST 2026"},{"id":247,"parentId":118,"permissionName":"学生绑定权限模板按钮","permissionType":"BUTTON","permissionCode":"button:student:bind-permission-template","sortNum":1,"status":"1","description":"学生管理页面的绑定权限模板按钮","createdAt":"Wed Apr 22 14:20:45 CST 2026"},{"id":243,"parentId":119,"permissionName":"学员权限模板新增按钮","permissionType":"BUTTON","permissionCode":"button:student-permission-template:create","sortNum":1,"status":"1","description":"学员权限模板页面的新增按钮","createdAt":"Mon Apr 20 00:05:46 CST 2026"},{"id":240,"parentId":115,"permissionName":"订单新增按钮","permissionType":"BUTTON","permissionCode":"button:order:create","sortNum":1,"status":"1","description":"订单管理页面的新增按钮","createdAt":"Sun Apr 12 23:10:59 CST 2026"},{"id":237,"parentId":114,"permissionName":"产品新增按钮","permissionType":"BUTTON","permissionCode":"button:product:create","sortNum":1,"status":"1","description":"产品管理页面的新增按钮","createdAt":"Sun Apr 12 14:19:04 CST 2026"},{"id":235,"parentId":112,"permissionName":"值班查看按钮","permissionType":"BUTTON","permissionCode":"button:duty:view","sortNum":1,"status":"1","description":"值班管理页面的查看按钮","createdAt":"Sun Apr 12 13:11:55 CST 2026"},{"id":234,"parentId":111,"permissionName":"老师课表查看按钮","permissionType":"BUTTON","permissionCode":"button:teacher-schedule:view","sortNum":1,"status":"1","description":"老师课表页面的查看按钮","createdAt":"Sun Apr 12 03:21:07 CST 2026"},{"id":231,"parentId":110,"permissionName":"课表查看按钮","permissionType":"BUTTON","permissionCode":"button:schedule:view","sortNum":1,"status":"1","description":"课表管理页面的查看按钮","createdAt":"Sat Apr 11 19:46:45 CST 2026"},{"id":227,"parentId":109,"permissionName":"班级新增按钮","permissionType":"BUTTON","permissionCode":"button:class:create","sortNum":1,"status":"1","description":"班级管理页面的新增按钮","createdAt":"Sat Apr 11 17:05:40 CST 2026"},{"id":218,"parentId":108,"permissionName":"课程新增按钮","permissionType":"BUTTON","permissionCode":"button:course:create","sortNum":1,"status":"1","description":"课程管理页面的新增按钮","createdAt":"Sat Apr 11 16:02:19 CST 2026"},{"id":215,"parentId":107,"permissionName":"校区新增按钮","permissionType":"BUTTON","permissionCode":"button:campus:create","sortNum":1,"status":"1","description":"校区管理页面的新增按钮","createdAt":"Sat Apr 11 15:49:16 CST 2026"},{"id":212,"parentId":105,"permissionName":"系统参数新增按钮","permissionType":"BUTTON","permissionCode":"button:config:create","sortNum":1,"status":"1","description":"系统参数页面的新增配置按钮","createdAt":"Fri Apr 10 20:08:09 CST 2026"},{"id":209,"parentId":104,"permissionName":"权限新增按钮","permissionType":"BUTTON","permissionCode":"button:permission:create","sortNum":1,"status":"1","description":"权限管理页面的新增权限按钮","createdAt":"Thu Apr 09 21:22:28 CST 2026"},{"id":205,"parentId":103,"permissionName":"角色新增按钮","permissionType":"BUTTON","permissionCode":"button:role:create","sortNum":1,"status":"1","description":"角色管理页面的新增角色按钮","createdAt":"Thu Apr 09 21:22:28 CST 2026"},{"id":201,"parentId":102,"permissionName":"用户新增按钮","permissionType":"BUTTON","permissionCode":"button:user:create","sortNum":1,"status":"ACTIVE","desc...(truncated)
2026-06-11 22:06:13.292 [http-nio-8080-exec-10] [7ec17754] [1] DEBUG c.y.m.u.m.SysUserMapper.selectById - ==>  Preparing: select id, username, password, nickname, real_name, phone, email, union_id, status, created_at, updated_at from sys_user where id = ?
2026-06-11 22:06:13.293 [http-nio-8080-exec-10] [7ec17754] [1] DEBUG c.y.m.u.m.SysUserMapper.selectById - ==> Parameters: 1(Long)
2026-06-11 22:06:13.293 [http-nio-8080-exec-10] [7ec17754] [1] DEBUG c.y.m.u.m.SysUserMapper.selectById - <==      Total: 1
2026-06-11 22:06:13.294 [http-nio-8080-exec-10] [7ec17754] [1] DEBUG c.y.m.u.m.S.selectRoleIdsByUserId - ==>  Preparing: select role_id from sys_user_role where user_id = ? order by role_id asc
2026-06-11 22:06:13.294 [http-nio-8080-exec-10] [7ec17754] [1] DEBUG c.y.m.u.m.S.selectRoleIdsByUserId - ==> Parameters: 1(Long)
2026-06-11 22:06:13.294 [http-nio-8080-exec-10] [7ec17754] [1] DEBUG c.y.m.u.m.S.selectRoleIdsByUserId - <==      Total: 1
2026-06-11 22:06:13.294 [http-nio-8080-exec-10] [7ec17754] [1] DEBUG c.y.m.u.m.SysRoleMapper.selectList - ==>  Preparing: select id, role_code, role_name, description, status, created_at, updated_at from sys_role WHERE id in ( ? )
2026-06-11 22:06:13.294 [http-nio-8080-exec-10] [7ec17754] [1] DEBUG c.y.m.u.m.SysRoleMapper.selectList - ==> Parameters: 1(Long)
2026-06-11 22:06:13.295 [http-nio-8080-exec-10] [7ec17754] [1] DEBUG c.y.m.u.m.SysRoleMapper.selectList - <==      Total: 1
2026-06-11 22:06:13.295 [http-nio-8080-exec-10] [7ec17754] [1] DEBUG c.y.m.u.m.S.selectPermissionIdsByRoleId - ==>  Preparing: select permission_id from sys_role_permission where role_id in ( ? ) order by permission_id asc
2026-06-11 22:06:13.295 [http-nio-8080-exec-10] [7ec17754] [1] DEBUG c.y.m.u.m.S.selectPermissionIdsByRoleId - ==> Parameters: 1(Long)
2026-06-11 22:06:13.295 [http-nio-8080-exec-10] [7ec17754] [1] DEBUG c.y.m.u.m.S.selectPermissionIdsByRoleId - <==      Total: 4
2026-06-11 22:06:13.295 [http-nio-8080-exec-10] [7ec17754] [1] DEBUG c.y.m.u.m.S.selectList - ==>  Preparing: select id, parent_id, permission_code, permission_name, permission_type, api_path, sort_num, description, status, created_at, updated_at from sys_permission WHERE id in ( ? , ? , ? , ? )
2026-06-11 22:06:13.295 [http-nio-8080-exec-10] [7ec17754] [1] DEBUG c.y.m.u.m.S.selectList - ==> Parameters: 101(Long), 106(Long), 113(Long), 117(Long)
2026-06-11 22:06:13.296 [http-nio-8080-exec-10] [7ec17754] [1] DEBUG c.y.m.u.m.S.selectList - <==      Total: 4
2026-06-11 22:06:13.296 [http-nio-8080-exec-10] [7ec17754] [1] INFO  c.y.common.aop.ControllerLogAspect - 接口开始: uri=/yq-admin/api/eduStudent, httpMethod=GET, controller=EduStudentController#pageStudent, args=[{"name":"req","value":{"pageNum":1,"pageSize":10}}]
2026-06-11 22:06:13.301 [http-nio-8080-exec-10] [7ec17754] [1] DEBUG c.y.m.e.m.E.selectPage_COUNT - ==>  Preparing: SELECT count(0) FROM edu_student
2026-06-11 22:06:13.301 [http-nio-8080-exec-10] [7ec17754] [1] DEBUG c.y.m.e.m.E.selectPage_COUNT - ==> Parameters: 
2026-06-11 22:06:13.302 [http-nio-8080-exec-10] [7ec17754] [1] DEBUG c.y.m.e.m.E.selectPage_COUNT - <==      Total: 1
2026-06-11 22:06:13.302 [http-nio-8080-exec-10] [7ec17754] [1] DEBUG c.y.m.e.m.E.selectPage - ==>  Preparing: select id, student_code, student_name, phone, graduation_session, school, education, study_mode, class_id, product_id, join_time, created_at, updated_at from edu_student order by id desc LIMIT ?
2026-06-11 22:06:13.302 [http-nio-8080-exec-10] [7ec17754] [1] DEBUG c.y.m.e.m.E.selectPage - ==> Parameters: 10(Integer)
2026-06-11 22:06:13.303 [http-nio-8080-exec-10] [7ec17754] [1] DEBUG c.y.m.e.m.E.selectPage - <==      Total: 10
2026-06-11 22:06:13.303 [http-nio-8080-exec-10] [7ec17754] [1] INFO  c.y.common.aop.ControllerLogAspect - 接口结束: uri=/yq-admin/api/eduStudent, controller=EduStudentController#pageStudent, cost=7ms, result={"code":200,"message":"success","data":{"total":10,"pageNum":1,"pageSize":10,"records":[{"id":10,"studentCode":"XS20260527544261","studentName":"赵九","phone":"13273576020","graduationSession":2026,"school":"湖南师范大学","education":"硕士","studyMode":"ONLINE","productId":3,"joinTime":"Wed May 27 21:32:06 CST 2026","createdAt":"Wed May 27 21:32:23 CST 2026","updatedAt":"Wed May 27 21:32:23 CST 2026"},{"id":9,"studentCode":"XS20260526215429","studentName":"赵六","phone":"13762922580","graduationSession":2026,"school":"湖南师范大学","education":"硕士","studyMode":"ONLINE","productId":3,"joinTime":"Tue May 26 17:18:07 CST 2026","createdAt":"Tue May 26 17:18:15 CST 2026","updatedAt":"Tue May 26 17:18:15 CST 2026"},{"id":8,"studentCode":"XS20260514684479","studentName":"哈哈","phone":"13273576029","graduationSession":2026,"school":"湖南师范大学","education":"本科","studyMode":"OFFLINE","classId":2,"productId":1,"joinTime":"Thu May 14 17:45:03 CST 2026","createdAt":"Thu May 14 17:45:10 CST 2026","updatedAt":"Thu May 14 17:45:10 CST 2026"},{"id":7,"studentCode":"XS20260429790522","studentName":"王六","phone":"13273576027","graduationSession":2026,"school":"湖南师范大学","education":"博士","studyMode":"ONLINE","productId":2,"joinTime":"Wed Apr 29 22:59:06 CST 2026","createdAt":"Wed Apr 29 22:59:15 CST 2026","updatedAt":"Wed Apr 29 22:59:15 CST 2026"},{"id":6,"studentCode":"XS20260417641291","studentName":"赵六","phone":"15118191034","graduationSession":2026,"school":"洪江一中","education":"本科","studyMode":"OFFLINE","classId":3,"productId":1,"joinTime":"Fri Apr 17 22:25:31 CST 2026","createdAt":"Fri Apr 17 22:25:50 CST 2026","updatedAt":"Fri Apr 17 22:25:50 CST 2026"},{"id":5,"studentCode":"XS20260417193131","studentName":"黄某","phone":"15118191031","graduationSession":2026,"school":"洪江一中","education":"本科","studyMode":"OFFLINE","classId":1,"productId":1,"joinTime":"Fri Apr 17 15:09:40 CST 2026","createdAt":"Fri Apr 17 15:10:18 CST 2026","updatedAt":"Fri Apr 17 15:10:18 CST 2026"},{"id":4,"studentCode":"XS20260416122330","studentName":"黄某","phone":"13273576024","graduationSession":2026,"school":"洪江一中","education":"大专","studyMode":"OFFLINE","classId":1,"productId":1,"joinTime":"Thu Apr 16 22:41:38 CST 2026","createdAt":"Thu Apr 16 22:42:25 CST 2026","updatedAt":"Thu Apr 16 22:42:25 CST 2026"},{"id":3,"studentCode":"XS20260416572329","studentName":"向某","phone":"13273576023","graduationSession":2026,"school":"洪江一中","education":"本科","studyMode":"OFFLINE","classId":2,"productId":1,"joinTime":"Thu Apr 16 22:28:40 CST 2026","createdAt":"Thu Apr 16 22:34:48 CST 2026","updatedAt":"Thu Apr 16 22:34:48 CST 2026"},{"id":2,"studentCode":"XS20260416896906","studentName":"王王","phone":"15118191032","graduationSession":2026,"school":"湖南师范大学","education":"大专","studyMode":"OFFLINE","classId":2,"productId":1,"joinTime":"Thu Apr 16 17:55:46 CST 2026","createdAt":"Thu Apr 16 18:01:02 CST 2026","updatedAt":"Thu Apr 16 18:01:02 CST 2026"},{"id":1,"studentCode":"XS20260416496798","studentName":"赵家","phone":"13273672819","graduationSession":2026,"school":"湖南师范大学","education":"本科","studyMode":"OFFLINE","classId":1,"productId":1,"joinTime":"Thu Apr 16 17:52:36 CST 2026","createdAt":"Thu Apr 16 17:53:12 CST 2026","updatedAt":"Thu Apr 16 17:53:12 CST 2026"}]}}
2026-06-11 22:06:14.055 [http-nio-8080-exec-1] [78684fa5] [1] DEBUG c.y.m.u.m.SysUserMapper.selectById - ==>  Preparing: select id, username, password, nickname, real_name, phone, email, union_id, status, created_at, updated_at from sys_user where id = ?
2026-06-11 22:06:14.055 [http-nio-8080-exec-1] [78684fa5] [1] DEBUG c.y.m.u.m.SysUserMapper.selectById - ==> Parameters: 1(Long)
2026-06-11 22:06:14.057 [http-nio-8080-exec-1] [78684fa5] [1] DEBUG c.y.m.u.m.SysUserMapper.selectById - <==      Total: 1
2026-06-11 22:06:14.057 [http-nio-8080-exec-1] [78684fa5] [1] DEBUG c.y.m.u.m.S.selectRoleIdsByUserId - ==>  Preparing: select role_id from sys_user_role where user_id = ? order by role_id asc
2026-06-11 22:06:14.057 [http-nio-8080-exec-1] [78684fa5] [1] DEBUG c.y.m.u.m.S.selectRoleIdsByUserId - ==> Parameters: 1(Long)
2026-06-11 22:06:14.057 [http-nio-8080-exec-1] [78684fa5] [1] DEBUG c.y.m.u.m.S.selectRoleIdsByUserId - <==      Total: 1
2026-06-11 22:06:14.057 [http-nio-8080-exec-1] [78684fa5] [1] DEBUG c.y.m.u.m.SysRoleMapper.selectList - ==>  Preparing: select id, role_code, role_name, description, status, created_at, updated_at from sys_role WHERE id in ( ? )
2026-06-11 22:06:14.057 [http-nio-8080-exec-1] [78684fa5] [1] DEBUG c.y.m.u.m.SysRoleMapper.selectList - ==> Parameters: 1(Long)
2026-06-11 22:06:14.058 [http-nio-8080-exec-1] [78684fa5] [1] DEBUG c.y.m.u.m.SysRoleMapper.selectList - <==      Total: 1
2026-06-11 22:06:14.058 [http-nio-8080-exec-1] [78684fa5] [1] DEBUG c.y.m.u.m.S.selectPermissionIdsByRoleId - ==>  Preparing: select permission_id from sys_role_permission where role_id in ( ? ) order by permission_id asc
2026-06-11 22:06:14.058 [http-nio-8080-exec-1] [78684fa5] [1] DEBUG c.y.m.u.m.S.selectPermissionIdsByRoleId - ==> Parameters: 1(Long)
2026-06-11 22:06:14.058 [http-nio-8080-exec-1] [78684fa5] [1] DEBUG c.y.m.u.m.S.selectPermissionIdsByRoleId - <==      Total: 4
2026-06-11 22:06:14.058 [http-nio-8080-exec-1] [78684fa5] [1] DEBUG c.y.m.u.m.S.selectList - ==>  Preparing: select id, parent_id, permission_code, permission_name, permission_type, api_path, sort_num, description, status, created_at, updated_at from sys_permission WHERE id in ( ? , ? , ? , ? )
2026-06-11 22:06:14.058 [http-nio-8080-exec-1] [78684fa5] [1] DEBUG c.y.m.u.m.S.selectList - ==> Parameters: 101(Long), 106(Long), 113(Long), 117(Long)
2026-06-11 22:06:14.058 [http-nio-8080-exec-1] [78684fa5] [1] DEBUG c.y.m.u.m.S.selectList - <==      Total: 4
2026-06-11 22:06:14.058 [http-nio-8080-exec-1] [78684fa5] [1] INFO  c.y.common.aop.ControllerLogAspect - 接口开始: uri=/yq-admin/api/eduCampus, httpMethod=GET, controller=EduCampusController#pageCampus, args=[{"name":"req","value":{"pageNum":1,"pageSize":10}}]
2026-06-11 22:06:14.062 [http-nio-8080-exec-1] [78684fa5] [1] DEBUG c.y.m.e.m.E.selectPage_COUNT - ==>  Preparing: SELECT count(0) FROM edu_campus
2026-06-11 22:06:14.062 [http-nio-8080-exec-1] [78684fa5] [1] DEBUG c.y.m.e.m.E.selectPage_COUNT - ==> Parameters: 
2026-06-11 22:06:14.063 [http-nio-8080-exec-1] [78684fa5] [1] DEBUG c.y.m.e.m.E.selectPage_COUNT - <==      Total: 1
2026-06-11 22:06:14.063 [http-nio-8080-exec-1] [78684fa5] [1] DEBUG c.y.m.e.m.EduCampusMapper.selectPage - ==>  Preparing: select id, campus_name, principal_user_id, address, contact_phone, remark, status, created_at, updated_at from edu_campus order by id desc LIMIT ?
2026-06-11 22:06:14.063 [http-nio-8080-exec-1] [78684fa5] [1] DEBUG c.y.m.e.m.EduCampusMapper.selectPage - ==> Parameters: 10(Integer)
2026-06-11 22:06:14.064 [http-nio-8080-exec-1] [78684fa5] [1] DEBUG c.y.m.e.m.EduCampusMapper.selectPage - <==      Total: 1
2026-06-11 22:06:14.064 [http-nio-8080-exec-1] [78684fa5] [1] INFO  c.y.common.aop.ControllerLogAspect - 接口结束: uri=/yq-admin/api/eduCampus, controller=EduCampusController#pageCampus, cost=6ms, result={"code":200,"message":"success","data":{"total":1,"pageNum":1,"pageSize":10,"records":[{"id":1,"campusName":"杭州校区","principalUserId":2,"address":"杭州市余杭区","contactPhone":"13549684561","status":1,"createdAt":"Sat Apr 11 15:51:21 CST 2026","updatedAt":"Sat Apr 11 15:51:21 CST 2026"}]}}
2026-06-11 22:06:14.828 [http-nio-8080-exec-2] [f0dae63a] [1] DEBUG c.y.m.u.m.SysUserMapper.selectById - ==>  Preparing: select id, username, password, nickname, real_name, phone, email, union_id, status, created_at, updated_at from sys_user where id = ?
2026-06-11 22:06:14.828 [http-nio-8080-exec-2] [f0dae63a] [1] DEBUG c.y.m.u.m.SysUserMapper.selectById - ==> Parameters: 1(Long)
2026-06-11 22:06:14.829 [http-nio-8080-exec-2] [f0dae63a] [1] DEBUG c.y.m.u.m.SysUserMapper.selectById - <==      Total: 1
2026-06-11 22:06:14.829 [http-nio-8080-exec-2] [f0dae63a] [1] DEBUG c.y.m.u.m.S.selectRoleIdsByUserId - ==>  Preparing: select role_id from sys_user_role where user_id = ? order by role_id asc
2026-06-11 22:06:14.829 [http-nio-8080-exec-2] [f0dae63a] [1] DEBUG c.y.m.u.m.S.selectRoleIdsByUserId - ==> Parameters: 1(Long)
2026-06-11 22:06:14.829 [http-nio-8080-exec-2] [f0dae63a] [1] DEBUG c.y.m.u.m.S.selectRoleIdsByUserId - <==      Total: 1
2026-06-11 22:06:14.829 [http-nio-8080-exec-2] [f0dae63a] [1] DEBUG c.y.m.u.m.SysRoleMapper.selectList - ==>  Preparing: select id, role_code, role_name, description, status, created_at, updated_at from sys_role WHERE id in ( ? )
2026-06-11 22:06:14.830 [http-nio-8080-exec-2] [f0dae63a] [1] DEBUG c.y.m.u.m.SysRoleMapper.selectList - ==> Parameters: 1(Long)
2026-06-11 22:06:14.830 [http-nio-8080-exec-2] [f0dae63a] [1] DEBUG c.y.m.u.m.SysRoleMapper.selectList - <==      Total: 1
2026-06-11 22:06:14.830 [http-nio-8080-exec-2] [f0dae63a] [1] DEBUG c.y.m.u.m.S.selectPermissionIdsByRoleId - ==>  Preparing: select permission_id from sys_role_permission where role_id in ( ? ) order by permission_id asc
2026-06-11 22:06:14.830 [http-nio-8080-exec-2] [f0dae63a] [1] DEBUG c.y.m.u.m.S.selectPermissionIdsByRoleId - ==> Parameters: 1(Long)
2026-06-11 22:06:14.831 [http-nio-8080-exec-2] [f0dae63a] [1] DEBUG c.y.m.u.m.S.selectPermissionIdsByRoleId - <==      Total: 4
2026-06-11 22:06:14.831 [http-nio-8080-exec-2] [f0dae63a] [1] DEBUG c.y.m.u.m.S.selectList - ==>  Preparing: select id, parent_id, permission_code, permission_name, permission_type, api_path, sort_num, description, status, created_at, updated_at from sys_permission WHERE id in ( ? , ? , ? , ? )
2026-06-11 22:06:14.831 [http-nio-8080-exec-2] [f0dae63a] [1] DEBUG c.y.m.u.m.S.selectList - ==> Parameters: 101(Long), 106(Long), 113(Long), 117(Long)
2026-06-11 22:06:14.832 [http-nio-8080-exec-2] [f0dae63a] [1] DEBUG c.y.m.u.m.S.selectList - <==      Total: 4
2026-06-11 22:06:14.832 [http-nio-8080-exec-2] [f0dae63a] [1] INFO  c.y.common.aop.ControllerLogAspect - 接口开始: uri=/yq-admin/api/sysPermission, httpMethod=GET, controller=SysPermissionController#pagePermission, args=[{"name":"req","value":{"pageNum":1,"pageSize":1000}}]
2026-06-11 22:06:14.837 [http-nio-8080-exec-2] [f0dae63a] [1] DEBUG c.y.m.u.m.S.selectPage_COUNT - ==>  Preparing: SELECT count(0) FROM sys_permission
2026-06-11 22:06:14.837 [http-nio-8080-exec-2] [f0dae63a] [1] DEBUG c.y.m.u.m.S.selectPage_COUNT - ==> Parameters: 
2026-06-11 22:06:14.838 [http-nio-8080-exec-2] [f0dae63a] [1] DEBUG c.y.m.u.m.S.selectPage_COUNT - <==      Total: 1
2026-06-11 22:06:14.839 [http-nio-8080-exec-2] [f0dae63a] [1] DEBUG c.y.m.u.m.S.selectPage - ==>  Preparing: select id, parent_id, permission_code, permission_name, permission_type, api_path, sort_num, description, status, created_at, updated_at from sys_permission order by sort_num asc, id desc LIMIT ?
2026-06-11 22:06:14.839 [http-nio-8080-exec-2] [f0dae63a] [1] DEBUG c.y.m.u.m.S.selectPage - ==> Parameters: 1000(Integer)
2026-06-11 22:06:14.841 [http-nio-8080-exec-2] [f0dae63a] [1] DEBUG c.y.m.u.m.S.selectPage - <==      Total: 177
2026-06-11 22:06:14.843 [http-nio-8080-exec-2] [f0dae63a] [1] INFO  c.y.common.aop.ControllerLogAspect - 接口结束: uri=/yq-admin/api/sysPermission, controller=SysPermissionController#pagePermission, cost=10ms, result={"code":200,"message":"success","data":{"total":177,"pageNum":1,"pageSize":1000,"records":[{"id":287,"parentId":286,"permissionName":"面试复盘上传音频按钮","permissionType":"BUTTON","permissionCode":"button:interview-review:upload","sortNum":1,"status":"1","description":"面试复盘页面的上传音频按钮","createdAt":"Wed May 20 22:13:56 CST 2026"},{"id":272,"parentId":271,"permissionName":"自媒体生成选题按钮","permissionType":"BUTTON","permissionCode":"button:media-agent:generate-topics","sortNum":1,"status":"1","description":"自媒体创作页面的生成选题按钮","createdAt":"Sat May 09 16:32:32 CST 2026"},{"id":268,"parentId":267,"permissionName":"数据分析执行按钮","permissionType":"BUTTON","permissionCode":"button:data-analysis:analyze","sortNum":1,"status":"1","description":"数据分析页面的开始分析按钮","createdAt":"Fri May 08 16:42:19 CST 2026"},{"id":249,"parentId":121,"permissionName":"发布作业按钮","permissionType":"BUTTON","permissionCode":"button:homework:create","sortNum":1,"status":"1","description":"作业管理页面的发布作业按钮","createdAt":"Wed Apr 22 16:21:14 CST 2026"},{"id":247,"parentId":118,"permissionName":"学生绑定权限模板按钮","permissionType":"BUTTON","permissionCode":"button:student:bind-permission-template","sortNum":1,"status":"1","description":"学生管理页面的绑定权限模板按钮","createdAt":"Wed Apr 22 14:20:45 CST 2026"},{"id":243,"parentId":119,"permissionName":"学员权限模板新增按钮","permissionType":"BUTTON","permissionCode":"button:student-permission-template:create","sortNum":1,"status":"1","description":"学员权限模板页面的新增按钮","createdAt":"Mon Apr 20 00:05:46 CST 2026"},{"id":240,"parentId":115,"permissionName":"订单新增按钮","permissionType":"BUTTON","permissionCode":"button:order:create","sortNum":1,"status":"1","description":"订单管理页面的新增按钮","createdAt":"Sun Apr 12 23:10:59 CST 2026"},{"id":237,"parentId":114,"permissionName":"产品新增按钮","permissionType":"BUTTON","permissionCode":"button:product:create","sortNum":1,"status":"1","description":"产品管理页面的新增按钮","createdAt":"Sun Apr 12 14:19:04 CST 2026"},{"id":235,"parentId":112,"permissionName":"值班查看按钮","permissionType":"BUTTON","permissionCode":"button:duty:view","sortNum":1,"status":"1","description":"值班管理页面的查看按钮","createdAt":"Sun Apr 12 13:11:55 CST 2026"},{"id":234,"parentId":111,"permissionName":"老师课表查看按钮","permissionType":"BUTTON","permissionCode":"button:teacher-schedule:view","sortNum":1,"status":"1","description":"老师课表页面的查看按钮","createdAt":"Sun Apr 12 03:21:07 CST 2026"},{"id":231,"parentId":110,"permissionName":"课表查看按钮","permissionType":"BUTTON","permissionCode":"button:schedule:view","sortNum":1,"status":"1","description":"课表管理页面的查看按钮","createdAt":"Sat Apr 11 19:46:45 CST 2026"},{"id":227,"parentId":109,"permissionName":"班级新增按钮","permissionType":"BUTTON","permissionCode":"button:class:create","sortNum":1,"status":"1","description":"班级管理页面的新增按钮","createdAt":"Sat Apr 11 17:05:40 CST 2026"},{"id":218,"parentId":108,"permissionName":"课程新增按钮","permissionType":"BUTTON","permissionCode":"button:course:create","sortNum":1,"status":"1","description":"课程管理页面的新增按钮","createdAt":"Sat Apr 11 16:02:19 CST 2026"},{"id":215,"parentId":107,"permissionName":"校区新增按钮","permissionType":"BUTTON","permissionCode":"button:campus:create","sortNum":1,"status":"1","description":"校区管理页面的新增按钮","createdAt":"Sat Apr 11 15:49:16 CST 2026"},{"id":212,"parentId":105,"permissionName":"系统参数新增按钮","permissionType":"BUTTON","permissionCode":"button:config:create","sortNum":1,"status":"1","description":"系统参数页面的新增配置按钮","createdAt":"Fri Apr 10 20:08:09 CST 2026"},{"id":209,"parentId":104,"permissionName":"权限新增按钮","permissionType":"BUTTON","permissionCode":"button:permission:create","sortNum":1,"status":"1","description":"权限管理页面的新增权限按钮","createdAt":"Thu Apr 09 21:22:28 CST 2026"},{"id":205,"parentId":103,"permissionName":"角色新增按钮","permissionType":"BUTTON","permissionCode":"button:role:create","sortNum":1,"status":"1","description":"角色管理页面的新增角色按钮","createdAt":"Thu Apr 09 21:22:28 CST 2026"},{"id":201,"parentId":102,"permissionName":"用户新增按钮","permissionType":"BUTTON","permissionCode":"button:user:create","sortNum":1,"status":"ACTIVE","desc...(truncated)
2026-06-11 22:06:15.586 [http-nio-8080-exec-3] [a2a806c9] [1] DEBUG c.y.m.u.m.SysUserMapper.selectById - ==>  Preparing: select id, username, password, nickname, real_name, phone, email, union_id, status, created_at, updated_at from sys_user where id = ?
2026-06-11 22:06:15.586 [http-nio-8080-exec-3] [a2a806c9] [1] DEBUG c.y.m.u.m.SysUserMapper.selectById - ==> Parameters: 1(Long)
2026-06-11 22:06:15.586 [http-nio-8080-exec-3] [a2a806c9] [1] DEBUG c.y.m.u.m.SysUserMapper.selectById - <==      Total: 1
2026-06-11 22:06:15.586 [http-nio-8080-exec-3] [a2a806c9] [1] DEBUG c.y.m.u.m.S.selectRoleIdsByUserId - ==>  Preparing: select role_id from sys_user_role where user_id = ? order by role_id asc
2026-06-11 22:06:15.586 [http-nio-8080-exec-3] [a2a806c9] [1] DEBUG c.y.m.u.m.S.selectRoleIdsByUserId - ==> Parameters: 1(Long)
2026-06-11 22:06:15.586 [http-nio-8080-exec-3] [a2a806c9] [1] DEBUG c.y.m.u.m.S.selectRoleIdsByUserId - <==      Total: 1
2026-06-11 22:06:15.586 [http-nio-8080-exec-3] [a2a806c9] [1] DEBUG c.y.m.u.m.SysRoleMapper.selectList - ==>  Preparing: select id, role_code, role_name, description, status, created_at, updated_at from sys_role WHERE id in ( ? )
2026-06-11 22:06:15.586 [http-nio-8080-exec-3] [a2a806c9] [1] DEBUG c.y.m.u.m.SysRoleMapper.selectList - ==> Parameters: 1(Long)
2026-06-11 22:06:15.587 [http-nio-8080-exec-3] [a2a806c9] [1] DEBUG c.y.m.u.m.SysRoleMapper.selectList - <==      Total: 1
2026-06-11 22:06:15.587 [http-nio-8080-exec-3] [a2a806c9] [1] DEBUG c.y.m.u.m.S.selectPermissionIdsByRoleId - ==>  Preparing: select permission_id from sys_role_permission where role_id in ( ? ) order by permission_id asc
2026-06-11 22:06:15.587 [http-nio-8080-exec-3] [a2a806c9] [1] DEBUG c.y.m.u.m.S.selectPermissionIdsByRoleId - ==> Parameters: 1(Long)
2026-06-11 22:06:15.587 [http-nio-8080-exec-3] [a2a806c9] [1] DEBUG c.y.m.u.m.S.selectPermissionIdsByRoleId - <==      Total: 4
2026-06-11 22:06:15.587 [http-nio-8080-exec-3] [a2a806c9] [1] DEBUG c.y.m.u.m.S.selectList - ==>  Preparing: select id, parent_id, permission_code, permission_name, permission_type, api_path, sort_num, description, status, created_at, updated_at from sys_permission WHERE id in ( ? , ? , ? , ? )
2026-06-11 22:06:15.587 [http-nio-8080-exec-3] [a2a806c9] [1] DEBUG c.y.m.u.m.S.selectList - ==> Parameters: 101(Long), 106(Long), 113(Long), 117(Long)
2026-06-11 22:06:15.587 [http-nio-8080-exec-3] [a2a806c9] [1] DEBUG c.y.m.u.m.S.selectList - <==      Total: 4
2026-06-11 22:06:15.588 [http-nio-8080-exec-3] [a2a806c9] [1] INFO  c.y.common.aop.ControllerLogAspect - 接口开始: uri=/yq-admin/api/sysRole, httpMethod=GET, controller=SysRoleController#pageRole, args=[{"name":"req","value":{"pageNum":1,"pageSize":10}}]
2026-06-11 22:06:15.592 [http-nio-8080-exec-3] [a2a806c9] [1] DEBUG c.y.m.u.m.S.selectPage_COUNT - ==>  Preparing: SELECT count(0) FROM sys_role
2026-06-11 22:06:15.592 [http-nio-8080-exec-3] [a2a806c9] [1] DEBUG c.y.m.u.m.S.selectPage_COUNT - ==> Parameters: 
2026-06-11 22:06:15.593 [http-nio-8080-exec-3] [a2a806c9] [1] DEBUG c.y.m.u.m.S.selectPage_COUNT - <==      Total: 1
2026-06-11 22:06:15.593 [http-nio-8080-exec-3] [a2a806c9] [1] DEBUG c.y.m.u.m.SysRoleMapper.selectPage - ==>  Preparing: select id, role_code, role_name, description, status, created_at, updated_at from sys_role order by id desc LIMIT ?
2026-06-11 22:06:15.593 [http-nio-8080-exec-3] [a2a806c9] [1] DEBUG c.y.m.u.m.SysRoleMapper.selectPage - ==> Parameters: 10(Integer)
2026-06-11 22:06:15.593 [http-nio-8080-exec-3] [a2a806c9] [1] DEBUG c.y.m.u.m.SysRoleMapper.selectPage - <==      Total: 3
2026-06-11 22:06:15.594 [http-nio-8080-exec-3] [a2a806c9] [1] INFO  c.y.common.aop.ControllerLogAspect - 接口结束: uri=/yq-admin/api/sysRole, controller=SysRoleController#pageRole, cost=6ms, result={"code":200,"message":"success","data":{"total":3,"pageNum":1,"pageSize":10,"records":[{"id":3,"roleCode":"head_teacher","roleName":"班主任","description":"班主任","status":"ACTIVE","createdAt":"Sat Apr 11 17:06:26 CST 2026"},{"id":2,"roleCode":"teacher","roleName":"讲师","status":"ACTIVE","createdAt":"Thu Apr 09 21:28:05 CST 2026"},{"id":1,"roleCode":"SUPER_ADMIN","roleName":"超级管理员","description":"拥有全部后台权限","status":"ACTIVE","createdAt":"Thu Apr 09 20:50:38 CST 2026"}]}}
2026-06-11 22:06:16.312 [http-nio-8080-exec-4] [8dfd2739] [1] DEBUG c.y.m.u.m.SysUserMapper.selectById - ==>  Preparing: select id, username, password, nickname, real_name, phone, email, union_id, status, created_at, updated_at from sys_user where id = ?
2026-06-11 22:06:16.312 [http-nio-8080-exec-4] [8dfd2739] [1] DEBUG c.y.m.u.m.SysUserMapper.selectById - ==> Parameters: 1(Long)
2026-06-11 22:06:16.312 [http-nio-8080-exec-4] [8dfd2739] [1] DEBUG c.y.m.u.m.SysUserMapper.selectById - <==      Total: 1
2026-06-11 22:06:16.313 [http-nio-8080-exec-4] [8dfd2739] [1] DEBUG c.y.m.u.m.S.selectRoleIdsByUserId - ==>  Preparing: select role_id from sys_user_role where user_id = ? order by role_id asc
2026-06-11 22:06:16.313 [http-nio-8080-exec-4] [8dfd2739] [1] DEBUG c.y.m.u.m.S.selectRoleIdsByUserId - ==> Parameters: 1(Long)
2026-06-11 22:06:16.314 [http-nio-8080-exec-4] [8dfd2739] [1] DEBUG c.y.m.u.m.S.selectRoleIdsByUserId - <==      Total: 1
2026-06-11 22:06:16.314 [http-nio-8080-exec-4] [8dfd2739] [1] DEBUG c.y.m.u.m.SysRoleMapper.selectList - ==>  Preparing: select id, role_code, role_name, description, status, created_at, updated_at from sys_role WHERE id in ( ? )
2026-06-11 22:06:16.314 [http-nio-8080-exec-4] [8dfd2739] [1] DEBUG c.y.m.u.m.SysRoleMapper.selectList - ==> Parameters: 1(Long)
2026-06-11 22:06:16.315 [http-nio-8080-exec-4] [8dfd2739] [1] DEBUG c.y.m.u.m.SysRoleMapper.selectList - <==      Total: 1
2026-06-11 22:06:16.315 [http-nio-8080-exec-4] [8dfd2739] [1] DEBUG c.y.m.u.m.S.selectPermissionIdsByRoleId - ==>  Preparing: select permission_id from sys_role_permission where role_id in ( ? ) order by permission_id asc
2026-06-11 22:06:16.315 [http-nio-8080-exec-4] [8dfd2739] [1] DEBUG c.y.m.u.m.S.selectPermissionIdsByRoleId - ==> Parameters: 1(Long)
2026-06-11 22:06:16.315 [http-nio-8080-exec-4] [8dfd2739] [1] DEBUG c.y.m.u.m.S.selectPermissionIdsByRoleId - <==      Total: 4
2026-06-11 22:06:16.316 [http-nio-8080-exec-4] [8dfd2739] [1] DEBUG c.y.m.u.m.S.selectList - ==>  Preparing: select id, parent_id, permission_code, permission_name, permission_type, api_path, sort_num, description, status, created_at, updated_at from sys_permission WHERE id in ( ? , ? , ? , ? )
2026-06-11 22:06:16.316 [http-nio-8080-exec-4] [8dfd2739] [1] DEBUG c.y.m.u.m.S.selectList - ==> Parameters: 101(Long), 106(Long), 113(Long), 117(Long)
2026-06-11 22:06:16.316 [http-nio-8080-exec-4] [8dfd2739] [1] DEBUG c.y.m.u.m.S.selectList - <==      Total: 4
2026-06-11 22:06:16.317 [http-nio-8080-exec-4] [8dfd2739] [1] INFO  c.y.common.aop.ControllerLogAspect - 接口开始: uri=/yq-admin/api/sysUser, httpMethod=GET, controller=SysUserController#pageUser, args=[{"name":"req","value":{"pageNum":1,"pageSize":10}}]
2026-06-11 22:06:16.321 [http-nio-8080-exec-4] [8dfd2739] [1] DEBUG c.y.m.u.m.S.selectPage_COUNT - ==>  Preparing: SELECT count(0) FROM sys_user
2026-06-11 22:06:16.321 [http-nio-8080-exec-4] [8dfd2739] [1] DEBUG c.y.m.u.m.S.selectPage_COUNT - ==> Parameters: 
2026-06-11 22:06:16.322 [http-nio-8080-exec-4] [8dfd2739] [1] DEBUG c.y.m.u.m.S.selectPage_COUNT - <==      Total: 1
2026-06-11 22:06:16.322 [http-nio-8080-exec-4] [8dfd2739] [1] DEBUG c.y.m.u.m.SysUserMapper.selectPage - ==>  Preparing: select id, username, password, nickname, real_name, phone, email, union_id, status, created_at, updated_at from sys_user order by id desc LIMIT ?
2026-06-11 22:06:16.322 [http-nio-8080-exec-4] [8dfd2739] [1] DEBUG c.y.m.u.m.SysUserMapper.selectPage - ==> Parameters: 10(Integer)
2026-06-11 22:06:16.323 [http-nio-8080-exec-4] [8dfd2739] [1] DEBUG c.y.m.u.m.SysUserMapper.selectPage - <==      Total: 6
2026-06-11 22:06:16.323 [http-nio-8080-exec-4] [8dfd2739] [1] INFO  c.y.common.aop.ControllerLogAspect - 接口结束: uri=/yq-admin/api/sysUser, controller=SysUserController#pageUser, cost=6ms, result={"code":200,"message":"success","data":{"total":6,"pageNum":1,"pageSize":10,"records":[{"id":6,"username":"haha","nickname":"哈哈哈","realName":"哈哈","phone":"15118191032","email":"913038933@qq.com","status":"ACTIVE","createdAt":"Fri Apr 17 15:54:46 CST 2026"},{"id":5,"username":"laoshi2","nickname":"老师2","realName":"老师2","phone":"13762922584","status":"ACTIVE","createdAt":"Sun Apr 12 01:48:55 CST 2026"},{"id":4,"username":"laoshi1","nickname":"老师1","realName":"老师1","phone":"13273576020","status":"ACTIVE","createdAt":"Sun Apr 12 01:48:37 CST 2026"},{"id":3,"username":"banzhuren","nickname":"班主任老师","realName":"班主任老师","phone":"15118191032","status":"ACTIVE","createdAt":"Sat Apr 11 17:06:53 CST 2026"},{"id":2,"username":"huangjin","nickname":"黄瑾","realName":"黄瑾","phone":"13273672819","email":"913038933@qq.com","status":"ACTIVE","createdAt":"Thu Apr 09 22:04:43 CST 2026"},{"id":1,"username":"admin","nickname":"系统管理员","realName":"超级管理员","phone":"13800000000","email":"admin@yq.com","status":"ACTIVE","createdAt":"Thu Apr 09 20:50:39 CST 2026"}]}}
2026-06-11 22:06:18.517 [http-nio-8080-exec-5] [88c88442] [1] DEBUG c.y.m.u.m.SysUserMapper.selectById - ==>  Preparing: select id, username, password, nickname, real_name, phone, email, union_id, status, created_at, updated_at from sys_user where id = ?
2026-06-11 22:06:18.518 [http-nio-8080-exec-5] [88c88442] [1] DEBUG c.y.m.u.m.SysUserMapper.selectById - ==> Parameters: 1(Long)
2026-06-11 22:06:18.518 [http-nio-8080-exec-5] [88c88442] [1] DEBUG c.y.m.u.m.SysUserMapper.selectById - <==      Total: 1
2026-06-11 22:06:18.518 [http-nio-8080-exec-5] [88c88442] [1] DEBUG c.y.m.u.m.S.selectRoleIdsByUserId - ==>  Preparing: select role_id from sys_user_role where user_id = ? order by role_id asc
2026-06-11 22:06:18.519 [http-nio-8080-exec-5] [88c88442] [1] DEBUG c.y.m.u.m.S.selectRoleIdsByUserId - ==> Parameters: 1(Long)
2026-06-11 22:06:18.519 [http-nio-8080-exec-5] [88c88442] [1] DEBUG c.y.m.u.m.S.selectRoleIdsByUserId - <==      Total: 1
2026-06-11 22:06:18.519 [http-nio-8080-exec-5] [88c88442] [1] DEBUG c.y.m.u.m.SysRoleMapper.selectList - ==>  Preparing: select id, role_code, role_name, description, status, created_at, updated_at from sys_role WHERE id in ( ? )
2026-06-11 22:06:18.519 [http-nio-8080-exec-5] [88c88442] [1] DEBUG c.y.m.u.m.SysRoleMapper.selectList - ==> Parameters: 1(Long)
2026-06-11 22:06:18.520 [http-nio-8080-exec-5] [88c88442] [1] DEBUG c.y.m.u.m.SysRoleMapper.selectList - <==      Total: 1
2026-06-11 22:06:18.520 [http-nio-8080-exec-5] [88c88442] [1] DEBUG c.y.m.u.m.S.selectPermissionIdsByRoleId - ==>  Preparing: select permission_id from sys_role_permission where role_id in ( ? ) order by permission_id asc
2026-06-11 22:06:18.520 [http-nio-8080-exec-5] [88c88442] [1] DEBUG c.y.m.u.m.S.selectPermissionIdsByRoleId - ==> Parameters: 1(Long)
2026-06-11 22:06:18.520 [http-nio-8080-exec-5] [88c88442] [1] DEBUG c.y.m.u.m.S.selectPermissionIdsByRoleId - <==      Total: 4
2026-06-11 22:06:18.520 [http-nio-8080-exec-5] [88c88442] [1] DEBUG c.y.m.u.m.S.selectList - ==>  Preparing: select id, parent_id, permission_code, permission_name, permission_type, api_path, sort_num, description, status, created_at, updated_at from sys_permission WHERE id in ( ? , ? , ? , ? )
2026-06-11 22:06:18.520 [http-nio-8080-exec-5] [88c88442] [1] DEBUG c.y.m.u.m.S.selectList - ==> Parameters: 101(Long), 106(Long), 113(Long), 117(Long)
2026-06-11 22:06:18.520 [http-nio-8080-exec-5] [88c88442] [1] DEBUG c.y.m.u.m.S.selectList - <==      Total: 4
2026-06-11 22:06:18.521 [http-nio-8080-exec-5] [88c88442] [1] INFO  c.y.common.aop.ControllerLogAspect - 接口开始: uri=/yq-admin/api/sysRole, httpMethod=GET, controller=SysRoleController#pageRole, args=[{"name":"req","value":{"pageNum":1,"pageSize":10}}]
2026-06-11 22:06:18.524 [http-nio-8080-exec-5] [88c88442] [1] DEBUG c.y.m.u.m.S.selectPage_COUNT - ==>  Preparing: SELECT count(0) FROM sys_role
2026-06-11 22:06:18.524 [http-nio-8080-exec-5] [88c88442] [1] DEBUG c.y.m.u.m.S.selectPage_COUNT - ==> Parameters: 
2026-06-11 22:06:18.525 [http-nio-8080-exec-5] [88c88442] [1] DEBUG c.y.m.u.m.S.selectPage_COUNT - <==      Total: 1
2026-06-11 22:06:18.525 [http-nio-8080-exec-5] [88c88442] [1] DEBUG c.y.m.u.m.SysRoleMapper.selectPage - ==>  Preparing: select id, role_code, role_name, description, status, created_at, updated_at from sys_role order by id desc LIMIT ?
2026-06-11 22:06:18.525 [http-nio-8080-exec-5] [88c88442] [1] DEBUG c.y.m.u.m.SysRoleMapper.selectPage - ==> Parameters: 10(Integer)
2026-06-11 22:06:18.526 [http-nio-8080-exec-5] [88c88442] [1] DEBUG c.y.m.u.m.SysRoleMapper.selectPage - <==      Total: 3
2026-06-11 22:06:18.526 [http-nio-8080-exec-5] [88c88442] [1] INFO  c.y.common.aop.ControllerLogAspect - 接口结束: uri=/yq-admin/api/sysRole, controller=SysRoleController#pageRole, cost=5ms, result={"code":200,"message":"success","data":{"total":3,"pageNum":1,"pageSize":10,"records":[{"id":3,"roleCode":"head_teacher","roleName":"班主任","description":"班主任","status":"ACTIVE","createdAt":"Sat Apr 11 17:06:26 CST 2026"},{"id":2,"roleCode":"teacher","roleName":"讲师","status":"ACTIVE","createdAt":"Thu Apr 09 21:28:05 CST 2026"},{"id":1,"roleCode":"SUPER_ADMIN","roleName":"超级管理员","description":"拥有全部后台权限","status":"ACTIVE","createdAt":"Thu Apr 09 20:50:38 CST 2026"}]}}
2026-06-11 22:06:18.911 [http-nio-8080-exec-6] [f31f8d17] [1] DEBUG c.y.m.u.m.SysUserMapper.selectById - ==>  Preparing: select id, username, password, nickname, real_name, phone, email, union_id, status, created_at, updated_at from sys_user where id = ?
2026-06-11 22:06:18.911 [http-nio-8080-exec-6] [f31f8d17] [1] DEBUG c.y.m.u.m.SysUserMapper.selectById - ==> Parameters: 1(Long)
2026-06-11 22:06:18.912 [http-nio-8080-exec-6] [f31f8d17] [1] DEBUG c.y.m.u.m.SysUserMapper.selectById - <==      Total: 1
2026-06-11 22:06:18.912 [http-nio-8080-exec-6] [f31f8d17] [1] DEBUG c.y.m.u.m.S.selectRoleIdsByUserId - ==>  Preparing: select role_id from sys_user_role where user_id = ? order by role_id asc
2026-06-11 22:06:18.912 [http-nio-8080-exec-6] [f31f8d17] [1] DEBUG c.y.m.u.m.S.selectRoleIdsByUserId - ==> Parameters: 1(Long)
2026-06-11 22:06:18.913 [http-nio-8080-exec-6] [f31f8d17] [1] DEBUG c.y.m.u.m.S.selectRoleIdsByUserId - <==      Total: 1
2026-06-11 22:06:18.913 [http-nio-8080-exec-6] [f31f8d17] [1] DEBUG c.y.m.u.m.SysRoleMapper.selectList - ==>  Preparing: select id, role_code, role_name, description, status, created_at, updated_at from sys_role WHERE id in ( ? )
2026-06-11 22:06:18.913 [http-nio-8080-exec-6] [f31f8d17] [1] DEBUG c.y.m.u.m.SysRoleMapper.selectList - ==> Parameters: 1(Long)
2026-06-11 22:06:18.913 [http-nio-8080-exec-6] [f31f8d17] [1] DEBUG c.y.m.u.m.SysRoleMapper.selectList - <==      Total: 1
2026-06-11 22:06:18.913 [http-nio-8080-exec-6] [f31f8d17] [1] DEBUG c.y.m.u.m.S.selectPermissionIdsByRoleId - ==>  Preparing: select permission_id from sys_role_permission where role_id in ( ? ) order by permission_id asc
2026-06-11 22:06:18.913 [http-nio-8080-exec-6] [f31f8d17] [1] DEBUG c.y.m.u.m.S.selectPermissionIdsByRoleId - ==> Parameters: 1(Long)
2026-06-11 22:06:18.913 [http-nio-8080-exec-6] [f31f8d17] [1] DEBUG c.y.m.u.m.S.selectPermissionIdsByRoleId - <==      Total: 4
2026-06-11 22:06:18.913 [http-nio-8080-exec-6] [f31f8d17] [1] DEBUG c.y.m.u.m.S.selectList - ==>  Preparing: select id, parent_id, permission_code, permission_name, permission_type, api_path, sort_num, description, status, created_at, updated_at from sys_permission WHERE id in ( ? , ? , ? , ? )
2026-06-11 22:06:18.913 [http-nio-8080-exec-6] [f31f8d17] [1] DEBUG c.y.m.u.m.S.selectList - ==> Parameters: 101(Long), 106(Long), 113(Long), 117(Long)
2026-06-11 22:06:18.914 [http-nio-8080-exec-6] [f31f8d17] [1] DEBUG c.y.m.u.m.S.selectList - <==      Total: 4
2026-06-11 22:06:18.915 [http-nio-8080-exec-6] [f31f8d17] [1] INFO  c.y.common.aop.ControllerLogAspect - 接口开始: uri=/yq-admin/api/sysPermission, httpMethod=GET, controller=SysPermissionController#pagePermission, args=[{"name":"req","value":{"pageNum":1,"pageSize":1000}}]
2026-06-11 22:06:18.921 [http-nio-8080-exec-6] [f31f8d17] [1] DEBUG c.y.m.u.m.S.selectPage_COUNT - ==>  Preparing: SELECT count(0) FROM sys_permission
2026-06-11 22:06:18.921 [http-nio-8080-exec-6] [f31f8d17] [1] DEBUG c.y.m.u.m.S.selectPage_COUNT - ==> Parameters: 
2026-06-11 22:06:18.922 [http-nio-8080-exec-6] [f31f8d17] [1] DEBUG c.y.m.u.m.S.selectPage_COUNT - <==      Total: 1
2026-06-11 22:06:18.922 [http-nio-8080-exec-6] [f31f8d17] [1] DEBUG c.y.m.u.m.S.selectPage - ==>  Preparing: select id, parent_id, permission_code, permission_name, permission_type, api_path, sort_num, description, status, created_at, updated_at from sys_permission order by sort_num asc, id desc LIMIT ?
2026-06-11 22:06:18.922 [http-nio-8080-exec-6] [f31f8d17] [1] DEBUG c.y.m.u.m.S.selectPage - ==> Parameters: 1000(Integer)
2026-06-11 22:06:18.924 [http-nio-8080-exec-6] [f31f8d17] [1] DEBUG c.y.m.u.m.S.selectPage - <==      Total: 177
2026-06-11 22:06:18.927 [http-nio-8080-exec-6] [f31f8d17] [1] INFO  c.y.common.aop.ControllerLogAspect - 接口结束: uri=/yq-admin/api/sysPermission, controller=SysPermissionController#pagePermission, cost=11ms, result={"code":200,"message":"success","data":{"total":177,"pageNum":1,"pageSize":1000,"records":[{"id":287,"parentId":286,"permissionName":"面试复盘上传音频按钮","permissionType":"BUTTON","permissionCode":"button:interview-review:upload","sortNum":1,"status":"1","description":"面试复盘页面的上传音频按钮","createdAt":"Wed May 20 22:13:56 CST 2026"},{"id":272,"parentId":271,"permissionName":"自媒体生成选题按钮","permissionType":"BUTTON","permissionCode":"button:media-agent:generate-topics","sortNum":1,"status":"1","description":"自媒体创作页面的生成选题按钮","createdAt":"Sat May 09 16:32:32 CST 2026"},{"id":268,"parentId":267,"permissionName":"数据分析执行按钮","permissionType":"BUTTON","permissionCode":"button:data-analysis:analyze","sortNum":1,"status":"1","description":"数据分析页面的开始分析按钮","createdAt":"Fri May 08 16:42:19 CST 2026"},{"id":249,"parentId":121,"permissionName":"发布作业按钮","permissionType":"BUTTON","permissionCode":"button:homework:create","sortNum":1,"status":"1","description":"作业管理页面的发布作业按钮","createdAt":"Wed Apr 22 16:21:14 CST 2026"},{"id":247,"parentId":118,"permissionName":"学生绑定权限模板按钮","permissionType":"BUTTON","permissionCode":"button:student:bind-permission-template","sortNum":1,"status":"1","description":"学生管理页面的绑定权限模板按钮","createdAt":"Wed Apr 22 14:20:45 CST 2026"},{"id":243,"parentId":119,"permissionName":"学员权限模板新增按钮","permissionType":"BUTTON","permissionCode":"button:student-permission-template:create","sortNum":1,"status":"1","description":"学员权限模板页面的新增按钮","createdAt":"Mon Apr 20 00:05:46 CST 2026"},{"id":240,"parentId":115,"permissionName":"订单新增按钮","permissionType":"BUTTON","permissionCode":"button:order:create","sortNum":1,"status":"1","description":"订单管理页面的新增按钮","createdAt":"Sun Apr 12 23:10:59 CST 2026"},{"id":237,"parentId":114,"permissionName":"产品新增按钮","permissionType":"BUTTON","permissionCode":"button:product:create","sortNum":1,"status":"1","description":"产品管理页面的新增按钮","createdAt":"Sun Apr 12 14:19:04 CST 2026"},{"id":235,"parentId":112,"permissionName":"值班查看按钮","permissionType":"BUTTON","permissionCode":"button:duty:view","sortNum":1,"status":"1","description":"值班管理页面的查看按钮","createdAt":"Sun Apr 12 13:11:55 CST 2026"},{"id":234,"parentId":111,"permissionName":"老师课表查看按钮","permissionType":"BUTTON","permissionCode":"button:teacher-schedule:view","sortNum":1,"status":"1","description":"老师课表页面的查看按钮","createdAt":"Sun Apr 12 03:21:07 CST 2026"},{"id":231,"parentId":110,"permissionName":"课表查看按钮","permissionType":"BUTTON","permissionCode":"button:schedule:view","sortNum":1,"status":"1","description":"课表管理页面的查看按钮","createdAt":"Sat Apr 11 19:46:45 CST 2026"},{"id":227,"parentId":109,"permissionName":"班级新增按钮","permissionType":"BUTTON","permissionCode":"button:class:create","sortNum":1,"status":"1","description":"班级管理页面的新增按钮","createdAt":"Sat Apr 11 17:05:40 CST 2026"},{"id":218,"parentId":108,"permissionName":"课程新增按钮","permissionType":"BUTTON","permissionCode":"button:course:create","sortNum":1,"status":"1","description":"课程管理页面的新增按钮","createdAt":"Sat Apr 11 16:02:19 CST 2026"},{"id":215,"parentId":107,"permissionName":"校区新增按钮","permissionType":"BUTTON","permissionCode":"button:campus:create","sortNum":1,"status":"1","description":"校区管理页面的新增按钮","createdAt":"Sat Apr 11 15:49:16 CST 2026"},{"id":212,"parentId":105,"permissionName":"系统参数新增按钮","permissionType":"BUTTON","permissionCode":"button:config:create","sortNum":1,"status":"1","description":"系统参数页面的新增配置按钮","createdAt":"Fri Apr 10 20:08:09 CST 2026"},{"id":209,"parentId":104,"permissionName":"权限新增按钮","permissionType":"BUTTON","permissionCode":"button:permission:create","sortNum":1,"status":"1","description":"权限管理页面的新增权限按钮","createdAt":"Thu Apr 09 21:22:28 CST 2026"},{"id":205,"parentId":103,"permissionName":"角色新增按钮","permissionType":"BUTTON","permissionCode":"button:role:create","sortNum":1,"status":"1","description":"角色管理页面的新增角色按钮","createdAt":"Thu Apr 09 21:22:28 CST 2026"},{"id":201,"parentId":102,"permissionName":"用户新增按钮","permissionType":"BUTTON","permissionCode":"button:user:create","sortNum":1,"status":"ACTIVE","desc...(truncated)
2026-06-11 22:06:19.632 [http-nio-8080-exec-7] [e88b7781] [1] DEBUG c.y.m.u.m.SysUserMapper.selectById - ==>  Preparing: select id, username, password, nickname, real_name, phone, email, union_id, status, created_at, updated_at from sys_user where id = ?
2026-06-11 22:06:19.632 [http-nio-8080-exec-7] [e88b7781] [1] DEBUG c.y.m.u.m.SysUserMapper.selectById - ==> Parameters: 1(Long)
2026-06-11 22:06:19.632 [http-nio-8080-exec-7] [e88b7781] [1] DEBUG c.y.m.u.m.SysUserMapper.selectById - <==      Total: 1
2026-06-11 22:06:19.633 [http-nio-8080-exec-7] [e88b7781] [1] DEBUG c.y.m.u.m.S.selectRoleIdsByUserId - ==>  Preparing: select role_id from sys_user_role where user_id = ? order by role_id asc
2026-06-11 22:06:19.633 [http-nio-8080-exec-7] [e88b7781] [1] DEBUG c.y.m.u.m.S.selectRoleIdsByUserId - ==> Parameters: 1(Long)
2026-06-11 22:06:19.633 [http-nio-8080-exec-7] [e88b7781] [1] DEBUG c.y.m.u.m.S.selectRoleIdsByUserId - <==      Total: 1
2026-06-11 22:06:19.634 [http-nio-8080-exec-7] [e88b7781] [1] DEBUG c.y.m.u.m.SysRoleMapper.selectList - ==>  Preparing: select id, role_code, role_name, description, status, created_at, updated_at from sys_role WHERE id in ( ? )
2026-06-11 22:06:19.634 [http-nio-8080-exec-7] [e88b7781] [1] DEBUG c.y.m.u.m.SysRoleMapper.selectList - ==> Parameters: 1(Long)
2026-06-11 22:06:19.634 [http-nio-8080-exec-7] [e88b7781] [1] DEBUG c.y.m.u.m.SysRoleMapper.selectList - <==      Total: 1
2026-06-11 22:06:19.634 [http-nio-8080-exec-7] [e88b7781] [1] DEBUG c.y.m.u.m.S.selectPermissionIdsByRoleId - ==>  Preparing: select permission_id from sys_role_permission where role_id in ( ? ) order by permission_id asc
2026-06-11 22:06:19.634 [http-nio-8080-exec-7] [e88b7781] [1] DEBUG c.y.m.u.m.S.selectPermissionIdsByRoleId - ==> Parameters: 1(Long)
2026-06-11 22:06:19.635 [http-nio-8080-exec-7] [e88b7781] [1] DEBUG c.y.m.u.m.S.selectPermissionIdsByRoleId - <==      Total: 4
2026-06-11 22:06:19.635 [http-nio-8080-exec-7] [e88b7781] [1] DEBUG c.y.m.u.m.S.selectList - ==>  Preparing: select id, parent_id, permission_code, permission_name, permission_type, api_path, sort_num, description, status, created_at, updated_at from sys_permission WHERE id in ( ? , ? , ? , ? )
2026-06-11 22:06:19.635 [http-nio-8080-exec-7] [e88b7781] [1] DEBUG c.y.m.u.m.S.selectList - ==> Parameters: 101(Long), 106(Long), 113(Long), 117(Long)
2026-06-11 22:06:19.635 [http-nio-8080-exec-7] [e88b7781] [1] DEBUG c.y.m.u.m.S.selectList - <==      Total: 4
2026-06-11 22:06:19.636 [http-nio-8080-exec-7] [e88b7781] [1] INFO  c.y.common.aop.ControllerLogAspect - 接口开始: uri=/yq-admin/api/eduClass, httpMethod=GET, controller=EduClassController#pageClass, args=[{"name":"req","value":{"pageNum":1,"pageSize":10}}]
2026-06-11 22:06:19.640 [http-nio-8080-exec-7] [e88b7781] [1] DEBUG c.y.m.e.m.E.selectPage_COUNT - ==>  Preparing: SELECT count(0) FROM edu_class
2026-06-11 22:06:19.640 [http-nio-8080-exec-7] [e88b7781] [1] DEBUG c.y.m.e.m.E.selectPage_COUNT - ==> Parameters: 
2026-06-11 22:06:19.641 [http-nio-8080-exec-7] [e88b7781] [1] DEBUG c.y.m.e.m.E.selectPage_COUNT - <==      Total: 1
2026-06-11 22:06:19.641 [http-nio-8080-exec-7] [e88b7781] [1] DEBUG c.y.m.e.m.EduClassMapper.selectPage - ==>  Preparing: select id, class_term, campus_id, head_teacher_id, class_status, start_time, course_id, student_count, created_at, updated_at from edu_class order by id desc LIMIT ?
2026-06-11 22:06:19.641 [http-nio-8080-exec-7] [e88b7781] [1] DEBUG c.y.m.e.m.EduClassMapper.selectPage - ==> Parameters: 10(Integer)
2026-06-11 22:06:19.641 [http-nio-8080-exec-7] [e88b7781] [1] DEBUG c.y.m.e.m.EduClassMapper.selectPage - <==      Total: 3
2026-06-11 22:06:19.642 [http-nio-8080-exec-7] [e88b7781] [1] INFO  c.y.common.aop.ControllerLogAspect - 接口结束: uri=/yq-admin/api/eduClass, controller=EduClassController#pageClass, cost=5ms, result={"code":200,"message":"success","data":{"total":3,"pageNum":1,"pageSize":10,"records":[{"id":3,"classTerm":3,"campusId":1,"headTeacherId":3,"classStatus":"WAITING","startTime":"Thu Apr 16 00:00:00 CST 2026","courseId":1,"studentCount":0,"createdAt":"Mon Apr 13 20:34:39 CST 2026"},{"id":2,"classTerm":2,"campusId":1,"headTeacherId":3,"classStatus":"WAITING","startTime":"Mon Apr 13 00:00:00 CST 2026","courseId":1,"studentCount":0,"createdAt":"Mon Apr 13 20:15:52 CST 2026"},{"id":1,"classTerm":1,"campusId":1,"headTeacherId":3,"classStatus":"WAITING","startTime":"Mon Apr 13 00:00:00 CST 2026","courseId":1,"studentCount":0,"createdAt":"Sat Apr 11 17:09:28 CST 2026"}]}}
2026-06-11 22:06:19.991 [http-nio-8080-exec-8] [857c71a6] [1] DEBUG c.y.m.u.m.SysUserMapper.selectById - ==>  Preparing: select id, username, password, nickname, real_name, phone, email, union_id, status, created_at, updated_at from sys_user where id = ?
2026-06-11 22:06:19.991 [http-nio-8080-exec-8] [857c71a6] [1] DEBUG c.y.m.u.m.SysUserMapper.selectById - ==> Parameters: 1(Long)
2026-06-11 22:06:19.992 [http-nio-8080-exec-8] [857c71a6] [1] DEBUG c.y.m.u.m.SysUserMapper.selectById - <==      Total: 1
2026-06-11 22:06:19.992 [http-nio-8080-exec-8] [857c71a6] [1] DEBUG c.y.m.u.m.S.selectRoleIdsByUserId - ==>  Preparing: select role_id from sys_user_role where user_id = ? order by role_id asc
2026-06-11 22:06:19.992 [http-nio-8080-exec-8] [857c71a6] [1] DEBUG c.y.m.u.m.S.selectRoleIdsByUserId - ==> Parameters: 1(Long)
2026-06-11 22:06:19.992 [http-nio-8080-exec-8] [857c71a6] [1] DEBUG c.y.m.u.m.S.selectRoleIdsByUserId - <==      Total: 1
2026-06-11 22:06:19.992 [http-nio-8080-exec-8] [857c71a6] [1] DEBUG c.y.m.u.m.SysRoleMapper.selectList - ==>  Preparing: select id, role_code, role_name, description, status, created_at, updated_at from sys_role WHERE id in ( ? )
2026-06-11 22:06:19.992 [http-nio-8080-exec-8] [857c71a6] [1] DEBUG c.y.m.u.m.SysRoleMapper.selectList - ==> Parameters: 1(Long)
2026-06-11 22:06:19.992 [http-nio-8080-exec-8] [857c71a6] [1] DEBUG c.y.m.u.m.SysRoleMapper.selectList - <==      Total: 1
2026-06-11 22:06:19.992 [http-nio-8080-exec-8] [857c71a6] [1] DEBUG c.y.m.u.m.S.selectPermissionIdsByRoleId - ==>  Preparing: select permission_id from sys_role_permission where role_id in ( ? ) order by permission_id asc
2026-06-11 22:06:19.993 [http-nio-8080-exec-8] [857c71a6] [1] DEBUG c.y.m.u.m.S.selectPermissionIdsByRoleId - ==> Parameters: 1(Long)
2026-06-11 22:06:19.993 [http-nio-8080-exec-8] [857c71a6] [1] DEBUG c.y.m.u.m.S.selectPermissionIdsByRoleId - <==      Total: 4
2026-06-11 22:06:19.993 [http-nio-8080-exec-8] [857c71a6] [1] DEBUG c.y.m.u.m.S.selectList - ==>  Preparing: select id, parent_id, permission_code, permission_name, permission_type, api_path, sort_num, description, status, created_at, updated_at from sys_permission WHERE id in ( ? , ? , ? , ? )
2026-06-11 22:06:19.993 [http-nio-8080-exec-8] [857c71a6] [1] DEBUG c.y.m.u.m.S.selectList - ==> Parameters: 101(Long), 106(Long), 113(Long), 117(Long)
2026-06-11 22:06:19.993 [http-nio-8080-exec-8] [857c71a6] [1] DEBUG c.y.m.u.m.S.selectList - <==      Total: 4
2026-06-11 22:06:19.994 [http-nio-8080-exec-8] [857c71a6] [1] INFO  c.y.common.aop.ControllerLogAspect - 接口开始: uri=/yq-admin/api/eduCampus, httpMethod=GET, controller=EduCampusController#pageCampus, args=[{"name":"req","value":{"pageNum":1,"pageSize":10}}]
2026-06-11 22:06:19.997 [http-nio-8080-exec-8] [857c71a6] [1] DEBUG c.y.m.e.m.E.selectPage_COUNT - ==>  Preparing: SELECT count(0) FROM edu_campus
2026-06-11 22:06:19.997 [http-nio-8080-exec-8] [857c71a6] [1] DEBUG c.y.m.e.m.E.selectPage_COUNT - ==> Parameters: 
2026-06-11 22:06:19.998 [http-nio-8080-exec-8] [857c71a6] [1] DEBUG c.y.m.e.m.E.selectPage_COUNT - <==      Total: 1
2026-06-11 22:06:19.998 [http-nio-8080-exec-8] [857c71a6] [1] DEBUG c.y.m.e.m.EduCampusMapper.selectPage - ==>  Preparing: select id, campus_name, principal_user_id, address, contact_phone, remark, status, created_at, updated_at from edu_campus order by id desc LIMIT ?
2026-06-11 22:06:19.998 [http-nio-8080-exec-8] [857c71a6] [1] DEBUG c.y.m.e.m.EduCampusMapper.selectPage - ==> Parameters: 10(Integer)
2026-06-11 22:06:19.998 [http-nio-8080-exec-8] [857c71a6] [1] DEBUG c.y.m.e.m.EduCampusMapper.selectPage - <==      Total: 1
2026-06-11 22:06:19.998 [http-nio-8080-exec-8] [857c71a6] [1] INFO  c.y.common.aop.ControllerLogAspect - 接口结束: uri=/yq-admin/api/eduCampus, controller=EduCampusController#pageCampus, cost=4ms, result={"code":200,"message":"success","data":{"total":1,"pageNum":1,"pageSize":10,"records":[{"id":1,"campusName":"杭州校区","principalUserId":2,"address":"杭州市余杭区","contactPhone":"13549684561","status":1,"createdAt":"Sat Apr 11 15:51:21 CST 2026","updatedAt":"Sat Apr 11 15:51:21 CST 2026"}]}}
2026-06-11 22:06:20.425 [http-nio-8080-exec-9] [3374abfd] [1] DEBUG c.y.m.u.m.SysUserMapper.selectById - ==>  Preparing: select id, username, password, nickname, real_name, phone, email, union_id, status, created_at, updated_at from sys_user where id = ?
2026-06-11 22:06:20.425 [http-nio-8080-exec-9] [3374abfd] [1] DEBUG c.y.m.u.m.SysUserMapper.selectById - ==> Parameters: 1(Long)
2026-06-11 22:06:20.427 [http-nio-8080-exec-9] [3374abfd] [1] DEBUG c.y.m.u.m.SysUserMapper.selectById - <==      Total: 1
2026-06-11 22:06:20.427 [http-nio-8080-exec-9] [3374abfd] [1] DEBUG c.y.m.u.m.S.selectRoleIdsByUserId - ==>  Preparing: select role_id from sys_user_role where user_id = ? order by role_id asc
2026-06-11 22:06:20.427 [http-nio-8080-exec-9] [3374abfd] [1] DEBUG c.y.m.u.m.S.selectRoleIdsByUserId - ==> Parameters: 1(Long)
2026-06-11 22:06:20.427 [http-nio-8080-exec-9] [3374abfd] [1] DEBUG c.y.m.u.m.S.selectRoleIdsByUserId - <==      Total: 1
2026-06-11 22:06:20.428 [http-nio-8080-exec-9] [3374abfd] [1] DEBUG c.y.m.u.m.SysRoleMapper.selectList - ==>  Preparing: select id, role_code, role_name, description, status, created_at, updated_at from sys_role WHERE id in ( ? )
2026-06-11 22:06:20.428 [http-nio-8080-exec-9] [3374abfd] [1] DEBUG c.y.m.u.m.SysRoleMapper.selectList - ==> Parameters: 1(Long)
2026-06-11 22:06:20.428 [http-nio-8080-exec-9] [3374abfd] [1] DEBUG c.y.m.u.m.SysRoleMapper.selectList - <==      Total: 1
2026-06-11 22:06:20.428 [http-nio-8080-exec-9] [3374abfd] [1] DEBUG c.y.m.u.m.S.selectPermissionIdsByRoleId - ==>  Preparing: select permission_id from sys_role_permission where role_id in ( ? ) order by permission_id asc
2026-06-11 22:06:20.428 [http-nio-8080-exec-9] [3374abfd] [1] DEBUG c.y.m.u.m.S.selectPermissionIdsByRoleId - ==> Parameters: 1(Long)
2026-06-11 22:06:20.428 [http-nio-8080-exec-9] [3374abfd] [1] DEBUG c.y.m.u.m.S.selectPermissionIdsByRoleId - <==      Total: 4
2026-06-11 22:06:20.428 [http-nio-8080-exec-9] [3374abfd] [1] DEBUG c.y.m.u.m.S.selectList - ==>  Preparing: select id, parent_id, permission_code, permission_name, permission_type, api_path, sort_num, description, status, created_at, updated_at from sys_permission WHERE id in ( ? , ? , ? , ? )
2026-06-11 22:06:20.428 [http-nio-8080-exec-9] [3374abfd] [1] DEBUG c.y.m.u.m.S.selectList - ==> Parameters: 101(Long), 106(Long), 113(Long), 117(Long)
2026-06-11 22:06:20.429 [http-nio-8080-exec-9] [3374abfd] [1] DEBUG c.y.m.u.m.S.selectList - <==      Total: 4
2026-06-11 22:06:20.429 [http-nio-8080-exec-9] [3374abfd] [1] INFO  c.y.common.aop.ControllerLogAspect - 接口开始: uri=/yq-admin/api/eduStudent, httpMethod=GET, controller=EduStudentController#pageStudent, args=[{"name":"req","value":{"pageNum":1,"pageSize":10}}]
2026-06-11 22:06:20.433 [http-nio-8080-exec-9] [3374abfd] [1] DEBUG c.y.m.e.m.E.selectPage_COUNT - ==>  Preparing: SELECT count(0) FROM edu_student
2026-06-11 22:06:20.433 [http-nio-8080-exec-9] [3374abfd] [1] DEBUG c.y.m.e.m.E.selectPage_COUNT - ==> Parameters: 
2026-06-11 22:06:20.434 [http-nio-8080-exec-9] [3374abfd] [1] DEBUG c.y.m.e.m.E.selectPage_COUNT - <==      Total: 1
2026-06-11 22:06:20.435 [http-nio-8080-exec-9] [3374abfd] [1] DEBUG c.y.m.e.m.E.selectPage - ==>  Preparing: select id, student_code, student_name, phone, graduation_session, school, education, study_mode, class_id, product_id, join_time, created_at, updated_at from edu_student order by id desc LIMIT ?
2026-06-11 22:06:20.435 [http-nio-8080-exec-9] [3374abfd] [1] DEBUG c.y.m.e.m.E.selectPage - ==> Parameters: 10(Integer)
2026-06-11 22:06:20.435 [http-nio-8080-exec-9] [3374abfd] [1] DEBUG c.y.m.e.m.E.selectPage - <==      Total: 10
2026-06-11 22:06:20.436 [http-nio-8080-exec-9] [3374abfd] [1] INFO  c.y.common.aop.ControllerLogAspect - 接口结束: uri=/yq-admin/api/eduStudent, controller=EduStudentController#pageStudent, cost=6ms, result={"code":200,"message":"success","data":{"total":10,"pageNum":1,"pageSize":10,"records":[{"id":10,"studentCode":"XS20260527544261","studentName":"赵九","phone":"13273576020","graduationSession":2026,"school":"湖南师范大学","education":"硕士","studyMode":"ONLINE","productId":3,"joinTime":"Wed May 27 21:32:06 CST 2026","createdAt":"Wed May 27 21:32:23 CST 2026","updatedAt":"Wed May 27 21:32:23 CST 2026"},{"id":9,"studentCode":"XS20260526215429","studentName":"赵六","phone":"13762922580","graduationSession":2026,"school":"湖南师范大学","education":"硕士","studyMode":"ONLINE","productId":3,"joinTime":"Tue May 26 17:18:07 CST 2026","createdAt":"Tue May 26 17:18:15 CST 2026","updatedAt":"Tue May 26 17:18:15 CST 2026"},{"id":8,"studentCode":"XS20260514684479","studentName":"哈哈","phone":"13273576029","graduationSession":2026,"school":"湖南师范大学","education":"本科","studyMode":"OFFLINE","classId":2,"productId":1,"joinTime":"Thu May 14 17:45:03 CST 2026","createdAt":"Thu May 14 17:45:10 CST 2026","updatedAt":"Thu May 14 17:45:10 CST 2026"},{"id":7,"studentCode":"XS20260429790522","studentName":"王六","phone":"13273576027","graduationSession":2026,"school":"湖南师范大学","education":"博士","studyMode":"ONLINE","productId":2,"joinTime":"Wed Apr 29 22:59:06 CST 2026","createdAt":"Wed Apr 29 22:59:15 CST 2026","updatedAt":"Wed Apr 29 22:59:15 CST 2026"},{"id":6,"studentCode":"XS20260417641291","studentName":"赵六","phone":"15118191034","graduationSession":2026,"school":"洪江一中","education":"本科","studyMode":"OFFLINE","classId":3,"productId":1,"joinTime":"Fri Apr 17 22:25:31 CST 2026","createdAt":"Fri Apr 17 22:25:50 CST 2026","updatedAt":"Fri Apr 17 22:25:50 CST 2026"},{"id":5,"studentCode":"XS20260417193131","studentName":"黄某","phone":"15118191031","graduationSession":2026,"school":"洪江一中","education":"本科","studyMode":"OFFLINE","classId":1,"productId":1,"joinTime":"Fri Apr 17 15:09:40 CST 2026","createdAt":"Fri Apr 17 15:10:18 CST 2026","updatedAt":"Fri Apr 17 15:10:18 CST 2026"},{"id":4,"studentCode":"XS20260416122330","studentName":"黄某","phone":"13273576024","graduationSession":2026,"school":"洪江一中","education":"大专","studyMode":"OFFLINE","classId":1,"productId":1,"joinTime":"Thu Apr 16 22:41:38 CST 2026","createdAt":"Thu Apr 16 22:42:25 CST 2026","updatedAt":"Thu Apr 16 22:42:25 CST 2026"},{"id":3,"studentCode":"XS20260416572329","studentName":"向某","phone":"13273576023","graduationSession":2026,"school":"洪江一中","education":"本科","studyMode":"OFFLINE","classId":2,"productId":1,"joinTime":"Thu Apr 16 22:28:40 CST 2026","createdAt":"Thu Apr 16 22:34:48 CST 2026","updatedAt":"Thu Apr 16 22:34:48 CST 2026"},{"id":2,"studentCode":"XS20260416896906","studentName":"王王","phone":"15118191032","graduationSession":2026,"school":"湖南师范大学","education":"大专","studyMode":"OFFLINE","classId":2,"productId":1,"joinTime":"Thu Apr 16 17:55:46 CST 2026","createdAt":"Thu Apr 16 18:01:02 CST 2026","updatedAt":"Thu Apr 16 18:01:02 CST 2026"},{"id":1,"studentCode":"XS20260416496798","studentName":"赵家","phone":"13273672819","graduationSession":2026,"school":"湖南师范大学","education":"本科","studyMode":"OFFLINE","classId":1,"productId":1,"joinTime":"Thu Apr 16 17:52:36 CST 2026","createdAt":"Thu Apr 16 17:53:12 CST 2026","updatedAt":"Thu Apr 16 17:53:12 CST 2026"}]}}
2026-06-11 22:06:40.057 [http-nio-8080-exec-10] [e316fb56] [1] DEBUG c.y.m.u.m.SysUserMapper.selectById - ==>  Preparing: select id, username, password, nickname, real_name, phone, email, union_id, status, created_at, updated_at from sys_user where id = ?
2026-06-11 22:06:40.057 [http-nio-8080-exec-10] [e316fb56] [1] DEBUG c.y.m.u.m.SysUserMapper.selectById - ==> Parameters: 1(Long)
2026-06-11 22:06:40.057 [http-nio-8080-exec-10] [e316fb56] [1] DEBUG c.y.m.u.m.SysUserMapper.selectById - <==      Total: 1
2026-06-11 22:06:40.058 [http-nio-8080-exec-10] [e316fb56] [1] DEBUG c.y.m.u.m.S.selectRoleIdsByUserId - ==>  Preparing: select role_id from sys_user_role where user_id = ? order by role_id asc
2026-06-11 22:06:40.058 [http-nio-8080-exec-10] [e316fb56] [1] DEBUG c.y.m.u.m.S.selectRoleIdsByUserId - ==> Parameters: 1(Long)
2026-06-11 22:06:40.058 [http-nio-8080-exec-10] [e316fb56] [1] DEBUG c.y.m.u.m.S.selectRoleIdsByUserId - <==      Total: 1
2026-06-11 22:06:40.058 [http-nio-8080-exec-10] [e316fb56] [1] DEBUG c.y.m.u.m.SysRoleMapper.selectList - ==>  Preparing: select id, role_code, role_name, description, status, created_at, updated_at from sys_role WHERE id in ( ? )
2026-06-11 22:06:40.058 [http-nio-8080-exec-10] [e316fb56] [1] DEBUG c.y.m.u.m.SysRoleMapper.selectList - ==> Parameters: 1(Long)
2026-06-11 22:06:40.058 [http-nio-8080-exec-10] [e316fb56] [1] DEBUG c.y.m.u.m.SysRoleMapper.selectList - <==      Total: 1
2026-06-11 22:06:40.058 [http-nio-8080-exec-10] [e316fb56] [1] DEBUG c.y.m.u.m.S.selectPermissionIdsByRoleId - ==>  Preparing: select permission_id from sys_role_permission where role_id in ( ? ) order by permission_id asc
2026-06-11 22:06:40.058 [http-nio-8080-exec-10] [e316fb56] [1] DEBUG c.y.m.u.m.S.selectPermissionIdsByRoleId - ==> Parameters: 1(Long)
2026-06-11 22:06:40.058 [http-nio-8080-exec-10] [e316fb56] [1] DEBUG c.y.m.u.m.S.selectPermissionIdsByRoleId - <==      Total: 4
2026-06-11 22:06:40.060 [http-nio-8080-exec-10] [e316fb56] [1] DEBUG c.y.m.u.m.S.selectList - ==>  Preparing: select id, parent_id, permission_code, permission_name, permission_type, api_path, sort_num, description, status, created_at, updated_at from sys_permission WHERE id in ( ? , ? , ? , ? )
2026-06-11 22:06:40.060 [http-nio-8080-exec-10] [e316fb56] [1] DEBUG c.y.m.u.m.S.selectList - ==> Parameters: 101(Long), 106(Long), 113(Long), 117(Long)
2026-06-11 22:06:40.060 [http-nio-8080-exec-10] [e316fb56] [1] DEBUG c.y.m.u.m.S.selectList - <==      Total: 4
2026-06-11 22:06:40.061 [http-nio-8080-exec-10] [e316fb56] [1] INFO  c.y.common.aop.ControllerLogAspect - 接口开始: uri=/yq-admin/api/eduCampus, httpMethod=GET, controller=EduCampusController#pageCampus, args=[{"name":"req","value":{"pageNum":1,"pageSize":10}}]
2026-06-11 22:06:40.065 [http-nio-8080-exec-10] [e316fb56] [1] DEBUG c.y.m.e.m.E.selectPage_COUNT - ==>  Preparing: SELECT count(0) FROM edu_campus
2026-06-11 22:06:40.065 [http-nio-8080-exec-10] [e316fb56] [1] DEBUG c.y.m.e.m.E.selectPage_COUNT - ==> Parameters: 
2026-06-11 22:06:40.066 [http-nio-8080-exec-10] [e316fb56] [1] DEBUG c.y.m.e.m.E.selectPage_COUNT - <==      Total: 1
2026-06-11 22:06:40.066 [http-nio-8080-exec-10] [e316fb56] [1] DEBUG c.y.m.e.m.EduCampusMapper.selectPage - ==>  Preparing: select id, campus_name, principal_user_id, address, contact_phone, remark, status, created_at, updated_at from edu_campus order by id desc LIMIT ?
2026-06-11 22:06:40.066 [http-nio-8080-exec-10] [e316fb56] [1] DEBUG c.y.m.e.m.EduCampusMapper.selectPage - ==> Parameters: 10(Integer)
2026-06-11 22:06:40.066 [http-nio-8080-exec-10] [e316fb56] [1] DEBUG c.y.m.e.m.EduCampusMapper.selectPage - <==      Total: 1
2026-06-11 22:06:40.066 [http-nio-8080-exec-10] [e316fb56] [1] INFO  c.y.common.aop.ControllerLogAspect - 接口结束: uri=/yq-admin/api/eduCampus, controller=EduCampusController#pageCampus, cost=5ms, result={"code":200,"message":"success","data":{"total":1,"pageNum":1,"pageSize":10,"records":[{"id":1,"campusName":"杭州校区","principalUserId":2,"address":"杭州市余杭区","contactPhone":"13549684561","status":1,"createdAt":"Sat Apr 11 15:51:21 CST 2026","updatedAt":"Sat Apr 11 15:51:21 CST 2026"}]}}
2026-06-11 22:06:40.960 [http-nio-8080-exec-1] [1dfc53c3] [1] DEBUG c.y.m.u.m.SysUserMapper.selectById - ==>  Preparing: select id, username, password, nickname, real_name, phone, email, union_id, status, created_at, updated_at from sys_user where id = ?
2026-06-11 22:06:40.960 [http-nio-8080-exec-1] [1dfc53c3] [1] DEBUG c.y.m.u.m.SysUserMapper.selectById - ==> Parameters: 1(Long)
2026-06-11 22:06:40.961 [http-nio-8080-exec-1] [1dfc53c3] [1] DEBUG c.y.m.u.m.SysUserMapper.selectById - <==      Total: 1
2026-06-11 22:06:40.961 [http-nio-8080-exec-1] [1dfc53c3] [1] DEBUG c.y.m.u.m.S.selectRoleIdsByUserId - ==>  Preparing: select role_id from sys_user_role where user_id = ? order by role_id asc
2026-06-11 22:06:40.961 [http-nio-8080-exec-1] [1dfc53c3] [1] DEBUG c.y.m.u.m.S.selectRoleIdsByUserId - ==> Parameters: 1(Long)
2026-06-11 22:06:40.962 [http-nio-8080-exec-1] [1dfc53c3] [1] DEBUG c.y.m.u.m.S.selectRoleIdsByUserId - <==      Total: 1
2026-06-11 22:06:40.962 [http-nio-8080-exec-1] [1dfc53c3] [1] DEBUG c.y.m.u.m.SysRoleMapper.selectList - ==>  Preparing: select id, role_code, role_name, description, status, created_at, updated_at from sys_role WHERE id in ( ? )
2026-06-11 22:06:40.962 [http-nio-8080-exec-1] [1dfc53c3] [1] DEBUG c.y.m.u.m.SysRoleMapper.selectList - ==> Parameters: 1(Long)
2026-06-11 22:06:40.962 [http-nio-8080-exec-1] [1dfc53c3] [1] DEBUG c.y.m.u.m.SysRoleMapper.selectList - <==      Total: 1
2026-06-11 22:06:40.962 [http-nio-8080-exec-1] [1dfc53c3] [1] DEBUG c.y.m.u.m.S.selectPermissionIdsByRoleId - ==>  Preparing: select permission_id from sys_role_permission where role_id in ( ? ) order by permission_id asc
2026-06-11 22:06:40.962 [http-nio-8080-exec-1] [1dfc53c3] [1] DEBUG c.y.m.u.m.S.selectPermissionIdsByRoleId - ==> Parameters: 1(Long)
2026-06-11 22:06:40.962 [http-nio-8080-exec-1] [1dfc53c3] [1] DEBUG c.y.m.u.m.S.selectPermissionIdsByRoleId - <==      Total: 4
2026-06-11 22:06:40.962 [http-nio-8080-exec-1] [1dfc53c3] [1] DEBUG c.y.m.u.m.S.selectList - ==>  Preparing: select id, parent_id, permission_code, permission_name, permission_type, api_path, sort_num, description, status, created_at, updated_at from sys_permission WHERE id in ( ? , ? , ? , ? )
2026-06-11 22:06:40.963 [http-nio-8080-exec-1] [1dfc53c3] [1] DEBUG c.y.m.u.m.S.selectList - ==> Parameters: 101(Long), 106(Long), 113(Long), 117(Long)
2026-06-11 22:06:40.963 [http-nio-8080-exec-1] [1dfc53c3] [1] DEBUG c.y.m.u.m.S.selectList - <==      Total: 4
2026-06-11 22:06:40.963 [http-nio-8080-exec-1] [1dfc53c3] [1] INFO  c.y.common.aop.ControllerLogAspect - 接口开始: uri=/yq-admin/api/eduClass, httpMethod=GET, controller=EduClassController#pageClass, args=[{"name":"req","value":{"pageNum":1,"pageSize":10}}]
2026-06-11 22:06:40.968 [http-nio-8080-exec-1] [1dfc53c3] [1] DEBUG c.y.m.e.m.E.selectPage_COUNT - ==>  Preparing: SELECT count(0) FROM edu_class
2026-06-11 22:06:40.968 [http-nio-8080-exec-1] [1dfc53c3] [1] DEBUG c.y.m.e.m.E.selectPage_COUNT - ==> Parameters: 
2026-06-11 22:06:40.969 [http-nio-8080-exec-1] [1dfc53c3] [1] DEBUG c.y.m.e.m.E.selectPage_COUNT - <==      Total: 1
2026-06-11 22:06:40.969 [http-nio-8080-exec-1] [1dfc53c3] [1] DEBUG c.y.m.e.m.EduClassMapper.selectPage - ==>  Preparing: select id, class_term, campus_id, head_teacher_id, class_status, start_time, course_id, student_count, created_at, updated_at from edu_class order by id desc LIMIT ?
2026-06-11 22:06:40.969 [http-nio-8080-exec-1] [1dfc53c3] [1] DEBUG c.y.m.e.m.EduClassMapper.selectPage - ==> Parameters: 10(Integer)
2026-06-11 22:06:40.969 [http-nio-8080-exec-1] [1dfc53c3] [1] DEBUG c.y.m.e.m.EduClassMapper.selectPage - <==      Total: 3
2026-06-11 22:06:40.969 [http-nio-8080-exec-1] [1dfc53c3] [1] INFO  c.y.common.aop.ControllerLogAspect - 接口结束: uri=/yq-admin/api/eduClass, controller=EduClassController#pageClass, cost=6ms, result={"code":200,"message":"success","data":{"total":3,"pageNum":1,"pageSize":10,"records":[{"id":3,"classTerm":3,"campusId":1,"headTeacherId":3,"classStatus":"WAITING","startTime":"Thu Apr 16 00:00:00 CST 2026","courseId":1,"studentCount":0,"createdAt":"Mon Apr 13 20:34:39 CST 2026"},{"id":2,"classTerm":2,"campusId":1,"headTeacherId":3,"classStatus":"WAITING","startTime":"Mon Apr 13 00:00:00 CST 2026","courseId":1,"studentCount":0,"createdAt":"Mon Apr 13 20:15:52 CST 2026"},{"id":1,"classTerm":1,"campusId":1,"headTeacherId":3,"classStatus":"WAITING","startTime":"Mon Apr 13 00:00:00 CST 2026","courseId":1,"studentCount":0,"createdAt":"Sat Apr 11 17:09:28 CST 2026"}]}}
2026-06-11 22:06:41.972 [http-nio-8080-exec-2] [a415198c] [1] DEBUG c.y.m.u.m.SysUserMapper.selectById - ==>  Preparing: select id, username, password, nickname, real_name, phone, email, union_id, status, created_at, updated_at from sys_user where id = ?
2026-06-11 22:06:41.972 [http-nio-8080-exec-2] [a415198c] [1] DEBUG c.y.m.u.m.SysUserMapper.selectById - ==> Parameters: 1(Long)
2026-06-11 22:06:41.972 [http-nio-8080-exec-2] [a415198c] [1] DEBUG c.y.m.u.m.SysUserMapper.selectById - <==      Total: 1
2026-06-11 22:06:41.972 [http-nio-8080-exec-2] [a415198c] [1] DEBUG c.y.m.u.m.S.selectRoleIdsByUserId - ==>  Preparing: select role_id from sys_user_role where user_id = ? order by role_id asc
2026-06-11 22:06:41.972 [http-nio-8080-exec-2] [a415198c] [1] DEBUG c.y.m.u.m.S.selectRoleIdsByUserId - ==> Parameters: 1(Long)
2026-06-11 22:06:41.973 [http-nio-8080-exec-2] [a415198c] [1] DEBUG c.y.m.u.m.S.selectRoleIdsByUserId - <==      Total: 1
2026-06-11 22:06:41.973 [http-nio-8080-exec-2] [a415198c] [1] DEBUG c.y.m.u.m.SysRoleMapper.selectList - ==>  Preparing: select id, role_code, role_name, description, status, created_at, updated_at from sys_role WHERE id in ( ? )
2026-06-11 22:06:41.973 [http-nio-8080-exec-2] [a415198c] [1] DEBUG c.y.m.u.m.SysRoleMapper.selectList - ==> Parameters: 1(Long)
2026-06-11 22:06:41.973 [http-nio-8080-exec-2] [a415198c] [1] DEBUG c.y.m.u.m.SysRoleMapper.selectList - <==      Total: 1
2026-06-11 22:06:41.973 [http-nio-8080-exec-2] [a415198c] [1] DEBUG c.y.m.u.m.S.selectPermissionIdsByRoleId - ==>  Preparing: select permission_id from sys_role_permission where role_id in ( ? ) order by permission_id asc
2026-06-11 22:06:41.973 [http-nio-8080-exec-2] [a415198c] [1] DEBUG c.y.m.u.m.S.selectPermissionIdsByRoleId - ==> Parameters: 1(Long)
2026-06-11 22:06:41.973 [http-nio-8080-exec-2] [a415198c] [1] DEBUG c.y.m.u.m.S.selectPermissionIdsByRoleId - <==      Total: 4
2026-06-11 22:06:41.973 [http-nio-8080-exec-2] [a415198c] [1] DEBUG c.y.m.u.m.S.selectList - ==>  Preparing: select id, parent_id, permission_code, permission_name, permission_type, api_path, sort_num, description, status, created_at, updated_at from sys_permission WHERE id in ( ? , ? , ? , ? )
2026-06-11 22:06:41.973 [http-nio-8080-exec-2] [a415198c] [1] DEBUG c.y.m.u.m.S.selectList - ==> Parameters: 101(Long), 106(Long), 113(Long), 117(Long)
2026-06-11 22:06:41.973 [http-nio-8080-exec-2] [a415198c] [1] DEBUG c.y.m.u.m.S.selectList - <==      Total: 4
2026-06-11 22:06:41.975 [http-nio-8080-exec-2] [a415198c] [1] INFO  c.y.common.aop.ControllerLogAspect - 接口开始: uri=/yq-admin/api/sysPermission, httpMethod=GET, controller=SysPermissionController#pagePermission, args=[{"name":"req","value":{"pageNum":1,"pageSize":1000}}]
2026-06-11 22:06:41.979 [http-nio-8080-exec-2] [a415198c] [1] DEBUG c.y.m.u.m.S.selectPage_COUNT - ==>  Preparing: SELECT count(0) FROM sys_permission
2026-06-11 22:06:41.979 [http-nio-8080-exec-2] [a415198c] [1] DEBUG c.y.m.u.m.S.selectPage_COUNT - ==> Parameters: 
2026-06-11 22:06:41.980 [http-nio-8080-exec-2] [a415198c] [1] DEBUG c.y.m.u.m.S.selectPage_COUNT - <==      Total: 1
2026-06-11 22:06:41.980 [http-nio-8080-exec-2] [a415198c] [1] DEBUG c.y.m.u.m.S.selectPage - ==>  Preparing: select id, parent_id, permission_code, permission_name, permission_type, api_path, sort_num, description, status, created_at, updated_at from sys_permission order by sort_num asc, id desc LIMIT ?
2026-06-11 22:06:41.980 [http-nio-8080-exec-2] [a415198c] [1] DEBUG c.y.m.u.m.S.selectPage - ==> Parameters: 1000(Integer)
2026-06-11 22:06:41.982 [http-nio-8080-exec-2] [a415198c] [1] DEBUG c.y.m.u.m.S.selectPage - <==      Total: 177
2026-06-11 22:06:41.984 [http-nio-8080-exec-2] [a415198c] [1] INFO  c.y.common.aop.ControllerLogAspect - 接口结束: uri=/yq-admin/api/sysPermission, controller=SysPermissionController#pagePermission, cost=8ms, result={"code":200,"message":"success","data":{"total":177,"pageNum":1,"pageSize":1000,"records":[{"id":287,"parentId":286,"permissionName":"面试复盘上传音频按钮","permissionType":"BUTTON","permissionCode":"button:interview-review:upload","sortNum":1,"status":"1","description":"面试复盘页面的上传音频按钮","createdAt":"Wed May 20 22:13:56 CST 2026"},{"id":272,"parentId":271,"permissionName":"自媒体生成选题按钮","permissionType":"BUTTON","permissionCode":"button:media-agent:generate-topics","sortNum":1,"status":"1","description":"自媒体创作页面的生成选题按钮","createdAt":"Sat May 09 16:32:32 CST 2026"},{"id":268,"parentId":267,"permissionName":"数据分析执行按钮","permissionType":"BUTTON","permissionCode":"button:data-analysis:analyze","sortNum":1,"status":"1","description":"数据分析页面的开始分析按钮","createdAt":"Fri May 08 16:42:19 CST 2026"},{"id":249,"parentId":121,"permissionName":"发布作业按钮","permissionType":"BUTTON","permissionCode":"button:homework:create","sortNum":1,"status":"1","description":"作业管理页面的发布作业按钮","createdAt":"Wed Apr 22 16:21:14 CST 2026"},{"id":247,"parentId":118,"permissionName":"学生绑定权限模板按钮","permissionType":"BUTTON","permissionCode":"button:student:bind-permission-template","sortNum":1,"status":"1","description":"学生管理页面的绑定权限模板按钮","createdAt":"Wed Apr 22 14:20:45 CST 2026"},{"id":243,"parentId":119,"permissionName":"学员权限模板新增按钮","permissionType":"BUTTON","permissionCode":"button:student-permission-template:create","sortNum":1,"status":"1","description":"学员权限模板页面的新增按钮","createdAt":"Mon Apr 20 00:05:46 CST 2026"},{"id":240,"parentId":115,"permissionName":"订单新增按钮","permissionType":"BUTTON","permissionCode":"button:order:create","sortNum":1,"status":"1","description":"订单管理页面的新增按钮","createdAt":"Sun Apr 12 23:10:59 CST 2026"},{"id":237,"parentId":114,"permissionName":"产品新增按钮","permissionType":"BUTTON","permissionCode":"button:product:create","sortNum":1,"status":"1","description":"产品管理页面的新增按钮","createdAt":"Sun Apr 12 14:19:04 CST 2026"},{"id":235,"parentId":112,"permissionName":"值班查看按钮","permissionType":"BUTTON","permissionCode":"button:duty:view","sortNum":1,"status":"1","description":"值班管理页面的查看按钮","createdAt":"Sun Apr 12 13:11:55 CST 2026"},{"id":234,"parentId":111,"permissionName":"老师课表查看按钮","permissionType":"BUTTON","permissionCode":"button:teacher-schedule:view","sortNum":1,"status":"1","description":"老师课表页面的查看按钮","createdAt":"Sun Apr 12 03:21:07 CST 2026"},{"id":231,"parentId":110,"permissionName":"课表查看按钮","permissionType":"BUTTON","permissionCode":"button:schedule:view","sortNum":1,"status":"1","description":"课表管理页面的查看按钮","createdAt":"Sat Apr 11 19:46:45 CST 2026"},{"id":227,"parentId":109,"permissionName":"班级新增按钮","permissionType":"BUTTON","permissionCode":"button:class:create","sortNum":1,"status":"1","description":"班级管理页面的新增按钮","createdAt":"Sat Apr 11 17:05:40 CST 2026"},{"id":218,"parentId":108,"permissionName":"课程新增按钮","permissionType":"BUTTON","permissionCode":"button:course:create","sortNum":1,"status":"1","description":"课程管理页面的新增按钮","createdAt":"Sat Apr 11 16:02:19 CST 2026"},{"id":215,"parentId":107,"permissionName":"校区新增按钮","permissionType":"BUTTON","permissionCode":"button:campus:create","sortNum":1,"status":"1","description":"校区管理页面的新增按钮","createdAt":"Sat Apr 11 15:49:16 CST 2026"},{"id":212,"parentId":105,"permissionName":"系统参数新增按钮","permissionType":"BUTTON","permissionCode":"button:config:create","sortNum":1,"status":"1","description":"系统参数页面的新增配置按钮","createdAt":"Fri Apr 10 20:08:09 CST 2026"},{"id":209,"parentId":104,"permissionName":"权限新增按钮","permissionType":"BUTTON","permissionCode":"button:permission:create","sortNum":1,"status":"1","description":"权限管理页面的新增权限按钮","createdAt":"Thu Apr 09 21:22:28 CST 2026"},{"id":205,"parentId":103,"permissionName":"角色新增按钮","permissionType":"BUTTON","permissionCode":"button:role:create","sortNum":1,"status":"1","description":"角色管理页面的新增角色按钮","createdAt":"Thu Apr 09 21:22:28 CST 2026"},{"id":201,"parentId":102,"permissionName":"用户新增按钮","permissionType":"BUTTON","permissionCode":"button:user:create","sortNum":1,"status":"ACTIVE","desc...(truncated)
2026-06-11 22:06:42.697 [http-nio-8080-exec-3] [5e762e67] [1] DEBUG c.y.m.u.m.SysUserMapper.selectById - ==>  Preparing: select id, username, password, nickname, real_name, phone, email, union_id, status, created_at, updated_at from sys_user where id = ?
2026-06-11 22:06:42.698 [http-nio-8080-exec-3] [5e762e67] [1] DEBUG c.y.m.u.m.SysUserMapper.selectById - ==> Parameters: 1(Long)
2026-06-11 22:06:42.699 [http-nio-8080-exec-3] [5e762e67] [1] DEBUG c.y.m.u.m.SysUserMapper.selectById - <==      Total: 1
2026-06-11 22:06:42.699 [http-nio-8080-exec-3] [5e762e67] [1] DEBUG c.y.m.u.m.S.selectRoleIdsByUserId - ==>  Preparing: select role_id from sys_user_role where user_id = ? order by role_id asc
2026-06-11 22:06:42.699 [http-nio-8080-exec-3] [5e762e67] [1] DEBUG c.y.m.u.m.S.selectRoleIdsByUserId - ==> Parameters: 1(Long)
2026-06-11 22:06:42.699 [http-nio-8080-exec-3] [5e762e67] [1] DEBUG c.y.m.u.m.S.selectRoleIdsByUserId - <==      Total: 1
2026-06-11 22:06:42.699 [http-nio-8080-exec-3] [5e762e67] [1] DEBUG c.y.m.u.m.SysRoleMapper.selectList - ==>  Preparing: select id, role_code, role_name, description, status, created_at, updated_at from sys_role WHERE id in ( ? )
2026-06-11 22:06:42.699 [http-nio-8080-exec-3] [5e762e67] [1] DEBUG c.y.m.u.m.SysRoleMapper.selectList - ==> Parameters: 1(Long)
2026-06-11 22:06:42.700 [http-nio-8080-exec-3] [5e762e67] [1] DEBUG c.y.m.u.m.SysRoleMapper.selectList - <==      Total: 1
2026-06-11 22:06:42.700 [http-nio-8080-exec-3] [5e762e67] [1] DEBUG c.y.m.u.m.S.selectPermissionIdsByRoleId - ==>  Preparing: select permission_id from sys_role_permission where role_id in ( ? ) order by permission_id asc
2026-06-11 22:06:42.700 [http-nio-8080-exec-3] [5e762e67] [1] DEBUG c.y.m.u.m.S.selectPermissionIdsByRoleId - ==> Parameters: 1(Long)
2026-06-11 22:06:42.701 [http-nio-8080-exec-3] [5e762e67] [1] DEBUG c.y.m.u.m.S.selectPermissionIdsByRoleId - <==      Total: 4
2026-06-11 22:06:42.701 [http-nio-8080-exec-3] [5e762e67] [1] DEBUG c.y.m.u.m.S.selectList - ==>  Preparing: select id, parent_id, permission_code, permission_name, permission_type, api_path, sort_num, description, status, created_at, updated_at from sys_permission WHERE id in ( ? , ? , ? , ? )
2026-06-11 22:06:42.701 [http-nio-8080-exec-3] [5e762e67] [1] DEBUG c.y.m.u.m.S.selectList - ==> Parameters: 101(Long), 106(Long), 113(Long), 117(Long)
2026-06-11 22:06:42.701 [http-nio-8080-exec-3] [5e762e67] [1] DEBUG c.y.m.u.m.S.selectList - <==      Total: 4
2026-06-11 22:06:42.702 [http-nio-8080-exec-3] [5e762e67] [1] INFO  c.y.common.aop.ControllerLogAspect - 接口开始: uri=/yq-admin/api/sysRole, httpMethod=GET, controller=SysRoleController#pageRole, args=[{"name":"req","value":{"pageNum":1,"pageSize":10}}]
2026-06-11 22:06:42.705 [http-nio-8080-exec-3] [5e762e67] [1] DEBUG c.y.m.u.m.S.selectPage_COUNT - ==>  Preparing: SELECT count(0) FROM sys_role
2026-06-11 22:06:42.705 [http-nio-8080-exec-3] [5e762e67] [1] DEBUG c.y.m.u.m.S.selectPage_COUNT - ==> Parameters: 
2026-06-11 22:06:42.706 [http-nio-8080-exec-3] [5e762e67] [1] DEBUG c.y.m.u.m.S.selectPage_COUNT - <==      Total: 1
2026-06-11 22:06:42.706 [http-nio-8080-exec-3] [5e762e67] [1] DEBUG c.y.m.u.m.SysRoleMapper.selectPage - ==>  Preparing: select id, role_code, role_name, description, status, created_at, updated_at from sys_role order by id desc LIMIT ?
2026-06-11 22:06:42.706 [http-nio-8080-exec-3] [5e762e67] [1] DEBUG c.y.m.u.m.SysRoleMapper.selectPage - ==> Parameters: 10(Integer)
2026-06-11 22:06:42.707 [http-nio-8080-exec-3] [5e762e67] [1] DEBUG c.y.m.u.m.SysRoleMapper.selectPage - <==      Total: 3
2026-06-11 22:06:42.707 [http-nio-8080-exec-3] [5e762e67] [1] INFO  c.y.common.aop.ControllerLogAspect - 接口结束: uri=/yq-admin/api/sysRole, controller=SysRoleController#pageRole, cost=5ms, result={"code":200,"message":"success","data":{"total":3,"pageNum":1,"pageSize":10,"records":[{"id":3,"roleCode":"head_teacher","roleName":"班主任","description":"班主任","status":"ACTIVE","createdAt":"Sat Apr 11 17:06:26 CST 2026"},{"id":2,"roleCode":"teacher","roleName":"讲师","status":"ACTIVE","createdAt":"Thu Apr 09 21:28:05 CST 2026"},{"id":1,"roleCode":"SUPER_ADMIN","roleName":"超级管理员","description":"拥有全部后台权限","status":"ACTIVE","createdAt":"Thu Apr 09 20:50:38 CST 2026"}]}}
2026-06-11 22:06:43.517 [http-nio-8080-exec-4] [c3c9597b] [1] DEBUG c.y.m.u.m.SysUserMapper.selectById - ==>  Preparing: select id, username, password, nickname, real_name, phone, email, union_id, status, created_at, updated_at from sys_user where id = ?
2026-06-11 22:06:43.517 [http-nio-8080-exec-4] [c3c9597b] [1] DEBUG c.y.m.u.m.SysUserMapper.selectById - ==> Parameters: 1(Long)
2026-06-11 22:06:43.518 [http-nio-8080-exec-4] [c3c9597b] [1] DEBUG c.y.m.u.m.SysUserMapper.selectById - <==      Total: 1
2026-06-11 22:06:43.518 [http-nio-8080-exec-4] [c3c9597b] [1] DEBUG c.y.m.u.m.S.selectRoleIdsByUserId - ==>  Preparing: select role_id from sys_user_role where user_id = ? order by role_id asc
2026-06-11 22:06:43.518 [http-nio-8080-exec-4] [c3c9597b] [1] DEBUG c.y.m.u.m.S.selectRoleIdsByUserId - ==> Parameters: 1(Long)
2026-06-11 22:06:43.518 [http-nio-8080-exec-4] [c3c9597b] [1] DEBUG c.y.m.u.m.S.selectRoleIdsByUserId - <==      Total: 1
2026-06-11 22:06:43.519 [http-nio-8080-exec-4] [c3c9597b] [1] DEBUG c.y.m.u.m.SysRoleMapper.selectList - ==>  Preparing: select id, role_code, role_name, description, status, created_at, updated_at from sys_role WHERE id in ( ? )
2026-06-11 22:06:43.519 [http-nio-8080-exec-4] [c3c9597b] [1] DEBUG c.y.m.u.m.SysRoleMapper.selectList - ==> Parameters: 1(Long)
2026-06-11 22:06:43.519 [http-nio-8080-exec-4] [c3c9597b] [1] DEBUG c.y.m.u.m.SysRoleMapper.selectList - <==      Total: 1
2026-06-11 22:06:43.519 [http-nio-8080-exec-4] [c3c9597b] [1] DEBUG c.y.m.u.m.S.selectPermissionIdsByRoleId - ==>  Preparing: select permission_id from sys_role_permission where role_id in ( ? ) order by permission_id asc
2026-06-11 22:06:43.519 [http-nio-8080-exec-4] [c3c9597b] [1] DEBUG c.y.m.u.m.S.selectPermissionIdsByRoleId - ==> Parameters: 1(Long)
2026-06-11 22:06:43.520 [http-nio-8080-exec-4] [c3c9597b] [1] DEBUG c.y.m.u.m.S.selectPermissionIdsByRoleId - <==      Total: 4
2026-06-11 22:06:43.520 [http-nio-8080-exec-4] [c3c9597b] [1] DEBUG c.y.m.u.m.S.selectList - ==>  Preparing: select id, parent_id, permission_code, permission_name, permission_type, api_path, sort_num, description, status, created_at, updated_at from sys_permission WHERE id in ( ? , ? , ? , ? )
2026-06-11 22:06:43.520 [http-nio-8080-exec-4] [c3c9597b] [1] DEBUG c.y.m.u.m.S.selectList - ==> Parameters: 101(Long), 106(Long), 113(Long), 117(Long)
2026-06-11 22:06:43.520 [http-nio-8080-exec-4] [c3c9597b] [1] DEBUG c.y.m.u.m.S.selectList - <==      Total: 4
2026-06-11 22:06:43.521 [http-nio-8080-exec-4] [c3c9597b] [1] INFO  c.y.common.aop.ControllerLogAspect - 接口开始: uri=/yq-admin/api/sysUser, httpMethod=GET, controller=SysUserController#pageUser, args=[{"name":"req","value":{"pageNum":1,"pageSize":10}}]
2026-06-11 22:06:43.526 [http-nio-8080-exec-4] [c3c9597b] [1] DEBUG c.y.m.u.m.S.selectPage_COUNT - ==>  Preparing: SELECT count(0) FROM sys_user
2026-06-11 22:06:43.526 [http-nio-8080-exec-4] [c3c9597b] [1] DEBUG c.y.m.u.m.S.selectPage_COUNT - ==> Parameters: 
2026-06-11 22:06:43.527 [http-nio-8080-exec-4] [c3c9597b] [1] DEBUG c.y.m.u.m.S.selectPage_COUNT - <==      Total: 1
2026-06-11 22:06:43.527 [http-nio-8080-exec-4] [c3c9597b] [1] DEBUG c.y.m.u.m.SysUserMapper.selectPage - ==>  Preparing: select id, username, password, nickname, real_name, phone, email, union_id, status, created_at, updated_at from sys_user order by id desc LIMIT ?
2026-06-11 22:06:43.527 [http-nio-8080-exec-4] [c3c9597b] [1] DEBUG c.y.m.u.m.SysUserMapper.selectPage - ==> Parameters: 10(Integer)
2026-06-11 22:06:43.528 [http-nio-8080-exec-4] [c3c9597b] [1] DEBUG c.y.m.u.m.SysUserMapper.selectPage - <==      Total: 6
2026-06-11 22:06:43.528 [http-nio-8080-exec-4] [c3c9597b] [1] INFO  c.y.common.aop.ControllerLogAspect - 接口结束: uri=/yq-admin/api/sysUser, controller=SysUserController#pageUser, cost=7ms, result={"code":200,"message":"success","data":{"total":6,"pageNum":1,"pageSize":10,"records":[{"id":6,"username":"haha","nickname":"哈哈哈","realName":"哈哈","phone":"15118191032","email":"913038933@qq.com","status":"ACTIVE","createdAt":"Fri Apr 17 15:54:46 CST 2026"},{"id":5,"username":"laoshi2","nickname":"老师2","realName":"老师2","phone":"13762922584","status":"ACTIVE","createdAt":"Sun Apr 12 01:48:55 CST 2026"},{"id":4,"username":"laoshi1","nickname":"老师1","realName":"老师1","phone":"13273576020","status":"ACTIVE","createdAt":"Sun Apr 12 01:48:37 CST 2026"},{"id":3,"username":"banzhuren","nickname":"班主任老师","realName":"班主任老师","phone":"15118191032","status":"ACTIVE","createdAt":"Sat Apr 11 17:06:53 CST 2026"},{"id":2,"username":"huangjin","nickname":"黄瑾","realName":"黄瑾","phone":"13273672819","email":"913038933@qq.com","status":"ACTIVE","createdAt":"Thu Apr 09 22:04:43 CST 2026"},{"id":1,"username":"admin","nickname":"系统管理员","realName":"超级管理员","phone":"13800000000","email":"admin@yq.com","status":"ACTIVE","createdAt":"Thu Apr 09 20:50:39 CST 2026"}]}}
2026-06-11 22:06:45.456 [http-nio-8080-exec-5] [ebb83f5f] [1] DEBUG c.y.m.u.m.SysUserMapper.selectById - ==>  Preparing: select id, username, password, nickname, real_name, phone, email, union_id, status, created_at, updated_at from sys_user where id = ?
2026-06-11 22:06:45.456 [http-nio-8080-exec-5] [ebb83f5f] [1] DEBUG c.y.m.u.m.SysUserMapper.selectById - ==> Parameters: 1(Long)
2026-06-11 22:06:45.456 [http-nio-8080-exec-5] [ebb83f5f] [1] DEBUG c.y.m.u.m.SysUserMapper.selectById - <==      Total: 1
2026-06-11 22:06:45.456 [http-nio-8080-exec-5] [ebb83f5f] [1] DEBUG c.y.m.u.m.S.selectRoleIdsByUserId - ==>  Preparing: select role_id from sys_user_role where user_id = ? order by role_id asc
2026-06-11 22:06:45.456 [http-nio-8080-exec-5] [ebb83f5f] [1] DEBUG c.y.m.u.m.S.selectRoleIdsByUserId - ==> Parameters: 1(Long)
2026-06-11 22:06:45.457 [http-nio-8080-exec-5] [ebb83f5f] [1] DEBUG c.y.m.u.m.S.selectRoleIdsByUserId - <==      Total: 1
2026-06-11 22:06:45.457 [http-nio-8080-exec-5] [ebb83f5f] [1] DEBUG c.y.m.u.m.SysRoleMapper.selectList - ==>  Preparing: select id, role_code, role_name, description, status, created_at, updated_at from sys_role WHERE id in ( ? )
2026-06-11 22:06:45.457 [http-nio-8080-exec-5] [ebb83f5f] [1] DEBUG c.y.m.u.m.SysRoleMapper.selectList - ==> Parameters: 1(Long)
2026-06-11 22:06:45.457 [http-nio-8080-exec-5] [ebb83f5f] [1] DEBUG c.y.m.u.m.SysRoleMapper.selectList - <==      Total: 1
2026-06-11 22:06:45.457 [http-nio-8080-exec-5] [ebb83f5f] [1] DEBUG c.y.m.u.m.S.selectPermissionIdsByRoleId - ==>  Preparing: select permission_id from sys_role_permission where role_id in ( ? ) order by permission_id asc
2026-06-11 22:06:45.457 [http-nio-8080-exec-5] [ebb83f5f] [1] DEBUG c.y.m.u.m.S.selectPermissionIdsByRoleId - ==> Parameters: 1(Long)
2026-06-11 22:06:45.457 [http-nio-8080-exec-5] [ebb83f5f] [1] DEBUG c.y.m.u.m.S.selectPermissionIdsByRoleId - <==      Total: 4
2026-06-11 22:06:45.458 [http-nio-8080-exec-5] [ebb83f5f] [1] DEBUG c.y.m.u.m.S.selectList - ==>  Preparing: select id, parent_id, permission_code, permission_name, permission_type, api_path, sort_num, description, status, created_at, updated_at from sys_permission WHERE id in ( ? , ? , ? , ? )
2026-06-11 22:06:45.458 [http-nio-8080-exec-5] [ebb83f5f] [1] DEBUG c.y.m.u.m.S.selectList - ==> Parameters: 101(Long), 106(Long), 113(Long), 117(Long)
2026-06-11 22:06:45.458 [http-nio-8080-exec-5] [ebb83f5f] [1] DEBUG c.y.m.u.m.S.selectList - <==      Total: 4
2026-06-11 22:06:45.459 [http-nio-8080-exec-5] [ebb83f5f] [1] INFO  c.y.common.aop.ControllerLogAspect - 接口开始: uri=/yq-admin/api/eduStudent, httpMethod=GET, controller=EduStudentController#pageStudent, args=[{"name":"req","value":{"pageNum":1,"pageSize":10}}]
2026-06-11 22:06:45.463 [http-nio-8080-exec-5] [ebb83f5f] [1] DEBUG c.y.m.e.m.E.selectPage_COUNT - ==>  Preparing: SELECT count(0) FROM edu_student
2026-06-11 22:06:45.463 [http-nio-8080-exec-5] [ebb83f5f] [1] DEBUG c.y.m.e.m.E.selectPage_COUNT - ==> Parameters: 
2026-06-11 22:06:45.465 [http-nio-8080-exec-5] [ebb83f5f] [1] DEBUG c.y.m.e.m.E.selectPage_COUNT - <==      Total: 1
2026-06-11 22:06:45.465 [http-nio-8080-exec-5] [ebb83f5f] [1] DEBUG c.y.m.e.m.E.selectPage - ==>  Preparing: select id, student_code, student_name, phone, graduation_session, school, education, study_mode, class_id, product_id, join_time, created_at, updated_at from edu_student order by id desc LIMIT ?
2026-06-11 22:06:45.465 [http-nio-8080-exec-5] [ebb83f5f] [1] DEBUG c.y.m.e.m.E.selectPage - ==> Parameters: 10(Integer)
2026-06-11 22:06:45.466 [http-nio-8080-exec-5] [ebb83f5f] [1] DEBUG c.y.m.e.m.E.selectPage - <==      Total: 10
2026-06-11 22:06:45.466 [http-nio-8080-exec-5] [ebb83f5f] [1] INFO  c.y.common.aop.ControllerLogAspect - 接口结束: uri=/yq-admin/api/eduStudent, controller=EduStudentController#pageStudent, cost=8ms, result={"code":200,"message":"success","data":{"total":10,"pageNum":1,"pageSize":10,"records":[{"id":10,"studentCode":"XS20260527544261","studentName":"赵九","phone":"13273576020","graduationSession":2026,"school":"湖南师范大学","education":"硕士","studyMode":"ONLINE","productId":3,"joinTime":"Wed May 27 21:32:06 CST 2026","createdAt":"Wed May 27 21:32:23 CST 2026","updatedAt":"Wed May 27 21:32:23 CST 2026"},{"id":9,"studentCode":"XS20260526215429","studentName":"赵六","phone":"13762922580","graduationSession":2026,"school":"湖南师范大学","education":"硕士","studyMode":"ONLINE","productId":3,"joinTime":"Tue May 26 17:18:07 CST 2026","createdAt":"Tue May 26 17:18:15 CST 2026","updatedAt":"Tue May 26 17:18:15 CST 2026"},{"id":8,"studentCode":"XS20260514684479","studentName":"哈哈","phone":"13273576029","graduationSession":2026,"school":"湖南师范大学","education":"本科","studyMode":"OFFLINE","classId":2,"productId":1,"joinTime":"Thu May 14 17:45:03 CST 2026","createdAt":"Thu May 14 17:45:10 CST 2026","updatedAt":"Thu May 14 17:45:10 CST 2026"},{"id":7,"studentCode":"XS20260429790522","studentName":"王六","phone":"13273576027","graduationSession":2026,"school":"湖南师范大学","education":"博士","studyMode":"ONLINE","productId":2,"joinTime":"Wed Apr 29 22:59:06 CST 2026","createdAt":"Wed Apr 29 22:59:15 CST 2026","updatedAt":"Wed Apr 29 22:59:15 CST 2026"},{"id":6,"studentCode":"XS20260417641291","studentName":"赵六","phone":"15118191034","graduationSession":2026,"school":"洪江一中","education":"本科","studyMode":"OFFLINE","classId":3,"productId":1,"joinTime":"Fri Apr 17 22:25:31 CST 2026","createdAt":"Fri Apr 17 22:25:50 CST 2026","updatedAt":"Fri Apr 17 22:25:50 CST 2026"},{"id":5,"studentCode":"XS20260417193131","studentName":"黄某","phone":"15118191031","graduationSession":2026,"school":"洪江一中","education":"本科","studyMode":"OFFLINE","classId":1,"productId":1,"joinTime":"Fri Apr 17 15:09:40 CST 2026","createdAt":"Fri Apr 17 15:10:18 CST 2026","updatedAt":"Fri Apr 17 15:10:18 CST 2026"},{"id":4,"studentCode":"XS20260416122330","studentName":"黄某","phone":"13273576024","graduationSession":2026,"school":"洪江一中","education":"大专","studyMode":"OFFLINE","classId":1,"productId":1,"joinTime":"Thu Apr 16 22:41:38 CST 2026","createdAt":"Thu Apr 16 22:42:25 CST 2026","updatedAt":"Thu Apr 16 22:42:25 CST 2026"},{"id":3,"studentCode":"XS20260416572329","studentName":"向某","phone":"13273576023","graduationSession":2026,"school":"洪江一中","education":"本科","studyMode":"OFFLINE","classId":2,"productId":1,"joinTime":"Thu Apr 16 22:28:40 CST 2026","createdAt":"Thu Apr 16 22:34:48 CST 2026","updatedAt":"Thu Apr 16 22:34:48 CST 2026"},{"id":2,"studentCode":"XS20260416896906","studentName":"王王","phone":"15118191032","graduationSession":2026,"school":"湖南师范大学","education":"大专","studyMode":"OFFLINE","classId":2,"productId":1,"joinTime":"Thu Apr 16 17:55:46 CST 2026","createdAt":"Thu Apr 16 18:01:02 CST 2026","updatedAt":"Thu Apr 16 18:01:02 CST 2026"},{"id":1,"studentCode":"XS20260416496798","studentName":"赵家","phone":"13273672819","graduationSession":2026,"school":"湖南师范大学","education":"本科","studyMode":"OFFLINE","classId":1,"productId":1,"joinTime":"Thu Apr 16 17:52:36 CST 2026","createdAt":"Thu Apr 16 17:53:12 CST 2026","updatedAt":"Thu Apr 16 17:53:12 CST 2026"}]}}
2026-06-11 22:06:56.932 [http-nio-8080-exec-6] [7577be92] [1] DEBUG c.y.m.u.m.SysUserMapper.selectById - ==>  Preparing: select id, username, password, nickname, real_name, phone, email, union_id, status, created_at, updated_at from sys_user where id = ?
2026-06-11 22:06:56.932 [http-nio-8080-exec-6] [7577be92] [1] DEBUG c.y.m.u.m.SysUserMapper.selectById - ==> Parameters: 1(Long)
2026-06-11 22:06:56.932 [http-nio-8080-exec-6] [7577be92] [1] DEBUG c.y.m.u.m.SysUserMapper.selectById - <==      Total: 1
2026-06-11 22:06:56.933 [http-nio-8080-exec-6] [7577be92] [1] DEBUG c.y.m.u.m.S.selectRoleIdsByUserId - ==>  Preparing: select role_id from sys_user_role where user_id = ? order by role_id asc
2026-06-11 22:06:56.933 [http-nio-8080-exec-6] [7577be92] [1] DEBUG c.y.m.u.m.S.selectRoleIdsByUserId - ==> Parameters: 1(Long)
2026-06-11 22:06:56.933 [http-nio-8080-exec-6] [7577be92] [1] DEBUG c.y.m.u.m.S.selectRoleIdsByUserId - <==      Total: 1
2026-06-11 22:06:56.933 [http-nio-8080-exec-6] [7577be92] [1] DEBUG c.y.m.u.m.SysRoleMapper.selectList - ==>  Preparing: select id, role_code, role_name, description, status, created_at, updated_at from sys_role WHERE id in ( ? )
2026-06-11 22:06:56.933 [http-nio-8080-exec-6] [7577be92] [1] DEBUG c.y.m.u.m.SysRoleMapper.selectList - ==> Parameters: 1(Long)
2026-06-11 22:06:56.934 [http-nio-8080-exec-6] [7577be92] [1] DEBUG c.y.m.u.m.SysRoleMapper.selectList - <==      Total: 1
2026-06-11 22:06:56.934 [http-nio-8080-exec-6] [7577be92] [1] DEBUG c.y.m.u.m.S.selectPermissionIdsByRoleId - ==>  Preparing: select permission_id from sys_role_permission where role_id in ( ? ) order by permission_id asc
2026-06-11 22:06:56.934 [http-nio-8080-exec-6] [7577be92] [1] DEBUG c.y.m.u.m.S.selectPermissionIdsByRoleId - ==> Parameters: 1(Long)
2026-06-11 22:06:56.935 [http-nio-8080-exec-6] [7577be92] [1] DEBUG c.y.m.u.m.S.selectPermissionIdsByRoleId - <==      Total: 4
2026-06-11 22:06:56.935 [http-nio-8080-exec-6] [7577be92] [1] DEBUG c.y.m.u.m.S.selectList - ==>  Preparing: select id, parent_id, permission_code, permission_name, permission_type, api_path, sort_num, description, status, created_at, updated_at from sys_permission WHERE id in ( ? , ? , ? , ? )
2026-06-11 22:06:56.935 [http-nio-8080-exec-6] [7577be92] [1] DEBUG c.y.m.u.m.S.selectList - ==> Parameters: 101(Long), 106(Long), 113(Long), 117(Long)
2026-06-11 22:06:56.936 [http-nio-8080-exec-6] [7577be92] [1] DEBUG c.y.m.u.m.S.selectList - <==      Total: 4
2026-06-11 22:06:56.936 [http-nio-8080-exec-6] [7577be92] [1] INFO  c.y.common.aop.ControllerLogAspect - 接口开始: uri=/yq-admin/api/eduStudent, httpMethod=GET, controller=EduStudentController#pageStudent, args=[{"name":"req","value":{"pageNum":1,"pageSize":10}}]
2026-06-11 22:06:56.947 [http-nio-8080-exec-6] [7577be92] [1] DEBUG c.y.m.e.m.E.selectPage_COUNT - ==>  Preparing: SELECT count(0) FROM edu_student
2026-06-11 22:06:56.948 [http-nio-8080-exec-6] [7577be92] [1] DEBUG c.y.m.e.m.E.selectPage_COUNT - ==> Parameters: 
2026-06-11 22:06:56.949 [http-nio-8080-exec-6] [7577be92] [1] DEBUG c.y.m.e.m.E.selectPage_COUNT - <==      Total: 1
2026-06-11 22:06:56.950 [http-nio-8080-exec-6] [7577be92] [1] DEBUG c.y.m.e.m.E.selectPage - ==>  Preparing: select id, student_code, student_name, phone, graduation_session, school, education, study_mode, class_id, product_id, join_time, created_at, updated_at from edu_student order by id desc LIMIT ?
2026-06-11 22:06:56.950 [http-nio-8080-exec-6] [7577be92] [1] DEBUG c.y.m.e.m.E.selectPage - ==> Parameters: 10(Integer)
2026-06-11 22:06:56.950 [http-nio-8080-exec-6] [7577be92] [1] DEBUG c.y.m.e.m.E.selectPage - <==      Total: 10
2026-06-11 22:06:56.951 [http-nio-8080-exec-6] [7577be92] [1] INFO  c.y.common.aop.ControllerLogAspect - 接口结束: uri=/yq-admin/api/eduStudent, controller=EduStudentController#pageStudent, cost=14ms, result={"code":200,"message":"success","data":{"total":10,"pageNum":1,"pageSize":10,"records":[{"id":10,"studentCode":"XS20260527544261","studentName":"赵九","phone":"13273576020","graduationSession":2026,"school":"湖南师范大学","education":"硕士","studyMode":"ONLINE","productId":3,"joinTime":"Wed May 27 21:32:06 CST 2026","createdAt":"Wed May 27 21:32:23 CST 2026","updatedAt":"Wed May 27 21:32:23 CST 2026"},{"id":9,"studentCode":"XS20260526215429","studentName":"赵六","phone":"13762922580","graduationSession":2026,"school":"湖南师范大学","education":"硕士","studyMode":"ONLINE","productId":3,"joinTime":"Tue May 26 17:18:07 CST 2026","createdAt":"Tue May 26 17:18:15 CST 2026","updatedAt":"Tue May 26 17:18:15 CST 2026"},{"id":8,"studentCode":"XS20260514684479","studentName":"哈哈","phone":"13273576029","graduationSession":2026,"school":"湖南师范大学","education":"本科","studyMode":"OFFLINE","classId":2,"productId":1,"joinTime":"Thu May 14 17:45:03 CST 2026","createdAt":"Thu May 14 17:45:10 CST 2026","updatedAt":"Thu May 14 17:45:10 CST 2026"},{"id":7,"studentCode":"XS20260429790522","studentName":"王六","phone":"13273576027","graduationSession":2026,"school":"湖南师范大学","education":"博士","studyMode":"ONLINE","productId":2,"joinTime":"Wed Apr 29 22:59:06 CST 2026","createdAt":"Wed Apr 29 22:59:15 CST 2026","updatedAt":"Wed Apr 29 22:59:15 CST 2026"},{"id":6,"studentCode":"XS20260417641291","studentName":"赵六","phone":"15118191034","graduationSession":2026,"school":"洪江一中","education":"本科","studyMode":"OFFLINE","classId":3,"productId":1,"joinTime":"Fri Apr 17 22:25:31 CST 2026","createdAt":"Fri Apr 17 22:25:50 CST 2026","updatedAt":"Fri Apr 17 22:25:50 CST 2026"},{"id":5,"studentCode":"XS20260417193131","studentName":"黄某","phone":"15118191031","graduationSession":2026,"school":"洪江一中","education":"本科","studyMode":"OFFLINE","classId":1,"productId":1,"joinTime":"Fri Apr 17 15:09:40 CST 2026","createdAt":"Fri Apr 17 15:10:18 CST 2026","updatedAt":"Fri Apr 17 15:10:18 CST 2026"},{"id":4,"studentCode":"XS20260416122330","studentName":"黄某","phone":"13273576024","graduationSession":2026,"school":"洪江一中","education":"大专","studyMode":"OFFLINE","classId":1,"productId":1,"joinTime":"Thu Apr 16 22:41:38 CST 2026","createdAt":"Thu Apr 16 22:42:25 CST 2026","updatedAt":"Thu Apr 16 22:42:25 CST 2026"},{"id":3,"studentCode":"XS20260416572329","studentName":"向某","phone":"13273576023","graduationSession":2026,"school":"洪江一中","education":"本科","studyMode":"OFFLINE","classId":2,"productId":1,"joinTime":"Thu Apr 16 22:28:40 CST 2026","createdAt":"Thu Apr 16 22:34:48 CST 2026","updatedAt":"Thu Apr 16 22:34:48 CST 2026"},{"id":2,"studentCode":"XS20260416896906","studentName":"王王","phone":"15118191032","graduationSession":2026,"school":"湖南师范大学","education":"大专","studyMode":"OFFLINE","classId":2,"productId":1,"joinTime":"Thu Apr 16 17:55:46 CST 2026","createdAt":"Thu Apr 16 18:01:02 CST 2026","updatedAt":"Thu Apr 16 18:01:02 CST 2026"},{"id":1,"studentCode":"XS20260416496798","studentName":"赵家","phone":"13273672819","graduationSession":2026,"school":"湖南师范大学","education":"本科","studyMode":"OFFLINE","classId":1,"productId":1,"joinTime":"Thu Apr 16 17:52:36 CST 2026","createdAt":"Thu Apr 16 17:53:12 CST 2026","updatedAt":"Thu Apr 16 17:53:12 CST 2026"}]}}
2026-06-11 22:07:33.274 [http-nio-8080-exec-7] [fe4c1148] [1] DEBUG c.y.m.u.m.SysUserMapper.selectById - ==>  Preparing: select id, username, password, nickname, real_name, phone, email, union_id, status, created_at, updated_at from sys_user where id = ?
2026-06-11 22:07:33.274 [http-nio-8080-exec-7] [fe4c1148] [1] DEBUG c.y.m.u.m.SysUserMapper.selectById - ==> Parameters: 1(Long)
2026-06-11 22:07:33.275 [http-nio-8080-exec-7] [fe4c1148] [1] DEBUG c.y.m.u.m.SysUserMapper.selectById - <==      Total: 1
2026-06-11 22:07:33.275 [http-nio-8080-exec-7] [fe4c1148] [1] DEBUG c.y.m.u.m.S.selectRoleIdsByUserId - ==>  Preparing: select role_id from sys_user_role where user_id = ? order by role_id asc
2026-06-11 22:07:33.275 [http-nio-8080-exec-7] [fe4c1148] [1] DEBUG c.y.m.u.m.S.selectRoleIdsByUserId - ==> Parameters: 1(Long)
2026-06-11 22:07:33.275 [http-nio-8080-exec-7] [fe4c1148] [1] DEBUG c.y.m.u.m.S.selectRoleIdsByUserId - <==      Total: 1
2026-06-11 22:07:33.275 [http-nio-8080-exec-7] [fe4c1148] [1] DEBUG c.y.m.u.m.SysRoleMapper.selectList - ==>  Preparing: select id, role_code, role_name, description, status, created_at, updated_at from sys_role WHERE id in ( ? )
2026-06-11 22:07:33.276 [http-nio-8080-exec-7] [fe4c1148] [1] DEBUG c.y.m.u.m.SysRoleMapper.selectList - ==> Parameters: 1(Long)
2026-06-11 22:07:33.276 [http-nio-8080-exec-7] [fe4c1148] [1] DEBUG c.y.m.u.m.SysRoleMapper.selectList - <==      Total: 1
2026-06-11 22:07:33.276 [http-nio-8080-exec-7] [fe4c1148] [1] DEBUG c.y.m.u.m.S.selectPermissionIdsByRoleId - ==>  Preparing: select permission_id from sys_role_permission where role_id in ( ? ) order by permission_id asc
2026-06-11 22:07:33.276 [http-nio-8080-exec-7] [fe4c1148] [1] DEBUG c.y.m.u.m.S.selectPermissionIdsByRoleId - ==> Parameters: 1(Long)
2026-06-11 22:07:33.276 [http-nio-8080-exec-7] [fe4c1148] [1] DEBUG c.y.m.u.m.S.selectPermissionIdsByRoleId - <==      Total: 4
2026-06-11 22:07:33.277 [http-nio-8080-exec-7] [fe4c1148] [1] DEBUG c.y.m.u.m.S.selectList - ==>  Preparing: select id, parent_id, permission_code, permission_name, permission_type, api_path, sort_num, description, status, created_at, updated_at from sys_permission WHERE id in ( ? , ? , ? , ? )
2026-06-11 22:07:33.277 [http-nio-8080-exec-7] [fe4c1148] [1] DEBUG c.y.m.u.m.S.selectList - ==> Parameters: 101(Long), 106(Long), 113(Long), 117(Long)
2026-06-11 22:07:33.277 [http-nio-8080-exec-7] [fe4c1148] [1] DEBUG c.y.m.u.m.S.selectList - <==      Total: 4
2026-06-11 22:07:33.278 [http-nio-8080-exec-7] [fe4c1148] [1] INFO  c.y.common.aop.ControllerLogAspect - 接口开始: uri=/yq-admin/api/eduCampus, httpMethod=GET, controller=EduCampusController#pageCampus, args=[{"name":"req","value":{"pageNum":1,"pageSize":10}}]
2026-06-11 22:07:33.282 [http-nio-8080-exec-7] [fe4c1148] [1] DEBUG c.y.m.e.m.E.selectPage_COUNT - ==>  Preparing: SELECT count(0) FROM edu_campus
2026-06-11 22:07:33.282 [http-nio-8080-exec-7] [fe4c1148] [1] DEBUG c.y.m.e.m.E.selectPage_COUNT - ==> Parameters: 
2026-06-11 22:07:33.284 [http-nio-8080-exec-7] [fe4c1148] [1] DEBUG c.y.m.e.m.E.selectPage_COUNT - <==      Total: 1
2026-06-11 22:07:33.284 [http-nio-8080-exec-7] [fe4c1148] [1] DEBUG c.y.m.e.m.EduCampusMapper.selectPage - ==>  Preparing: select id, campus_name, principal_user_id, address, contact_phone, remark, status, created_at, updated_at from edu_campus order by id desc LIMIT ?
2026-06-11 22:07:33.284 [http-nio-8080-exec-7] [fe4c1148] [1] DEBUG c.y.m.e.m.EduCampusMapper.selectPage - ==> Parameters: 10(Integer)
2026-06-11 22:07:33.285 [http-nio-8080-exec-7] [fe4c1148] [1] DEBUG c.y.m.e.m.EduCampusMapper.selectPage - <==      Total: 1
2026-06-11 22:07:33.285 [http-nio-8080-exec-7] [fe4c1148] [1] INFO  c.y.common.aop.ControllerLogAspect - 接口结束: uri=/yq-admin/api/eduCampus, controller=EduCampusController#pageCampus, cost=7ms, result={"code":200,"message":"success","data":{"total":1,"pageNum":1,"pageSize":10,"records":[{"id":1,"campusName":"杭州校区","principalUserId":2,"address":"杭州市余杭区","contactPhone":"13549684561","status":1,"createdAt":"Sat Apr 11 15:51:21 CST 2026","updatedAt":"Sat Apr 11 15:51:21 CST 2026"}]}}
2026-06-11 22:07:34.655 [http-nio-8080-exec-8] [6e81fe63] [1] DEBUG c.y.m.u.m.SysUserMapper.selectById - ==>  Preparing: select id, username, password, nickname, real_name, phone, email, union_id, status, created_at, updated_at from sys_user where id = ?
2026-06-11 22:07:34.655 [http-nio-8080-exec-8] [6e81fe63] [1] DEBUG c.y.m.u.m.SysUserMapper.selectById - ==> Parameters: 1(Long)
2026-06-11 22:07:34.656 [http-nio-8080-exec-8] [6e81fe63] [1] DEBUG c.y.m.u.m.SysUserMapper.selectById - <==      Total: 1
2026-06-11 22:07:34.656 [http-nio-8080-exec-8] [6e81fe63] [1] DEBUG c.y.m.u.m.S.selectRoleIdsByUserId - ==>  Preparing: select role_id from sys_user_role where user_id = ? order by role_id asc
2026-06-11 22:07:34.656 [http-nio-8080-exec-8] [6e81fe63] [1] DEBUG c.y.m.u.m.S.selectRoleIdsByUserId - ==> Parameters: 1(Long)
2026-06-11 22:07:34.656 [http-nio-8080-exec-8] [6e81fe63] [1] DEBUG c.y.m.u.m.S.selectRoleIdsByUserId - <==      Total: 1
2026-06-11 22:07:34.657 [http-nio-8080-exec-8] [6e81fe63] [1] DEBUG c.y.m.u.m.SysRoleMapper.selectList - ==>  Preparing: select id, role_code, role_name, description, status, created_at, updated_at from sys_role WHERE id in ( ? )
2026-06-11 22:07:34.657 [http-nio-8080-exec-8] [6e81fe63] [1] DEBUG c.y.m.u.m.SysRoleMapper.selectList - ==> Parameters: 1(Long)
2026-06-11 22:07:34.658 [http-nio-8080-exec-8] [6e81fe63] [1] DEBUG c.y.m.u.m.SysRoleMapper.selectList - <==      Total: 1
2026-06-11 22:07:34.658 [http-nio-8080-exec-8] [6e81fe63] [1] DEBUG c.y.m.u.m.S.selectPermissionIdsByRoleId - ==>  Preparing: select permission_id from sys_role_permission where role_id in ( ? ) order by permission_id asc
2026-06-11 22:07:34.658 [http-nio-8080-exec-8] [6e81fe63] [1] DEBUG c.y.m.u.m.S.selectPermissionIdsByRoleId - ==> Parameters: 1(Long)
2026-06-11 22:07:34.658 [http-nio-8080-exec-8] [6e81fe63] [1] DEBUG c.y.m.u.m.S.selectPermissionIdsByRoleId - <==      Total: 4
2026-06-11 22:07:34.658 [http-nio-8080-exec-8] [6e81fe63] [1] DEBUG c.y.m.u.m.S.selectList - ==>  Preparing: select id, parent_id, permission_code, permission_name, permission_type, api_path, sort_num, description, status, created_at, updated_at from sys_permission WHERE id in ( ? , ? , ? , ? )
2026-06-11 22:07:34.658 [http-nio-8080-exec-8] [6e81fe63] [1] DEBUG c.y.m.u.m.S.selectList - ==> Parameters: 101(Long), 106(Long), 113(Long), 117(Long)
2026-06-11 22:07:34.658 [http-nio-8080-exec-8] [6e81fe63] [1] DEBUG c.y.m.u.m.S.selectList - <==      Total: 4
2026-06-11 22:07:34.659 [http-nio-8080-exec-8] [6e81fe63] [1] INFO  c.y.common.aop.ControllerLogAspect - 接口开始: uri=/yq-admin/api/eduStudent, httpMethod=GET, controller=EduStudentController#pageStudent, args=[{"name":"req","value":{"pageNum":1,"pageSize":10}}]
2026-06-11 22:07:34.664 [http-nio-8080-exec-8] [6e81fe63] [1] DEBUG c.y.m.e.m.E.selectPage_COUNT - ==>  Preparing: SELECT count(0) FROM edu_student
2026-06-11 22:07:34.664 [http-nio-8080-exec-8] [6e81fe63] [1] DEBUG c.y.m.e.m.E.selectPage_COUNT - ==> Parameters: 
2026-06-11 22:07:34.664 [http-nio-8080-exec-8] [6e81fe63] [1] DEBUG c.y.m.e.m.E.selectPage_COUNT - <==      Total: 1
2026-06-11 22:07:34.664 [http-nio-8080-exec-8] [6e81fe63] [1] DEBUG c.y.m.e.m.E.selectPage - ==>  Preparing: select id, student_code, student_name, phone, graduation_session, school, education, study_mode, class_id, product_id, join_time, created_at, updated_at from edu_student order by id desc LIMIT ?
2026-06-11 22:07:34.664 [http-nio-8080-exec-8] [6e81fe63] [1] DEBUG c.y.m.e.m.E.selectPage - ==> Parameters: 10(Integer)
2026-06-11 22:07:34.665 [http-nio-8080-exec-8] [6e81fe63] [1] DEBUG c.y.m.e.m.E.selectPage - <==      Total: 10
2026-06-11 22:07:34.665 [http-nio-8080-exec-8] [6e81fe63] [1] INFO  c.y.common.aop.ControllerLogAspect - 接口结束: uri=/yq-admin/api/eduStudent, controller=EduStudentController#pageStudent, cost=6ms, result={"code":200,"message":"success","data":{"total":10,"pageNum":1,"pageSize":10,"records":[{"id":10,"studentCode":"XS20260527544261","studentName":"赵九","phone":"13273576020","graduationSession":2026,"school":"湖南师范大学","education":"硕士","studyMode":"ONLINE","productId":3,"joinTime":"Wed May 27 21:32:06 CST 2026","createdAt":"Wed May 27 21:32:23 CST 2026","updatedAt":"Wed May 27 21:32:23 CST 2026"},{"id":9,"studentCode":"XS20260526215429","studentName":"赵六","phone":"13762922580","graduationSession":2026,"school":"湖南师范大学","education":"硕士","studyMode":"ONLINE","productId":3,"joinTime":"Tue May 26 17:18:07 CST 2026","createdAt":"Tue May 26 17:18:15 CST 2026","updatedAt":"Tue May 26 17:18:15 CST 2026"},{"id":8,"studentCode":"XS20260514684479","studentName":"哈哈","phone":"13273576029","graduationSession":2026,"school":"湖南师范大学","education":"本科","studyMode":"OFFLINE","classId":2,"productId":1,"joinTime":"Thu May 14 17:45:03 CST 2026","createdAt":"Thu May 14 17:45:10 CST 2026","updatedAt":"Thu May 14 17:45:10 CST 2026"},{"id":7,"studentCode":"XS20260429790522","studentName":"王六","phone":"13273576027","graduationSession":2026,"school":"湖南师范大学","education":"博士","studyMode":"ONLINE","productId":2,"joinTime":"Wed Apr 29 22:59:06 CST 2026","createdAt":"Wed Apr 29 22:59:15 CST 2026","updatedAt":"Wed Apr 29 22:59:15 CST 2026"},{"id":6,"studentCode":"XS20260417641291","studentName":"赵六","phone":"15118191034","graduationSession":2026,"school":"洪江一中","education":"本科","studyMode":"OFFLINE","classId":3,"productId":1,"joinTime":"Fri Apr 17 22:25:31 CST 2026","createdAt":"Fri Apr 17 22:25:50 CST 2026","updatedAt":"Fri Apr 17 22:25:50 CST 2026"},{"id":5,"studentCode":"XS20260417193131","studentName":"黄某","phone":"15118191031","graduationSession":2026,"school":"洪江一中","education":"本科","studyMode":"OFFLINE","classId":1,"productId":1,"joinTime":"Fri Apr 17 15:09:40 CST 2026","createdAt":"Fri Apr 17 15:10:18 CST 2026","updatedAt":"Fri Apr 17 15:10:18 CST 2026"},{"id":4,"studentCode":"XS20260416122330","studentName":"黄某","phone":"13273576024","graduationSession":2026,"school":"洪江一中","education":"大专","studyMode":"OFFLINE","classId":1,"productId":1,"joinTime":"Thu Apr 16 22:41:38 CST 2026","createdAt":"Thu Apr 16 22:42:25 CST 2026","updatedAt":"Thu Apr 16 22:42:25 CST 2026"},{"id":3,"studentCode":"XS20260416572329","studentName":"向某","phone":"13273576023","graduationSession":2026,"school":"洪江一中","education":"本科","studyMode":"OFFLINE","classId":2,"productId":1,"joinTime":"Thu Apr 16 22:28:40 CST 2026","createdAt":"Thu Apr 16 22:34:48 CST 2026","updatedAt":"Thu Apr 16 22:34:48 CST 2026"},{"id":2,"studentCode":"XS20260416896906","studentName":"王王","phone":"15118191032","graduationSession":2026,"school":"湖南师范大学","education":"大专","studyMode":"OFFLINE","classId":2,"productId":1,"joinTime":"Thu Apr 16 17:55:46 CST 2026","createdAt":"Thu Apr 16 18:01:02 CST 2026","updatedAt":"Thu Apr 16 18:01:02 CST 2026"},{"id":1,"studentCode":"XS20260416496798","studentName":"赵家","phone":"13273672819","graduationSession":2026,"school":"湖南师范大学","education":"本科","studyMode":"OFFLINE","classId":1,"productId":1,"joinTime":"Thu Apr 16 17:52:36 CST 2026","createdAt":"Thu Apr 16 17:53:12 CST 2026","updatedAt":"Thu Apr 16 17:53:12 CST 2026"}]}}
2026-06-11 22:07:35.316 [http-nio-8080-exec-9] [4d68a28a] [1] DEBUG c.y.m.u.m.SysUserMapper.selectById - ==>  Preparing: select id, username, password, nickname, real_name, phone, email, union_id, status, created_at, updated_at from sys_user where id = ?
2026-06-11 22:07:35.316 [http-nio-8080-exec-9] [4d68a28a] [1] DEBUG c.y.m.u.m.SysUserMapper.selectById - ==> Parameters: 1(Long)
2026-06-11 22:07:35.317 [http-nio-8080-exec-9] [4d68a28a] [1] DEBUG c.y.m.u.m.SysUserMapper.selectById - <==      Total: 1
2026-06-11 22:07:35.317 [http-nio-8080-exec-9] [4d68a28a] [1] DEBUG c.y.m.u.m.S.selectRoleIdsByUserId - ==>  Preparing: select role_id from sys_user_role where user_id = ? order by role_id asc
2026-06-11 22:07:35.317 [http-nio-8080-exec-9] [4d68a28a] [1] DEBUG c.y.m.u.m.S.selectRoleIdsByUserId - ==> Parameters: 1(Long)
2026-06-11 22:07:35.317 [http-nio-8080-exec-9] [4d68a28a] [1] DEBUG c.y.m.u.m.S.selectRoleIdsByUserId - <==      Total: 1
2026-06-11 22:07:35.317 [http-nio-8080-exec-9] [4d68a28a] [1] DEBUG c.y.m.u.m.SysRoleMapper.selectList - ==>  Preparing: select id, role_code, role_name, description, status, created_at, updated_at from sys_role WHERE id in ( ? )
2026-06-11 22:07:35.317 [http-nio-8080-exec-9] [4d68a28a] [1] DEBUG c.y.m.u.m.SysRoleMapper.selectList - ==> Parameters: 1(Long)
2026-06-11 22:07:35.317 [http-nio-8080-exec-9] [4d68a28a] [1] DEBUG c.y.m.u.m.SysRoleMapper.selectList - <==      Total: 1
2026-06-11 22:07:35.317 [http-nio-8080-exec-9] [4d68a28a] [1] DEBUG c.y.m.u.m.S.selectPermissionIdsByRoleId - ==>  Preparing: select permission_id from sys_role_permission where role_id in ( ? ) order by permission_id asc
2026-06-11 22:07:35.317 [http-nio-8080-exec-9] [4d68a28a] [1] DEBUG c.y.m.u.m.S.selectPermissionIdsByRoleId - ==> Parameters: 1(Long)
2026-06-11 22:07:35.318 [http-nio-8080-exec-9] [4d68a28a] [1] DEBUG c.y.m.u.m.S.selectPermissionIdsByRoleId - <==      Total: 4
2026-06-11 22:07:35.318 [http-nio-8080-exec-9] [4d68a28a] [1] DEBUG c.y.m.u.m.S.selectList - ==>  Preparing: select id, parent_id, permission_code, permission_name, permission_type, api_path, sort_num, description, status, created_at, updated_at from sys_permission WHERE id in ( ? , ? , ? , ? )
2026-06-11 22:07:35.318 [http-nio-8080-exec-9] [4d68a28a] [1] DEBUG c.y.m.u.m.S.selectList - ==> Parameters: 101(Long), 106(Long), 113(Long), 117(Long)
2026-06-11 22:07:35.318 [http-nio-8080-exec-9] [4d68a28a] [1] DEBUG c.y.m.u.m.S.selectList - <==      Total: 4
2026-06-11 22:07:35.319 [http-nio-8080-exec-9] [4d68a28a] [1] INFO  c.y.common.aop.ControllerLogAspect - 接口开始: uri=/yq-admin/api/eduClass, httpMethod=GET, controller=EduClassController#pageClass, args=[{"name":"req","value":{"pageNum":1,"pageSize":10}}]
2026-06-11 22:07:35.322 [http-nio-8080-exec-9] [4d68a28a] [1] DEBUG c.y.m.e.m.E.selectPage_COUNT - ==>  Preparing: SELECT count(0) FROM edu_class
2026-06-11 22:07:35.322 [http-nio-8080-exec-9] [4d68a28a] [1] DEBUG c.y.m.e.m.E.selectPage_COUNT - ==> Parameters: 
2026-06-11 22:07:35.323 [http-nio-8080-exec-9] [4d68a28a] [1] DEBUG c.y.m.e.m.E.selectPage_COUNT - <==      Total: 1
2026-06-11 22:07:35.323 [http-nio-8080-exec-9] [4d68a28a] [1] DEBUG c.y.m.e.m.EduClassMapper.selectPage - ==>  Preparing: select id, class_term, campus_id, head_teacher_id, class_status, start_time, course_id, student_count, created_at, updated_at from edu_class order by id desc LIMIT ?
2026-06-11 22:07:35.323 [http-nio-8080-exec-9] [4d68a28a] [1] DEBUG c.y.m.e.m.EduClassMapper.selectPage - ==> Parameters: 10(Integer)
2026-06-11 22:07:35.323 [http-nio-8080-exec-9] [4d68a28a] [1] DEBUG c.y.m.e.m.EduClassMapper.selectPage - <==      Total: 3
2026-06-11 22:07:35.323 [http-nio-8080-exec-9] [4d68a28a] [1] INFO  c.y.common.aop.ControllerLogAspect - 接口结束: uri=/yq-admin/api/eduClass, controller=EduClassController#pageClass, cost=4ms, result={"code":200,"message":"success","data":{"total":3,"pageNum":1,"pageSize":10,"records":[{"id":3,"classTerm":3,"campusId":1,"headTeacherId":3,"classStatus":"WAITING","startTime":"Thu Apr 16 00:00:00 CST 2026","courseId":1,"studentCount":0,"createdAt":"Mon Apr 13 20:34:39 CST 2026"},{"id":2,"classTerm":2,"campusId":1,"headTeacherId":3,"classStatus":"WAITING","startTime":"Mon Apr 13 00:00:00 CST 2026","courseId":1,"studentCount":0,"createdAt":"Mon Apr 13 20:15:52 CST 2026"},{"id":1,"classTerm":1,"campusId":1,"headTeacherId":3,"classStatus":"WAITING","startTime":"Mon Apr 13 00:00:00 CST 2026","courseId":1,"studentCount":0,"createdAt":"Sat Apr 11 17:09:28 CST 2026"}]}}
2026-06-11 22:07:35.867 [http-nio-8080-exec-10] [fafa2ef3] [1] DEBUG c.y.m.u.m.SysUserMapper.selectById - ==>  Preparing: select id, username, password, nickname, real_name, phone, email, union_id, status, created_at, updated_at from sys_user where id = ?
2026-06-11 22:07:35.868 [http-nio-8080-exec-10] [fafa2ef3] [1] DEBUG c.y.m.u.m.SysUserMapper.selectById - ==> Parameters: 1(Long)
2026-06-11 22:07:35.868 [http-nio-8080-exec-10] [fafa2ef3] [1] DEBUG c.y.m.u.m.SysUserMapper.selectById - <==      Total: 1
2026-06-11 22:07:35.868 [http-nio-8080-exec-10] [fafa2ef3] [1] DEBUG c.y.m.u.m.S.selectRoleIdsByUserId - ==>  Preparing: select role_id from sys_user_role where user_id = ? order by role_id asc
2026-06-11 22:07:35.868 [http-nio-8080-exec-10] [fafa2ef3] [1] DEBUG c.y.m.u.m.S.selectRoleIdsByUserId - ==> Parameters: 1(Long)
2026-06-11 22:07:35.868 [http-nio-8080-exec-10] [fafa2ef3] [1] DEBUG c.y.m.u.m.S.selectRoleIdsByUserId - <==      Total: 1
2026-06-11 22:07:35.869 [http-nio-8080-exec-10] [fafa2ef3] [1] DEBUG c.y.m.u.m.SysRoleMapper.selectList - ==>  Preparing: select id, role_code, role_name, description, status, created_at, updated_at from sys_role WHERE id in ( ? )
2026-06-11 22:07:35.869 [http-nio-8080-exec-10] [fafa2ef3] [1] DEBUG c.y.m.u.m.SysRoleMapper.selectList - ==> Parameters: 1(Long)
2026-06-11 22:07:35.869 [http-nio-8080-exec-10] [fafa2ef3] [1] DEBUG c.y.m.u.m.SysRoleMapper.selectList - <==      Total: 1
2026-06-11 22:07:35.869 [http-nio-8080-exec-10] [fafa2ef3] [1] DEBUG c.y.m.u.m.S.selectPermissionIdsByRoleId - ==>  Preparing: select permission_id from sys_role_permission where role_id in ( ? ) order by permission_id asc
2026-06-11 22:07:35.869 [http-nio-8080-exec-10] [fafa2ef3] [1] DEBUG c.y.m.u.m.S.selectPermissionIdsByRoleId - ==> Parameters: 1(Long)
2026-06-11 22:07:35.869 [http-nio-8080-exec-10] [fafa2ef3] [1] DEBUG c.y.m.u.m.S.selectPermissionIdsByRoleId - <==      Total: 4
2026-06-11 22:07:35.869 [http-nio-8080-exec-10] [fafa2ef3] [1] DEBUG c.y.m.u.m.S.selectList - ==>  Preparing: select id, parent_id, permission_code, permission_name, permission_type, api_path, sort_num, description, status, created_at, updated_at from sys_permission WHERE id in ( ? , ? , ? , ? )
2026-06-11 22:07:35.869 [http-nio-8080-exec-10] [fafa2ef3] [1] DEBUG c.y.m.u.m.S.selectList - ==> Parameters: 101(Long), 106(Long), 113(Long), 117(Long)
2026-06-11 22:07:35.870 [http-nio-8080-exec-10] [fafa2ef3] [1] DEBUG c.y.m.u.m.S.selectList - <==      Total: 4
2026-06-11 22:07:35.870 [http-nio-8080-exec-10] [fafa2ef3] [1] INFO  c.y.common.aop.ControllerLogAspect - 接口开始: uri=/yq-admin/api/sysPermission, httpMethod=GET, controller=SysPermissionController#pagePermission, args=[{"name":"req","value":{"pageNum":1,"pageSize":1000}}]
2026-06-11 22:07:35.875 [http-nio-8080-exec-10] [fafa2ef3] [1] DEBUG c.y.m.u.m.S.selectPage_COUNT - ==>  Preparing: SELECT count(0) FROM sys_permission
2026-06-11 22:07:35.875 [http-nio-8080-exec-10] [fafa2ef3] [1] DEBUG c.y.m.u.m.S.selectPage_COUNT - ==> Parameters: 
2026-06-11 22:07:35.876 [http-nio-8080-exec-10] [fafa2ef3] [1] DEBUG c.y.m.u.m.S.selectPage_COUNT - <==      Total: 1
2026-06-11 22:07:35.876 [http-nio-8080-exec-10] [fafa2ef3] [1] DEBUG c.y.m.u.m.S.selectPage - ==>  Preparing: select id, parent_id, permission_code, permission_name, permission_type, api_path, sort_num, description, status, created_at, updated_at from sys_permission order by sort_num asc, id desc LIMIT ?
2026-06-11 22:07:35.876 [http-nio-8080-exec-10] [fafa2ef3] [1] DEBUG c.y.m.u.m.S.selectPage - ==> Parameters: 1000(Integer)
2026-06-11 22:07:35.878 [http-nio-8080-exec-10] [fafa2ef3] [1] DEBUG c.y.m.u.m.S.selectPage - <==      Total: 177
2026-06-11 22:07:35.880 [http-nio-8080-exec-10] [fafa2ef3] [1] INFO  c.y.common.aop.ControllerLogAspect - 接口结束: uri=/yq-admin/api/sysPermission, controller=SysPermissionController#pagePermission, cost=9ms, result={"code":200,"message":"success","data":{"total":177,"pageNum":1,"pageSize":1000,"records":[{"id":287,"parentId":286,"permissionName":"面试复盘上传音频按钮","permissionType":"BUTTON","permissionCode":"button:interview-review:upload","sortNum":1,"status":"1","description":"面试复盘页面的上传音频按钮","createdAt":"Wed May 20 22:13:56 CST 2026"},{"id":272,"parentId":271,"permissionName":"自媒体生成选题按钮","permissionType":"BUTTON","permissionCode":"button:media-agent:generate-topics","sortNum":1,"status":"1","description":"自媒体创作页面的生成选题按钮","createdAt":"Sat May 09 16:32:32 CST 2026"},{"id":268,"parentId":267,"permissionName":"数据分析执行按钮","permissionType":"BUTTON","permissionCode":"button:data-analysis:analyze","sortNum":1,"status":"1","description":"数据分析页面的开始分析按钮","createdAt":"Fri May 08 16:42:19 CST 2026"},{"id":249,"parentId":121,"permissionName":"发布作业按钮","permissionType":"BUTTON","permissionCode":"button:homework:create","sortNum":1,"status":"1","description":"作业管理页面的发布作业按钮","createdAt":"Wed Apr 22 16:21:14 CST 2026"},{"id":247,"parentId":118,"permissionName":"学生绑定权限模板按钮","permissionType":"BUTTON","permissionCode":"button:student:bind-permission-template","sortNum":1,"status":"1","description":"学生管理页面的绑定权限模板按钮","createdAt":"Wed Apr 22 14:20:45 CST 2026"},{"id":243,"parentId":119,"permissionName":"学员权限模板新增按钮","permissionType":"BUTTON","permissionCode":"button:student-permission-template:create","sortNum":1,"status":"1","description":"学员权限模板页面的新增按钮","createdAt":"Mon Apr 20 00:05:46 CST 2026"},{"id":240,"parentId":115,"permissionName":"订单新增按钮","permissionType":"BUTTON","permissionCode":"button:order:create","sortNum":1,"status":"1","description":"订单管理页面的新增按钮","createdAt":"Sun Apr 12 23:10:59 CST 2026"},{"id":237,"parentId":114,"permissionName":"产品新增按钮","permissionType":"BUTTON","permissionCode":"button:product:create","sortNum":1,"status":"1","description":"产品管理页面的新增按钮","createdAt":"Sun Apr 12 14:19:04 CST 2026"},{"id":235,"parentId":112,"permissionName":"值班查看按钮","permissionType":"BUTTON","permissionCode":"button:duty:view","sortNum":1,"status":"1","description":"值班管理页面的查看按钮","createdAt":"Sun Apr 12 13:11:55 CST 2026"},{"id":234,"parentId":111,"permissionName":"老师课表查看按钮","permissionType":"BUTTON","permissionCode":"button:teacher-schedule:view","sortNum":1,"status":"1","description":"老师课表页面的查看按钮","createdAt":"Sun Apr 12 03:21:07 CST 2026"},{"id":231,"parentId":110,"permissionName":"课表查看按钮","permissionType":"BUTTON","permissionCode":"button:schedule:view","sortNum":1,"status":"1","description":"课表管理页面的查看按钮","createdAt":"Sat Apr 11 19:46:45 CST 2026"},{"id":227,"parentId":109,"permissionName":"班级新增按钮","permissionType":"BUTTON","permissionCode":"button:class:create","sortNum":1,"status":"1","description":"班级管理页面的新增按钮","createdAt":"Sat Apr 11 17:05:40 CST 2026"},{"id":218,"parentId":108,"permissionName":"课程新增按钮","permissionType":"BUTTON","permissionCode":"button:course:create","sortNum":1,"status":"1","description":"课程管理页面的新增按钮","createdAt":"Sat Apr 11 16:02:19 CST 2026"},{"id":215,"parentId":107,"permissionName":"校区新增按钮","permissionType":"BUTTON","permissionCode":"button:campus:create","sortNum":1,"status":"1","description":"校区管理页面的新增按钮","createdAt":"Sat Apr 11 15:49:16 CST 2026"},{"id":212,"parentId":105,"permissionName":"系统参数新增按钮","permissionType":"BUTTON","permissionCode":"button:config:create","sortNum":1,"status":"1","description":"系统参数页面的新增配置按钮","createdAt":"Fri Apr 10 20:08:09 CST 2026"},{"id":209,"parentId":104,"permissionName":"权限新增按钮","permissionType":"BUTTON","permissionCode":"button:permission:create","sortNum":1,"status":"1","description":"权限管理页面的新增权限按钮","createdAt":"Thu Apr 09 21:22:28 CST 2026"},{"id":205,"parentId":103,"permissionName":"角色新增按钮","permissionType":"BUTTON","permissionCode":"button:role:create","sortNum":1,"status":"1","description":"角色管理页面的新增角色按钮","createdAt":"Thu Apr 09 21:22:28 CST 2026"},{"id":201,"parentId":102,"permissionName":"用户新增按钮","permissionType":"BUTTON","permissionCode":"button:user:create","sortNum":1,"status":"ACTIVE","desc...(truncated)
2026-06-11 22:07:36.581 [http-nio-8080-exec-1] [2e7381ac] [1] DEBUG c.y.m.u.m.SysUserMapper.selectById - ==>  Preparing: select id, username, password, nickname, real_name, phone, email, union_id, status, created_at, updated_at from sys_user where id = ?
2026-06-11 22:07:36.581 [http-nio-8080-exec-1] [2e7381ac] [1] DEBUG c.y.m.u.m.SysUserMapper.selectById - ==> Parameters: 1(Long)
2026-06-11 22:07:36.581 [http-nio-8080-exec-1] [2e7381ac] [1] DEBUG c.y.m.u.m.SysUserMapper.selectById - <==      Total: 1
2026-06-11 22:07:36.583 [http-nio-8080-exec-1] [2e7381ac] [1] DEBUG c.y.m.u.m.S.selectRoleIdsByUserId - ==>  Preparing: select role_id from sys_user_role where user_id = ? order by role_id asc
2026-06-11 22:07:36.583 [http-nio-8080-exec-1] [2e7381ac] [1] DEBUG c.y.m.u.m.S.selectRoleIdsByUserId - ==> Parameters: 1(Long)
2026-06-11 22:07:36.583 [http-nio-8080-exec-1] [2e7381ac] [1] DEBUG c.y.m.u.m.S.selectRoleIdsByUserId - <==      Total: 1
2026-06-11 22:07:36.583 [http-nio-8080-exec-1] [2e7381ac] [1] DEBUG c.y.m.u.m.SysRoleMapper.selectList - ==>  Preparing: select id, role_code, role_name, description, status, created_at, updated_at from sys_role WHERE id in ( ? )
2026-06-11 22:07:36.583 [http-nio-8080-exec-1] [2e7381ac] [1] DEBUG c.y.m.u.m.SysRoleMapper.selectList - ==> Parameters: 1(Long)
2026-06-11 22:07:36.583 [http-nio-8080-exec-1] [2e7381ac] [1] DEBUG c.y.m.u.m.SysRoleMapper.selectList - <==      Total: 1
2026-06-11 22:07:36.583 [http-nio-8080-exec-1] [2e7381ac] [1] DEBUG c.y.m.u.m.S.selectPermissionIdsByRoleId - ==>  Preparing: select permission_id from sys_role_permission where role_id in ( ? ) order by permission_id asc
2026-06-11 22:07:36.583 [http-nio-8080-exec-1] [2e7381ac] [1] DEBUG c.y.m.u.m.S.selectPermissionIdsByRoleId - ==> Parameters: 1(Long)
2026-06-11 22:07:36.584 [http-nio-8080-exec-1] [2e7381ac] [1] DEBUG c.y.m.u.m.S.selectPermissionIdsByRoleId - <==      Total: 4
2026-06-11 22:07:36.584 [http-nio-8080-exec-1] [2e7381ac] [1] DEBUG c.y.m.u.m.S.selectList - ==>  Preparing: select id, parent_id, permission_code, permission_name, permission_type, api_path, sort_num, description, status, created_at, updated_at from sys_permission WHERE id in ( ? , ? , ? , ? )
2026-06-11 22:07:36.584 [http-nio-8080-exec-1] [2e7381ac] [1] DEBUG c.y.m.u.m.S.selectList - ==> Parameters: 101(Long), 106(Long), 113(Long), 117(Long)
2026-06-11 22:07:36.584 [http-nio-8080-exec-1] [2e7381ac] [1] DEBUG c.y.m.u.m.S.selectList - <==      Total: 4
2026-06-11 22:07:36.584 [http-nio-8080-exec-1] [2e7381ac] [1] INFO  c.y.common.aop.ControllerLogAspect - 接口开始: uri=/yq-admin/api/sysUser, httpMethod=GET, controller=SysUserController#pageUser, args=[{"name":"req","value":{"pageNum":1,"pageSize":10}}]
2026-06-11 22:07:36.588 [http-nio-8080-exec-1] [2e7381ac] [1] DEBUG c.y.m.u.m.S.selectPage_COUNT - ==>  Preparing: SELECT count(0) FROM sys_user
2026-06-11 22:07:36.588 [http-nio-8080-exec-1] [2e7381ac] [1] DEBUG c.y.m.u.m.S.selectPage_COUNT - ==> Parameters: 
2026-06-11 22:07:36.589 [http-nio-8080-exec-1] [2e7381ac] [1] DEBUG c.y.m.u.m.S.selectPage_COUNT - <==      Total: 1
2026-06-11 22:07:36.589 [http-nio-8080-exec-1] [2e7381ac] [1] DEBUG c.y.m.u.m.SysUserMapper.selectPage - ==>  Preparing: select id, username, password, nickname, real_name, phone, email, union_id, status, created_at, updated_at from sys_user order by id desc LIMIT ?
2026-06-11 22:07:36.589 [http-nio-8080-exec-1] [2e7381ac] [1] DEBUG c.y.m.u.m.SysUserMapper.selectPage - ==> Parameters: 10(Integer)
2026-06-11 22:07:36.589 [http-nio-8080-exec-1] [2e7381ac] [1] DEBUG c.y.m.u.m.SysUserMapper.selectPage - <==      Total: 6
2026-06-11 22:07:36.589 [http-nio-8080-exec-1] [2e7381ac] [1] INFO  c.y.common.aop.ControllerLogAspect - 接口结束: uri=/yq-admin/api/sysUser, controller=SysUserController#pageUser, cost=5ms, result={"code":200,"message":"success","data":{"total":6,"pageNum":1,"pageSize":10,"records":[{"id":6,"username":"haha","nickname":"哈哈哈","realName":"哈哈","phone":"15118191032","email":"913038933@qq.com","status":"ACTIVE","createdAt":"Fri Apr 17 15:54:46 CST 2026"},{"id":5,"username":"laoshi2","nickname":"老师2","realName":"老师2","phone":"13762922584","status":"ACTIVE","createdAt":"Sun Apr 12 01:48:55 CST 2026"},{"id":4,"username":"laoshi1","nickname":"老师1","realName":"老师1","phone":"13273576020","status":"ACTIVE","createdAt":"Sun Apr 12 01:48:37 CST 2026"},{"id":3,"username":"banzhuren","nickname":"班主任老师","realName":"班主任老师","phone":"15118191032","status":"ACTIVE","createdAt":"Sat Apr 11 17:06:53 CST 2026"},{"id":2,"username":"huangjin","nickname":"黄瑾","realName":"黄瑾","phone":"13273672819","email":"913038933@qq.com","status":"ACTIVE","createdAt":"Thu Apr 09 22:04:43 CST 2026"},{"id":1,"username":"admin","nickname":"系统管理员","realName":"超级管理员","phone":"13800000000","email":"admin@yq.com","status":"ACTIVE","createdAt":"Thu Apr 09 20:50:39 CST 2026"}]}}
2026-06-11 22:07:58.704 [http-nio-8080-exec-2] [4861a7bb] [1] ERROR c.y.c.e.GlobalExceptionHandler - 业务异常: code=401, message=签名密钥不存在，请重新登录
cn.yanque.common.exception.BusinessException: 签名密钥不存在，请重新登录
	at cn.yanque.models.auth.interceptor.SignInterceptor.preHandle(SignInterceptor.java:60)
	at org.springframework.web.servlet.HandlerExecutionChain.applyPreHandle(HandlerExecutionChain.java:146)
	at org.springframework.web.servlet.DispatcherServlet.doDispatch(DispatcherServlet.java:1084)
	at org.springframework.web.servlet.DispatcherServlet.doService(DispatcherServlet.java:979)
	at org.springframework.web.servlet.FrameworkServlet.processRequest(FrameworkServlet.java:1014)
	at org.springframework.web.servlet.FrameworkServlet.doGet(FrameworkServlet.java:903)
	at jakarta.servlet.http.HttpServlet.service(HttpServlet.java:564)
	at org.springframework.web.servlet.FrameworkServlet.service(FrameworkServlet.java:885)
	at jakarta.servlet.http.HttpServlet.service(HttpServlet.java:658)
	at org.apache.catalina.core.ApplicationFilterChain.internalDoFilter(ApplicationFilterChain.java:205)
	at org.apache.catalina.core.ApplicationFilterChain.doFilter(ApplicationFilterChain.java:149)
	at org.apache.tomcat.websocket.server.WsFilter.doFilter(WsFilter.java:51)
	at org.apache.catalina.core.ApplicationFilterChain.internalDoFilter(ApplicationFilterChain.java:174)
	at org.apache.catalina.core.ApplicationFilterChain.doFilter(ApplicationFilterChain.java:149)
	at org.springframework.web.filter.RequestContextFilter.doFilterInternal(RequestContextFilter.java:100)
	at org.springframework.web.filter.OncePerRequestFilter.doFilter(OncePerRequestFilter.java:116)
	at org.apache.catalina.core.ApplicationFilterChain.internalDoFilter(ApplicationFilterChain.java:174)
	at org.apache.catalina.core.ApplicationFilterChain.doFilter(ApplicationFilterChain.java:149)
	at org.springframework.web.filter.FormContentFilter.doFilterInternal(FormContentFilter.java:93)
	at org.springframework.web.filter.OncePerRequestFilter.doFilter(OncePerRequestFilter.java:116)
	at org.apache.catalina.core.ApplicationFilterChain.internalDoFilter(ApplicationFilterChain.java:174)
	at org.apache.catalina.core.ApplicationFilterChain.doFilter(ApplicationFilterChain.java:149)
	at org.springframework.web.filter.CharacterEncodingFilter.doFilterInternal(CharacterEncodingFilter.java:201)
	at org.springframework.web.filter.OncePerRequestFilter.doFilter(OncePerRequestFilter.java:116)
	at org.apache.catalina.core.ApplicationFilterChain.internalDoFilter(ApplicationFilterChain.java:174)
	at org.apache.catalina.core.ApplicationFilterChain.doFilter(ApplicationFilterChain.java:149)
	at cn.yanque.config.MdcFilter.doFilterInternal(MdcFilter.java:37)
	at org.springframework.web.filter.OncePerRequestFilter.doFilter(OncePerRequestFilter.java:116)
	at org.apache.catalina.core.ApplicationFilterChain.internalDoFilter(ApplicationFilterChain.java:174)
	at org.apache.catalina.core.ApplicationFilterChain.doFilter(ApplicationFilterChain.java:149)
	at org.apache.catalina.core.StandardWrapperValve.invoke(StandardWrapperValve.java:167)
	at org.apache.catalina.core.StandardContextValve.invoke(StandardContextValve.java:90)
	at org.apache.catalina.authenticator.AuthenticatorBase.invoke(AuthenticatorBase.java:482)
	at org.apache.catalina.core.StandardHostValve.invoke(StandardHostValve.java:115)
	at org.apache.catalina.valves.ErrorReportValve.invoke(ErrorReportValve.java:93)
	at org.apache.catalina.core.StandardEngineValve.invoke(StandardEngineValve.java:74)
	at org.apache.catalina.connector.CoyoteAdapter.service(CoyoteAdapter.java:340)
	at org.apache.coyote.http11.Http11Processor.service(Http11Processor.java:391)
	at org.apache.coyote.AbstractProcessorLight.process(AbstractProcessorLight.java:63)
	at org.apache.coyote.AbstractProtocol$ConnectionHandler.process(AbstractProtocol.java:896)
	at org.apache.tomcat.util.net.NioEndpoint$SocketProcessor.doRun(NioEndpoint.java:1744)
	at org.apache.tomcat.util.net.SocketProcessorBase.run(SocketProcessorBase.java:52)
	at org.apache.tomcat.util.threads.ThreadPoolExecutor.runWorker(ThreadPoolExecutor.java:1191)
	at org.apache.tomcat.util.threads.ThreadPoolExecutor$Worker.run(ThreadPoolExecutor.java:659)
	at org.apache.tomcat.util.threads.TaskThread$WrappingRunnable.run(TaskThread.java:61)
	at java.base/java.lang.Thread.run(Thread.java:840)
2026-06-11 22:08:01.220 [http-nio-8080-exec-3] [cbe9dbb8] [] INFO  c.y.common.aop.ControllerLogAspect - 接口开始: uri=/yq-admin/api/sysUser/login, httpMethod=POST, controller=SysUserController#login, args=[{"name":"req","value":{"username":"admin","password":"****"}}]
2026-06-11 22:08:01.220 [http-nio-8080-exec-3] [cbe9dbb8] [] DEBUG c.y.m.u.m.S.selectByUsername - ==>  Preparing: select id, username, password, nickname, real_name, phone, email, union_id, status, created_at, updated_at from sys_user where username = ?
2026-06-11 22:08:01.221 [http-nio-8080-exec-3] [cbe9dbb8] [] DEBUG c.y.m.u.m.S.selectByUsername - ==> Parameters: admin(String)
2026-06-11 22:08:01.221 [http-nio-8080-exec-3] [cbe9dbb8] [] DEBUG c.y.m.u.m.S.selectByUsername - <==      Total: 1
2026-06-11 22:08:01.222 [http-nio-8080-exec-3] [cbe9dbb8] [] DEBUG c.y.m.u.m.SysUserMapper.selectById - ==>  Preparing: select id, username, password, nickname, real_name, phone, email, union_id, status, created_at, updated_at from sys_user where id = ?
2026-06-11 22:08:01.222 [http-nio-8080-exec-3] [cbe9dbb8] [] DEBUG c.y.m.u.m.SysUserMapper.selectById - ==> Parameters: 1(Long)
2026-06-11 22:08:01.222 [http-nio-8080-exec-3] [cbe9dbb8] [] DEBUG c.y.m.u.m.SysUserMapper.selectById - <==      Total: 1
2026-06-11 22:08:01.223 [http-nio-8080-exec-3] [cbe9dbb8] [] DEBUG c.y.m.u.m.S.selectRoleIdsByUserId - ==>  Preparing: select role_id from sys_user_role where user_id = ? order by role_id asc
2026-06-11 22:08:01.223 [http-nio-8080-exec-3] [cbe9dbb8] [] DEBUG c.y.m.u.m.S.selectRoleIdsByUserId - ==> Parameters: 1(Long)
2026-06-11 22:08:01.223 [http-nio-8080-exec-3] [cbe9dbb8] [] DEBUG c.y.m.u.m.S.selectRoleIdsByUserId - <==      Total: 1
2026-06-11 22:08:01.223 [http-nio-8080-exec-3] [cbe9dbb8] [] DEBUG c.y.m.u.m.SysRoleMapper.selectList - ==>  Preparing: select id, role_code, role_name, description, status, created_at, updated_at from sys_role WHERE id in ( ? )
2026-06-11 22:08:01.223 [http-nio-8080-exec-3] [cbe9dbb8] [] DEBUG c.y.m.u.m.SysRoleMapper.selectList - ==> Parameters: 1(Long)
2026-06-11 22:08:01.223 [http-nio-8080-exec-3] [cbe9dbb8] [] DEBUG c.y.m.u.m.SysRoleMapper.selectList - <==      Total: 1
2026-06-11 22:08:01.224 [http-nio-8080-exec-3] [cbe9dbb8] [] DEBUG c.y.m.u.m.S.selectPermissionIdsByRoleId - ==>  Preparing: select permission_id from sys_role_permission where role_id in ( ? ) order by permission_id asc
2026-06-11 22:08:01.224 [http-nio-8080-exec-3] [cbe9dbb8] [] DEBUG c.y.m.u.m.S.selectPermissionIdsByRoleId - ==> Parameters: 1(Long)
2026-06-11 22:08:01.224 [http-nio-8080-exec-3] [cbe9dbb8] [] DEBUG c.y.m.u.m.S.selectPermissionIdsByRoleId - <==      Total: 4
2026-06-11 22:08:01.224 [http-nio-8080-exec-3] [cbe9dbb8] [] DEBUG c.y.m.u.m.S.selectList - ==>  Preparing: select id, parent_id, permission_code, permission_name, permission_type, api_path, sort_num, description, status, created_at, updated_at from sys_permission WHERE id in ( ? , ? , ? , ? )
2026-06-11 22:08:01.224 [http-nio-8080-exec-3] [cbe9dbb8] [] DEBUG c.y.m.u.m.S.selectList - ==> Parameters: 101(Long), 106(Long), 113(Long), 117(Long)
2026-06-11 22:08:01.225 [http-nio-8080-exec-3] [cbe9dbb8] [] DEBUG c.y.m.u.m.S.selectList - <==      Total: 4
2026-06-11 22:08:01.225 [http-nio-8080-exec-3] [cbe9dbb8] [] INFO  c.y.common.aop.ControllerLogAspect - 接口结束: uri=/yq-admin/api/sysUser/login, controller=SysUserController#login, cost=5ms, result={"code":200,"message":"success","data":{"token":"ey****d8","signSecret":"nj****3M","userDetailRes":{"id":1,"username":"admin","nickname":"系统管理员","realName":"超级管理员","phone":"13800000000","email":"admin@yq.com","unionId":"on_8dc4e328a2870919088b018841458703","status":"ACTIVE","createdAt":"Thu Apr 09 20:50:39 CST 2026","updatedAt":"Wed Jun 10 20:14:33 CST 2026"},"roleDetailResList":[{"id":1,"roleCode":"SUPER_ADMIN","roleName":"超级管理员","description":"拥有全部后台权限","status":"ACTIVE","createdAt":"Thu Apr 09 20:50:38 CST 2026","updatedAt":"Wed Jun 10 20:13:59 CST 2026"}],"permissionDetailResList":[{"id":101,"parentId":0,"permissionName":"系统配置","permissionType":"MENU","permissionCode":"menu:system","sortNum":1,"status":"ACTIVE","description":"左侧导航中的系统配置父级菜单","createdAt":"Thu Apr 09 21:22:28 CST 2026","updatedAt":"Thu Jun 11 19:21:05 CST 2026"},{"id":106,"parentId":0,"permissionName":"教学管理","permissionType":"MENU","permissionCode":"menu:teaching","sortNum":2,"status":"ACTIVE","description":"左侧导航中的教学管理父级菜单","createdAt":"Sat Apr 11 15:49:16 CST 2026","updatedAt":"Thu Jun 11 19:21:10 CST 2026"},{"id":113,"parentId":0,"permissionName":"销售管理","permissionType":"MENU","permissionCode":"menu:sales","sortNum":3,"status":"ACTIVE","description":"左侧导航中的销售管理父级菜单","createdAt":"Sun Apr 12 14:19:04 CST 2026","updatedAt":"Thu Jun 11 19:21:13 CST 2026"},{"id":117,"parentId":0,"permissionName":"学员管理","permissionType":"MENU","permissionCode":"menu:student","sortNum":4,"status":"ACTIVE","description":"左侧导航中的学员管理父级菜单","createdAt":"Sun Apr 19 23:54:31 CST 2026","updatedAt":"Thu Jun 11 19:21:15 CST 2026"}]}}
2026-06-11 22:08:01.291 [http-nio-8080-exec-4] [88eb956a] [1] DEBUG c.y.m.u.m.SysUserMapper.selectById - ==>  Preparing: select id, username, password, nickname, real_name, phone, email, union_id, status, created_at, updated_at from sys_user where id = ?
2026-06-11 22:08:01.291 [http-nio-8080-exec-4] [88eb956a] [1] DEBUG c.y.m.u.m.SysUserMapper.selectById - ==> Parameters: 1(Long)
2026-06-11 22:08:01.292 [http-nio-8080-exec-4] [88eb956a] [1] DEBUG c.y.m.u.m.SysUserMapper.selectById - <==      Total: 1
2026-06-11 22:08:01.292 [http-nio-8080-exec-4] [88eb956a] [1] DEBUG c.y.m.u.m.S.selectRoleIdsByUserId - ==>  Preparing: select role_id from sys_user_role where user_id = ? order by role_id asc
2026-06-11 22:08:01.292 [http-nio-8080-exec-4] [88eb956a] [1] DEBUG c.y.m.u.m.S.selectRoleIdsByUserId - ==> Parameters: 1(Long)
2026-06-11 22:08:01.292 [http-nio-8080-exec-4] [88eb956a] [1] DEBUG c.y.m.u.m.S.selectRoleIdsByUserId - <==      Total: 1
2026-06-11 22:08:01.293 [http-nio-8080-exec-4] [88eb956a] [1] DEBUG c.y.m.u.m.SysRoleMapper.selectList - ==>  Preparing: select id, role_code, role_name, description, status, created_at, updated_at from sys_role WHERE id in ( ? )
2026-06-11 22:08:01.293 [http-nio-8080-exec-4] [88eb956a] [1] DEBUG c.y.m.u.m.SysRoleMapper.selectList - ==> Parameters: 1(Long)
2026-06-11 22:08:01.293 [http-nio-8080-exec-4] [88eb956a] [1] DEBUG c.y.m.u.m.SysRoleMapper.selectList - <==      Total: 1
2026-06-11 22:08:01.293 [http-nio-8080-exec-4] [88eb956a] [1] DEBUG c.y.m.u.m.S.selectPermissionIdsByRoleId - ==>  Preparing: select permission_id from sys_role_permission where role_id in ( ? ) order by permission_id asc
2026-06-11 22:08:01.293 [http-nio-8080-exec-4] [88eb956a] [1] DEBUG c.y.m.u.m.S.selectPermissionIdsByRoleId - ==> Parameters: 1(Long)
2026-06-11 22:08:01.293 [http-nio-8080-exec-4] [88eb956a] [1] DEBUG c.y.m.u.m.S.selectPermissionIdsByRoleId - <==      Total: 4
2026-06-11 22:08:01.294 [http-nio-8080-exec-4] [88eb956a] [1] DEBUG c.y.m.u.m.S.selectList - ==>  Preparing: select id, parent_id, permission_code, permission_name, permission_type, api_path, sort_num, description, status, created_at, updated_at from sys_permission WHERE id in ( ? , ? , ? , ? )
2026-06-11 22:08:01.294 [http-nio-8080-exec-4] [88eb956a] [1] DEBUG c.y.m.u.m.S.selectList - ==> Parameters: 101(Long), 106(Long), 113(Long), 117(Long)
2026-06-11 22:08:01.294 [http-nio-8080-exec-4] [88eb956a] [1] DEBUG c.y.m.u.m.S.selectList - <==      Total: 4
2026-06-11 22:08:01.295 [http-nio-8080-exec-4] [88eb956a] [1] INFO  c.y.common.aop.ControllerLogAspect - 接口开始: uri=/yq-admin/api/sysUser, httpMethod=GET, controller=SysUserController#pageUser, args=[{"name":"req","value":{"pageNum":1,"pageSize":10}}]
2026-06-11 22:08:01.301 [http-nio-8080-exec-4] [88eb956a] [1] DEBUG c.y.m.u.m.S.selectPage_COUNT - ==>  Preparing: SELECT count(0) FROM sys_user
2026-06-11 22:08:01.301 [http-nio-8080-exec-4] [88eb956a] [1] DEBUG c.y.m.u.m.S.selectPage_COUNT - ==> Parameters: 
2026-06-11 22:08:01.303 [http-nio-8080-exec-4] [88eb956a] [1] DEBUG c.y.m.u.m.S.selectPage_COUNT - <==      Total: 1
2026-06-11 22:08:01.303 [http-nio-8080-exec-4] [88eb956a] [1] DEBUG c.y.m.u.m.SysUserMapper.selectPage - ==>  Preparing: select id, username, password, nickname, real_name, phone, email, union_id, status, created_at, updated_at from sys_user order by id desc LIMIT ?
2026-06-11 22:08:01.304 [http-nio-8080-exec-4] [88eb956a] [1] DEBUG c.y.m.u.m.SysUserMapper.selectPage - ==> Parameters: 10(Integer)
2026-06-11 22:08:01.304 [http-nio-8080-exec-4] [88eb956a] [1] DEBUG c.y.m.u.m.SysUserMapper.selectPage - <==      Total: 6
2026-06-11 22:08:01.304 [http-nio-8080-exec-4] [88eb956a] [1] INFO  c.y.common.aop.ControllerLogAspect - 接口结束: uri=/yq-admin/api/sysUser, controller=SysUserController#pageUser, cost=9ms, result={"code":200,"message":"success","data":{"total":6,"pageNum":1,"pageSize":10,"records":[{"id":6,"username":"haha","nickname":"哈哈哈","realName":"哈哈","phone":"15118191032","email":"913038933@qq.com","status":"ACTIVE","createdAt":"Fri Apr 17 15:54:46 CST 2026"},{"id":5,"username":"laoshi2","nickname":"老师2","realName":"老师2","phone":"13762922584","status":"ACTIVE","createdAt":"Sun Apr 12 01:48:55 CST 2026"},{"id":4,"username":"laoshi1","nickname":"老师1","realName":"老师1","phone":"13273576020","status":"ACTIVE","createdAt":"Sun Apr 12 01:48:37 CST 2026"},{"id":3,"username":"banzhuren","nickname":"班主任老师","realName":"班主任老师","phone":"15118191032","status":"ACTIVE","createdAt":"Sat Apr 11 17:06:53 CST 2026"},{"id":2,"username":"huangjin","nickname":"黄瑾","realName":"黄瑾","phone":"13273672819","email":"913038933@qq.com","status":"ACTIVE","createdAt":"Thu Apr 09 22:04:43 CST 2026"},{"id":1,"username":"admin","nickname":"系统管理员","realName":"超级管理员","phone":"13800000000","email":"admin@yq.com","status":"ACTIVE","createdAt":"Thu Apr 09 20:50:39 CST 2026"}]}}
2026-06-11 22:08:02.278 [http-nio-8080-exec-5] [517232fe] [1] DEBUG c.y.m.u.m.SysUserMapper.selectById - ==>  Preparing: select id, username, password, nickname, real_name, phone, email, union_id, status, created_at, updated_at from sys_user where id = ?
2026-06-11 22:08:02.278 [http-nio-8080-exec-5] [517232fe] [1] DEBUG c.y.m.u.m.SysUserMapper.selectById - ==> Parameters: 1(Long)
2026-06-11 22:08:02.279 [http-nio-8080-exec-5] [517232fe] [1] DEBUG c.y.m.u.m.SysUserMapper.selectById - <==      Total: 1
2026-06-11 22:08:02.279 [http-nio-8080-exec-5] [517232fe] [1] DEBUG c.y.m.u.m.S.selectRoleIdsByUserId - ==>  Preparing: select role_id from sys_user_role where user_id = ? order by role_id asc
2026-06-11 22:08:02.279 [http-nio-8080-exec-5] [517232fe] [1] DEBUG c.y.m.u.m.S.selectRoleIdsByUserId - ==> Parameters: 1(Long)
2026-06-11 22:08:02.280 [http-nio-8080-exec-5] [517232fe] [1] DEBUG c.y.m.u.m.S.selectRoleIdsByUserId - <==      Total: 1
2026-06-11 22:08:02.280 [http-nio-8080-exec-5] [517232fe] [1] DEBUG c.y.m.u.m.SysRoleMapper.selectList - ==>  Preparing: select id, role_code, role_name, description, status, created_at, updated_at from sys_role WHERE id in ( ? )
2026-06-11 22:08:02.280 [http-nio-8080-exec-5] [517232fe] [1] DEBUG c.y.m.u.m.SysRoleMapper.selectList - ==> Parameters: 1(Long)
2026-06-11 22:08:02.280 [http-nio-8080-exec-5] [517232fe] [1] DEBUG c.y.m.u.m.SysRoleMapper.selectList - <==      Total: 1
2026-06-11 22:08:02.280 [http-nio-8080-exec-5] [517232fe] [1] DEBUG c.y.m.u.m.S.selectPermissionIdsByRoleId - ==>  Preparing: select permission_id from sys_role_permission where role_id in ( ? ) order by permission_id asc
2026-06-11 22:08:02.281 [http-nio-8080-exec-5] [517232fe] [1] DEBUG c.y.m.u.m.S.selectPermissionIdsByRoleId - ==> Parameters: 1(Long)
2026-06-11 22:08:02.281 [http-nio-8080-exec-5] [517232fe] [1] DEBUG c.y.m.u.m.S.selectPermissionIdsByRoleId - <==      Total: 4
2026-06-11 22:08:02.281 [http-nio-8080-exec-5] [517232fe] [1] DEBUG c.y.m.u.m.S.selectList - ==>  Preparing: select id, parent_id, permission_code, permission_name, permission_type, api_path, sort_num, description, status, created_at, updated_at from sys_permission WHERE id in ( ? , ? , ? , ? )
2026-06-11 22:08:02.281 [http-nio-8080-exec-5] [517232fe] [1] DEBUG c.y.m.u.m.S.selectList - ==> Parameters: 101(Long), 106(Long), 113(Long), 117(Long)
2026-06-11 22:08:02.281 [http-nio-8080-exec-5] [517232fe] [1] DEBUG c.y.m.u.m.S.selectList - <==      Total: 4
2026-06-11 22:08:02.283 [http-nio-8080-exec-5] [517232fe] [1] INFO  c.y.common.aop.ControllerLogAspect - 接口开始: uri=/yq-admin/api/eduStudent, httpMethod=GET, controller=EduStudentController#pageStudent, args=[{"name":"req","value":{"pageNum":1,"pageSize":10}}]
2026-06-11 22:08:02.289 [http-nio-8080-exec-5] [517232fe] [1] DEBUG c.y.m.e.m.E.selectPage_COUNT - ==>  Preparing: SELECT count(0) FROM edu_student
2026-06-11 22:08:02.289 [http-nio-8080-exec-5] [517232fe] [1] DEBUG c.y.m.e.m.E.selectPage_COUNT - ==> Parameters: 
2026-06-11 22:08:02.290 [http-nio-8080-exec-5] [517232fe] [1] DEBUG c.y.m.e.m.E.selectPage_COUNT - <==      Total: 1
2026-06-11 22:08:02.290 [http-nio-8080-exec-5] [517232fe] [1] DEBUG c.y.m.e.m.E.selectPage - ==>  Preparing: select id, student_code, student_name, phone, graduation_session, school, education, study_mode, class_id, product_id, join_time, created_at, updated_at from edu_student order by id desc LIMIT ?
2026-06-11 22:08:02.290 [http-nio-8080-exec-5] [517232fe] [1] DEBUG c.y.m.e.m.E.selectPage - ==> Parameters: 10(Integer)
2026-06-11 22:08:02.292 [http-nio-8080-exec-5] [517232fe] [1] DEBUG c.y.m.e.m.E.selectPage - <==      Total: 10
2026-06-11 22:08:02.292 [http-nio-8080-exec-5] [517232fe] [1] INFO  c.y.common.aop.ControllerLogAspect - 接口结束: uri=/yq-admin/api/eduStudent, controller=EduStudentController#pageStudent, cost=9ms, result={"code":200,"message":"success","data":{"total":10,"pageNum":1,"pageSize":10,"records":[{"id":10,"studentCode":"XS20260527544261","studentName":"赵九","phone":"13273576020","graduationSession":2026,"school":"湖南师范大学","education":"硕士","studyMode":"ONLINE","productId":3,"joinTime":"Wed May 27 21:32:06 CST 2026","createdAt":"Wed May 27 21:32:23 CST 2026","updatedAt":"Wed May 27 21:32:23 CST 2026"},{"id":9,"studentCode":"XS20260526215429","studentName":"赵六","phone":"13762922580","graduationSession":2026,"school":"湖南师范大学","education":"硕士","studyMode":"ONLINE","productId":3,"joinTime":"Tue May 26 17:18:07 CST 2026","createdAt":"Tue May 26 17:18:15 CST 2026","updatedAt":"Tue May 26 17:18:15 CST 2026"},{"id":8,"studentCode":"XS20260514684479","studentName":"哈哈","phone":"13273576029","graduationSession":2026,"school":"湖南师范大学","education":"本科","studyMode":"OFFLINE","classId":2,"productId":1,"joinTime":"Thu May 14 17:45:03 CST 2026","createdAt":"Thu May 14 17:45:10 CST 2026","updatedAt":"Thu May 14 17:45:10 CST 2026"},{"id":7,"studentCode":"XS20260429790522","studentName":"王六","phone":"13273576027","graduationSession":2026,"school":"湖南师范大学","education":"博士","studyMode":"ONLINE","productId":2,"joinTime":"Wed Apr 29 22:59:06 CST 2026","createdAt":"Wed Apr 29 22:59:15 CST 2026","updatedAt":"Wed Apr 29 22:59:15 CST 2026"},{"id":6,"studentCode":"XS20260417641291","studentName":"赵六","phone":"15118191034","graduationSession":2026,"school":"洪江一中","education":"本科","studyMode":"OFFLINE","classId":3,"productId":1,"joinTime":"Fri Apr 17 22:25:31 CST 2026","createdAt":"Fri Apr 17 22:25:50 CST 2026","updatedAt":"Fri Apr 17 22:25:50 CST 2026"},{"id":5,"studentCode":"XS20260417193131","studentName":"黄某","phone":"15118191031","graduationSession":2026,"school":"洪江一中","education":"本科","studyMode":"OFFLINE","classId":1,"productId":1,"joinTime":"Fri Apr 17 15:09:40 CST 2026","createdAt":"Fri Apr 17 15:10:18 CST 2026","updatedAt":"Fri Apr 17 15:10:18 CST 2026"},{"id":4,"studentCode":"XS20260416122330","studentName":"黄某","phone":"13273576024","graduationSession":2026,"school":"洪江一中","education":"大专","studyMode":"OFFLINE","classId":1,"productId":1,"joinTime":"Thu Apr 16 22:41:38 CST 2026","createdAt":"Thu Apr 16 22:42:25 CST 2026","updatedAt":"Thu Apr 16 22:42:25 CST 2026"},{"id":3,"studentCode":"XS20260416572329","studentName":"向某","phone":"13273576023","graduationSession":2026,"school":"洪江一中","education":"本科","studyMode":"OFFLINE","classId":2,"productId":1,"joinTime":"Thu Apr 16 22:28:40 CST 2026","createdAt":"Thu Apr 16 22:34:48 CST 2026","updatedAt":"Thu Apr 16 22:34:48 CST 2026"},{"id":2,"studentCode":"XS20260416896906","studentName":"王王","phone":"15118191032","graduationSession":2026,"school":"湖南师范大学","education":"大专","studyMode":"OFFLINE","classId":2,"productId":1,"joinTime":"Thu Apr 16 17:55:46 CST 2026","createdAt":"Thu Apr 16 18:01:02 CST 2026","updatedAt":"Thu Apr 16 18:01:02 CST 2026"},{"id":1,"studentCode":"XS20260416496798","studentName":"赵家","phone":"13273672819","graduationSession":2026,"school":"湖南师范大学","education":"本科","studyMode":"OFFLINE","classId":1,"productId":1,"joinTime":"Thu Apr 16 17:52:36 CST 2026","createdAt":"Thu Apr 16 17:53:12 CST 2026","updatedAt":"Thu Apr 16 17:53:12 CST 2026"}]}}
2026-06-11 22:23:29.091 [http-nio-8080-exec-6] [2f4f4d1e] [1] ERROR c.y.c.e.GlobalExceptionHandler - 业务异常: code=401, message=签名密钥不存在，请重新登录
cn.yanque.common.exception.BusinessException: 签名密钥不存在，请重新登录
	at cn.yanque.models.auth.interceptor.SignInterceptor.preHandle(SignInterceptor.java:60)
	at org.springframework.web.servlet.HandlerExecutionChain.applyPreHandle(HandlerExecutionChain.java:146)
	at org.springframework.web.servlet.DispatcherServlet.doDispatch(DispatcherServlet.java:1084)
	at org.springframework.web.servlet.DispatcherServlet.doService(DispatcherServlet.java:979)
	at org.springframework.web.servlet.FrameworkServlet.processRequest(FrameworkServlet.java:1014)
	at org.springframework.web.servlet.FrameworkServlet.doGet(FrameworkServlet.java:903)
	at jakarta.servlet.http.HttpServlet.service(HttpServlet.java:564)
	at org.springframework.web.servlet.FrameworkServlet.service(FrameworkServlet.java:885)
	at jakarta.servlet.http.HttpServlet.service(HttpServlet.java:658)
	at org.apache.catalina.core.ApplicationFilterChain.internalDoFilter(ApplicationFilterChain.java:205)
	at org.apache.catalina.core.ApplicationFilterChain.doFilter(ApplicationFilterChain.java:149)
	at org.apache.tomcat.websocket.server.WsFilter.doFilter(WsFilter.java:51)
	at org.apache.catalina.core.ApplicationFilterChain.internalDoFilter(ApplicationFilterChain.java:174)
	at org.apache.catalina.core.ApplicationFilterChain.doFilter(ApplicationFilterChain.java:149)
	at org.springframework.web.filter.RequestContextFilter.doFilterInternal(RequestContextFilter.java:100)
	at org.springframework.web.filter.OncePerRequestFilter.doFilter(OncePerRequestFilter.java:116)
	at org.apache.catalina.core.ApplicationFilterChain.internalDoFilter(ApplicationFilterChain.java:174)
	at org.apache.catalina.core.ApplicationFilterChain.doFilter(ApplicationFilterChain.java:149)
	at org.springframework.web.filter.FormContentFilter.doFilterInternal(FormContentFilter.java:93)
	at org.springframework.web.filter.OncePerRequestFilter.doFilter(OncePerRequestFilter.java:116)
	at org.apache.catalina.core.ApplicationFilterChain.internalDoFilter(ApplicationFilterChain.java:174)
	at org.apache.catalina.core.ApplicationFilterChain.doFilter(ApplicationFilterChain.java:149)
	at org.springframework.web.filter.CharacterEncodingFilter.doFilterInternal(CharacterEncodingFilter.java:201)
	at org.springframework.web.filter.OncePerRequestFilter.doFilter(OncePerRequestFilter.java:116)
	at org.apache.catalina.core.ApplicationFilterChain.internalDoFilter(ApplicationFilterChain.java:174)
	at org.apache.catalina.core.ApplicationFilterChain.doFilter(ApplicationFilterChain.java:149)
	at cn.yanque.config.MdcFilter.doFilterInternal(MdcFilter.java:37)
	at org.springframework.web.filter.OncePerRequestFilter.doFilter(OncePerRequestFilter.java:116)
	at org.apache.catalina.core.ApplicationFilterChain.internalDoFilter(ApplicationFilterChain.java:174)
	at org.apache.catalina.core.ApplicationFilterChain.doFilter(ApplicationFilterChain.java:149)
	at org.apache.catalina.core.StandardWrapperValve.invoke(StandardWrapperValve.java:167)
	at org.apache.catalina.core.StandardContextValve.invoke(StandardContextValve.java:90)
	at org.apache.catalina.authenticator.AuthenticatorBase.invoke(AuthenticatorBase.java:482)
	at org.apache.catalina.core.StandardHostValve.invoke(StandardHostValve.java:115)
	at org.apache.catalina.valves.ErrorReportValve.invoke(ErrorReportValve.java:93)
	at org.apache.catalina.core.StandardEngineValve.invoke(StandardEngineValve.java:74)
	at org.apache.catalina.connector.CoyoteAdapter.service(CoyoteAdapter.java:340)
	at org.apache.coyote.http11.Http11Processor.service(Http11Processor.java:391)
	at org.apache.coyote.AbstractProcessorLight.process(AbstractProcessorLight.java:63)
	at org.apache.coyote.AbstractProtocol$ConnectionHandler.process(AbstractProtocol.java:896)
	at org.apache.tomcat.util.net.NioEndpoint$SocketProcessor.doRun(NioEndpoint.java:1744)
	at org.apache.tomcat.util.net.SocketProcessorBase.run(SocketProcessorBase.java:52)
	at org.apache.tomcat.util.threads.ThreadPoolExecutor.runWorker(ThreadPoolExecutor.java:1191)
	at org.apache.tomcat.util.threads.ThreadPoolExecutor$Worker.run(ThreadPoolExecutor.java:659)
	at org.apache.tomcat.util.threads.TaskThread$WrappingRunnable.run(TaskThread.java:61)
	at java.base/java.lang.Thread.run(Thread.java:840)
2026-06-11 22:23:30.806 [http-nio-8080-exec-7] [093d7c5c] [] INFO  c.y.common.aop.ControllerLogAspect - 接口开始: uri=/yq-admin/api/sysUser/login, httpMethod=POST, controller=SysUserController#login, args=[{"name":"req","value":{"username":"admin","password":"****"}}]
2026-06-11 22:23:30.808 [http-nio-8080-exec-7] [093d7c5c] [] DEBUG c.y.m.u.m.S.selectByUsername - ==>  Preparing: select id, username, password, nickname, real_name, phone, email, union_id, status, created_at, updated_at from sys_user where username = ?
2026-06-11 22:23:30.810 [http-nio-8080-exec-7] [093d7c5c] [] DEBUG c.y.m.u.m.S.selectByUsername - ==> Parameters: admin(String)
2026-06-11 22:23:30.813 [http-nio-8080-exec-7] [093d7c5c] [] DEBUG c.y.m.u.m.S.selectByUsername - <==      Total: 1
2026-06-11 22:23:30.815 [http-nio-8080-exec-7] [093d7c5c] [] DEBUG c.y.m.u.m.SysUserMapper.selectById - ==>  Preparing: select id, username, password, nickname, real_name, phone, email, union_id, status, created_at, updated_at from sys_user where id = ?
2026-06-11 22:23:30.816 [http-nio-8080-exec-7] [093d7c5c] [] DEBUG c.y.m.u.m.SysUserMapper.selectById - ==> Parameters: 1(Long)
2026-06-11 22:23:30.816 [http-nio-8080-exec-7] [093d7c5c] [] DEBUG c.y.m.u.m.SysUserMapper.selectById - <==      Total: 1
2026-06-11 22:23:30.816 [http-nio-8080-exec-7] [093d7c5c] [] DEBUG c.y.m.u.m.S.selectRoleIdsByUserId - ==>  Preparing: select role_id from sys_user_role where user_id = ? order by role_id asc
2026-06-11 22:23:30.816 [http-nio-8080-exec-7] [093d7c5c] [] DEBUG c.y.m.u.m.S.selectRoleIdsByUserId - ==> Parameters: 1(Long)
2026-06-11 22:23:30.817 [http-nio-8080-exec-7] [093d7c5c] [] DEBUG c.y.m.u.m.S.selectRoleIdsByUserId - <==      Total: 1
2026-06-11 22:23:30.818 [http-nio-8080-exec-7] [093d7c5c] [] DEBUG c.y.m.u.m.SysRoleMapper.selectList - ==>  Preparing: select id, role_code, role_name, description, status, created_at, updated_at from sys_role WHERE id in ( ? )
2026-06-11 22:23:30.818 [http-nio-8080-exec-7] [093d7c5c] [] DEBUG c.y.m.u.m.SysRoleMapper.selectList - ==> Parameters: 1(Long)
2026-06-11 22:23:30.819 [http-nio-8080-exec-7] [093d7c5c] [] DEBUG c.y.m.u.m.SysRoleMapper.selectList - <==      Total: 1
2026-06-11 22:23:30.819 [http-nio-8080-exec-7] [093d7c5c] [] DEBUG c.y.m.u.m.S.selectPermissionIdsByRoleId - ==>  Preparing: select permission_id from sys_role_permission where role_id in ( ? ) order by permission_id asc
2026-06-11 22:23:30.819 [http-nio-8080-exec-7] [093d7c5c] [] DEBUG c.y.m.u.m.S.selectPermissionIdsByRoleId - ==> Parameters: 1(Long)
2026-06-11 22:23:30.819 [http-nio-8080-exec-7] [093d7c5c] [] DEBUG c.y.m.u.m.S.selectPermissionIdsByRoleId - <==      Total: 4
2026-06-11 22:23:30.819 [http-nio-8080-exec-7] [093d7c5c] [] DEBUG c.y.m.u.m.S.selectList - ==>  Preparing: select id, parent_id, permission_code, permission_name, permission_type, api_path, sort_num, description, status, created_at, updated_at from sys_permission WHERE id in ( ? , ? , ? , ? )
2026-06-11 22:23:30.819 [http-nio-8080-exec-7] [093d7c5c] [] DEBUG c.y.m.u.m.S.selectList - ==> Parameters: 101(Long), 106(Long), 113(Long), 117(Long)
2026-06-11 22:23:30.820 [http-nio-8080-exec-7] [093d7c5c] [] DEBUG c.y.m.u.m.S.selectList - <==      Total: 4
2026-06-11 22:23:30.834 [http-nio-8080-exec-7] [093d7c5c] [] INFO  c.y.common.aop.ControllerLogAspect - 接口结束: uri=/yq-admin/api/sysUser/login, controller=SysUserController#login, cost=28ms, result={"code":200,"message":"success","data":{"token":"ey****sk","signSecret":"rf****9s","userDetailRes":{"id":1,"username":"admin","nickname":"系统管理员","realName":"超级管理员","phone":"13800000000","email":"admin@yq.com","unionId":"on_8dc4e328a2870919088b018841458703","status":"ACTIVE","createdAt":"Thu Apr 09 20:50:39 CST 2026","updatedAt":"Wed Jun 10 20:14:33 CST 2026"},"roleDetailResList":[{"id":1,"roleCode":"SUPER_ADMIN","roleName":"超级管理员","description":"拥有全部后台权限","status":"ACTIVE","createdAt":"Thu Apr 09 20:50:38 CST 2026","updatedAt":"Wed Jun 10 20:13:59 CST 2026"}],"permissionDetailResList":[{"id":101,"parentId":0,"permissionName":"系统配置","permissionType":"MENU","permissionCode":"menu:system","sortNum":1,"status":"ACTIVE","description":"左侧导航中的系统配置父级菜单","createdAt":"Thu Apr 09 21:22:28 CST 2026","updatedAt":"Thu Jun 11 19:21:05 CST 2026"},{"id":106,"parentId":0,"permissionName":"教学管理","permissionType":"MENU","permissionCode":"menu:teaching","sortNum":2,"status":"ACTIVE","description":"左侧导航中的教学管理父级菜单","createdAt":"Sat Apr 11 15:49:16 CST 2026","updatedAt":"Thu Jun 11 19:21:10 CST 2026"},{"id":113,"parentId":0,"permissionName":"销售管理","permissionType":"MENU","permissionCode":"menu:sales","sortNum":3,"status":"ACTIVE","description":"左侧导航中的销售管理父级菜单","createdAt":"Sun Apr 12 14:19:04 CST 2026","updatedAt":"Thu Jun 11 19:21:13 CST 2026"},{"id":117,"parentId":0,"permissionName":"学员管理","permissionType":"MENU","permissionCode":"menu:student","sortNum":4,"status":"ACTIVE","description":"左侧导航中的学员管理父级菜单","createdAt":"Sun Apr 19 23:54:31 CST 2026","updatedAt":"Thu Jun 11 19:21:15 CST 2026"}]}}
2026-06-11 22:23:30.939 [http-nio-8080-exec-8] [718b44ef] [1] DEBUG c.y.m.u.m.SysUserMapper.selectById - ==>  Preparing: select id, username, password, nickname, real_name, phone, email, union_id, status, created_at, updated_at from sys_user where id = ?
2026-06-11 22:23:30.939 [http-nio-8080-exec-8] [718b44ef] [1] DEBUG c.y.m.u.m.SysUserMapper.selectById - ==> Parameters: 1(Long)
2026-06-11 22:23:30.940 [http-nio-8080-exec-8] [718b44ef] [1] DEBUG c.y.m.u.m.SysUserMapper.selectById - <==      Total: 1
2026-06-11 22:23:30.941 [http-nio-8080-exec-8] [718b44ef] [1] DEBUG c.y.m.u.m.S.selectRoleIdsByUserId - ==>  Preparing: select role_id from sys_user_role where user_id = ? order by role_id asc
2026-06-11 22:23:30.941 [http-nio-8080-exec-8] [718b44ef] [1] DEBUG c.y.m.u.m.S.selectRoleIdsByUserId - ==> Parameters: 1(Long)
2026-06-11 22:23:30.941 [http-nio-8080-exec-8] [718b44ef] [1] DEBUG c.y.m.u.m.S.selectRoleIdsByUserId - <==      Total: 1
2026-06-11 22:23:30.941 [http-nio-8080-exec-8] [718b44ef] [1] DEBUG c.y.m.u.m.SysRoleMapper.selectList - ==>  Preparing: select id, role_code, role_name, description, status, created_at, updated_at from sys_role WHERE id in ( ? )
2026-06-11 22:23:30.941 [http-nio-8080-exec-8] [718b44ef] [1] DEBUG c.y.m.u.m.SysRoleMapper.selectList - ==> Parameters: 1(Long)
2026-06-11 22:23:30.942 [http-nio-8080-exec-8] [718b44ef] [1] DEBUG c.y.m.u.m.SysRoleMapper.selectList - <==      Total: 1
2026-06-11 22:23:30.943 [http-nio-8080-exec-8] [718b44ef] [1] DEBUG c.y.m.u.m.S.selectPermissionIdsByRoleId - ==>  Preparing: select permission_id from sys_role_permission where role_id in ( ? ) order by permission_id asc
2026-06-11 22:23:30.943 [http-nio-8080-exec-8] [718b44ef] [1] DEBUG c.y.m.u.m.S.selectPermissionIdsByRoleId - ==> Parameters: 1(Long)
2026-06-11 22:23:30.943 [http-nio-8080-exec-8] [718b44ef] [1] DEBUG c.y.m.u.m.S.selectPermissionIdsByRoleId - <==      Total: 4
2026-06-11 22:23:30.943 [http-nio-8080-exec-8] [718b44ef] [1] DEBUG c.y.m.u.m.S.selectList - ==>  Preparing: select id, parent_id, permission_code, permission_name, permission_type, api_path, sort_num, description, status, created_at, updated_at from sys_permission WHERE id in ( ? , ? , ? , ? )
2026-06-11 22:23:30.943 [http-nio-8080-exec-8] [718b44ef] [1] DEBUG c.y.m.u.m.S.selectList - ==> Parameters: 101(Long), 106(Long), 113(Long), 117(Long)
2026-06-11 22:23:30.943 [http-nio-8080-exec-8] [718b44ef] [1] DEBUG c.y.m.u.m.S.selectList - <==      Total: 4
2026-06-11 22:23:30.945 [http-nio-8080-exec-8] [718b44ef] [1] INFO  c.y.common.aop.ControllerLogAspect - 接口开始: uri=/yq-admin/api/sysUser, httpMethod=GET, controller=SysUserController#pageUser, args=[{"name":"req","value":{"pageNum":1,"pageSize":10}}]
2026-06-11 22:23:30.955 [http-nio-8080-exec-8] [718b44ef] [1] DEBUG c.y.m.u.m.S.selectPage_COUNT - ==>  Preparing: SELECT count(0) FROM sys_user
2026-06-11 22:23:30.955 [http-nio-8080-exec-8] [718b44ef] [1] DEBUG c.y.m.u.m.S.selectPage_COUNT - ==> Parameters: 
2026-06-11 22:23:30.960 [http-nio-8080-exec-8] [718b44ef] [1] DEBUG c.y.m.u.m.S.selectPage_COUNT - <==      Total: 1
2026-06-11 22:23:30.960 [http-nio-8080-exec-8] [718b44ef] [1] DEBUG c.y.m.u.m.SysUserMapper.selectPage - ==>  Preparing: select id, username, password, nickname, real_name, phone, email, union_id, status, created_at, updated_at from sys_user order by id desc LIMIT ?
2026-06-11 22:23:30.960 [http-nio-8080-exec-8] [718b44ef] [1] DEBUG c.y.m.u.m.SysUserMapper.selectPage - ==> Parameters: 10(Integer)
2026-06-11 22:23:30.961 [http-nio-8080-exec-8] [718b44ef] [1] DEBUG c.y.m.u.m.SysUserMapper.selectPage - <==      Total: 6
2026-06-11 22:23:30.961 [http-nio-8080-exec-8] [718b44ef] [1] INFO  c.y.common.aop.ControllerLogAspect - 接口结束: uri=/yq-admin/api/sysUser, controller=SysUserController#pageUser, cost=16ms, result={"code":200,"message":"success","data":{"total":6,"pageNum":1,"pageSize":10,"records":[{"id":6,"username":"haha","nickname":"哈哈哈","realName":"哈哈","phone":"15118191032","email":"913038933@qq.com","status":"ACTIVE","createdAt":"Fri Apr 17 15:54:46 CST 2026"},{"id":5,"username":"laoshi2","nickname":"老师2","realName":"老师2","phone":"13762922584","status":"ACTIVE","createdAt":"Sun Apr 12 01:48:55 CST 2026"},{"id":4,"username":"laoshi1","nickname":"老师1","realName":"老师1","phone":"13273576020","status":"ACTIVE","createdAt":"Sun Apr 12 01:48:37 CST 2026"},{"id":3,"username":"banzhuren","nickname":"班主任老师","realName":"班主任老师","phone":"15118191032","status":"ACTIVE","createdAt":"Sat Apr 11 17:06:53 CST 2026"},{"id":2,"username":"huangjin","nickname":"黄瑾","realName":"黄瑾","phone":"13273672819","email":"913038933@qq.com","status":"ACTIVE","createdAt":"Thu Apr 09 22:04:43 CST 2026"},{"id":1,"username":"admin","nickname":"系统管理员","realName":"超级管理员","phone":"13800000000","email":"admin@yq.com","status":"ACTIVE","createdAt":"Thu Apr 09 20:50:39 CST 2026"}]}}
2026-06-11 22:23:35.258 [http-nio-8080-exec-9] [c3847742] [] INFO  c.y.common.aop.ControllerLogAspect - 接口开始: uri=/yq-admin/api/sysUser/login, httpMethod=POST, controller=SysUserController#login, args=[{"name":"req","value":{"username":"admin","password":"****"}}]
2026-06-11 22:23:35.259 [http-nio-8080-exec-9] [c3847742] [] DEBUG c.y.m.u.m.S.selectByUsername - ==>  Preparing: select id, username, password, nickname, real_name, phone, email, union_id, status, created_at, updated_at from sys_user where username = ?
2026-06-11 22:23:35.259 [http-nio-8080-exec-9] [c3847742] [] DEBUG c.y.m.u.m.S.selectByUsername - ==> Parameters: admin(String)
2026-06-11 22:23:35.259 [http-nio-8080-exec-9] [c3847742] [] DEBUG c.y.m.u.m.S.selectByUsername - <==      Total: 1
2026-06-11 22:23:35.260 [http-nio-8080-exec-9] [c3847742] [] DEBUG c.y.m.u.m.SysUserMapper.selectById - ==>  Preparing: select id, username, password, nickname, real_name, phone, email, union_id, status, created_at, updated_at from sys_user where id = ?
2026-06-11 22:23:35.260 [http-nio-8080-exec-9] [c3847742] [] DEBUG c.y.m.u.m.SysUserMapper.selectById - ==> Parameters: 1(Long)
2026-06-11 22:23:35.261 [http-nio-8080-exec-9] [c3847742] [] DEBUG c.y.m.u.m.SysUserMapper.selectById - <==      Total: 1
2026-06-11 22:23:35.261 [http-nio-8080-exec-9] [c3847742] [] DEBUG c.y.m.u.m.S.selectRoleIdsByUserId - ==>  Preparing: select role_id from sys_user_role where user_id = ? order by role_id asc
2026-06-11 22:23:35.261 [http-nio-8080-exec-9] [c3847742] [] DEBUG c.y.m.u.m.S.selectRoleIdsByUserId - ==> Parameters: 1(Long)
2026-06-11 22:23:35.261 [http-nio-8080-exec-9] [c3847742] [] DEBUG c.y.m.u.m.S.selectRoleIdsByUserId - <==      Total: 1
2026-06-11 22:23:35.261 [http-nio-8080-exec-9] [c3847742] [] DEBUG c.y.m.u.m.SysRoleMapper.selectList - ==>  Preparing: select id, role_code, role_name, description, status, created_at, updated_at from sys_role WHERE id in ( ? )
2026-06-11 22:23:35.261 [http-nio-8080-exec-9] [c3847742] [] DEBUG c.y.m.u.m.SysRoleMapper.selectList - ==> Parameters: 1(Long)
2026-06-11 22:23:35.261 [http-nio-8080-exec-9] [c3847742] [] DEBUG c.y.m.u.m.SysRoleMapper.selectList - <==      Total: 1
2026-06-11 22:23:35.261 [http-nio-8080-exec-9] [c3847742] [] DEBUG c.y.m.u.m.S.selectPermissionIdsByRoleId - ==>  Preparing: select permission_id from sys_role_permission where role_id in ( ? ) order by permission_id asc
2026-06-11 22:23:35.262 [http-nio-8080-exec-9] [c3847742] [] DEBUG c.y.m.u.m.S.selectPermissionIdsByRoleId - ==> Parameters: 1(Long)
2026-06-11 22:23:35.262 [http-nio-8080-exec-9] [c3847742] [] DEBUG c.y.m.u.m.S.selectPermissionIdsByRoleId - <==      Total: 4
2026-06-11 22:23:35.262 [http-nio-8080-exec-9] [c3847742] [] DEBUG c.y.m.u.m.S.selectList - ==>  Preparing: select id, parent_id, permission_code, permission_name, permission_type, api_path, sort_num, description, status, created_at, updated_at from sys_permission WHERE id in ( ? , ? , ? , ? )
2026-06-11 22:23:35.262 [http-nio-8080-exec-9] [c3847742] [] DEBUG c.y.m.u.m.S.selectList - ==> Parameters: 101(Long), 106(Long), 113(Long), 117(Long)
2026-06-11 22:23:35.263 [http-nio-8080-exec-9] [c3847742] [] DEBUG c.y.m.u.m.S.selectList - <==      Total: 4
2026-06-11 22:23:35.263 [http-nio-8080-exec-9] [c3847742] [] INFO  c.y.common.aop.ControllerLogAspect - 接口结束: uri=/yq-admin/api/sysUser/login, controller=SysUserController#login, cost=5ms, result={"code":200,"message":"success","data":{"token":"ey****8Y","signSecret":"va****7I","userDetailRes":{"id":1,"username":"admin","nickname":"系统管理员","realName":"超级管理员","phone":"13800000000","email":"admin@yq.com","unionId":"on_8dc4e328a2870919088b018841458703","status":"ACTIVE","createdAt":"Thu Apr 09 20:50:39 CST 2026","updatedAt":"Wed Jun 10 20:14:33 CST 2026"},"roleDetailResList":[{"id":1,"roleCode":"SUPER_ADMIN","roleName":"超级管理员","description":"拥有全部后台权限","status":"ACTIVE","createdAt":"Thu Apr 09 20:50:38 CST 2026","updatedAt":"Wed Jun 10 20:13:59 CST 2026"}],"permissionDetailResList":[{"id":101,"parentId":0,"permissionName":"系统配置","permissionType":"MENU","permissionCode":"menu:system","sortNum":1,"status":"ACTIVE","description":"左侧导航中的系统配置父级菜单","createdAt":"Thu Apr 09 21:22:28 CST 2026","updatedAt":"Thu Jun 11 19:21:05 CST 2026"},{"id":106,"parentId":0,"permissionName":"教学管理","permissionType":"MENU","permissionCode":"menu:teaching","sortNum":2,"status":"ACTIVE","description":"左侧导航中的教学管理父级菜单","createdAt":"Sat Apr 11 15:49:16 CST 2026","updatedAt":"Thu Jun 11 19:21:10 CST 2026"},{"id":113,"parentId":0,"permissionName":"销售管理","permissionType":"MENU","permissionCode":"menu:sales","sortNum":3,"status":"ACTIVE","description":"左侧导航中的销售管理父级菜单","createdAt":"Sun Apr 12 14:19:04 CST 2026","updatedAt":"Thu Jun 11 19:21:13 CST 2026"},{"id":117,"parentId":0,"permissionName":"学员管理","permissionType":"MENU","permissionCode":"menu:student","sortNum":4,"status":"ACTIVE","description":"左侧导航中的学员管理父级菜单","createdAt":"Sun Apr 19 23:54:31 CST 2026","updatedAt":"Thu Jun 11 19:21:15 CST 2026"}]}}
2026-06-11 22:23:35.330 [http-nio-8080-exec-10] [f70ca70a] [1] DEBUG c.y.m.u.m.SysUserMapper.selectById - ==>  Preparing: select id, username, password, nickname, real_name, phone, email, union_id, status, created_at, updated_at from sys_user where id = ?
2026-06-11 22:23:35.330 [http-nio-8080-exec-10] [f70ca70a] [1] DEBUG c.y.m.u.m.SysUserMapper.selectById - ==> Parameters: 1(Long)
2026-06-11 22:23:35.331 [http-nio-8080-exec-10] [f70ca70a] [1] DEBUG c.y.m.u.m.SysUserMapper.selectById - <==      Total: 1
2026-06-11 22:23:35.331 [http-nio-8080-exec-10] [f70ca70a] [1] DEBUG c.y.m.u.m.S.selectRoleIdsByUserId - ==>  Preparing: select role_id from sys_user_role where user_id = ? order by role_id asc
2026-06-11 22:23:35.331 [http-nio-8080-exec-10] [f70ca70a] [1] DEBUG c.y.m.u.m.S.selectRoleIdsByUserId - ==> Parameters: 1(Long)
2026-06-11 22:23:35.332 [http-nio-8080-exec-10] [f70ca70a] [1] DEBUG c.y.m.u.m.S.selectRoleIdsByUserId - <==      Total: 1
2026-06-11 22:23:35.332 [http-nio-8080-exec-10] [f70ca70a] [1] DEBUG c.y.m.u.m.SysRoleMapper.selectList - ==>  Preparing: select id, role_code, role_name, description, status, created_at, updated_at from sys_role WHERE id in ( ? )
2026-06-11 22:23:35.332 [http-nio-8080-exec-10] [f70ca70a] [1] DEBUG c.y.m.u.m.SysRoleMapper.selectList - ==> Parameters: 1(Long)
2026-06-11 22:23:35.332 [http-nio-8080-exec-10] [f70ca70a] [1] DEBUG c.y.m.u.m.SysRoleMapper.selectList - <==      Total: 1
2026-06-11 22:23:35.332 [http-nio-8080-exec-10] [f70ca70a] [1] DEBUG c.y.m.u.m.S.selectPermissionIdsByRoleId - ==>  Preparing: select permission_id from sys_role_permission where role_id in ( ? ) order by permission_id asc
2026-06-11 22:23:35.332 [http-nio-8080-exec-10] [f70ca70a] [1] DEBUG c.y.m.u.m.S.selectPermissionIdsByRoleId - ==> Parameters: 1(Long)
2026-06-11 22:23:35.332 [http-nio-8080-exec-10] [f70ca70a] [1] DEBUG c.y.m.u.m.S.selectPermissionIdsByRoleId - <==      Total: 4
2026-06-11 22:23:35.332 [http-nio-8080-exec-10] [f70ca70a] [1] DEBUG c.y.m.u.m.S.selectList - ==>  Preparing: select id, parent_id, permission_code, permission_name, permission_type, api_path, sort_num, description, status, created_at, updated_at from sys_permission WHERE id in ( ? , ? , ? , ? )
2026-06-11 22:23:35.332 [http-nio-8080-exec-10] [f70ca70a] [1] DEBUG c.y.m.u.m.S.selectList - ==> Parameters: 101(Long), 106(Long), 113(Long), 117(Long)
2026-06-11 22:23:35.333 [http-nio-8080-exec-10] [f70ca70a] [1] DEBUG c.y.m.u.m.S.selectList - <==      Total: 4
2026-06-11 22:23:35.335 [http-nio-8080-exec-10] [f70ca70a] [1] INFO  c.y.common.aop.ControllerLogAspect - 接口开始: uri=/yq-admin/api/sysUser, httpMethod=GET, controller=SysUserController#pageUser, args=[{"name":"req","value":{"pageNum":1,"pageSize":10}}]
2026-06-11 22:23:35.342 [http-nio-8080-exec-10] [f70ca70a] [1] DEBUG c.y.m.u.m.S.selectPage_COUNT - ==>  Preparing: SELECT count(0) FROM sys_user
2026-06-11 22:23:35.342 [http-nio-8080-exec-10] [f70ca70a] [1] DEBUG c.y.m.u.m.S.selectPage_COUNT - ==> Parameters: 
2026-06-11 22:23:35.343 [http-nio-8080-exec-10] [f70ca70a] [1] DEBUG c.y.m.u.m.S.selectPage_COUNT - <==      Total: 1
2026-06-11 22:23:35.343 [http-nio-8080-exec-10] [f70ca70a] [1] DEBUG c.y.m.u.m.SysUserMapper.selectPage - ==>  Preparing: select id, username, password, nickname, real_name, phone, email, union_id, status, created_at, updated_at from sys_user order by id desc LIMIT ?
2026-06-11 22:23:35.345 [http-nio-8080-exec-10] [f70ca70a] [1] DEBUG c.y.m.u.m.SysUserMapper.selectPage - ==> Parameters: 10(Integer)
2026-06-11 22:23:35.345 [http-nio-8080-exec-10] [f70ca70a] [1] DEBUG c.y.m.u.m.SysUserMapper.selectPage - <==      Total: 6
2026-06-11 22:23:35.345 [http-nio-8080-exec-10] [f70ca70a] [1] INFO  c.y.common.aop.ControllerLogAspect - 接口结束: uri=/yq-admin/api/sysUser, controller=SysUserController#pageUser, cost=10ms, result={"code":200,"message":"success","data":{"total":6,"pageNum":1,"pageSize":10,"records":[{"id":6,"username":"haha","nickname":"哈哈哈","realName":"哈哈","phone":"15118191032","email":"913038933@qq.com","status":"ACTIVE","createdAt":"Fri Apr 17 15:54:46 CST 2026"},{"id":5,"username":"laoshi2","nickname":"老师2","realName":"老师2","phone":"13762922584","status":"ACTIVE","createdAt":"Sun Apr 12 01:48:55 CST 2026"},{"id":4,"username":"laoshi1","nickname":"老师1","realName":"老师1","phone":"13273576020","status":"ACTIVE","createdAt":"Sun Apr 12 01:48:37 CST 2026"},{"id":3,"username":"banzhuren","nickname":"班主任老师","realName":"班主任老师","phone":"15118191032","status":"ACTIVE","createdAt":"Sat Apr 11 17:06:53 CST 2026"},{"id":2,"username":"huangjin","nickname":"黄瑾","realName":"黄瑾","phone":"13273672819","email":"913038933@qq.com","status":"ACTIVE","createdAt":"Thu Apr 09 22:04:43 CST 2026"},{"id":1,"username":"admin","nickname":"系统管理员","realName":"超级管理员","phone":"13800000000","email":"admin@yq.com","status":"ACTIVE","createdAt":"Thu Apr 09 20:50:39 CST 2026"}]}}
2026-06-11 23:39:50.495 [SpringApplicationShutdownHook] [] [] INFO  com.zaxxer.hikari.HikariDataSource - HikariPool-1 - Shutdown initiated...
2026-06-11 23:39:50.508 [SpringApplicationShutdownHook] [] [] INFO  com.zaxxer.hikari.HikariDataSource - HikariPool-1 - Shutdown completed.
2026-06-11 23:39:57.543 [background-preinit] [] [] INFO  o.h.validator.internal.util.Version - HV000001: Hibernate Validator 8.0.1.Final
2026-06-11 23:39:57.569 [main] [] [] INFO  cn.yanque.YanqueApplication - Starting YanqueApplication using Java 17.0.17 with PID 173128 (D:\Java\code\yq\YanQue-Admin\target\classes started by q1571 in D:\Java\code\yq\YanQue-Admin)
2026-06-11 23:39:57.569 [main] [] [] INFO  cn.yanque.YanqueApplication - The following 1 profile is active: "dev"
2026-06-11 23:39:58.638 [main] [] [] INFO  o.s.d.r.c.RepositoryConfigurationDelegate - Multiple Spring Data modules found, entering strict repository configuration mode
2026-06-11 23:39:58.639 [main] [] [] INFO  o.s.d.r.c.RepositoryConfigurationDelegate - Bootstrapping Spring Data Redis repositories in DEFAULT mode.
2026-06-11 23:39:58.666 [main] [] [] INFO  o.s.d.r.c.RepositoryConfigurationDelegate - Finished Spring Data repository scanning in 15 ms. Found 0 Redis repository interfaces.
2026-06-11 23:39:59.135 [main] [] [] INFO  o.s.b.w.e.tomcat.TomcatWebServer - Tomcat initialized with port 8080 (http)
2026-06-11 23:39:59.142 [main] [] [] INFO  o.a.coyote.http11.Http11NioProtocol - Initializing ProtocolHandler ["http-nio-8080"]
2026-06-11 23:39:59.143 [main] [] [] INFO  o.a.catalina.core.StandardService - Starting service [Tomcat]
2026-06-11 23:39:59.144 [main] [] [] INFO  o.a.catalina.core.StandardEngine - Starting Servlet engine: [Apache Tomcat/10.1.16]
2026-06-11 23:39:59.197 [main] [] [] INFO  o.a.c.c.C.[.[localhost].[/yq-admin] - Initializing Spring embedded WebApplicationContext
2026-06-11 23:39:59.197 [main] [] [] INFO  o.s.b.w.s.c.ServletWebServerApplicationContext - Root WebApplicationContext: initialization completed in 1602 ms
2026-06-11 23:40:00.201 [main] [] [] INFO  o.a.coyote.http11.Http11NioProtocol - Starting ProtocolHandler ["http-nio-8080"]
2026-06-11 23:40:00.217 [main] [] [] INFO  o.s.b.w.e.tomcat.TomcatWebServer - Tomcat started on port 8080 (http) with context path '/yq-admin'
2026-06-11 23:40:00.223 [main] [] [] INFO  cn.yanque.YanqueApplication - Started YanqueApplication in 3.073 seconds (process running for 3.841)
2026-06-11 23:40:35.271 [http-nio-8080-exec-1] [] [] INFO  o.a.c.c.C.[.[localhost].[/yq-admin] - Initializing Spring DispatcherServlet 'dispatcherServlet'
2026-06-11 23:40:35.271 [http-nio-8080-exec-1] [] [] INFO  o.s.web.servlet.DispatcherServlet - Initializing Servlet 'dispatcherServlet'
2026-06-11 23:40:35.273 [http-nio-8080-exec-1] [] [] INFO  o.s.web.servlet.DispatcherServlet - Completed initialization in 1 ms
2026-06-11 23:40:35.324 [http-nio-8080-exec-1] [3fea6033] [] INFO  com.zaxxer.hikari.HikariDataSource - HikariPool-1 - Starting...
2026-06-11 23:40:35.449 [http-nio-8080-exec-1] [3fea6033] [] INFO  com.zaxxer.hikari.pool.HikariPool - HikariPool-1 - Added connection com.mysql.cj.jdbc.ConnectionImpl@4f6694dc
2026-06-11 23:40:35.452 [http-nio-8080-exec-1] [3fea6033] [] INFO  com.zaxxer.hikari.HikariDataSource - HikariPool-1 - Start completed.
2026-06-11 23:40:35.515 [http-nio-8080-exec-1] [3fea6033] [] ERROR c.y.c.e.GlobalExceptionHandler - 业务异常: code=401, message=Token无效或已过期
cn.yanque.common.exception.BusinessException: Token无效或已过期
	at cn.yanque.models.auth.interceptor.JwtAuthInterceptor.preHandle(JwtAuthInterceptor.java:36)
	at org.springframework.web.servlet.HandlerExecutionChain.applyPreHandle(HandlerExecutionChain.java:146)
	at org.springframework.web.servlet.DispatcherServlet.doDispatch(DispatcherServlet.java:1084)
	at org.springframework.web.servlet.DispatcherServlet.doService(DispatcherServlet.java:979)
	at org.springframework.web.servlet.FrameworkServlet.processRequest(FrameworkServlet.java:1014)
	at org.springframework.web.servlet.FrameworkServlet.doGet(FrameworkServlet.java:903)
	at jakarta.servlet.http.HttpServlet.service(HttpServlet.java:564)
	at org.springframework.web.servlet.FrameworkServlet.service(FrameworkServlet.java:885)
	at jakarta.servlet.http.HttpServlet.service(HttpServlet.java:658)
	at org.apache.catalina.core.ApplicationFilterChain.internalDoFilter(ApplicationFilterChain.java:205)
	at org.apache.catalina.core.ApplicationFilterChain.doFilter(ApplicationFilterChain.java:149)
	at org.apache.tomcat.websocket.server.WsFilter.doFilter(WsFilter.java:51)
	at org.apache.catalina.core.ApplicationFilterChain.internalDoFilter(ApplicationFilterChain.java:174)
	at org.apache.catalina.core.ApplicationFilterChain.doFilter(ApplicationFilterChain.java:149)
	at org.springframework.web.filter.RequestContextFilter.doFilterInternal(RequestContextFilter.java:100)
	at org.springframework.web.filter.OncePerRequestFilter.doFilter(OncePerRequestFilter.java:116)
	at org.apache.catalina.core.ApplicationFilterChain.internalDoFilter(ApplicationFilterChain.java:174)
	at org.apache.catalina.core.ApplicationFilterChain.doFilter(ApplicationFilterChain.java:149)
	at org.springframework.web.filter.FormContentFilter.doFilterInternal(FormContentFilter.java:93)
	at org.springframework.web.filter.OncePerRequestFilter.doFilter(OncePerRequestFilter.java:116)
	at org.apache.catalina.core.ApplicationFilterChain.internalDoFilter(ApplicationFilterChain.java:174)
	at org.apache.catalina.core.ApplicationFilterChain.doFilter(ApplicationFilterChain.java:149)
	at org.springframework.web.filter.CharacterEncodingFilter.doFilterInternal(CharacterEncodingFilter.java:201)
	at org.springframework.web.filter.OncePerRequestFilter.doFilter(OncePerRequestFilter.java:116)
	at org.apache.catalina.core.ApplicationFilterChain.internalDoFilter(ApplicationFilterChain.java:174)
	at org.apache.catalina.core.ApplicationFilterChain.doFilter(ApplicationFilterChain.java:149)
	at cn.yanque.config.MdcFilter.doFilterInternal(MdcFilter.java:37)
	at org.springframework.web.filter.OncePerRequestFilter.doFilter(OncePerRequestFilter.java:116)
	at org.apache.catalina.core.ApplicationFilterChain.internalDoFilter(ApplicationFilterChain.java:174)
	at org.apache.catalina.core.ApplicationFilterChain.doFilter(ApplicationFilterChain.java:149)
	at org.apache.catalina.core.StandardWrapperValve.invoke(StandardWrapperValve.java:167)
	at org.apache.catalina.core.StandardContextValve.invoke(StandardContextValve.java:90)
	at org.apache.catalina.authenticator.AuthenticatorBase.invoke(AuthenticatorBase.java:482)
	at org.apache.catalina.core.StandardHostValve.invoke(StandardHostValve.java:115)
	at org.apache.catalina.valves.ErrorReportValve.invoke(ErrorReportValve.java:93)
	at org.apache.catalina.core.StandardEngineValve.invoke(StandardEngineValve.java:74)
	at org.apache.catalina.connector.CoyoteAdapter.service(CoyoteAdapter.java:340)
	at org.apache.coyote.http11.Http11Processor.service(Http11Processor.java:391)
	at org.apache.coyote.AbstractProcessorLight.process(AbstractProcessorLight.java:63)
	at org.apache.coyote.AbstractProtocol$ConnectionHandler.process(AbstractProtocol.java:896)
	at org.apache.tomcat.util.net.NioEndpoint$SocketProcessor.doRun(NioEndpoint.java:1744)
	at org.apache.tomcat.util.net.SocketProcessorBase.run(SocketProcessorBase.java:52)
	at org.apache.tomcat.util.threads.ThreadPoolExecutor.runWorker(ThreadPoolExecutor.java:1191)
	at org.apache.tomcat.util.threads.ThreadPoolExecutor$Worker.run(ThreadPoolExecutor.java:659)
	at org.apache.tomcat.util.threads.TaskThread$WrappingRunnable.run(TaskThread.java:61)
	at java.base/java.lang.Thread.run(Thread.java:840)
2026-06-11 23:40:38.221 [http-nio-8080-exec-2] [c87a007f] [] INFO  c.y.common.aop.ControllerLogAspect - 接口开始: uri=/yq-admin/api/sysUser/login, httpMethod=POST, controller=SysUserController#login, args=[{"name":"req","value":{"username":"admin","password":"****"}}]
2026-06-11 23:40:38.223 [http-nio-8080-exec-2] [c87a007f] [] DEBUG c.y.m.u.m.S.selectByUsername - ==>  Preparing: select id, username, password, nickname, real_name, phone, email, union_id, status, created_at, updated_at from sys_user where username = ?
2026-06-11 23:40:38.233 [http-nio-8080-exec-2] [c87a007f] [] DEBUG c.y.m.u.m.S.selectByUsername - ==> Parameters: admin(String)
2026-06-11 23:40:38.244 [http-nio-8080-exec-2] [c87a007f] [] DEBUG c.y.m.u.m.S.selectByUsername - <==      Total: 1
2026-06-11 23:40:38.639 [http-nio-8080-exec-2] [c87a007f] [] DEBUG c.y.m.u.m.SysUserMapper.selectById - ==>  Preparing: select id, username, password, nickname, real_name, phone, email, union_id, status, created_at, updated_at from sys_user where id = ?
2026-06-11 23:40:38.639 [http-nio-8080-exec-2] [c87a007f] [] DEBUG c.y.m.u.m.SysUserMapper.selectById - ==> Parameters: 1(Long)
2026-06-11 23:40:38.641 [http-nio-8080-exec-2] [c87a007f] [] DEBUG c.y.m.u.m.SysUserMapper.selectById - <==      Total: 1
2026-06-11 23:40:38.643 [http-nio-8080-exec-2] [c87a007f] [] DEBUG c.y.m.u.m.S.selectRoleIdsByUserId - ==>  Preparing: select role_id from sys_user_role where user_id = ? order by role_id asc
2026-06-11 23:40:38.644 [http-nio-8080-exec-2] [c87a007f] [] DEBUG c.y.m.u.m.S.selectRoleIdsByUserId - ==> Parameters: 1(Long)
2026-06-11 23:40:38.646 [http-nio-8080-exec-2] [c87a007f] [] DEBUG c.y.m.u.m.S.selectRoleIdsByUserId - <==      Total: 1
2026-06-11 23:40:38.667 [http-nio-8080-exec-2] [c87a007f] [] DEBUG c.y.m.u.m.SysRoleMapper.selectList - ==>  Preparing: select id, role_code, role_name, description, status, created_at, updated_at from sys_role WHERE id in ( ? )
2026-06-11 23:40:38.669 [http-nio-8080-exec-2] [c87a007f] [] DEBUG c.y.m.u.m.SysRoleMapper.selectList - ==> Parameters: 1(Long)
2026-06-11 23:40:38.670 [http-nio-8080-exec-2] [c87a007f] [] DEBUG c.y.m.u.m.SysRoleMapper.selectList - <==      Total: 1
2026-06-11 23:40:38.670 [http-nio-8080-exec-2] [c87a007f] [] DEBUG c.y.m.u.m.S.selectPermissionIdsByRoleId - ==>  Preparing: select permission_id from sys_role_permission where role_id in ( ? ) order by permission_id asc
2026-06-11 23:40:38.670 [http-nio-8080-exec-2] [c87a007f] [] DEBUG c.y.m.u.m.S.selectPermissionIdsByRoleId - ==> Parameters: 1(Long)
2026-06-11 23:40:38.672 [http-nio-8080-exec-2] [c87a007f] [] DEBUG c.y.m.u.m.S.selectPermissionIdsByRoleId - <==      Total: 4
2026-06-11 23:40:38.673 [http-nio-8080-exec-2] [c87a007f] [] DEBUG c.y.m.u.m.S.selectList - ==>  Preparing: select id, parent_id, permission_code, permission_name, permission_type, api_path, sort_num, description, status, created_at, updated_at from sys_permission WHERE id in ( ? , ? , ? , ? )
2026-06-11 23:40:38.673 [http-nio-8080-exec-2] [c87a007f] [] DEBUG c.y.m.u.m.S.selectList - ==> Parameters: 101(Long), 106(Long), 113(Long), 117(Long)
2026-06-11 23:40:38.677 [http-nio-8080-exec-2] [c87a007f] [] DEBUG c.y.m.u.m.S.selectList - <==      Total: 4
2026-06-11 23:40:38.681 [http-nio-8080-exec-2] [c87a007f] [] INFO  c.y.common.aop.ControllerLogAspect - 接口结束: uri=/yq-admin/api/sysUser/login, controller=SysUserController#login, cost=541ms, result={"code":200,"message":"success","data":{"token":"ey****j4","signSecret":"cJ****7E","userDetailRes":{"id":1,"username":"admin","nickname":"系统管理员","realName":"超级管理员","phone":"13800000000","email":"admin@yq.com","unionId":"on_8dc4e328a2870919088b018841458703","status":"ACTIVE","createdAt":"Thu Apr 09 20:50:39 CST 2026","updatedAt":"Wed Jun 10 20:14:33 CST 2026"},"roleDetailResList":[{"id":1,"roleCode":"SUPER_ADMIN","roleName":"超级管理员","description":"拥有全部后台权限","status":"ACTIVE","createdAt":"Thu Apr 09 20:50:38 CST 2026","updatedAt":"Wed Jun 10 20:13:59 CST 2026"}],"permissionDetailResList":[{"id":101,"parentId":0,"permissionName":"系统配置","permissionType":"MENU","permissionCode":"menu:system","sortNum":1,"status":"ACTIVE","description":"左侧导航中的系统配置父级菜单","createdAt":"Thu Apr 09 21:22:28 CST 2026","updatedAt":"Thu Jun 11 19:21:05 CST 2026"},{"id":106,"parentId":0,"permissionName":"教学管理","permissionType":"MENU","permissionCode":"menu:teaching","sortNum":2,"status":"ACTIVE","description":"左侧导航中的教学管理父级菜单","createdAt":"Sat Apr 11 15:49:16 CST 2026","updatedAt":"Thu Jun 11 19:21:10 CST 2026"},{"id":113,"parentId":0,"permissionName":"销售管理","permissionType":"MENU","permissionCode":"menu:sales","sortNum":3,"status":"ACTIVE","description":"左侧导航中的销售管理父级菜单","createdAt":"Sun Apr 12 14:19:04 CST 2026","updatedAt":"Thu Jun 11 19:21:13 CST 2026"},{"id":117,"parentId":0,"permissionName":"学员管理","permissionType":"MENU","permissionCode":"menu:student","sortNum":4,"status":"ACTIVE","description":"左侧导航中的学员管理父级菜单","createdAt":"Sun Apr 19 23:54:31 CST 2026","updatedAt":"Thu Jun 11 19:21:15 CST 2026"}]}}
2026-06-11 23:40:38.793 [http-nio-8080-exec-3] [c2fd7c2e] [1] DEBUG c.y.m.u.m.SysUserMapper.selectById - ==>  Preparing: select id, username, password, nickname, real_name, phone, email, union_id, status, created_at, updated_at from sys_user where id = ?
2026-06-11 23:40:38.793 [http-nio-8080-exec-3] [c2fd7c2e] [1] DEBUG c.y.m.u.m.SysUserMapper.selectById - ==> Parameters: 1(Long)
2026-06-11 23:40:38.795 [http-nio-8080-exec-3] [c2fd7c2e] [1] DEBUG c.y.m.u.m.SysUserMapper.selectById - <==      Total: 1
2026-06-11 23:40:38.795 [http-nio-8080-exec-3] [c2fd7c2e] [1] DEBUG c.y.m.u.m.S.selectRoleIdsByUserId - ==>  Preparing: select role_id from sys_user_role where user_id = ? order by role_id asc
2026-06-11 23:40:38.795 [http-nio-8080-exec-3] [c2fd7c2e] [1] DEBUG c.y.m.u.m.S.selectRoleIdsByUserId - ==> Parameters: 1(Long)
2026-06-11 23:40:38.796 [http-nio-8080-exec-3] [c2fd7c2e] [1] DEBUG c.y.m.u.m.S.selectRoleIdsByUserId - <==      Total: 1
2026-06-11 23:40:38.797 [http-nio-8080-exec-3] [c2fd7c2e] [1] DEBUG c.y.m.u.m.SysRoleMapper.selectList - ==>  Preparing: select id, role_code, role_name, description, status, created_at, updated_at from sys_role WHERE id in ( ? )
2026-06-11 23:40:38.797 [http-nio-8080-exec-3] [c2fd7c2e] [1] DEBUG c.y.m.u.m.SysRoleMapper.selectList - ==> Parameters: 1(Long)
2026-06-11 23:40:38.798 [http-nio-8080-exec-3] [c2fd7c2e] [1] DEBUG c.y.m.u.m.SysRoleMapper.selectList - <==      Total: 1
2026-06-11 23:40:38.798 [http-nio-8080-exec-3] [c2fd7c2e] [1] DEBUG c.y.m.u.m.S.selectPermissionIdsByRoleId - ==>  Preparing: select permission_id from sys_role_permission where role_id in ( ? ) order by permission_id asc
2026-06-11 23:40:38.798 [http-nio-8080-exec-3] [c2fd7c2e] [1] DEBUG c.y.m.u.m.S.selectPermissionIdsByRoleId - ==> Parameters: 1(Long)
2026-06-11 23:40:38.799 [http-nio-8080-exec-3] [c2fd7c2e] [1] DEBUG c.y.m.u.m.S.selectPermissionIdsByRoleId - <==      Total: 4
2026-06-11 23:40:38.799 [http-nio-8080-exec-3] [c2fd7c2e] [1] DEBUG c.y.m.u.m.S.selectList - ==>  Preparing: select id, parent_id, permission_code, permission_name, permission_type, api_path, sort_num, description, status, created_at, updated_at from sys_permission WHERE id in ( ? , ? , ? , ? )
2026-06-11 23:40:38.800 [http-nio-8080-exec-3] [c2fd7c2e] [1] DEBUG c.y.m.u.m.S.selectList - ==> Parameters: 101(Long), 106(Long), 113(Long), 117(Long)
2026-06-11 23:40:38.801 [http-nio-8080-exec-3] [c2fd7c2e] [1] DEBUG c.y.m.u.m.S.selectList - <==      Total: 4
2026-06-11 23:40:38.808 [http-nio-8080-exec-3] [c2fd7c2e] [1] INFO  c.y.common.aop.ControllerLogAspect - 接口开始: uri=/yq-admin/api/sysUser, httpMethod=GET, controller=SysUserController#pageUser, args=[{"name":"req","value":{"pageNum":1,"pageSize":10}}]
2026-06-11 23:40:38.848 [http-nio-8080-exec-3] [c2fd7c2e] [1] DEBUG c.y.m.u.m.S.selectPage_COUNT - ==>  Preparing: SELECT count(0) FROM sys_user
2026-06-11 23:40:38.849 [http-nio-8080-exec-3] [c2fd7c2e] [1] DEBUG c.y.m.u.m.S.selectPage_COUNT - ==> Parameters: 
2026-06-11 23:40:38.856 [http-nio-8080-exec-3] [c2fd7c2e] [1] DEBUG c.y.m.u.m.S.selectPage_COUNT - <==      Total: 1
2026-06-11 23:40:38.859 [http-nio-8080-exec-3] [c2fd7c2e] [1] DEBUG c.y.m.u.m.SysUserMapper.selectPage - ==>  Preparing: select id, username, password, nickname, real_name, phone, email, union_id, status, created_at, updated_at from sys_user order by id desc LIMIT ?
2026-06-11 23:40:38.859 [http-nio-8080-exec-3] [c2fd7c2e] [1] DEBUG c.y.m.u.m.SysUserMapper.selectPage - ==> Parameters: 10(Integer)
2026-06-11 23:40:38.861 [http-nio-8080-exec-3] [c2fd7c2e] [1] DEBUG c.y.m.u.m.SysUserMapper.selectPage - <==      Total: 6
2026-06-11 23:40:38.864 [http-nio-8080-exec-3] [c2fd7c2e] [1] INFO  c.y.common.aop.ControllerLogAspect - 接口结束: uri=/yq-admin/api/sysUser, controller=SysUserController#pageUser, cost=55ms, result={"code":200,"message":"success","data":{"total":6,"pageNum":1,"pageSize":10,"records":[{"id":6,"username":"haha","nickname":"哈哈哈","realName":"哈哈","phone":"15118191032","email":"913038933@qq.com","status":"ACTIVE","createdAt":"Fri Apr 17 15:54:46 CST 2026"},{"id":5,"username":"laoshi2","nickname":"老师2","realName":"老师2","phone":"13762922584","status":"ACTIVE","createdAt":"Sun Apr 12 01:48:55 CST 2026"},{"id":4,"username":"laoshi1","nickname":"老师1","realName":"老师1","phone":"13273576020","status":"ACTIVE","createdAt":"Sun Apr 12 01:48:37 CST 2026"},{"id":3,"username":"banzhuren","nickname":"班主任老师","realName":"班主任老师","phone":"15118191032","status":"ACTIVE","createdAt":"Sat Apr 11 17:06:53 CST 2026"},{"id":2,"username":"huangjin","nickname":"黄瑾","realName":"黄瑾","phone":"13273672819","email":"913038933@qq.com","status":"ACTIVE","createdAt":"Thu Apr 09 22:04:43 CST 2026"},{"id":1,"username":"admin","nickname":"系统管理员","realName":"超级管理员","phone":"13800000000","email":"admin@yq.com","status":"ACTIVE","createdAt":"Thu Apr 09 20:50:39 CST 2026"}]}}
2026-06-11 23:42:06.760 [http-nio-8080-exec-4] [33805336] [] INFO  c.y.common.aop.ControllerLogAspect - 接口开始: uri=/yq-admin/api/sysUser/login, httpMethod=POST, controller=SysUserController#login, args=[{"name":"req","value":{"username":"admin","password":"****"}}]
2026-06-11 23:42:06.760 [http-nio-8080-exec-4] [33805336] [] DEBUG c.y.m.u.m.S.selectByUsername - ==>  Preparing: select id, username, password, nickname, real_name, phone, email, union_id, status, created_at, updated_at from sys_user where username = ?
2026-06-11 23:42:06.761 [http-nio-8080-exec-4] [33805336] [] DEBUG c.y.m.u.m.S.selectByUsername - ==> Parameters: admin(String)
2026-06-11 23:42:06.761 [http-nio-8080-exec-4] [33805336] [] DEBUG c.y.m.u.m.S.selectByUsername - <==      Total: 1
2026-06-11 23:43:29.148 [HikariPool-1 housekeeper] [] [] WARN  com.zaxxer.hikari.pool.HikariPool - HikariPool-1 - Thread starvation or clock leap detected (housekeeper delta=51s28ms15µs900ns).
2026-06-11 23:43:29.154 [http-nio-8080-exec-4] [33805336] [] DEBUG c.y.m.u.m.SysUserMapper.selectById - ==>  Preparing: select id, username, password, nickname, real_name, phone, email, union_id, status, created_at, updated_at from sys_user where id = ?
2026-06-11 23:43:29.154 [http-nio-8080-exec-4] [33805336] [] DEBUG c.y.m.u.m.SysUserMapper.selectById - ==> Parameters: 1(Long)
2026-06-11 23:43:29.156 [http-nio-8080-exec-4] [33805336] [] DEBUG c.y.m.u.m.SysUserMapper.selectById - <==      Total: 1
2026-06-11 23:43:29.156 [http-nio-8080-exec-4] [33805336] [] DEBUG c.y.m.u.m.S.selectRoleIdsByUserId - ==>  Preparing: select role_id from sys_user_role where user_id = ? order by role_id asc
2026-06-11 23:43:29.157 [http-nio-8080-exec-4] [33805336] [] DEBUG c.y.m.u.m.S.selectRoleIdsByUserId - ==> Parameters: 1(Long)
2026-06-11 23:43:29.157 [http-nio-8080-exec-4] [33805336] [] DEBUG c.y.m.u.m.S.selectRoleIdsByUserId - <==      Total: 1
2026-06-11 23:43:29.159 [http-nio-8080-exec-4] [33805336] [] DEBUG c.y.m.u.m.SysRoleMapper.selectList - ==>  Preparing: select id, role_code, role_name, description, status, created_at, updated_at from sys_role WHERE id in ( ? )
2026-06-11 23:43:29.159 [http-nio-8080-exec-4] [33805336] [] DEBUG c.y.m.u.m.SysRoleMapper.selectList - ==> Parameters: 1(Long)
2026-06-11 23:43:29.159 [http-nio-8080-exec-4] [33805336] [] DEBUG c.y.m.u.m.SysRoleMapper.selectList - <==      Total: 1
2026-06-11 23:43:29.160 [http-nio-8080-exec-4] [33805336] [] DEBUG c.y.m.u.m.S.selectPermissionIdsByRoleId - ==>  Preparing: select permission_id from sys_role_permission where role_id in ( ? ) order by permission_id asc
2026-06-11 23:43:29.160 [http-nio-8080-exec-4] [33805336] [] DEBUG c.y.m.u.m.S.selectPermissionIdsByRoleId - ==> Parameters: 1(Long)
2026-06-11 23:43:29.160 [http-nio-8080-exec-4] [33805336] [] DEBUG c.y.m.u.m.S.selectPermissionIdsByRoleId - <==      Total: 4
2026-06-11 23:43:29.160 [http-nio-8080-exec-4] [33805336] [] DEBUG c.y.m.u.m.S.selectList - ==>  Preparing: select id, parent_id, permission_code, permission_name, permission_type, api_path, sort_num, description, status, created_at, updated_at from sys_permission WHERE id in ( ? , ? , ? , ? )
2026-06-11 23:43:29.161 [http-nio-8080-exec-4] [33805336] [] DEBUG c.y.m.u.m.S.selectList - ==> Parameters: 101(Long), 106(Long), 113(Long), 117(Long)
2026-06-11 23:43:29.164 [http-nio-8080-exec-4] [33805336] [] DEBUG c.y.m.u.m.S.selectList - <==      Total: 4
2026-06-11 23:43:29.164 [http-nio-8080-exec-4] [33805336] [] INFO  c.y.common.aop.ControllerLogAspect - 接口结束: uri=/yq-admin/api/sysUser/login, controller=SysUserController#login, cost=82404ms, result={"code":200,"message":"success","data":{"token":"ey****Tw","signSecret":"wY****fQ","userDetailRes":{"id":1,"username":"admin","nickname":"系统管理员","realName":"超级管理员","phone":"13800000000","email":"admin@yq.com","unionId":"on_8dc4e328a2870919088b018841458703","status":"ACTIVE","createdAt":"Thu Apr 09 20:50:39 CST 2026","updatedAt":"Wed Jun 10 20:14:33 CST 2026"},"roleDetailResList":[{"id":1,"roleCode":"SUPER_ADMIN","roleName":"超级管理员","description":"拥有全部后台权限","status":"ACTIVE","createdAt":"Thu Apr 09 20:50:38 CST 2026","updatedAt":"Wed Jun 10 20:13:59 CST 2026"}],"permissionDetailResList":[{"id":101,"parentId":0,"permissionName":"系统配置","permissionType":"MENU","permissionCode":"menu:system","sortNum":1,"status":"ACTIVE","description":"左侧导航中的系统配置父级菜单","createdAt":"Thu Apr 09 21:22:28 CST 2026","updatedAt":"Thu Jun 11 19:21:05 CST 2026"},{"id":106,"parentId":0,"permissionName":"教学管理","permissionType":"MENU","permissionCode":"menu:teaching","sortNum":2,"status":"ACTIVE","description":"左侧导航中的教学管理父级菜单","createdAt":"Sat Apr 11 15:49:16 CST 2026","updatedAt":"Thu Jun 11 19:21:10 CST 2026"},{"id":113,"parentId":0,"permissionName":"销售管理","permissionType":"MENU","permissionCode":"menu:sales","sortNum":3,"status":"ACTIVE","description":"左侧导航中的销售管理父级菜单","createdAt":"Sun Apr 12 14:19:04 CST 2026","updatedAt":"Thu Jun 11 19:21:13 CST 2026"},{"id":117,"parentId":0,"permissionName":"学员管理","permissionType":"MENU","permissionCode":"menu:student","sortNum":4,"status":"ACTIVE","description":"左侧导航中的学员管理父级菜单","createdAt":"Sun Apr 19 23:54:31 CST 2026","updatedAt":"Thu Jun 11 19:21:15 CST 2026"}]}}
2026-06-11 23:43:40.396 [http-nio-8080-exec-5] [6e5731ac] [] INFO  c.y.common.aop.ControllerLogAspect - 接口开始: uri=/yq-admin/api/sysUser/login, httpMethod=POST, controller=SysUserController#login, args=[{"name":"req","value":{"username":"admin","password":"****"}}]
2026-06-11 23:43:40.397 [http-nio-8080-exec-5] [6e5731ac] [] DEBUG c.y.m.u.m.S.selectByUsername - ==>  Preparing: select id, username, password, nickname, real_name, phone, email, union_id, status, created_at, updated_at from sys_user where username = ?
2026-06-11 23:43:40.397 [http-nio-8080-exec-5] [6e5731ac] [] DEBUG c.y.m.u.m.S.selectByUsername - ==> Parameters: admin(String)
2026-06-11 23:43:40.398 [http-nio-8080-exec-5] [6e5731ac] [] DEBUG c.y.m.u.m.S.selectByUsername - <==      Total: 1
2026-06-11 23:44:21.584 [http-nio-8080-exec-5] [6e5731ac] [] DEBUG c.y.m.u.m.SysUserMapper.selectById - ==>  Preparing: select id, username, password, nickname, real_name, phone, email, union_id, status, created_at, updated_at from sys_user where id = ?
2026-06-11 23:44:21.584 [http-nio-8080-exec-5] [6e5731ac] [] DEBUG c.y.m.u.m.SysUserMapper.selectById - ==> Parameters: 1(Long)
2026-06-11 23:44:21.585 [http-nio-8080-exec-5] [6e5731ac] [] DEBUG c.y.m.u.m.SysUserMapper.selectById - <==      Total: 1
2026-06-11 23:44:21.586 [http-nio-8080-exec-5] [6e5731ac] [] DEBUG c.y.m.u.m.S.selectRoleIdsByUserId - ==>  Preparing: select role_id from sys_user_role where user_id = ? order by role_id asc
2026-06-11 23:44:21.586 [http-nio-8080-exec-5] [6e5731ac] [] DEBUG c.y.m.u.m.S.selectRoleIdsByUserId - ==> Parameters: 1(Long)
2026-06-11 23:44:21.586 [http-nio-8080-exec-5] [6e5731ac] [] DEBUG c.y.m.u.m.S.selectRoleIdsByUserId - <==      Total: 1
2026-06-11 23:44:21.588 [http-nio-8080-exec-5] [6e5731ac] [] DEBUG c.y.m.u.m.SysRoleMapper.selectList - ==>  Preparing: select id, role_code, role_name, description, status, created_at, updated_at from sys_role WHERE id in ( ? )
2026-06-11 23:44:21.588 [http-nio-8080-exec-5] [6e5731ac] [] DEBUG c.y.m.u.m.SysRoleMapper.selectList - ==> Parameters: 1(Long)
2026-06-11 23:44:21.589 [http-nio-8080-exec-5] [6e5731ac] [] DEBUG c.y.m.u.m.SysRoleMapper.selectList - <==      Total: 1
2026-06-11 23:44:21.589 [http-nio-8080-exec-5] [6e5731ac] [] DEBUG c.y.m.u.m.S.selectPermissionIdsByRoleId - ==>  Preparing: select permission_id from sys_role_permission where role_id in ( ? ) order by permission_id asc
2026-06-11 23:44:21.589 [http-nio-8080-exec-5] [6e5731ac] [] DEBUG c.y.m.u.m.S.selectPermissionIdsByRoleId - ==> Parameters: 1(Long)
2026-06-11 23:44:21.590 [http-nio-8080-exec-5] [6e5731ac] [] DEBUG c.y.m.u.m.S.selectPermissionIdsByRoleId - <==      Total: 4
2026-06-11 23:44:21.590 [http-nio-8080-exec-5] [6e5731ac] [] DEBUG c.y.m.u.m.S.selectList - ==>  Preparing: select id, parent_id, permission_code, permission_name, permission_type, api_path, sort_num, description, status, created_at, updated_at from sys_permission WHERE id in ( ? , ? , ? , ? )
2026-06-11 23:44:21.591 [http-nio-8080-exec-5] [6e5731ac] [] DEBUG c.y.m.u.m.S.selectList - ==> Parameters: 101(Long), 106(Long), 113(Long), 117(Long)
2026-06-11 23:44:21.593 [http-nio-8080-exec-5] [6e5731ac] [] DEBUG c.y.m.u.m.S.selectList - <==      Total: 4
2026-06-11 23:44:21.593 [http-nio-8080-exec-5] [6e5731ac] [] INFO  c.y.common.aop.ControllerLogAspect - 接口结束: uri=/yq-admin/api/sysUser/login, controller=SysUserController#login, cost=41197ms, result={"code":200,"message":"success","data":{"token":"ey****3c","signSecret":"ck****xo","userDetailRes":{"id":1,"username":"admin","nickname":"系统管理员","realName":"超级管理员","phone":"13800000000","email":"admin@yq.com","unionId":"on_8dc4e328a2870919088b018841458703","status":"ACTIVE","createdAt":"Thu Apr 09 20:50:39 CST 2026","updatedAt":"Wed Jun 10 20:14:33 CST 2026"},"roleDetailResList":[{"id":1,"roleCode":"SUPER_ADMIN","roleName":"超级管理员","description":"拥有全部后台权限","status":"ACTIVE","createdAt":"Thu Apr 09 20:50:38 CST 2026","updatedAt":"Wed Jun 10 20:13:59 CST 2026"}],"permissionDetailResList":[{"id":101,"parentId":0,"permissionName":"系统配置","permissionType":"MENU","permissionCode":"menu:system","sortNum":1,"status":"ACTIVE","description":"左侧导航中的系统配置父级菜单","createdAt":"Thu Apr 09 21:22:28 CST 2026","updatedAt":"Thu Jun 11 19:21:05 CST 2026"},{"id":106,"parentId":0,"permissionName":"教学管理","permissionType":"MENU","permissionCode":"menu:teaching","sortNum":2,"status":"ACTIVE","description":"左侧导航中的教学管理父级菜单","createdAt":"Sat Apr 11 15:49:16 CST 2026","updatedAt":"Thu Jun 11 19:21:10 CST 2026"},{"id":113,"parentId":0,"permissionName":"销售管理","permissionType":"MENU","permissionCode":"menu:sales","sortNum":3,"status":"ACTIVE","description":"左侧导航中的销售管理父级菜单","createdAt":"Sun Apr 12 14:19:04 CST 2026","updatedAt":"Thu Jun 11 19:21:13 CST 2026"},{"id":117,"parentId":0,"permissionName":"学员管理","permissionType":"MENU","permissionCode":"menu:student","sortNum":4,"status":"ACTIVE","description":"左侧导航中的学员管理父级菜单","createdAt":"Sun Apr 19 23:54:31 CST 2026","updatedAt":"Thu Jun 11 19:21:15 CST 2026"}]}}
2026-06-11 23:44:27.581 [http-nio-8080-exec-6] [7bde790a] [] INFO  c.y.common.aop.ControllerLogAspect - 接口开始: uri=/yq-admin/api/sysUser/login, httpMethod=POST, controller=SysUserController#login, args=[{"name":"req","value":{"username":"admin","password":"****"}}]
2026-06-11 23:44:27.581 [http-nio-8080-exec-6] [7bde790a] [] DEBUG c.y.m.u.m.S.selectByUsername - ==>  Preparing: select id, username, password, nickname, real_name, phone, email, union_id, status, created_at, updated_at from sys_user where username = ?
2026-06-11 23:44:27.582 [http-nio-8080-exec-6] [7bde790a] [] DEBUG c.y.m.u.m.S.selectByUsername - ==> Parameters: admin(String)
2026-06-11 23:44:27.582 [http-nio-8080-exec-6] [7bde790a] [] DEBUG c.y.m.u.m.S.selectByUsername - <==      Total: 1
2026-06-11 23:44:27.586 [http-nio-8080-exec-6] [7bde790a] [] DEBUG c.y.m.u.m.SysUserMapper.selectById - ==>  Preparing: select id, username, password, nickname, real_name, phone, email, union_id, status, created_at, updated_at from sys_user where id = ?
2026-06-11 23:44:27.586 [http-nio-8080-exec-6] [7bde790a] [] DEBUG c.y.m.u.m.SysUserMapper.selectById - ==> Parameters: 1(Long)
2026-06-11 23:44:27.587 [http-nio-8080-exec-6] [7bde790a] [] DEBUG c.y.m.u.m.SysUserMapper.selectById - <==      Total: 1
2026-06-11 23:44:27.587 [http-nio-8080-exec-6] [7bde790a] [] DEBUG c.y.m.u.m.S.selectRoleIdsByUserId - ==>  Preparing: select role_id from sys_user_role where user_id = ? order by role_id asc
2026-06-11 23:44:27.587 [http-nio-8080-exec-6] [7bde790a] [] DEBUG c.y.m.u.m.S.selectRoleIdsByUserId - ==> Parameters: 1(Long)
2026-06-11 23:44:27.588 [http-nio-8080-exec-6] [7bde790a] [] DEBUG c.y.m.u.m.S.selectRoleIdsByUserId - <==      Total: 1
2026-06-11 23:44:27.588 [http-nio-8080-exec-6] [7bde790a] [] DEBUG c.y.m.u.m.SysRoleMapper.selectList - ==>  Preparing: select id, role_code, role_name, description, status, created_at, updated_at from sys_role WHERE id in ( ? )
2026-06-11 23:44:27.588 [http-nio-8080-exec-6] [7bde790a] [] DEBUG c.y.m.u.m.SysRoleMapper.selectList - ==> Parameters: 1(Long)
2026-06-11 23:44:27.589 [http-nio-8080-exec-6] [7bde790a] [] DEBUG c.y.m.u.m.SysRoleMapper.selectList - <==      Total: 1
2026-06-11 23:44:27.589 [http-nio-8080-exec-6] [7bde790a] [] DEBUG c.y.m.u.m.S.selectPermissionIdsByRoleId - ==>  Preparing: select permission_id from sys_role_permission where role_id in ( ? ) order by permission_id asc
2026-06-11 23:44:27.589 [http-nio-8080-exec-6] [7bde790a] [] DEBUG c.y.m.u.m.S.selectPermissionIdsByRoleId - ==> Parameters: 1(Long)
2026-06-11 23:44:27.589 [http-nio-8080-exec-6] [7bde790a] [] DEBUG c.y.m.u.m.S.selectPermissionIdsByRoleId - <==      Total: 4
2026-06-11 23:44:27.590 [http-nio-8080-exec-6] [7bde790a] [] DEBUG c.y.m.u.m.S.selectList - ==>  Preparing: select id, parent_id, permission_code, permission_name, permission_type, api_path, sort_num, description, status, created_at, updated_at from sys_permission WHERE id in ( ? , ? , ? , ? )
2026-06-11 23:44:27.590 [http-nio-8080-exec-6] [7bde790a] [] DEBUG c.y.m.u.m.S.selectList - ==> Parameters: 101(Long), 106(Long), 113(Long), 117(Long)
2026-06-11 23:44:27.591 [http-nio-8080-exec-6] [7bde790a] [] DEBUG c.y.m.u.m.S.selectList - <==      Total: 4
2026-06-11 23:44:27.594 [http-nio-8080-exec-6] [7bde790a] [] INFO  c.y.common.aop.ControllerLogAspect - 接口结束: uri=/yq-admin/api/sysUser/login, controller=SysUserController#login, cost=13ms, result={"code":200,"message":"success","data":{"token":"ey****5Y","signSecret":"Qi****iU","userDetailRes":{"id":1,"username":"admin","nickname":"系统管理员","realName":"超级管理员","phone":"13800000000","email":"admin@yq.com","unionId":"on_8dc4e328a2870919088b018841458703","status":"ACTIVE","createdAt":"Thu Apr 09 20:50:39 CST 2026","updatedAt":"Wed Jun 10 20:14:33 CST 2026"},"roleDetailResList":[{"id":1,"roleCode":"SUPER_ADMIN","roleName":"超级管理员","description":"拥有全部后台权限","status":"ACTIVE","createdAt":"Thu Apr 09 20:50:38 CST 2026","updatedAt":"Wed Jun 10 20:13:59 CST 2026"}],"permissionDetailResList":[{"id":101,"parentId":0,"permissionName":"系统配置","permissionType":"MENU","permissionCode":"menu:system","sortNum":1,"status":"ACTIVE","description":"左侧导航中的系统配置父级菜单","createdAt":"Thu Apr 09 21:22:28 CST 2026","updatedAt":"Thu Jun 11 19:21:05 CST 2026"},{"id":106,"parentId":0,"permissionName":"教学管理","permissionType":"MENU","permissionCode":"menu:teaching","sortNum":2,"status":"ACTIVE","description":"左侧导航中的教学管理父级菜单","createdAt":"Sat Apr 11 15:49:16 CST 2026","updatedAt":"Thu Jun 11 19:21:10 CST 2026"},{"id":113,"parentId":0,"permissionName":"销售管理","permissionType":"MENU","permissionCode":"menu:sales","sortNum":3,"status":"ACTIVE","description":"左侧导航中的销售管理父级菜单","createdAt":"Sun Apr 12 14:19:04 CST 2026","updatedAt":"Thu Jun 11 19:21:13 CST 2026"},{"id":117,"parentId":0,"permissionName":"学员管理","permissionType":"MENU","permissionCode":"menu:student","sortNum":4,"status":"ACTIVE","description":"左侧导航中的学员管理父级菜单","createdAt":"Sun Apr 19 23:54:31 CST 2026","updatedAt":"Thu Jun 11 19:21:15 CST 2026"}]}}
2026-06-11 23:44:27.658 [http-nio-8080-exec-7] [ac360376] [1] DEBUG c.y.m.u.m.SysUserMapper.selectById - ==>  Preparing: select id, username, password, nickname, real_name, phone, email, union_id, status, created_at, updated_at from sys_user where id = ?
2026-06-11 23:44:27.659 [http-nio-8080-exec-7] [ac360376] [1] DEBUG c.y.m.u.m.SysUserMapper.selectById - ==> Parameters: 1(Long)
2026-06-11 23:44:27.661 [http-nio-8080-exec-7] [ac360376] [1] DEBUG c.y.m.u.m.SysUserMapper.selectById - <==      Total: 1
2026-06-11 23:44:27.662 [http-nio-8080-exec-7] [ac360376] [1] DEBUG c.y.m.u.m.S.selectRoleIdsByUserId - ==>  Preparing: select role_id from sys_user_role where user_id = ? order by role_id asc
2026-06-11 23:44:27.662 [http-nio-8080-exec-7] [ac360376] [1] DEBUG c.y.m.u.m.S.selectRoleIdsByUserId - ==> Parameters: 1(Long)
2026-06-11 23:44:27.662 [http-nio-8080-exec-7] [ac360376] [1] DEBUG c.y.m.u.m.S.selectRoleIdsByUserId - <==      Total: 1
2026-06-11 23:44:27.663 [http-nio-8080-exec-7] [ac360376] [1] DEBUG c.y.m.u.m.SysRoleMapper.selectList - ==>  Preparing: select id, role_code, role_name, description, status, created_at, updated_at from sys_role WHERE id in ( ? )
2026-06-11 23:44:27.663 [http-nio-8080-exec-7] [ac360376] [1] DEBUG c.y.m.u.m.SysRoleMapper.selectList - ==> Parameters: 1(Long)
2026-06-11 23:44:27.664 [http-nio-8080-exec-7] [ac360376] [1] DEBUG c.y.m.u.m.SysRoleMapper.selectList - <==      Total: 1
2026-06-11 23:44:27.664 [http-nio-8080-exec-7] [ac360376] [1] DEBUG c.y.m.u.m.S.selectPermissionIdsByRoleId - ==>  Preparing: select permission_id from sys_role_permission where role_id in ( ? ) order by permission_id asc
2026-06-11 23:44:27.664 [http-nio-8080-exec-7] [ac360376] [1] DEBUG c.y.m.u.m.S.selectPermissionIdsByRoleId - ==> Parameters: 1(Long)
2026-06-11 23:44:27.664 [http-nio-8080-exec-7] [ac360376] [1] DEBUG c.y.m.u.m.S.selectPermissionIdsByRoleId - <==      Total: 4
2026-06-11 23:44:27.665 [http-nio-8080-exec-7] [ac360376] [1] DEBUG c.y.m.u.m.S.selectList - ==>  Preparing: select id, parent_id, permission_code, permission_name, permission_type, api_path, sort_num, description, status, created_at, updated_at from sys_permission WHERE id in ( ? , ? , ? , ? )
2026-06-11 23:44:27.665 [http-nio-8080-exec-7] [ac360376] [1] DEBUG c.y.m.u.m.S.selectList - ==> Parameters: 101(Long), 106(Long), 113(Long), 117(Long)
2026-06-11 23:44:27.667 [http-nio-8080-exec-7] [ac360376] [1] DEBUG c.y.m.u.m.S.selectList - <==      Total: 4
2026-06-11 23:44:27.668 [http-nio-8080-exec-7] [ac360376] [1] INFO  c.y.common.aop.ControllerLogAspect - 接口开始: uri=/yq-admin/api/sysUser, httpMethod=GET, controller=SysUserController#pageUser, args=[{"name":"req","value":{"pageNum":1,"pageSize":10}}]
2026-06-11 23:44:27.672 [http-nio-8080-exec-7] [ac360376] [1] DEBUG c.y.m.u.m.S.selectPage_COUNT - ==>  Preparing: SELECT count(0) FROM sys_user
2026-06-11 23:44:27.672 [http-nio-8080-exec-7] [ac360376] [1] DEBUG c.y.m.u.m.S.selectPage_COUNT - ==> Parameters: 
2026-06-11 23:44:27.675 [http-nio-8080-exec-7] [ac360376] [1] DEBUG c.y.m.u.m.S.selectPage_COUNT - <==      Total: 1
2026-06-11 23:44:27.676 [http-nio-8080-exec-7] [ac360376] [1] DEBUG c.y.m.u.m.SysUserMapper.selectPage - ==>  Preparing: select id, username, password, nickname, real_name, phone, email, union_id, status, created_at, updated_at from sys_user order by id desc LIMIT ?
2026-06-11 23:44:27.676 [http-nio-8080-exec-7] [ac360376] [1] DEBUG c.y.m.u.m.SysUserMapper.selectPage - ==> Parameters: 10(Integer)
2026-06-11 23:44:27.678 [http-nio-8080-exec-7] [ac360376] [1] DEBUG c.y.m.u.m.SysUserMapper.selectPage - <==      Total: 6
2026-06-11 23:44:27.679 [http-nio-8080-exec-7] [ac360376] [1] INFO  c.y.common.aop.ControllerLogAspect - 接口结束: uri=/yq-admin/api/sysUser, controller=SysUserController#pageUser, cost=11ms, result={"code":200,"message":"success","data":{"total":6,"pageNum":1,"pageSize":10,"records":[{"id":6,"username":"haha","nickname":"哈哈哈","realName":"哈哈","phone":"15118191032","email":"913038933@qq.com","status":"ACTIVE","createdAt":"Fri Apr 17 15:54:46 CST 2026"},{"id":5,"username":"laoshi2","nickname":"老师2","realName":"老师2","phone":"13762922584","status":"ACTIVE","createdAt":"Sun Apr 12 01:48:55 CST 2026"},{"id":4,"username":"laoshi1","nickname":"老师1","realName":"老师1","phone":"13273576020","status":"ACTIVE","createdAt":"Sun Apr 12 01:48:37 CST 2026"},{"id":3,"username":"banzhuren","nickname":"班主任老师","realName":"班主任老师","phone":"15118191032","status":"ACTIVE","createdAt":"Sat Apr 11 17:06:53 CST 2026"},{"id":2,"username":"huangjin","nickname":"黄瑾","realName":"黄瑾","phone":"13273672819","email":"913038933@qq.com","status":"ACTIVE","createdAt":"Thu Apr 09 22:04:43 CST 2026"},{"id":1,"username":"admin","nickname":"系统管理员","realName":"超级管理员","phone":"13800000000","email":"admin@yq.com","status":"ACTIVE","createdAt":"Thu Apr 09 20:50:39 CST 2026"}]}}
2026-06-11 23:46:03.194 [SpringApplicationShutdownHook] [] [] INFO  com.zaxxer.hikari.HikariDataSource - HikariPool-1 - Shutdown initiated...
2026-06-11 23:46:03.199 [SpringApplicationShutdownHook] [] [] INFO  com.zaxxer.hikari.HikariDataSource - HikariPool-1 - Shutdown completed.
2026-06-11 23:46:05.983 [background-preinit] [] [] INFO  o.h.validator.internal.util.Version - HV000001: Hibernate Validator 8.0.1.Final
2026-06-11 23:46:06.003 [main] [] [] INFO  cn.yanque.YanqueApplication - Starting YanqueApplication using Java 17.0.17 with PID 160112 (D:\Java\code\yq\YanQue-Admin\target\classes started by q1571 in D:\Java\code\yq\YanQue-Admin)
2026-06-11 23:46:06.004 [main] [] [] INFO  cn.yanque.YanqueApplication - The following 1 profile is active: "dev"
2026-06-11 23:46:06.459 [main] [] [] INFO  o.s.d.r.c.RepositoryConfigurationDelegate - Multiple Spring Data modules found, entering strict repository configuration mode
2026-06-11 23:46:06.460 [main] [] [] INFO  o.s.d.r.c.RepositoryConfigurationDelegate - Bootstrapping Spring Data Redis repositories in DEFAULT mode.
2026-06-11 23:46:06.483 [main] [] [] INFO  o.s.d.r.c.RepositoryConfigurationDelegate - Finished Spring Data repository scanning in 13 ms. Found 0 Redis repository interfaces.
2026-06-11 23:46:06.925 [main] [] [] INFO  o.s.b.w.e.tomcat.TomcatWebServer - Tomcat initialized with port 8080 (http)
2026-06-11 23:46:06.930 [main] [] [] INFO  o.a.coyote.http11.Http11NioProtocol - Initializing ProtocolHandler ["http-nio-8080"]
2026-06-11 23:46:06.931 [main] [] [] INFO  o.a.catalina.core.StandardService - Starting service [Tomcat]
2026-06-11 23:46:06.931 [main] [] [] INFO  o.a.catalina.core.StandardEngine - Starting Servlet engine: [Apache Tomcat/10.1.16]
2026-06-11 23:46:06.970 [main] [] [] INFO  o.a.c.c.C.[.[localhost].[/yq-admin] - Initializing Spring embedded WebApplicationContext
2026-06-11 23:46:06.971 [main] [] [] INFO  o.s.b.w.s.c.ServletWebServerApplicationContext - Root WebApplicationContext: initialization completed in 944 ms
2026-06-11 23:46:07.873 [main] [] [] INFO  o.a.coyote.http11.Http11NioProtocol - Starting ProtocolHandler ["http-nio-8080"]
2026-06-11 23:46:07.888 [main] [] [] INFO  o.s.b.w.e.tomcat.TomcatWebServer - Tomcat started on port 8080 (http) with context path '/yq-admin'
2026-06-11 23:46:07.894 [main] [] [] INFO  cn.yanque.YanqueApplication - Started YanqueApplication in 2.209 seconds (process running for 2.643)
2026-06-11 23:46:11.967 [http-nio-8080-exec-1] [] [] INFO  o.a.c.c.C.[.[localhost].[/yq-admin] - Initializing Spring DispatcherServlet 'dispatcherServlet'
2026-06-11 23:46:11.967 [http-nio-8080-exec-1] [] [] INFO  o.s.web.servlet.DispatcherServlet - Initializing Servlet 'dispatcherServlet'
2026-06-11 23:46:11.968 [http-nio-8080-exec-1] [] [] INFO  o.s.web.servlet.DispatcherServlet - Completed initialization in 1 ms
2026-06-11 23:46:12.156 [http-nio-8080-exec-1] [24db743a] [] INFO  c.y.common.aop.ControllerLogAspect - 接口开始: uri=/yq-admin/api/sysUser/login, httpMethod=POST, controller=SysUserController#login, args=[{"name":"req","value":{"username":"admin","password":"****"}}]
2026-06-11 23:46:12.173 [http-nio-8080-exec-1] [24db743a] [] INFO  com.zaxxer.hikari.HikariDataSource - HikariPool-1 - Starting...
2026-06-11 23:46:12.280 [http-nio-8080-exec-1] [24db743a] [] INFO  com.zaxxer.hikari.pool.HikariPool - HikariPool-1 - Added connection com.mysql.cj.jdbc.ConnectionImpl@18829600
2026-06-11 23:46:12.281 [http-nio-8080-exec-1] [24db743a] [] INFO  com.zaxxer.hikari.HikariDataSource - HikariPool-1 - Start completed.
2026-06-11 23:46:12.286 [http-nio-8080-exec-1] [24db743a] [] DEBUG c.y.m.u.m.S.selectByUsername - ==>  Preparing: select id, username, password, nickname, real_name, phone, email, union_id, status, created_at, updated_at from sys_user where username = ?
2026-06-11 23:46:12.303 [http-nio-8080-exec-1] [24db743a] [] DEBUG c.y.m.u.m.S.selectByUsername - ==> Parameters: admin(String)
2026-06-11 23:46:12.322 [http-nio-8080-exec-1] [24db743a] [] DEBUG c.y.m.u.m.S.selectByUsername - <==      Total: 1
2026-06-11 23:49:07.177 [HikariPool-1 housekeeper] [] [] WARN  com.zaxxer.hikari.pool.HikariPool - HikariPool-1 - Thread starvation or clock leap detected (housekeeper delta=3m24s896ms79µs100ns).
2026-06-11 23:49:07.467 [http-nio-8080-exec-1] [24db743a] [] ERROR c.y.c.e.GlobalExceptionHandler - 系统异常
org.springframework.data.redis.RedisConnectionFailureException: Unable to connect to Redis
	at org.springframework.data.redis.connection.lettuce.LettuceConnectionFactory$ExceptionTranslatingConnectionProvider.translateException(LettuceConnectionFactory.java:1805)
	at org.springframework.data.redis.connection.lettuce.LettuceConnectionFactory$ExceptionTranslatingConnectionProvider.getConnection(LettuceConnectionFactory.java:1736)
	at org.springframework.data.redis.connection.lettuce.LettuceConnectionFactory$SharedConnection.getNativeConnection(LettuceConnectionFactory.java:1538)
	at org.springframework.data.redis.connection.lettuce.LettuceConnectionFactory$SharedConnection.lambda$getConnection$0(LettuceConnectionFactory.java:1518)
	at org.springframework.data.redis.connection.lettuce.LettuceConnectionFactory.doInLock(LettuceConnectionFactory.java:1478)
	at org.springframework.data.redis.connection.lettuce.LettuceConnectionFactory$SharedConnection.getConnection(LettuceConnectionFactory.java:1515)
	at org.springframework.data.redis.connection.lettuce.LettuceConnectionFactory.getSharedConnection(LettuceConnectionFactory.java:1199)
	at org.springframework.data.redis.connection.lettuce.LettuceConnectionFactory.getConnection(LettuceConnectionFactory.java:1006)
	at org.springframework.data.redis.core.RedisConnectionUtils.fetchConnection(RedisConnectionUtils.java:194)
	at org.springframework.data.redis.core.RedisConnectionUtils.doGetConnection(RedisConnectionUtils.java:143)
	at org.springframework.data.redis.core.RedisConnectionUtils.getConnection(RedisConnectionUtils.java:104)
	at org.springframework.data.redis.core.RedisTemplate.execute(RedisTemplate.java:393)
	at org.springframework.data.redis.core.RedisTemplate.execute(RedisTemplate.java:373)
	at org.springframework.data.redis.core.AbstractOperations.execute(AbstractOperations.java:97)
	at org.springframework.data.redis.core.DefaultValueOperations.set(DefaultValueOperations.java:253)
	at cn.yanque.models.users.service.impl.SysUserServiceImpl.loginReq(SysUserServiceImpl.java:178)
	at java.base/jdk.internal.reflect.NativeMethodAccessorImpl.invoke0(Native Method)
	at java.base/jdk.internal.reflect.NativeMethodAccessorImpl.invoke(NativeMethodAccessorImpl.java:77)
	at java.base/jdk.internal.reflect.DelegatingMethodAccessorImpl.invoke(DelegatingMethodAccessorImpl.java:43)
	at java.base/java.lang.reflect.Method.invoke(Method.java:569)
	at org.springframework.aop.support.AopUtils.invokeJoinpointUsingReflection(AopUtils.java:352)
	at org.springframework.aop.framework.CglibAopProxy$DynamicAdvisedInterceptor.intercept(CglibAopProxy.java:713)
	at cn.yanque.models.users.service.impl.SysUserServiceImpl$$SpringCGLIB$$0.loginReq(<generated>)
	at cn.yanque.models.users.controller.SysUserController.login(SysUserController.java:89)
	at java.base/jdk.internal.reflect.NativeMethodAccessorImpl.invoke0(Native Method)
	at java.base/jdk.internal.reflect.NativeMethodAccessorImpl.invoke(NativeMethodAccessorImpl.java:77)
	at java.base/jdk.internal.reflect.DelegatingMethodAccessorImpl.invoke(DelegatingMethodAccessorImpl.java:43)
	at java.base/java.lang.reflect.Method.invoke(Method.java:569)
	at org.springframework.aop.support.AopUtils.invokeJoinpointUsingReflection(AopUtils.java:352)
	at org.springframework.aop.framework.ReflectiveMethodInvocation.invokeJoinpoint(ReflectiveMethodInvocation.java:196)
	at org.springframework.aop.framework.ReflectiveMethodInvocation.proceed(ReflectiveMethodInvocation.java:163)
	at org.springframework.aop.framework.CglibAopProxy$CglibMethodInvocation.proceed(CglibAopProxy.java:765)
	at org.springframework.aop.aspectj.MethodInvocationProceedingJoinPoint.proceed(MethodInvocationProceedingJoinPoint.java:89)
	at cn.yanque.common.aop.ControllerLogAspect.logController(ControllerLogAspect.java:47)
	at java.base/jdk.internal.reflect.NativeMethodAccessorImpl.invoke0(Native Method)
	at java.base/jdk.internal.reflect.NativeMethodAccessorImpl.invoke(NativeMethodAccessorImpl.java:77)
	at java.base/jdk.internal.reflect.DelegatingMethodAccessorImpl.invoke(DelegatingMethodAccessorImpl.java:43)
	at java.base/java.lang.reflect.Method.invoke(Method.java:569)
	at org.springframework.aop.aspectj.AbstractAspectJAdvice.invokeAdviceMethodWithGivenArgs(AbstractAspectJAdvice.java:637)
	at org.springframework.aop.aspectj.AbstractAspectJAdvice.invokeAdviceMethod(AbstractAspectJAdvice.java:627)
	at org.springframework.aop.aspectj.AspectJAroundAdvice.invoke(AspectJAroundAdvice.java:71)
	at org.springframework.aop.framework.ReflectiveMethodInvocation.proceed(ReflectiveMethodInvocation.java:184)
	at org.springframework.aop.framework.CglibAopProxy$CglibMethodInvocation.proceed(CglibAopProxy.java:765)
	at org.springframework.aop.interceptor.ExposeInvocationInterceptor.invoke(ExposeInvocationInterceptor.java:97)
	at org.springframework.aop.framework.ReflectiveMethodInvocation.proceed(ReflectiveMethodInvocation.java:184)
	at org.springframework.aop.framework.CglibAopProxy$CglibMethodInvocation.proceed(CglibAopProxy.java:765)
	at org.springframework.aop.framework.CglibAopProxy$DynamicAdvisedInterceptor.intercept(CglibAopProxy.java:717)
	at cn.yanque.models.users.controller.SysUserController$$SpringCGLIB$$0.login(<generated>)
	at java.base/jdk.internal.reflect.NativeMethodAccessorImpl.invoke0(Native Method)
	at java.base/jdk.internal.reflect.NativeMethodAccessorImpl.invoke(NativeMethodAccessorImpl.java:77)
	at java.base/jdk.internal.reflect.DelegatingMethodAccessorImpl.invoke(DelegatingMethodAccessorImpl.java:43)
	at java.base/java.lang.reflect.Method.invoke(Method.java:569)
	at org.springframework.web.method.support.InvocableHandlerMethod.doInvoke(InvocableHandlerMethod.java:254)
	at org.springframework.web.method.support.InvocableHandlerMethod.invokeForRequest(InvocableHandlerMethod.java:182)
	at org.springframework.web.servlet.mvc.method.annotation.ServletInvocableHandlerMethod.invokeAndHandle(ServletInvocableHandlerMethod.java:118)
	at org.springframework.web.servlet.mvc.method.annotation.RequestMappingHandlerAdapter.invokeHandlerMethod(RequestMappingHandlerAdapter.java:917)
	at org.springframework.web.servlet.mvc.method.annotation.RequestMappingHandlerAdapter.handleInternal(RequestMappingHandlerAdapter.java:829)
	at org.springframework.web.servlet.mvc.method.AbstractHandlerMethodAdapter.handle(AbstractHandlerMethodAdapter.java:87)
	at org.springframework.web.servlet.DispatcherServlet.doDispatch(DispatcherServlet.java:1089)
	at org.springframework.web.servlet.DispatcherServlet.doService(DispatcherServlet.java:979)
	at org.springframework.web.servlet.FrameworkServlet.processRequest(FrameworkServlet.java:1014)
	at org.springframework.web.servlet.FrameworkServlet.doPost(FrameworkServlet.java:914)
	at jakarta.servlet.http.HttpServlet.service(HttpServlet.java:590)
	at org.springframework.web.servlet.FrameworkServlet.service(FrameworkServlet.java:885)
	at jakarta.servlet.http.HttpServlet.service(HttpServlet.java:658)
	at org.apache.catalina.core.ApplicationFilterChain.internalDoFilter(ApplicationFilterChain.java:205)
	at org.apache.catalina.core.ApplicationFilterChain.doFilter(ApplicationFilterChain.java:149)
	at org.apache.tomcat.websocket.server.WsFilter.doFilter(WsFilter.java:51)
	at org.apache.catalina.core.ApplicationFilterChain.internalDoFilter(ApplicationFilterChain.java:174)
	at org.apache.catalina.core.ApplicationFilterChain.doFilter(ApplicationFilterChain.java:149)
	at org.springframework.web.filter.RequestContextFilter.doFilterInternal(RequestContextFilter.java:100)
	at org.springframework.web.filter.OncePerRequestFilter.doFilter(OncePerRequestFilter.java:116)
	at org.apache.catalina.core.ApplicationFilterChain.internalDoFilter(ApplicationFilterChain.java:174)
	at org.apache.catalina.core.ApplicationFilterChain.doFilter(ApplicationFilterChain.java:149)
	at org.springframework.web.filter.FormContentFilter.doFilterInternal(FormContentFilter.java:93)
	at org.springframework.web.filter.OncePerRequestFilter.doFilter(OncePerRequestFilter.java:116)
	at org.apache.catalina.core.ApplicationFilterChain.internalDoFilter(ApplicationFilterChain.java:174)
	at org.apache.catalina.core.ApplicationFilterChain.doFilter(ApplicationFilterChain.java:149)
	at org.springframework.web.filter.CharacterEncodingFilter.doFilterInternal(CharacterEncodingFilter.java:201)
	at org.springframework.web.filter.OncePerRequestFilter.doFilter(OncePerRequestFilter.java:116)
	at org.apache.catalina.core.ApplicationFilterChain.internalDoFilter(ApplicationFilterChain.java:174)
	at org.apache.catalina.core.ApplicationFilterChain.doFilter(ApplicationFilterChain.java:149)
	at cn.yanque.config.MdcFilter.doFilterInternal(MdcFilter.java:37)
	at org.springframework.web.filter.OncePerRequestFilter.doFilter(OncePerRequestFilter.java:116)
	at org.apache.catalina.core.ApplicationFilterChain.internalDoFilter(ApplicationFilterChain.java:174)
	at org.apache.catalina.core.ApplicationFilterChain.doFilter(ApplicationFilterChain.java:149)
	at org.apache.catalina.core.StandardWrapperValve.invoke(StandardWrapperValve.java:167)
	at org.apache.catalina.core.StandardContextValve.invoke(StandardContextValve.java:90)
	at org.apache.catalina.authenticator.AuthenticatorBase.invoke(AuthenticatorBase.java:482)
	at org.apache.catalina.core.StandardHostValve.invoke(StandardHostValve.java:115)
	at org.apache.catalina.valves.ErrorReportValve.invoke(ErrorReportValve.java:93)
	at org.apache.catalina.core.StandardEngineValve.invoke(StandardEngineValve.java:74)
	at org.apache.catalina.connector.CoyoteAdapter.service(CoyoteAdapter.java:340)
	at org.apache.coyote.http11.Http11Processor.service(Http11Processor.java:391)
	at org.apache.coyote.AbstractProcessorLight.process(AbstractProcessorLight.java:63)
	at org.apache.coyote.AbstractProtocol$ConnectionHandler.process(AbstractProtocol.java:896)
	at org.apache.tomcat.util.net.NioEndpoint$SocketProcessor.doRun(NioEndpoint.java:1744)
	at org.apache.tomcat.util.net.SocketProcessorBase.run(SocketProcessorBase.java:52)
	at org.apache.tomcat.util.threads.ThreadPoolExecutor.runWorker(ThreadPoolExecutor.java:1191)
	at org.apache.tomcat.util.threads.ThreadPoolExecutor$Worker.run(ThreadPoolExecutor.java:659)
	at org.apache.tomcat.util.threads.TaskThread$WrappingRunnable.run(TaskThread.java:61)
	at java.base/java.lang.Thread.run(Thread.java:840)
Caused by: io.lettuce.core.RedisConnectionException: Unable to connect to localhost/<unresolved>:6379
	at io.lettuce.core.RedisConnectionException.create(RedisConnectionException.java:78)
	at io.lettuce.core.RedisConnectionException.create(RedisConnectionException.java:56)
	at io.lettuce.core.AbstractRedisClient.getConnection(AbstractRedisClient.java:348)
	at io.lettuce.core.RedisClient.connect(RedisClient.java:215)
	at org.springframework.data.redis.connection.lettuce.StandaloneConnectionProvider.lambda$getConnection$1(StandaloneConnectionProvider.java:112)
	at java.base/java.util.Optional.orElseGet(Optional.java:364)
	at org.springframework.data.redis.connection.lettuce.StandaloneConnectionProvider.getConnection(StandaloneConnectionProvider.java:112)
	at org.springframework.data.redis.connection.lettuce.LettuceConnectionFactory$ExceptionTranslatingConnectionProvider.getConnection(LettuceConnectionFactory.java:1734)
	... 100 common frames omitted
Caused by: java.lang.InterruptedException: null
	at java.base/java.util.concurrent.CompletableFuture.reportGet(CompletableFuture.java:386)
	at java.base/java.util.concurrent.CompletableFuture.get(CompletableFuture.java:2073)
	at io.lettuce.core.DefaultConnectionFuture.get(DefaultConnectionFuture.java:69)
	at io.lettuce.core.AbstractRedisClient.getConnection(AbstractRedisClient.java:345)
	... 105 common frames omitted
2026-06-11 23:49:07.636 [SpringApplicationShutdownHook] [] [] INFO  com.zaxxer.hikari.HikariDataSource - HikariPool-1 - Shutdown initiated...
2026-06-11 23:49:07.640 [SpringApplicationShutdownHook] [] [] INFO  com.zaxxer.hikari.HikariDataSource - HikariPool-1 - Shutdown completed.
2026-06-11 23:49:10.380 [background-preinit] [] [] INFO  o.h.validator.internal.util.Version - HV000001: Hibernate Validator 8.0.1.Final
2026-06-11 23:49:10.407 [main] [] [] INFO  cn.yanque.YanqueApplication - Starting YanqueApplication using Java 17.0.17 with PID 172444 (D:\Java\code\yq\YanQue-Admin\target\classes started by q1571 in D:\Java\code\yq\YanQue-Admin)
2026-06-11 23:49:10.407 [main] [] [] INFO  cn.yanque.YanqueApplication - The following 1 profile is active: "dev"
2026-06-11 23:49:10.882 [main] [] [] INFO  o.s.d.r.c.RepositoryConfigurationDelegate - Multiple Spring Data modules found, entering strict repository configuration mode
2026-06-11 23:49:10.883 [main] [] [] INFO  o.s.d.r.c.RepositoryConfigurationDelegate - Bootstrapping Spring Data Redis repositories in DEFAULT mode.
2026-06-11 23:49:10.907 [main] [] [] INFO  o.s.d.r.c.RepositoryConfigurationDelegate - Finished Spring Data repository scanning in 14 ms. Found 0 Redis repository interfaces.
2026-06-11 23:49:11.372 [main] [] [] INFO  o.s.b.w.e.tomcat.TomcatWebServer - Tomcat initialized with port 8080 (http)
2026-06-11 23:49:11.386 [main] [] [] INFO  o.a.coyote.http11.Http11NioProtocol - Initializing ProtocolHandler ["http-nio-8080"]
2026-06-11 23:49:11.387 [main] [] [] INFO  o.a.catalina.core.StandardService - Starting service [Tomcat]
2026-06-11 23:49:11.387 [main] [] [] INFO  o.a.catalina.core.StandardEngine - Starting Servlet engine: [Apache Tomcat/10.1.16]
2026-06-11 23:49:11.430 [main] [] [] INFO  o.a.c.c.C.[.[localhost].[/yq-admin] - Initializing Spring embedded WebApplicationContext
2026-06-11 23:49:11.431 [main] [] [] INFO  o.s.b.w.s.c.ServletWebServerApplicationContext - Root WebApplicationContext: initialization completed in 996 ms
2026-06-11 23:49:12.347 [main] [] [] INFO  o.a.coyote.http11.Http11NioProtocol - Starting ProtocolHandler ["http-nio-8080"]
2026-06-11 23:49:12.363 [main] [] [] INFO  o.s.b.w.e.tomcat.TomcatWebServer - Tomcat started on port 8080 (http) with context path '/yq-admin'
2026-06-11 23:49:12.369 [main] [] [] INFO  cn.yanque.YanqueApplication - Started YanqueApplication in 2.285 seconds (process running for 2.727)
2026-06-11 23:51:53.326 [http-nio-8080-exec-1] [] [] INFO  o.a.c.c.C.[.[localhost].[/yq-admin] - Initializing Spring DispatcherServlet 'dispatcherServlet'
2026-06-11 23:51:53.326 [http-nio-8080-exec-1] [] [] INFO  o.s.web.servlet.DispatcherServlet - Initializing Servlet 'dispatcherServlet'
2026-06-11 23:51:53.327 [http-nio-8080-exec-1] [] [] INFO  o.s.web.servlet.DispatcherServlet - Completed initialization in 1 ms
2026-06-11 23:51:53.511 [http-nio-8080-exec-1] [e4cc10a4] [] INFO  c.y.common.aop.ControllerLogAspect - 接口开始: uri=/yq-admin/api/sysUser/login, httpMethod=POST, controller=SysUserController#login, args=[{"name":"req","value":{"username":"admin","password":"****"}}]
2026-06-11 23:51:53.526 [http-nio-8080-exec-1] [e4cc10a4] [] INFO  com.zaxxer.hikari.HikariDataSource - HikariPool-1 - Starting...
2026-06-11 23:51:53.638 [http-nio-8080-exec-1] [e4cc10a4] [] INFO  com.zaxxer.hikari.pool.HikariPool - HikariPool-1 - Added connection com.mysql.cj.jdbc.ConnectionImpl@592c49c6
2026-06-11 23:51:53.639 [http-nio-8080-exec-1] [e4cc10a4] [] INFO  com.zaxxer.hikari.HikariDataSource - HikariPool-1 - Start completed.
2026-06-11 23:51:53.646 [http-nio-8080-exec-1] [e4cc10a4] [] DEBUG c.y.m.u.m.S.selectByUsername - ==>  Preparing: select id, username, password, nickname, real_name, phone, email, union_id, status, created_at, updated_at from sys_user where username = ?
2026-06-11 23:51:53.663 [http-nio-8080-exec-1] [e4cc10a4] [] DEBUG c.y.m.u.m.S.selectByUsername - ==> Parameters: admin(String)
2026-06-11 23:51:53.683 [http-nio-8080-exec-1] [e4cc10a4] [] DEBUG c.y.m.u.m.S.selectByUsername - <==      Total: 1
2026-06-11 23:51:54.054 [http-nio-8080-exec-1] [e4cc10a4] [] DEBUG c.y.m.u.m.SysUserMapper.selectById - ==>  Preparing: select id, username, password, nickname, real_name, phone, email, union_id, status, created_at, updated_at from sys_user where id = ?
2026-06-11 23:51:54.056 [http-nio-8080-exec-1] [e4cc10a4] [] DEBUG c.y.m.u.m.SysUserMapper.selectById - ==> Parameters: 1(Long)
2026-06-11 23:51:54.057 [http-nio-8080-exec-1] [e4cc10a4] [] DEBUG c.y.m.u.m.SysUserMapper.selectById - <==      Total: 1
2026-06-11 23:51:54.058 [http-nio-8080-exec-1] [e4cc10a4] [] DEBUG c.y.m.u.m.S.selectRoleIdsByUserId - ==>  Preparing: select role_id from sys_user_role where user_id = ? order by role_id asc
2026-06-11 23:51:54.058 [http-nio-8080-exec-1] [e4cc10a4] [] DEBUG c.y.m.u.m.S.selectRoleIdsByUserId - ==> Parameters: 1(Long)
2026-06-11 23:51:54.061 [http-nio-8080-exec-1] [e4cc10a4] [] DEBUG c.y.m.u.m.S.selectRoleIdsByUserId - <==      Total: 1
2026-06-11 23:51:54.082 [http-nio-8080-exec-1] [e4cc10a4] [] DEBUG c.y.m.u.m.SysRoleMapper.selectList - ==>  Preparing: select id, role_code, role_name, description, status, created_at, updated_at from sys_role WHERE id in ( ? )
2026-06-11 23:51:54.082 [http-nio-8080-exec-1] [e4cc10a4] [] DEBUG c.y.m.u.m.SysRoleMapper.selectList - ==> Parameters: 1(Long)
2026-06-11 23:51:54.083 [http-nio-8080-exec-1] [e4cc10a4] [] DEBUG c.y.m.u.m.SysRoleMapper.selectList - <==      Total: 1
2026-06-11 23:51:54.084 [http-nio-8080-exec-1] [e4cc10a4] [] DEBUG c.y.m.u.m.S.selectPermissionIdsByRoleId - ==>  Preparing: select permission_id from sys_role_permission where role_id in ( ? ) order by permission_id asc
2026-06-11 23:51:54.084 [http-nio-8080-exec-1] [e4cc10a4] [] DEBUG c.y.m.u.m.S.selectPermissionIdsByRoleId - ==> Parameters: 1(Long)
2026-06-11 23:51:54.085 [http-nio-8080-exec-1] [e4cc10a4] [] DEBUG c.y.m.u.m.S.selectPermissionIdsByRoleId - <==      Total: 4
2026-06-11 23:51:54.086 [http-nio-8080-exec-1] [e4cc10a4] [] DEBUG c.y.m.u.m.S.selectList - ==>  Preparing: select id, parent_id, permission_code, permission_name, permission_type, api_path, sort_num, description, status, created_at, updated_at from sys_permission WHERE id in ( ? , ? , ? , ? )
2026-06-11 23:51:54.086 [http-nio-8080-exec-1] [e4cc10a4] [] DEBUG c.y.m.u.m.S.selectList - ==> Parameters: 101(Long), 106(Long), 113(Long), 117(Long)
2026-06-11 23:51:54.089 [http-nio-8080-exec-1] [e4cc10a4] [] DEBUG c.y.m.u.m.S.selectList - <==      Total: 4
2026-06-11 23:51:54.098 [http-nio-8080-exec-1] [e4cc10a4] [] INFO  c.y.common.aop.ControllerLogAspect - 接口结束: uri=/yq-admin/api/sysUser/login, controller=SysUserController#login, cost=673ms, result={"code":200,"message":"success","data":{"token":"ey****Rs","signSecret":"IF****0I","userDetailRes":{"id":1,"username":"admin","nickname":"系统管理员","realName":"超级管理员","phone":"13800000000","email":"admin@yq.com","unionId":"on_8dc4e328a2870919088b018841458703","status":"ACTIVE","createdAt":"Thu Apr 09 20:50:39 CST 2026","updatedAt":"Wed Jun 10 20:14:33 CST 2026"},"roleDetailResList":[{"id":1,"roleCode":"SUPER_ADMIN","roleName":"超级管理员","description":"拥有全部后台权限","status":"ACTIVE","createdAt":"Thu Apr 09 20:50:38 CST 2026","updatedAt":"Wed Jun 10 20:13:59 CST 2026"}],"permissionDetailResList":[{"id":101,"parentId":0,"permissionName":"系统配置","permissionType":"MENU","permissionCode":"menu:system","sortNum":1,"status":"ACTIVE","description":"左侧导航中的系统配置父级菜单","createdAt":"Thu Apr 09 21:22:28 CST 2026","updatedAt":"Thu Jun 11 19:21:05 CST 2026"},{"id":106,"parentId":0,"permissionName":"教学管理","permissionType":"MENU","permissionCode":"menu:teaching","sortNum":2,"status":"ACTIVE","description":"左侧导航中的教学管理父级菜单","createdAt":"Sat Apr 11 15:49:16 CST 2026","updatedAt":"Thu Jun 11 19:21:10 CST 2026"},{"id":113,"parentId":0,"permissionName":"销售管理","permissionType":"MENU","permissionCode":"menu:sales","sortNum":3,"status":"ACTIVE","description":"左侧导航中的销售管理父级菜单","createdAt":"Sun Apr 12 14:19:04 CST 2026","updatedAt":"Thu Jun 11 19:21:13 CST 2026"},{"id":117,"parentId":0,"permissionName":"学员管理","permissionType":"MENU","permissionCode":"menu:student","sortNum":4,"status":"ACTIVE","description":"左侧导航中的学员管理父级菜单","createdAt":"Sun Apr 19 23:54:31 CST 2026","updatedAt":"Thu Jun 11 19:21:15 CST 2026"}]}}
2026-06-11 23:51:54.226 [http-nio-8080-exec-2] [ff25322f] [1] DEBUG c.y.m.u.m.SysUserMapper.selectById - ==>  Preparing: select id, username, password, nickname, real_name, phone, email, union_id, status, created_at, updated_at from sys_user where id = ?
2026-06-11 23:51:54.226 [http-nio-8080-exec-2] [ff25322f] [1] DEBUG c.y.m.u.m.SysUserMapper.selectById - ==> Parameters: 1(Long)
2026-06-11 23:51:54.228 [http-nio-8080-exec-2] [ff25322f] [1] DEBUG c.y.m.u.m.SysUserMapper.selectById - <==      Total: 1
2026-06-11 23:51:54.229 [http-nio-8080-exec-2] [ff25322f] [1] DEBUG c.y.m.u.m.S.selectRoleIdsByUserId - ==>  Preparing: select role_id from sys_user_role where user_id = ? order by role_id asc
2026-06-11 23:51:54.229 [http-nio-8080-exec-2] [ff25322f] [1] DEBUG c.y.m.u.m.S.selectRoleIdsByUserId - ==> Parameters: 1(Long)
2026-06-11 23:51:54.229 [http-nio-8080-exec-2] [ff25322f] [1] DEBUG c.y.m.u.m.S.selectRoleIdsByUserId - <==      Total: 1
2026-06-11 23:51:54.230 [http-nio-8080-exec-2] [ff25322f] [1] DEBUG c.y.m.u.m.SysRoleMapper.selectList - ==>  Preparing: select id, role_code, role_name, description, status, created_at, updated_at from sys_role WHERE id in ( ? )
2026-06-11 23:51:54.230 [http-nio-8080-exec-2] [ff25322f] [1] DEBUG c.y.m.u.m.SysRoleMapper.selectList - ==> Parameters: 1(Long)
2026-06-11 23:51:54.230 [http-nio-8080-exec-2] [ff25322f] [1] DEBUG c.y.m.u.m.SysRoleMapper.selectList - <==      Total: 1
2026-06-11 23:51:54.231 [http-nio-8080-exec-2] [ff25322f] [1] DEBUG c.y.m.u.m.S.selectPermissionIdsByRoleId - ==>  Preparing: select permission_id from sys_role_permission where role_id in ( ? ) order by permission_id asc
2026-06-11 23:51:54.231 [http-nio-8080-exec-2] [ff25322f] [1] DEBUG c.y.m.u.m.S.selectPermissionIdsByRoleId - ==> Parameters: 1(Long)
2026-06-11 23:51:54.231 [http-nio-8080-exec-2] [ff25322f] [1] DEBUG c.y.m.u.m.S.selectPermissionIdsByRoleId - <==      Total: 4
2026-06-11 23:51:54.231 [http-nio-8080-exec-2] [ff25322f] [1] DEBUG c.y.m.u.m.S.selectList - ==>  Preparing: select id, parent_id, permission_code, permission_name, permission_type, api_path, sort_num, description, status, created_at, updated_at from sys_permission WHERE id in ( ? , ? , ? , ? )
2026-06-11 23:51:54.232 [http-nio-8080-exec-2] [ff25322f] [1] DEBUG c.y.m.u.m.S.selectList - ==> Parameters: 101(Long), 106(Long), 113(Long), 117(Long)
2026-06-11 23:51:54.233 [http-nio-8080-exec-2] [ff25322f] [1] DEBUG c.y.m.u.m.S.selectList - <==      Total: 4
2026-06-11 23:51:54.241 [http-nio-8080-exec-2] [ff25322f] [1] INFO  c.y.common.aop.ControllerLogAspect - 接口开始: uri=/yq-admin/api/sysUser, httpMethod=GET, controller=SysUserController#pageUser, args=[{"name":"req","value":{"pageNum":1,"pageSize":10}}]
2026-06-11 23:51:54.282 [http-nio-8080-exec-2] [ff25322f] [1] DEBUG c.y.m.u.m.S.selectPage_COUNT - ==>  Preparing: SELECT count(0) FROM sys_user
2026-06-11 23:51:54.282 [http-nio-8080-exec-2] [ff25322f] [1] DEBUG c.y.m.u.m.S.selectPage_COUNT - ==> Parameters: 
2026-06-11 23:51:54.288 [http-nio-8080-exec-2] [ff25322f] [1] DEBUG c.y.m.u.m.S.selectPage_COUNT - <==      Total: 1
2026-06-11 23:51:54.290 [http-nio-8080-exec-2] [ff25322f] [1] DEBUG c.y.m.u.m.SysUserMapper.selectPage - ==>  Preparing: select id, username, password, nickname, real_name, phone, email, union_id, status, created_at, updated_at from sys_user order by id desc LIMIT ?
2026-06-11 23:51:54.290 [http-nio-8080-exec-2] [ff25322f] [1] DEBUG c.y.m.u.m.SysUserMapper.selectPage - ==> Parameters: 10(Integer)
2026-06-11 23:51:54.293 [http-nio-8080-exec-2] [ff25322f] [1] DEBUG c.y.m.u.m.SysUserMapper.selectPage - <==      Total: 6
2026-06-11 23:51:54.296 [http-nio-8080-exec-2] [ff25322f] [1] INFO  c.y.common.aop.ControllerLogAspect - 接口结束: uri=/yq-admin/api/sysUser, controller=SysUserController#pageUser, cost=54ms, result={"code":200,"message":"success","data":{"total":6,"pageNum":1,"pageSize":10,"records":[{"id":6,"username":"haha","nickname":"哈哈哈","realName":"哈哈","phone":"15118191032","email":"913038933@qq.com","status":"ACTIVE","createdAt":"Fri Apr 17 15:54:46 CST 2026"},{"id":5,"username":"laoshi2","nickname":"老师2","realName":"老师2","phone":"13762922584","status":"ACTIVE","createdAt":"Sun Apr 12 01:48:55 CST 2026"},{"id":4,"username":"laoshi1","nickname":"老师1","realName":"老师1","phone":"13273576020","status":"ACTIVE","createdAt":"Sun Apr 12 01:48:37 CST 2026"},{"id":3,"username":"banzhuren","nickname":"班主任老师","realName":"班主任老师","phone":"15118191032","status":"ACTIVE","createdAt":"Sat Apr 11 17:06:53 CST 2026"},{"id":2,"username":"huangjin","nickname":"黄瑾","realName":"黄瑾","phone":"13273672819","email":"913038933@qq.com","status":"ACTIVE","createdAt":"Thu Apr 09 22:04:43 CST 2026"},{"id":1,"username":"admin","nickname":"系统管理员","realName":"超级管理员","phone":"13800000000","email":"admin@yq.com","status":"ACTIVE","createdAt":"Thu Apr 09 20:50:39 CST 2026"}]}}
2026-06-11 23:56:00.082 [http-nio-8080-exec-3] [fa965927] [1] DEBUG c.y.m.u.m.SysUserMapper.selectById - ==>  Preparing: select id, username, password, nickname, real_name, phone, email, union_id, status, created_at, updated_at from sys_user where id = ?
2026-06-11 23:56:00.083 [http-nio-8080-exec-3] [fa965927] [1] DEBUG c.y.m.u.m.SysUserMapper.selectById - ==> Parameters: 1(Long)
2026-06-11 23:56:00.085 [http-nio-8080-exec-3] [fa965927] [1] DEBUG c.y.m.u.m.SysUserMapper.selectById - <==      Total: 1
2026-06-11 23:56:00.086 [http-nio-8080-exec-3] [fa965927] [1] DEBUG c.y.m.u.m.S.selectRoleIdsByUserId - ==>  Preparing: select role_id from sys_user_role where user_id = ? order by role_id asc
2026-06-11 23:56:00.086 [http-nio-8080-exec-3] [fa965927] [1] DEBUG c.y.m.u.m.S.selectRoleIdsByUserId - ==> Parameters: 1(Long)
2026-06-11 23:56:00.088 [http-nio-8080-exec-3] [fa965927] [1] DEBUG c.y.m.u.m.S.selectRoleIdsByUserId - <==      Total: 1
2026-06-11 23:56:00.088 [http-nio-8080-exec-3] [fa965927] [1] DEBUG c.y.m.u.m.SysRoleMapper.selectList - ==>  Preparing: select id, role_code, role_name, description, status, created_at, updated_at from sys_role WHERE id in ( ? )
2026-06-11 23:56:00.090 [http-nio-8080-exec-3] [fa965927] [1] DEBUG c.y.m.u.m.SysRoleMapper.selectList - ==> Parameters: 1(Long)
2026-06-11 23:56:00.092 [http-nio-8080-exec-3] [fa965927] [1] DEBUG c.y.m.u.m.SysRoleMapper.selectList - <==      Total: 1
2026-06-11 23:56:00.093 [http-nio-8080-exec-3] [fa965927] [1] DEBUG c.y.m.u.m.S.selectPermissionIdsByRoleId - ==>  Preparing: select permission_id from sys_role_permission where role_id in ( ? ) order by permission_id asc
2026-06-11 23:56:00.093 [http-nio-8080-exec-3] [fa965927] [1] DEBUG c.y.m.u.m.S.selectPermissionIdsByRoleId - ==> Parameters: 1(Long)
2026-06-11 23:56:00.094 [http-nio-8080-exec-3] [fa965927] [1] DEBUG c.y.m.u.m.S.selectPermissionIdsByRoleId - <==      Total: 4
2026-06-11 23:56:00.095 [http-nio-8080-exec-3] [fa965927] [1] DEBUG c.y.m.u.m.S.selectList - ==>  Preparing: select id, parent_id, permission_code, permission_name, permission_type, api_path, sort_num, description, status, created_at, updated_at from sys_permission WHERE id in ( ? , ? , ? , ? )
2026-06-11 23:56:00.095 [http-nio-8080-exec-3] [fa965927] [1] DEBUG c.y.m.u.m.S.selectList - ==> Parameters: 101(Long), 106(Long), 113(Long), 117(Long)
2026-06-11 23:56:00.097 [http-nio-8080-exec-3] [fa965927] [1] DEBUG c.y.m.u.m.S.selectList - <==      Total: 4
2026-06-11 23:56:00.099 [http-nio-8080-exec-3] [fa965927] [1] INFO  c.y.common.aop.ControllerLogAspect - 接口开始: uri=/yq-admin/api/sysUser, httpMethod=GET, controller=SysUserController#pageUser, args=[{"name":"req","value":{"pageNum":1,"pageSize":10}}]
2026-06-11 23:56:00.104 [http-nio-8080-exec-3] [fa965927] [1] DEBUG c.y.m.u.m.S.selectPage_COUNT - ==>  Preparing: SELECT count(0) FROM sys_user
2026-06-11 23:56:00.104 [http-nio-8080-exec-3] [fa965927] [1] DEBUG c.y.m.u.m.S.selectPage_COUNT - ==> Parameters: 
2026-06-11 23:56:00.108 [http-nio-8080-exec-3] [fa965927] [1] DEBUG c.y.m.u.m.S.selectPage_COUNT - <==      Total: 1
2026-06-11 23:56:00.109 [http-nio-8080-exec-3] [fa965927] [1] DEBUG c.y.m.u.m.SysUserMapper.selectPage - ==>  Preparing: select id, username, password, nickname, real_name, phone, email, union_id, status, created_at, updated_at from sys_user order by id desc LIMIT ?
2026-06-11 23:56:00.109 [http-nio-8080-exec-3] [fa965927] [1] DEBUG c.y.m.u.m.SysUserMapper.selectPage - ==> Parameters: 10(Integer)
2026-06-11 23:56:00.114 [http-nio-8080-exec-3] [fa965927] [1] DEBUG c.y.m.u.m.SysUserMapper.selectPage - <==      Total: 6
2026-06-11 23:56:00.114 [http-nio-8080-exec-3] [fa965927] [1] INFO  c.y.common.aop.ControllerLogAspect - 接口结束: uri=/yq-admin/api/sysUser, controller=SysUserController#pageUser, cost=16ms, result={"code":200,"message":"success","data":{"total":6,"pageNum":1,"pageSize":10,"records":[{"id":6,"username":"haha","nickname":"哈哈哈","realName":"哈哈","phone":"15118191032","email":"913038933@qq.com","status":"ACTIVE","createdAt":"Fri Apr 17 15:54:46 CST 2026"},{"id":5,"username":"laoshi2","nickname":"老师2","realName":"老师2","phone":"13762922584","status":"ACTIVE","createdAt":"Sun Apr 12 01:48:55 CST 2026"},{"id":4,"username":"laoshi1","nickname":"老师1","realName":"老师1","phone":"13273576020","status":"ACTIVE","createdAt":"Sun Apr 12 01:48:37 CST 2026"},{"id":3,"username":"banzhuren","nickname":"班主任老师","realName":"班主任老师","phone":"15118191032","status":"ACTIVE","createdAt":"Sat Apr 11 17:06:53 CST 2026"},{"id":2,"username":"huangjin","nickname":"黄瑾","realName":"黄瑾","phone":"13273672819","email":"913038933@qq.com","status":"ACTIVE","createdAt":"Thu Apr 09 22:04:43 CST 2026"},{"id":1,"username":"admin","nickname":"系统管理员","realName":"超级管理员","phone":"13800000000","email":"admin@yq.com","status":"ACTIVE","createdAt":"Thu Apr 09 20:50:39 CST 2026"}]}}
2026-06-11 23:56:02.839 [http-nio-8080-exec-4] [3c25fbbf] [1] DEBUG c.y.m.u.m.SysUserMapper.selectById - ==>  Preparing: select id, username, password, nickname, real_name, phone, email, union_id, status, created_at, updated_at from sys_user where id = ?
2026-06-11 23:56:02.840 [http-nio-8080-exec-4] [3c25fbbf] [1] DEBUG c.y.m.u.m.SysUserMapper.selectById - ==> Parameters: 1(Long)
2026-06-11 23:56:02.841 [http-nio-8080-exec-4] [3c25fbbf] [1] DEBUG c.y.m.u.m.SysUserMapper.selectById - <==      Total: 1
2026-06-11 23:56:02.842 [http-nio-8080-exec-4] [3c25fbbf] [1] DEBUG c.y.m.u.m.S.selectRoleIdsByUserId - ==>  Preparing: select role_id from sys_user_role where user_id = ? order by role_id asc
2026-06-11 23:56:02.842 [http-nio-8080-exec-4] [3c25fbbf] [1] DEBUG c.y.m.u.m.S.selectRoleIdsByUserId - ==> Parameters: 1(Long)
2026-06-11 23:56:02.842 [http-nio-8080-exec-4] [3c25fbbf] [1] DEBUG c.y.m.u.m.S.selectRoleIdsByUserId - <==      Total: 1
2026-06-11 23:56:02.844 [http-nio-8080-exec-4] [3c25fbbf] [1] DEBUG c.y.m.u.m.SysRoleMapper.selectList - ==>  Preparing: select id, role_code, role_name, description, status, created_at, updated_at from sys_role WHERE id in ( ? )
2026-06-11 23:56:02.844 [http-nio-8080-exec-4] [3c25fbbf] [1] DEBUG c.y.m.u.m.SysRoleMapper.selectList - ==> Parameters: 1(Long)
2026-06-11 23:56:02.845 [http-nio-8080-exec-4] [3c25fbbf] [1] DEBUG c.y.m.u.m.SysRoleMapper.selectList - <==      Total: 1
2026-06-11 23:56:02.846 [http-nio-8080-exec-4] [3c25fbbf] [1] DEBUG c.y.m.u.m.S.selectPermissionIdsByRoleId - ==>  Preparing: select permission_id from sys_role_permission where role_id in ( ? ) order by permission_id asc
2026-06-11 23:56:02.846 [http-nio-8080-exec-4] [3c25fbbf] [1] DEBUG c.y.m.u.m.S.selectPermissionIdsByRoleId - ==> Parameters: 1(Long)
2026-06-11 23:56:02.846 [http-nio-8080-exec-4] [3c25fbbf] [1] DEBUG c.y.m.u.m.S.selectPermissionIdsByRoleId - <==      Total: 4
2026-06-11 23:56:02.847 [http-nio-8080-exec-4] [3c25fbbf] [1] DEBUG c.y.m.u.m.S.selectList - ==>  Preparing: select id, parent_id, permission_code, permission_name, permission_type, api_path, sort_num, description, status, created_at, updated_at from sys_permission WHERE id in ( ? , ? , ? , ? )
2026-06-11 23:56:02.847 [http-nio-8080-exec-4] [3c25fbbf] [1] DEBUG c.y.m.u.m.S.selectList - ==> Parameters: 101(Long), 106(Long), 113(Long), 117(Long)
2026-06-11 23:56:02.850 [http-nio-8080-exec-4] [3c25fbbf] [1] DEBUG c.y.m.u.m.S.selectList - <==      Total: 4
2026-06-11 23:56:02.851 [http-nio-8080-exec-4] [3c25fbbf] [1] INFO  c.y.common.aop.ControllerLogAspect - 接口开始: uri=/yq-admin/api/sysUser, httpMethod=GET, controller=SysUserController#pageUser, args=[{"name":"req","value":{"pageNum":1,"pageSize":10}}]
2026-06-11 23:56:02.859 [http-nio-8080-exec-4] [3c25fbbf] [1] DEBUG c.y.m.u.m.S.selectPage_COUNT - ==>  Preparing: SELECT count(0) FROM sys_user
2026-06-11 23:56:02.859 [http-nio-8080-exec-4] [3c25fbbf] [1] DEBUG c.y.m.u.m.S.selectPage_COUNT - ==> Parameters: 
2026-06-11 23:56:02.861 [http-nio-8080-exec-4] [3c25fbbf] [1] DEBUG c.y.m.u.m.S.selectPage_COUNT - <==      Total: 1
2026-06-11 23:56:02.863 [http-nio-8080-exec-4] [3c25fbbf] [1] DEBUG c.y.m.u.m.SysUserMapper.selectPage - ==>  Preparing: select id, username, password, nickname, real_name, phone, email, union_id, status, created_at, updated_at from sys_user order by id desc LIMIT ?
2026-06-11 23:56:02.863 [http-nio-8080-exec-4] [3c25fbbf] [1] DEBUG c.y.m.u.m.SysUserMapper.selectPage - ==> Parameters: 10(Integer)
2026-06-11 23:56:02.865 [http-nio-8080-exec-4] [3c25fbbf] [1] DEBUG c.y.m.u.m.SysUserMapper.selectPage - <==      Total: 6
2026-06-11 23:56:02.868 [http-nio-8080-exec-4] [3c25fbbf] [1] INFO  c.y.common.aop.ControllerLogAspect - 接口结束: uri=/yq-admin/api/sysUser, controller=SysUserController#pageUser, cost=17ms, result={"code":200,"message":"success","data":{"total":6,"pageNum":1,"pageSize":10,"records":[{"id":6,"username":"haha","nickname":"哈哈哈","realName":"哈哈","phone":"15118191032","email":"913038933@qq.com","status":"ACTIVE","createdAt":"Fri Apr 17 15:54:46 CST 2026"},{"id":5,"username":"laoshi2","nickname":"老师2","realName":"老师2","phone":"13762922584","status":"ACTIVE","createdAt":"Sun Apr 12 01:48:55 CST 2026"},{"id":4,"username":"laoshi1","nickname":"老师1","realName":"老师1","phone":"13273576020","status":"ACTIVE","createdAt":"Sun Apr 12 01:48:37 CST 2026"},{"id":3,"username":"banzhuren","nickname":"班主任老师","realName":"班主任老师","phone":"15118191032","status":"ACTIVE","createdAt":"Sat Apr 11 17:06:53 CST 2026"},{"id":2,"username":"huangjin","nickname":"黄瑾","realName":"黄瑾","phone":"13273672819","email":"913038933@qq.com","status":"ACTIVE","createdAt":"Thu Apr 09 22:04:43 CST 2026"},{"id":1,"username":"admin","nickname":"系统管理员","realName":"超级管理员","phone":"13800000000","email":"admin@yq.com","status":"ACTIVE","createdAt":"Thu Apr 09 20:50:39 CST 2026"}]}}
2026-06-11 23:57:49.852 [http-nio-8080-exec-5] [573a6d49] [1] ERROR c.y.c.e.GlobalExceptionHandler - 业务异常: code=401, message=签名密钥不存在，请重新登录
cn.yanque.common.exception.BusinessException: 签名密钥不存在，请重新登录
	at cn.yanque.models.auth.interceptor.SignInterceptor.preHandle(SignInterceptor.java:60)
	at org.springframework.web.servlet.HandlerExecutionChain.applyPreHandle(HandlerExecutionChain.java:146)
	at org.springframework.web.servlet.DispatcherServlet.doDispatch(DispatcherServlet.java:1084)
	at org.springframework.web.servlet.DispatcherServlet.doService(DispatcherServlet.java:979)
	at org.springframework.web.servlet.FrameworkServlet.processRequest(FrameworkServlet.java:1014)
	at org.springframework.web.servlet.FrameworkServlet.doGet(FrameworkServlet.java:903)
	at jakarta.servlet.http.HttpServlet.service(HttpServlet.java:564)
	at org.springframework.web.servlet.FrameworkServlet.service(FrameworkServlet.java:885)
	at jakarta.servlet.http.HttpServlet.service(HttpServlet.java:658)
	at org.apache.catalina.core.ApplicationFilterChain.internalDoFilter(ApplicationFilterChain.java:205)
	at org.apache.catalina.core.ApplicationFilterChain.doFilter(ApplicationFilterChain.java:149)
	at org.apache.tomcat.websocket.server.WsFilter.doFilter(WsFilter.java:51)
	at org.apache.catalina.core.ApplicationFilterChain.internalDoFilter(ApplicationFilterChain.java:174)
	at org.apache.catalina.core.ApplicationFilterChain.doFilter(ApplicationFilterChain.java:149)
	at org.springframework.web.filter.RequestContextFilter.doFilterInternal(RequestContextFilter.java:100)
	at org.springframework.web.filter.OncePerRequestFilter.doFilter(OncePerRequestFilter.java:116)
	at org.apache.catalina.core.ApplicationFilterChain.internalDoFilter(ApplicationFilterChain.java:174)
	at org.apache.catalina.core.ApplicationFilterChain.doFilter(ApplicationFilterChain.java:149)
	at org.springframework.web.filter.FormContentFilter.doFilterInternal(FormContentFilter.java:93)
	at org.springframework.web.filter.OncePerRequestFilter.doFilter(OncePerRequestFilter.java:116)
	at org.apache.catalina.core.ApplicationFilterChain.internalDoFilter(ApplicationFilterChain.java:174)
	at org.apache.catalina.core.ApplicationFilterChain.doFilter(ApplicationFilterChain.java:149)
	at org.springframework.web.filter.CharacterEncodingFilter.doFilterInternal(CharacterEncodingFilter.java:201)
	at org.springframework.web.filter.OncePerRequestFilter.doFilter(OncePerRequestFilter.java:116)
	at org.apache.catalina.core.ApplicationFilterChain.internalDoFilter(ApplicationFilterChain.java:174)
	at org.apache.catalina.core.ApplicationFilterChain.doFilter(ApplicationFilterChain.java:149)
	at cn.yanque.config.MdcFilter.doFilterInternal(MdcFilter.java:37)
	at org.springframework.web.filter.OncePerRequestFilter.doFilter(OncePerRequestFilter.java:116)
	at org.apache.catalina.core.ApplicationFilterChain.internalDoFilter(ApplicationFilterChain.java:174)
	at org.apache.catalina.core.ApplicationFilterChain.doFilter(ApplicationFilterChain.java:149)
	at org.apache.catalina.core.StandardWrapperValve.invoke(StandardWrapperValve.java:167)
	at org.apache.catalina.core.StandardContextValve.invoke(StandardContextValve.java:90)
	at org.apache.catalina.authenticator.AuthenticatorBase.invoke(AuthenticatorBase.java:482)
	at org.apache.catalina.core.StandardHostValve.invoke(StandardHostValve.java:115)
	at org.apache.catalina.valves.ErrorReportValve.invoke(ErrorReportValve.java:93)
	at org.apache.catalina.core.StandardEngineValve.invoke(StandardEngineValve.java:74)
	at org.apache.catalina.connector.CoyoteAdapter.service(CoyoteAdapter.java:340)
	at org.apache.coyote.http11.Http11Processor.service(Http11Processor.java:391)
	at org.apache.coyote.AbstractProcessorLight.process(AbstractProcessorLight.java:63)
	at org.apache.coyote.AbstractProtocol$ConnectionHandler.process(AbstractProtocol.java:896)
	at org.apache.tomcat.util.net.NioEndpoint$SocketProcessor.doRun(NioEndpoint.java:1744)
	at org.apache.tomcat.util.net.SocketProcessorBase.run(SocketProcessorBase.java:52)
	at org.apache.tomcat.util.threads.ThreadPoolExecutor.runWorker(ThreadPoolExecutor.java:1191)
	at org.apache.tomcat.util.threads.ThreadPoolExecutor$Worker.run(ThreadPoolExecutor.java:659)
	at org.apache.tomcat.util.threads.TaskThread$WrappingRunnable.run(TaskThread.java:61)
	at java.base/java.lang.Thread.run(Thread.java:840)
2026-06-11 23:57:52.762 [http-nio-8080-exec-7] [be6925ff] [] INFO  c.y.common.aop.ControllerLogAspect - 接口开始: uri=/yq-admin/api/sysUser/login, httpMethod=POST, controller=SysUserController#login, args=[{"name":"req","value":{"username":"admin","password":"****"}}]
2026-06-11 23:57:52.762 [http-nio-8080-exec-7] [be6925ff] [] DEBUG c.y.m.u.m.S.selectByUsername - ==>  Preparing: select id, username, password, nickname, real_name, phone, email, union_id, status, created_at, updated_at from sys_user where username = ?
2026-06-11 23:57:52.763 [http-nio-8080-exec-7] [be6925ff] [] DEBUG c.y.m.u.m.S.selectByUsername - ==> Parameters: admin(String)
2026-06-11 23:57:52.764 [http-nio-8080-exec-7] [be6925ff] [] DEBUG c.y.m.u.m.S.selectByUsername - <==      Total: 1
2026-06-11 23:57:52.767 [http-nio-8080-exec-7] [be6925ff] [] DEBUG c.y.m.u.m.SysUserMapper.selectById - ==>  Preparing: select id, username, password, nickname, real_name, phone, email, union_id, status, created_at, updated_at from sys_user where id = ?
2026-06-11 23:57:52.767 [http-nio-8080-exec-7] [be6925ff] [] DEBUG c.y.m.u.m.SysUserMapper.selectById - ==> Parameters: 1(Long)
2026-06-11 23:57:52.767 [http-nio-8080-exec-7] [be6925ff] [] DEBUG c.y.m.u.m.SysUserMapper.selectById - <==      Total: 1
2026-06-11 23:57:52.768 [http-nio-8080-exec-7] [be6925ff] [] DEBUG c.y.m.u.m.S.selectRoleIdsByUserId - ==>  Preparing: select role_id from sys_user_role where user_id = ? order by role_id asc
2026-06-11 23:57:52.768 [http-nio-8080-exec-7] [be6925ff] [] DEBUG c.y.m.u.m.S.selectRoleIdsByUserId - ==> Parameters: 1(Long)
2026-06-11 23:57:52.768 [http-nio-8080-exec-7] [be6925ff] [] DEBUG c.y.m.u.m.S.selectRoleIdsByUserId - <==      Total: 1
2026-06-11 23:57:52.769 [http-nio-8080-exec-7] [be6925ff] [] DEBUG c.y.m.u.m.SysRoleMapper.selectList - ==>  Preparing: select id, role_code, role_name, description, status, created_at, updated_at from sys_role WHERE id in ( ? )
2026-06-11 23:57:52.769 [http-nio-8080-exec-7] [be6925ff] [] DEBUG c.y.m.u.m.SysRoleMapper.selectList - ==> Parameters: 1(Long)
2026-06-11 23:57:52.770 [http-nio-8080-exec-7] [be6925ff] [] DEBUG c.y.m.u.m.SysRoleMapper.selectList - <==      Total: 1
2026-06-11 23:57:52.770 [http-nio-8080-exec-7] [be6925ff] [] DEBUG c.y.m.u.m.S.selectPermissionIdsByRoleId - ==>  Preparing: select permission_id from sys_role_permission where role_id in ( ? ) order by permission_id asc
2026-06-11 23:57:52.770 [http-nio-8080-exec-7] [be6925ff] [] DEBUG c.y.m.u.m.S.selectPermissionIdsByRoleId - ==> Parameters: 1(Long)
2026-06-11 23:57:52.771 [http-nio-8080-exec-7] [be6925ff] [] DEBUG c.y.m.u.m.S.selectPermissionIdsByRoleId - <==      Total: 4
2026-06-11 23:57:52.771 [http-nio-8080-exec-7] [be6925ff] [] DEBUG c.y.m.u.m.S.selectList - ==>  Preparing: select id, parent_id, permission_code, permission_name, permission_type, api_path, sort_num, description, status, created_at, updated_at from sys_permission WHERE id in ( ? , ? , ? , ? )
2026-06-11 23:57:52.771 [http-nio-8080-exec-7] [be6925ff] [] DEBUG c.y.m.u.m.S.selectList - ==> Parameters: 101(Long), 106(Long), 113(Long), 117(Long)
2026-06-11 23:57:52.772 [http-nio-8080-exec-7] [be6925ff] [] DEBUG c.y.m.u.m.S.selectList - <==      Total: 4
2026-06-11 23:57:52.773 [http-nio-8080-exec-7] [be6925ff] [] INFO  c.y.common.aop.ControllerLogAspect - 接口结束: uri=/yq-admin/api/sysUser/login, controller=SysUserController#login, cost=10ms, result={"code":200,"message":"success","data":{"token":"ey****U8","signSecret":"4T****RA","userDetailRes":{"id":1,"username":"admin","nickname":"系统管理员","realName":"超级管理员","phone":"13800000000","email":"admin@yq.com","unionId":"on_8dc4e328a2870919088b018841458703","status":"ACTIVE","createdAt":"Thu Apr 09 20:50:39 CST 2026","updatedAt":"Wed Jun 10 20:14:33 CST 2026"},"roleDetailResList":[{"id":1,"roleCode":"SUPER_ADMIN","roleName":"超级管理员","description":"拥有全部后台权限","status":"ACTIVE","createdAt":"Thu Apr 09 20:50:38 CST 2026","updatedAt":"Wed Jun 10 20:13:59 CST 2026"}],"permissionDetailResList":[{"id":101,"parentId":0,"permissionName":"系统配置","permissionType":"MENU","permissionCode":"menu:system","sortNum":1,"status":"ACTIVE","description":"左侧导航中的系统配置父级菜单","createdAt":"Thu Apr 09 21:22:28 CST 2026","updatedAt":"Thu Jun 11 19:21:05 CST 2026"},{"id":106,"parentId":0,"permissionName":"教学管理","permissionType":"MENU","permissionCode":"menu:teaching","sortNum":2,"status":"ACTIVE","description":"左侧导航中的教学管理父级菜单","createdAt":"Sat Apr 11 15:49:16 CST 2026","updatedAt":"Thu Jun 11 19:21:10 CST 2026"},{"id":113,"parentId":0,"permissionName":"销售管理","permissionType":"MENU","permissionCode":"menu:sales","sortNum":3,"status":"ACTIVE","description":"左侧导航中的销售管理父级菜单","createdAt":"Sun Apr 12 14:19:04 CST 2026","updatedAt":"Thu Jun 11 19:21:13 CST 2026"},{"id":117,"parentId":0,"permissionName":"学员管理","permissionType":"MENU","permissionCode":"menu:student","sortNum":4,"status":"ACTIVE","description":"左侧导航中的学员管理父级菜单","createdAt":"Sun Apr 19 23:54:31 CST 2026","updatedAt":"Thu Jun 11 19:21:15 CST 2026"}]}}
2026-06-11 23:57:52.843 [http-nio-8080-exec-6] [cd4d6f3a] [1] DEBUG c.y.m.u.m.SysUserMapper.selectById - ==>  Preparing: select id, username, password, nickname, real_name, phone, email, union_id, status, created_at, updated_at from sys_user where id = ?
2026-06-11 23:57:52.843 [http-nio-8080-exec-6] [cd4d6f3a] [1] DEBUG c.y.m.u.m.SysUserMapper.selectById - ==> Parameters: 1(Long)
2026-06-11 23:57:52.845 [http-nio-8080-exec-6] [cd4d6f3a] [1] DEBUG c.y.m.u.m.SysUserMapper.selectById - <==      Total: 1
2026-06-11 23:57:52.845 [http-nio-8080-exec-6] [cd4d6f3a] [1] DEBUG c.y.m.u.m.S.selectRoleIdsByUserId - ==>  Preparing: select role_id from sys_user_role where user_id = ? order by role_id asc
2026-06-11 23:57:52.845 [http-nio-8080-exec-6] [cd4d6f3a] [1] DEBUG c.y.m.u.m.S.selectRoleIdsByUserId - ==> Parameters: 1(Long)
2026-06-11 23:57:52.846 [http-nio-8080-exec-6] [cd4d6f3a] [1] DEBUG c.y.m.u.m.S.selectRoleIdsByUserId - <==      Total: 1
2026-06-11 23:57:52.847 [http-nio-8080-exec-6] [cd4d6f3a] [1] DEBUG c.y.m.u.m.SysRoleMapper.selectList - ==>  Preparing: select id, role_code, role_name, description, status, created_at, updated_at from sys_role WHERE id in ( ? )
2026-06-11 23:57:52.847 [http-nio-8080-exec-6] [cd4d6f3a] [1] DEBUG c.y.m.u.m.SysRoleMapper.selectList - ==> Parameters: 1(Long)
2026-06-11 23:57:52.847 [http-nio-8080-exec-6] [cd4d6f3a] [1] DEBUG c.y.m.u.m.SysRoleMapper.selectList - <==      Total: 1
2026-06-11 23:57:52.848 [http-nio-8080-exec-6] [cd4d6f3a] [1] DEBUG c.y.m.u.m.S.selectPermissionIdsByRoleId - ==>  Preparing: select permission_id from sys_role_permission where role_id in ( ? ) order by permission_id asc
2026-06-11 23:57:52.848 [http-nio-8080-exec-6] [cd4d6f3a] [1] DEBUG c.y.m.u.m.S.selectPermissionIdsByRoleId - ==> Parameters: 1(Long)
2026-06-11 23:57:52.849 [http-nio-8080-exec-6] [cd4d6f3a] [1] DEBUG c.y.m.u.m.S.selectPermissionIdsByRoleId - <==      Total: 4
2026-06-11 23:57:52.849 [http-nio-8080-exec-6] [cd4d6f3a] [1] DEBUG c.y.m.u.m.S.selectList - ==>  Preparing: select id, parent_id, permission_code, permission_name, permission_type, api_path, sort_num, description, status, created_at, updated_at from sys_permission WHERE id in ( ? , ? , ? , ? )
2026-06-11 23:57:52.849 [http-nio-8080-exec-6] [cd4d6f3a] [1] DEBUG c.y.m.u.m.S.selectList - ==> Parameters: 101(Long), 106(Long), 113(Long), 117(Long)
2026-06-11 23:57:52.850 [http-nio-8080-exec-6] [cd4d6f3a] [1] DEBUG c.y.m.u.m.S.selectList - <==      Total: 4
2026-06-11 23:57:52.851 [http-nio-8080-exec-6] [cd4d6f3a] [1] INFO  c.y.common.aop.ControllerLogAspect - 接口开始: uri=/yq-admin/api/sysUser, httpMethod=GET, controller=SysUserController#pageUser, args=[{"name":"req","value":{"pageNum":1,"pageSize":10}}]
2026-06-11 23:57:52.857 [http-nio-8080-exec-6] [cd4d6f3a] [1] DEBUG c.y.m.u.m.S.selectPage_COUNT - ==>  Preparing: SELECT count(0) FROM sys_user
2026-06-11 23:57:52.857 [http-nio-8080-exec-6] [cd4d6f3a] [1] DEBUG c.y.m.u.m.S.selectPage_COUNT - ==> Parameters: 
2026-06-11 23:57:52.860 [http-nio-8080-exec-6] [cd4d6f3a] [1] DEBUG c.y.m.u.m.S.selectPage_COUNT - <==      Total: 1
2026-06-11 23:57:52.860 [http-nio-8080-exec-6] [cd4d6f3a] [1] DEBUG c.y.m.u.m.SysUserMapper.selectPage - ==>  Preparing: select id, username, password, nickname, real_name, phone, email, union_id, status, created_at, updated_at from sys_user order by id desc LIMIT ?
2026-06-11 23:57:52.860 [http-nio-8080-exec-6] [cd4d6f3a] [1] DEBUG c.y.m.u.m.SysUserMapper.selectPage - ==> Parameters: 10(Integer)
2026-06-11 23:57:52.861 [http-nio-8080-exec-6] [cd4d6f3a] [1] DEBUG c.y.m.u.m.SysUserMapper.selectPage - <==      Total: 6
2026-06-11 23:57:52.861 [http-nio-8080-exec-6] [cd4d6f3a] [1] INFO  c.y.common.aop.ControllerLogAspect - 接口结束: uri=/yq-admin/api/sysUser, controller=SysUserController#pageUser, cost=11ms, result={"code":200,"message":"success","data":{"total":6,"pageNum":1,"pageSize":10,"records":[{"id":6,"username":"haha","nickname":"哈哈哈","realName":"哈哈","phone":"15118191032","email":"913038933@qq.com","status":"ACTIVE","createdAt":"Fri Apr 17 15:54:46 CST 2026"},{"id":5,"username":"laoshi2","nickname":"老师2","realName":"老师2","phone":"13762922584","status":"ACTIVE","createdAt":"Sun Apr 12 01:48:55 CST 2026"},{"id":4,"username":"laoshi1","nickname":"老师1","realName":"老师1","phone":"13273576020","status":"ACTIVE","createdAt":"Sun Apr 12 01:48:37 CST 2026"},{"id":3,"username":"banzhuren","nickname":"班主任老师","realName":"班主任老师","phone":"15118191032","status":"ACTIVE","createdAt":"Sat Apr 11 17:06:53 CST 2026"},{"id":2,"username":"huangjin","nickname":"黄瑾","realName":"黄瑾","phone":"13273672819","email":"913038933@qq.com","status":"ACTIVE","createdAt":"Thu Apr 09 22:04:43 CST 2026"},{"id":1,"username":"admin","nickname":"系统管理员","realName":"超级管理员","phone":"13800000000","email":"admin@yq.com","status":"ACTIVE","createdAt":"Thu Apr 09 20:50:39 CST 2026"}]}}
2026-06-11 23:57:54.617 [http-nio-8080-exec-10] [8710cb65] [1] DEBUG c.y.m.u.m.SysUserMapper.selectById - ==>  Preparing: select id, username, password, nickname, real_name, phone, email, union_id, status, created_at, updated_at from sys_user where id = ?
2026-06-11 23:57:54.618 [http-nio-8080-exec-10] [8710cb65] [1] DEBUG c.y.m.u.m.SysUserMapper.selectById - ==> Parameters: 1(Long)
2026-06-11 23:57:54.619 [http-nio-8080-exec-10] [8710cb65] [1] DEBUG c.y.m.u.m.SysUserMapper.selectById - <==      Total: 1
2026-06-11 23:57:54.619 [http-nio-8080-exec-10] [8710cb65] [1] DEBUG c.y.m.u.m.S.selectRoleIdsByUserId - ==>  Preparing: select role_id from sys_user_role where user_id = ? order by role_id asc
2026-06-11 23:57:54.619 [http-nio-8080-exec-10] [8710cb65] [1] DEBUG c.y.m.u.m.S.selectRoleIdsByUserId - ==> Parameters: 1(Long)
2026-06-11 23:57:54.620 [http-nio-8080-exec-10] [8710cb65] [1] DEBUG c.y.m.u.m.S.selectRoleIdsByUserId - <==      Total: 1
2026-06-11 23:57:54.620 [http-nio-8080-exec-10] [8710cb65] [1] DEBUG c.y.m.u.m.SysRoleMapper.selectList - ==>  Preparing: select id, role_code, role_name, description, status, created_at, updated_at from sys_role WHERE id in ( ? )
2026-06-11 23:57:54.620 [http-nio-8080-exec-10] [8710cb65] [1] DEBUG c.y.m.u.m.SysRoleMapper.selectList - ==> Parameters: 1(Long)
2026-06-11 23:57:54.621 [http-nio-8080-exec-10] [8710cb65] [1] DEBUG c.y.m.u.m.SysRoleMapper.selectList - <==      Total: 1
2026-06-11 23:57:54.621 [http-nio-8080-exec-10] [8710cb65] [1] DEBUG c.y.m.u.m.S.selectPermissionIdsByRoleId - ==>  Preparing: select permission_id from sys_role_permission where role_id in ( ? ) order by permission_id asc
2026-06-11 23:57:54.621 [http-nio-8080-exec-10] [8710cb65] [1] DEBUG c.y.m.u.m.S.selectPermissionIdsByRoleId - ==> Parameters: 1(Long)
2026-06-11 23:57:54.622 [http-nio-8080-exec-10] [8710cb65] [1] DEBUG c.y.m.u.m.S.selectPermissionIdsByRoleId - <==      Total: 4
2026-06-11 23:57:54.622 [http-nio-8080-exec-10] [8710cb65] [1] DEBUG c.y.m.u.m.S.selectList - ==>  Preparing: select id, parent_id, permission_code, permission_name, permission_type, api_path, sort_num, description, status, created_at, updated_at from sys_permission WHERE id in ( ? , ? , ? , ? )
2026-06-11 23:57:54.623 [http-nio-8080-exec-10] [8710cb65] [1] DEBUG c.y.m.u.m.S.selectList - ==> Parameters: 101(Long), 106(Long), 113(Long), 117(Long)
2026-06-11 23:57:54.623 [http-nio-8080-exec-10] [8710cb65] [1] DEBUG c.y.m.u.m.S.selectList - <==      Total: 4
2026-06-11 23:57:54.631 [http-nio-8080-exec-10] [8710cb65] [1] INFO  c.y.common.aop.ControllerLogAspect - 接口开始: uri=/yq-admin/api/eduClass, httpMethod=GET, controller=EduClassController#pageClass, args=[{"name":"req","value":{"pageNum":1,"pageSize":10}}]
2026-06-11 23:57:54.637 [http-nio-8080-exec-10] [8710cb65] [1] DEBUG c.y.m.e.m.E.selectPage_COUNT - ==>  Preparing: SELECT count(0) FROM edu_class
2026-06-11 23:57:54.638 [http-nio-8080-exec-10] [8710cb65] [1] DEBUG c.y.m.e.m.E.selectPage_COUNT - ==> Parameters: 
2026-06-11 23:57:54.642 [http-nio-8080-exec-10] [8710cb65] [1] DEBUG c.y.m.e.m.E.selectPage_COUNT - <==      Total: 1
2026-06-11 23:57:54.644 [http-nio-8080-exec-10] [8710cb65] [1] DEBUG c.y.m.e.m.EduClassMapper.selectPage - ==>  Preparing: select id, class_term, campus_id, head_teacher_id, class_status, start_time, course_id, student_count, created_at, updated_at from edu_class order by id desc LIMIT ?
2026-06-11 23:57:54.644 [http-nio-8080-exec-10] [8710cb65] [1] DEBUG c.y.m.e.m.EduClassMapper.selectPage - ==> Parameters: 10(Integer)
2026-06-11 23:57:54.645 [http-nio-8080-exec-10] [8710cb65] [1] DEBUG c.y.m.e.m.EduClassMapper.selectPage - <==      Total: 3
2026-06-11 23:57:54.647 [http-nio-8080-exec-10] [8710cb65] [1] INFO  c.y.common.aop.ControllerLogAspect - 接口结束: uri=/yq-admin/api/eduClass, controller=EduClassController#pageClass, cost=16ms, result={"code":200,"message":"success","data":{"total":3,"pageNum":1,"pageSize":10,"records":[{"id":3,"classTerm":3,"campusId":1,"headTeacherId":3,"classStatus":"WAITING","startTime":"Thu Apr 16 00:00:00 CST 2026","courseId":1,"studentCount":0,"createdAt":"Mon Apr 13 20:34:39 CST 2026"},{"id":2,"classTerm":2,"campusId":1,"headTeacherId":3,"classStatus":"WAITING","startTime":"Mon Apr 13 00:00:00 CST 2026","courseId":1,"studentCount":0,"createdAt":"Mon Apr 13 20:15:52 CST 2026"},{"id":1,"classTerm":1,"campusId":1,"headTeacherId":3,"classStatus":"WAITING","startTime":"Mon Apr 13 00:00:00 CST 2026","courseId":1,"studentCount":0,"createdAt":"Sat Apr 11 17:09:28 CST 2026"}]}}
2026-06-11 23:57:55.309 [http-nio-8080-exec-9] [e3ecac68] [1] DEBUG c.y.m.u.m.SysUserMapper.selectById - ==>  Preparing: select id, username, password, nickname, real_name, phone, email, union_id, status, created_at, updated_at from sys_user where id = ?
2026-06-11 23:57:55.309 [http-nio-8080-exec-9] [e3ecac68] [1] DEBUG c.y.m.u.m.SysUserMapper.selectById - ==> Parameters: 1(Long)
2026-06-11 23:57:55.310 [http-nio-8080-exec-9] [e3ecac68] [1] DEBUG c.y.m.u.m.SysUserMapper.selectById - <==      Total: 1
2026-06-11 23:57:55.310 [http-nio-8080-exec-9] [e3ecac68] [1] DEBUG c.y.m.u.m.S.selectRoleIdsByUserId - ==>  Preparing: select role_id from sys_user_role where user_id = ? order by role_id asc
2026-06-11 23:57:55.310 [http-nio-8080-exec-9] [e3ecac68] [1] DEBUG c.y.m.u.m.S.selectRoleIdsByUserId - ==> Parameters: 1(Long)
2026-06-11 23:57:55.311 [http-nio-8080-exec-9] [e3ecac68] [1] DEBUG c.y.m.u.m.S.selectRoleIdsByUserId - <==      Total: 1
2026-06-11 23:57:55.311 [http-nio-8080-exec-9] [e3ecac68] [1] DEBUG c.y.m.u.m.SysRoleMapper.selectList - ==>  Preparing: select id, role_code, role_name, description, status, created_at, updated_at from sys_role WHERE id in ( ? )
2026-06-11 23:57:55.312 [http-nio-8080-exec-9] [e3ecac68] [1] DEBUG c.y.m.u.m.SysRoleMapper.selectList - ==> Parameters: 1(Long)
2026-06-11 23:57:55.312 [http-nio-8080-exec-9] [e3ecac68] [1] DEBUG c.y.m.u.m.SysRoleMapper.selectList - <==      Total: 1
2026-06-11 23:57:55.313 [http-nio-8080-exec-9] [e3ecac68] [1] DEBUG c.y.m.u.m.S.selectPermissionIdsByRoleId - ==>  Preparing: select permission_id from sys_role_permission where role_id in ( ? ) order by permission_id asc
2026-06-11 23:57:55.313 [http-nio-8080-exec-9] [e3ecac68] [1] DEBUG c.y.m.u.m.S.selectPermissionIdsByRoleId - ==> Parameters: 1(Long)
2026-06-11 23:57:55.313 [http-nio-8080-exec-9] [e3ecac68] [1] DEBUG c.y.m.u.m.S.selectPermissionIdsByRoleId - <==      Total: 4
2026-06-11 23:57:55.314 [http-nio-8080-exec-9] [e3ecac68] [1] DEBUG c.y.m.u.m.S.selectList - ==>  Preparing: select id, parent_id, permission_code, permission_name, permission_type, api_path, sort_num, description, status, created_at, updated_at from sys_permission WHERE id in ( ? , ? , ? , ? )
2026-06-11 23:57:55.314 [http-nio-8080-exec-9] [e3ecac68] [1] DEBUG c.y.m.u.m.S.selectList - ==> Parameters: 101(Long), 106(Long), 113(Long), 117(Long)
2026-06-11 23:57:55.314 [http-nio-8080-exec-9] [e3ecac68] [1] DEBUG c.y.m.u.m.S.selectList - <==      Total: 4
2026-06-11 23:57:55.319 [http-nio-8080-exec-9] [e3ecac68] [1] INFO  c.y.common.aop.ControllerLogAspect - 接口开始: uri=/yq-admin/api/eduCampus, httpMethod=GET, controller=EduCampusController#pageCampus, args=[{"name":"req","value":{"pageNum":1,"pageSize":10}}]
2026-06-11 23:57:55.325 [http-nio-8080-exec-9] [e3ecac68] [1] DEBUG c.y.m.e.m.E.selectPage_COUNT - ==>  Preparing: SELECT count(0) FROM edu_campus
2026-06-11 23:57:55.325 [http-nio-8080-exec-9] [e3ecac68] [1] DEBUG c.y.m.e.m.E.selectPage_COUNT - ==> Parameters: 
2026-06-11 23:57:55.330 [http-nio-8080-exec-9] [e3ecac68] [1] DEBUG c.y.m.e.m.E.selectPage_COUNT - <==      Total: 1
2026-06-11 23:57:55.331 [http-nio-8080-exec-9] [e3ecac68] [1] DEBUG c.y.m.e.m.EduCampusMapper.selectPage - ==>  Preparing: select id, campus_name, principal_user_id, address, contact_phone, remark, status, created_at, updated_at from edu_campus order by id desc LIMIT ?
2026-06-11 23:57:55.331 [http-nio-8080-exec-9] [e3ecac68] [1] DEBUG c.y.m.e.m.EduCampusMapper.selectPage - ==> Parameters: 10(Integer)
2026-06-11 23:57:55.332 [http-nio-8080-exec-9] [e3ecac68] [1] DEBUG c.y.m.e.m.EduCampusMapper.selectPage - <==      Total: 1
2026-06-11 23:57:55.333 [http-nio-8080-exec-9] [e3ecac68] [1] INFO  c.y.common.aop.ControllerLogAspect - 接口结束: uri=/yq-admin/api/eduCampus, controller=EduCampusController#pageCampus, cost=14ms, result={"code":200,"message":"success","data":{"total":1,"pageNum":1,"pageSize":10,"records":[{"id":1,"campusName":"杭州校区","principalUserId":2,"address":"杭州市余杭区","contactPhone":"13549684561","status":1,"createdAt":"Sat Apr 11 15:51:21 CST 2026","updatedAt":"Sat Apr 11 15:51:21 CST 2026"}]}}
2026-06-11 23:57:56.074 [http-nio-8080-exec-8] [b6ce4d20] [1] DEBUG c.y.m.u.m.SysUserMapper.selectById - ==>  Preparing: select id, username, password, nickname, real_name, phone, email, union_id, status, created_at, updated_at from sys_user where id = ?
2026-06-11 23:57:56.074 [http-nio-8080-exec-8] [b6ce4d20] [1] DEBUG c.y.m.u.m.SysUserMapper.selectById - ==> Parameters: 1(Long)
2026-06-11 23:57:56.076 [http-nio-8080-exec-8] [b6ce4d20] [1] DEBUG c.y.m.u.m.SysUserMapper.selectById - <==      Total: 1
2026-06-11 23:57:56.076 [http-nio-8080-exec-8] [b6ce4d20] [1] DEBUG c.y.m.u.m.S.selectRoleIdsByUserId - ==>  Preparing: select role_id from sys_user_role where user_id = ? order by role_id asc
2026-06-11 23:57:56.076 [http-nio-8080-exec-8] [b6ce4d20] [1] DEBUG c.y.m.u.m.S.selectRoleIdsByUserId - ==> Parameters: 1(Long)
2026-06-11 23:57:56.077 [http-nio-8080-exec-8] [b6ce4d20] [1] DEBUG c.y.m.u.m.S.selectRoleIdsByUserId - <==      Total: 1
2026-06-11 23:57:56.077 [http-nio-8080-exec-8] [b6ce4d20] [1] DEBUG c.y.m.u.m.SysRoleMapper.selectList - ==>  Preparing: select id, role_code, role_name, description, status, created_at, updated_at from sys_role WHERE id in ( ? )
2026-06-11 23:57:56.078 [http-nio-8080-exec-8] [b6ce4d20] [1] DEBUG c.y.m.u.m.SysRoleMapper.selectList - ==> Parameters: 1(Long)
2026-06-11 23:57:56.078 [http-nio-8080-exec-8] [b6ce4d20] [1] DEBUG c.y.m.u.m.SysRoleMapper.selectList - <==      Total: 1
2026-06-11 23:57:56.078 [http-nio-8080-exec-8] [b6ce4d20] [1] DEBUG c.y.m.u.m.S.selectPermissionIdsByRoleId - ==>  Preparing: select permission_id from sys_role_permission where role_id in ( ? ) order by permission_id asc
2026-06-11 23:57:56.078 [http-nio-8080-exec-8] [b6ce4d20] [1] DEBUG c.y.m.u.m.S.selectPermissionIdsByRoleId - ==> Parameters: 1(Long)
2026-06-11 23:57:56.079 [http-nio-8080-exec-8] [b6ce4d20] [1] DEBUG c.y.m.u.m.S.selectPermissionIdsByRoleId - <==      Total: 4
2026-06-11 23:57:56.079 [http-nio-8080-exec-8] [b6ce4d20] [1] DEBUG c.y.m.u.m.S.selectList - ==>  Preparing: select id, parent_id, permission_code, permission_name, permission_type, api_path, sort_num, description, status, created_at, updated_at from sys_permission WHERE id in ( ? , ? , ? , ? )
2026-06-11 23:57:56.080 [http-nio-8080-exec-8] [b6ce4d20] [1] DEBUG c.y.m.u.m.S.selectList - ==> Parameters: 101(Long), 106(Long), 113(Long), 117(Long)
2026-06-11 23:57:56.080 [http-nio-8080-exec-8] [b6ce4d20] [1] DEBUG c.y.m.u.m.S.selectList - <==      Total: 4
2026-06-11 23:57:56.084 [http-nio-8080-exec-8] [b6ce4d20] [1] INFO  c.y.common.aop.ControllerLogAspect - 接口开始: uri=/yq-admin/api/eduStudent, httpMethod=GET, controller=EduStudentController#pageStudent, args=[{"name":"req","value":{"pageNum":1,"pageSize":10}}]
2026-06-11 23:57:56.093 [http-nio-8080-exec-8] [b6ce4d20] [1] DEBUG c.y.m.e.m.E.selectPage_COUNT - ==>  Preparing: SELECT count(0) FROM edu_student
2026-06-11 23:57:56.093 [http-nio-8080-exec-8] [b6ce4d20] [1] DEBUG c.y.m.e.m.E.selectPage_COUNT - ==> Parameters: 
2026-06-11 23:57:56.097 [http-nio-8080-exec-8] [b6ce4d20] [1] DEBUG c.y.m.e.m.E.selectPage_COUNT - <==      Total: 1
2026-06-11 23:57:56.097 [http-nio-8080-exec-8] [b6ce4d20] [1] DEBUG c.y.m.e.m.E.selectPage - ==>  Preparing: select id, student_code, student_name, phone, graduation_session, school, education, study_mode, class_id, product_id, join_time, created_at, updated_at from edu_student order by id desc LIMIT ?
2026-06-11 23:57:56.097 [http-nio-8080-exec-8] [b6ce4d20] [1] DEBUG c.y.m.e.m.E.selectPage - ==> Parameters: 10(Integer)
2026-06-11 23:57:56.099 [http-nio-8080-exec-8] [b6ce4d20] [1] DEBUG c.y.m.e.m.E.selectPage - <==      Total: 10
2026-06-11 23:57:56.101 [http-nio-8080-exec-8] [b6ce4d20] [1] INFO  c.y.common.aop.ControllerLogAspect - 接口结束: uri=/yq-admin/api/eduStudent, controller=EduStudentController#pageStudent, cost=17ms, result={"code":200,"message":"success","data":{"total":10,"pageNum":1,"pageSize":10,"records":[{"id":10,"studentCode":"XS20260527544261","studentName":"赵九","phone":"13273576020","graduationSession":2026,"school":"湖南师范大学","education":"硕士","studyMode":"ONLINE","productId":3,"joinTime":"Wed May 27 21:32:06 CST 2026","createdAt":"Wed May 27 21:32:23 CST 2026","updatedAt":"Wed May 27 21:32:23 CST 2026"},{"id":9,"studentCode":"XS20260526215429","studentName":"赵六","phone":"13762922580","graduationSession":2026,"school":"湖南师范大学","education":"硕士","studyMode":"ONLINE","productId":3,"joinTime":"Tue May 26 17:18:07 CST 2026","createdAt":"Tue May 26 17:18:15 CST 2026","updatedAt":"Tue May 26 17:18:15 CST 2026"},{"id":8,"studentCode":"XS20260514684479","studentName":"哈哈","phone":"13273576029","graduationSession":2026,"school":"湖南师范大学","education":"本科","studyMode":"OFFLINE","classId":2,"productId":1,"joinTime":"Thu May 14 17:45:03 CST 2026","createdAt":"Thu May 14 17:45:10 CST 2026","updatedAt":"Thu May 14 17:45:10 CST 2026"},{"id":7,"studentCode":"XS20260429790522","studentName":"王六","phone":"13273576027","graduationSession":2026,"school":"湖南师范大学","education":"博士","studyMode":"ONLINE","productId":2,"joinTime":"Wed Apr 29 22:59:06 CST 2026","createdAt":"Wed Apr 29 22:59:15 CST 2026","updatedAt":"Wed Apr 29 22:59:15 CST 2026"},{"id":6,"studentCode":"XS20260417641291","studentName":"赵六","phone":"15118191034","graduationSession":2026,"school":"洪江一中","education":"本科","studyMode":"OFFLINE","classId":3,"productId":1,"joinTime":"Fri Apr 17 22:25:31 CST 2026","createdAt":"Fri Apr 17 22:25:50 CST 2026","updatedAt":"Fri Apr 17 22:25:50 CST 2026"},{"id":5,"studentCode":"XS20260417193131","studentName":"黄某","phone":"15118191031","graduationSession":2026,"school":"洪江一中","education":"本科","studyMode":"OFFLINE","classId":1,"productId":1,"joinTime":"Fri Apr 17 15:09:40 CST 2026","createdAt":"Fri Apr 17 15:10:18 CST 2026","updatedAt":"Fri Apr 17 15:10:18 CST 2026"},{"id":4,"studentCode":"XS20260416122330","studentName":"黄某","phone":"13273576024","graduationSession":2026,"school":"洪江一中","education":"大专","studyMode":"OFFLINE","classId":1,"productId":1,"joinTime":"Thu Apr 16 22:41:38 CST 2026","createdAt":"Thu Apr 16 22:42:25 CST 2026","updatedAt":"Thu Apr 16 22:42:25 CST 2026"},{"id":3,"studentCode":"XS20260416572329","studentName":"向某","phone":"13273576023","graduationSession":2026,"school":"洪江一中","education":"本科","studyMode":"OFFLINE","classId":2,"productId":1,"joinTime":"Thu Apr 16 22:28:40 CST 2026","createdAt":"Thu Apr 16 22:34:48 CST 2026","updatedAt":"Thu Apr 16 22:34:48 CST 2026"},{"id":2,"studentCode":"XS20260416896906","studentName":"王王","phone":"15118191032","graduationSession":2026,"school":"湖南师范大学","education":"大专","studyMode":"OFFLINE","classId":2,"productId":1,"joinTime":"Thu Apr 16 17:55:46 CST 2026","createdAt":"Thu Apr 16 18:01:02 CST 2026","updatedAt":"Thu Apr 16 18:01:02 CST 2026"},{"id":1,"studentCode":"XS20260416496798","studentName":"赵家","phone":"13273672819","graduationSession":2026,"school":"湖南师范大学","education":"本科","studyMode":"OFFLINE","classId":1,"productId":1,"joinTime":"Thu Apr 16 17:52:36 CST 2026","createdAt":"Thu Apr 16 17:53:12 CST 2026","updatedAt":"Thu Apr 16 17:53:12 CST 2026"}]}}
2026-06-11 23:57:57.654 [http-nio-8080-exec-1] [5a1d7587] [1] ERROR c.y.c.e.GlobalExceptionHandler - 系统异常
org.springframework.web.servlet.resource.NoResourceFoundException: No static resource api/sysConfig.
	at org.springframework.web.servlet.resource.ResourceHttpRequestHandler.handleRequest(ResourceHttpRequestHandler.java:585)
	at org.springframework.web.servlet.mvc.HttpRequestHandlerAdapter.handle(HttpRequestHandlerAdapter.java:52)
	at org.springframework.web.servlet.DispatcherServlet.doDispatch(DispatcherServlet.java:1089)
	at org.springframework.web.servlet.DispatcherServlet.doService(DispatcherServlet.java:979)
	at org.springframework.web.servlet.FrameworkServlet.processRequest(FrameworkServlet.java:1014)
	at org.springframework.web.servlet.FrameworkServlet.doGet(FrameworkServlet.java:903)
	at jakarta.servlet.http.HttpServlet.service(HttpServlet.java:564)
	at org.springframework.web.servlet.FrameworkServlet.service(FrameworkServlet.java:885)
	at jakarta.servlet.http.HttpServlet.service(HttpServlet.java:658)
	at org.apache.catalina.core.ApplicationFilterChain.internalDoFilter(ApplicationFilterChain.java:205)
	at org.apache.catalina.core.ApplicationFilterChain.doFilter(ApplicationFilterChain.java:149)
	at org.apache.tomcat.websocket.server.WsFilter.doFilter(WsFilter.java:51)
	at org.apache.catalina.core.ApplicationFilterChain.internalDoFilter(ApplicationFilterChain.java:174)
	at org.apache.catalina.core.ApplicationFilterChain.doFilter(ApplicationFilterChain.java:149)
	at org.springframework.web.filter.RequestContextFilter.doFilterInternal(RequestContextFilter.java:100)
	at org.springframework.web.filter.OncePerRequestFilter.doFilter(OncePerRequestFilter.java:116)
	at org.apache.catalina.core.ApplicationFilterChain.internalDoFilter(ApplicationFilterChain.java:174)
	at org.apache.catalina.core.ApplicationFilterChain.doFilter(ApplicationFilterChain.java:149)
	at org.springframework.web.filter.FormContentFilter.doFilterInternal(FormContentFilter.java:93)
	at org.springframework.web.filter.OncePerRequestFilter.doFilter(OncePerRequestFilter.java:116)
	at org.apache.catalina.core.ApplicationFilterChain.internalDoFilter(ApplicationFilterChain.java:174)
	at org.apache.catalina.core.ApplicationFilterChain.doFilter(ApplicationFilterChain.java:149)
	at org.springframework.web.filter.CharacterEncodingFilter.doFilterInternal(CharacterEncodingFilter.java:201)
	at org.springframework.web.filter.OncePerRequestFilter.doFilter(OncePerRequestFilter.java:116)
	at org.apache.catalina.core.ApplicationFilterChain.internalDoFilter(ApplicationFilterChain.java:174)
	at org.apache.catalina.core.ApplicationFilterChain.doFilter(ApplicationFilterChain.java:149)
	at cn.yanque.config.MdcFilter.doFilterInternal(MdcFilter.java:37)
	at org.springframework.web.filter.OncePerRequestFilter.doFilter(OncePerRequestFilter.java:116)
	at org.apache.catalina.core.ApplicationFilterChain.internalDoFilter(ApplicationFilterChain.java:174)
	at org.apache.catalina.core.ApplicationFilterChain.doFilter(ApplicationFilterChain.java:149)
	at org.apache.catalina.core.StandardWrapperValve.invoke(StandardWrapperValve.java:167)
	at org.apache.catalina.core.StandardContextValve.invoke(StandardContextValve.java:90)
	at org.apache.catalina.authenticator.AuthenticatorBase.invoke(AuthenticatorBase.java:482)
	at org.apache.catalina.core.StandardHostValve.invoke(StandardHostValve.java:115)
	at org.apache.catalina.valves.ErrorReportValve.invoke(ErrorReportValve.java:93)
	at org.apache.catalina.core.StandardEngineValve.invoke(StandardEngineValve.java:74)
	at org.apache.catalina.connector.CoyoteAdapter.service(CoyoteAdapter.java:340)
	at org.apache.coyote.http11.Http11Processor.service(Http11Processor.java:391)
	at org.apache.coyote.AbstractProcessorLight.process(AbstractProcessorLight.java:63)
	at org.apache.coyote.AbstractProtocol$ConnectionHandler.process(AbstractProtocol.java:896)
	at org.apache.tomcat.util.net.NioEndpoint$SocketProcessor.doRun(NioEndpoint.java:1744)
	at org.apache.tomcat.util.net.SocketProcessorBase.run(SocketProcessorBase.java:52)
	at org.apache.tomcat.util.threads.ThreadPoolExecutor.runWorker(ThreadPoolExecutor.java:1191)
	at org.apache.tomcat.util.threads.ThreadPoolExecutor$Worker.run(ThreadPoolExecutor.java:659)
	at org.apache.tomcat.util.threads.TaskThread$WrappingRunnable.run(TaskThread.java:61)
	at java.base/java.lang.Thread.run(Thread.java:840)
2026-06-11 23:58:00.114 [SpringApplicationShutdownHook] [] [] INFO  com.zaxxer.hikari.HikariDataSource - HikariPool-1 - Shutdown initiated...
2026-06-11 23:58:00.120 [SpringApplicationShutdownHook] [] [] INFO  com.zaxxer.hikari.HikariDataSource - HikariPool-1 - Shutdown completed.
2026-06-11 23:58:03.625 [background-preinit] [] [] INFO  o.h.validator.internal.util.Version - HV000001: Hibernate Validator 8.0.1.Final
2026-06-11 23:58:03.650 [main] [] [] INFO  cn.yanque.YanqueApplication - Starting YanqueApplication using Java 17.0.17 with PID 180596 (D:\Java\code\yq\YanQue-Admin\target\classes started by q1571 in D:\Java\code\yq\YanQue-Admin)
2026-06-11 23:58:03.651 [main] [] [] INFO  cn.yanque.YanqueApplication - The following 1 profile is active: "dev"
2026-06-11 23:58:04.199 [main] [] [] INFO  o.s.d.r.c.RepositoryConfigurationDelegate - Multiple Spring Data modules found, entering strict repository configuration mode
2026-06-11 23:58:04.200 [main] [] [] INFO  o.s.d.r.c.RepositoryConfigurationDelegate - Bootstrapping Spring Data Redis repositories in DEFAULT mode.
2026-06-11 23:58:04.226 [main] [] [] INFO  o.s.d.r.c.RepositoryConfigurationDelegate - Finished Spring Data repository scanning in 16 ms. Found 0 Redis repository interfaces.
2026-06-11 23:58:04.673 [main] [] [] INFO  o.s.b.w.e.tomcat.TomcatWebServer - Tomcat initialized with port 8080 (http)
2026-06-11 23:58:04.680 [main] [] [] INFO  o.a.coyote.http11.Http11NioProtocol - Initializing ProtocolHandler ["http-nio-8080"]
2026-06-11 23:58:04.681 [main] [] [] INFO  o.a.catalina.core.StandardService - Starting service [Tomcat]
2026-06-11 23:58:04.681 [main] [] [] INFO  o.a.catalina.core.StandardEngine - Starting Servlet engine: [Apache Tomcat/10.1.16]
2026-06-11 23:58:04.733 [main] [] [] INFO  o.a.c.c.C.[.[localhost].[/yq-admin] - Initializing Spring embedded WebApplicationContext
2026-06-11 23:58:04.734 [main] [] [] INFO  o.s.b.w.s.c.ServletWebServerApplicationContext - Root WebApplicationContext: initialization completed in 1057 ms
2026-06-11 23:58:05.609 [main] [] [] INFO  o.a.coyote.http11.Http11NioProtocol - Starting ProtocolHandler ["http-nio-8080"]
2026-06-11 23:58:05.627 [main] [] [] INFO  o.s.b.w.e.tomcat.TomcatWebServer - Tomcat started on port 8080 (http) with context path '/yq-admin'
2026-06-11 23:58:05.633 [main] [] [] INFO  cn.yanque.YanqueApplication - Started YanqueApplication in 2.343 seconds (process running for 2.854)
2026-06-11 23:58:09.080 [http-nio-8080-exec-1] [] [] INFO  o.a.c.c.C.[.[localhost].[/yq-admin] - Initializing Spring DispatcherServlet 'dispatcherServlet'
2026-06-11 23:58:09.080 [http-nio-8080-exec-1] [] [] INFO  o.s.web.servlet.DispatcherServlet - Initializing Servlet 'dispatcherServlet'
2026-06-11 23:58:09.081 [http-nio-8080-exec-1] [] [] INFO  o.s.web.servlet.DispatcherServlet - Completed initialization in 1 ms
2026-06-11 23:58:09.131 [http-nio-8080-exec-1] [7aba8bf5] [] INFO  com.zaxxer.hikari.HikariDataSource - HikariPool-1 - Starting...
2026-06-11 23:58:09.245 [http-nio-8080-exec-1] [7aba8bf5] [] INFO  com.zaxxer.hikari.pool.HikariPool - HikariPool-1 - Added connection com.mysql.cj.jdbc.ConnectionImpl@707c28f3
2026-06-11 23:58:09.246 [http-nio-8080-exec-1] [7aba8bf5] [] INFO  com.zaxxer.hikari.HikariDataSource - HikariPool-1 - Start completed.
2026-06-11 23:58:09.632 [http-nio-8080-exec-1] [7aba8bf5] [1] DEBUG c.y.m.u.m.SysUserMapper.selectById - ==>  Preparing: select id, username, password, nickname, real_name, phone, email, union_id, status, created_at, updated_at from sys_user where id = ?
2026-06-11 23:58:09.639 [http-nio-8080-exec-1] [7aba8bf5] [1] DEBUG c.y.m.u.m.SysUserMapper.selectById - ==> Parameters: 1(Long)
2026-06-11 23:58:09.650 [http-nio-8080-exec-1] [7aba8bf5] [1] DEBUG c.y.m.u.m.SysUserMapper.selectById - <==      Total: 1
2026-06-11 23:58:09.652 [http-nio-8080-exec-1] [7aba8bf5] [1] DEBUG c.y.m.u.m.S.selectRoleIdsByUserId - ==>  Preparing: select role_id from sys_user_role where user_id = ? order by role_id asc
2026-06-11 23:58:09.652 [http-nio-8080-exec-1] [7aba8bf5] [1] DEBUG c.y.m.u.m.S.selectRoleIdsByUserId - ==> Parameters: 1(Long)
2026-06-11 23:58:09.653 [http-nio-8080-exec-1] [7aba8bf5] [1] DEBUG c.y.m.u.m.S.selectRoleIdsByUserId - <==      Total: 1
2026-06-11 23:58:09.672 [http-nio-8080-exec-1] [7aba8bf5] [1] DEBUG c.y.m.u.m.SysRoleMapper.selectList - ==>  Preparing: select id, role_code, role_name, description, status, created_at, updated_at from sys_role WHERE id in ( ? )
2026-06-11 23:58:09.672 [http-nio-8080-exec-1] [7aba8bf5] [1] DEBUG c.y.m.u.m.SysRoleMapper.selectList - ==> Parameters: 1(Long)
2026-06-11 23:58:09.674 [http-nio-8080-exec-1] [7aba8bf5] [1] DEBUG c.y.m.u.m.SysRoleMapper.selectList - <==      Total: 1
2026-06-11 23:58:09.675 [http-nio-8080-exec-1] [7aba8bf5] [1] DEBUG c.y.m.u.m.S.selectPermissionIdsByRoleId - ==>  Preparing: select permission_id from sys_role_permission where role_id in ( ? ) order by permission_id asc
2026-06-11 23:58:09.675 [http-nio-8080-exec-1] [7aba8bf5] [1] DEBUG c.y.m.u.m.S.selectPermissionIdsByRoleId - ==> Parameters: 1(Long)
2026-06-11 23:58:09.675 [http-nio-8080-exec-1] [7aba8bf5] [1] DEBUG c.y.m.u.m.S.selectPermissionIdsByRoleId - <==      Total: 4
2026-06-11 23:58:09.677 [http-nio-8080-exec-1] [7aba8bf5] [1] DEBUG c.y.m.u.m.S.selectList - ==>  Preparing: select id, parent_id, permission_code, permission_name, permission_type, api_path, sort_num, description, status, created_at, updated_at from sys_permission WHERE id in ( ? , ? , ? , ? )
2026-06-11 23:58:09.677 [http-nio-8080-exec-1] [7aba8bf5] [1] DEBUG c.y.m.u.m.S.selectList - ==> Parameters: 101(Long), 106(Long), 113(Long), 117(Long)
2026-06-11 23:58:09.679 [http-nio-8080-exec-1] [7aba8bf5] [1] DEBUG c.y.m.u.m.S.selectList - <==      Total: 4
2026-06-11 23:58:09.687 [http-nio-8080-exec-1] [7aba8bf5] [1] INFO  c.y.common.aop.ControllerLogAspect - 接口开始: uri=/yq-admin/api/sysConfig, httpMethod=GET, controller=SysConfigController#listAll, args=[]
2026-06-11 23:58:09.771 [http-nio-8080-exec-1] [7aba8bf5] [1] INFO  c.y.common.aop.ControllerLogAspect - 接口结束: uri=/yq-admin/api/sysConfig, controller=SysConfigController#listAll, cost=3ms, result={"code":200,"message":"success","data":[{"id":1,"k":"jwtSecretk","v":"yq-ai-admin-jwt-secret"},{"id":2,"k":"jwtExpireTime","v":"7200"},{"id":3,"k":"signSecretExpireSeconds","v":"7200"},{"id":4,"k":"signTimestampSkewSeconds","v":"300"},{"id":5,"k":"signNonceExpireSeconds","v":"300"},{"id":6,"k":"studentAiSummaryTriggerUncompressedCount","v":"6"},{"id":7,"k":"studentAiSummaryKeepRecentCount","v":"3"}]}
2026-06-11 23:58:15.575 [http-nio-8080-exec-2] [c2e5ca68] [1] DEBUG c.y.m.u.m.SysUserMapper.selectById - ==>  Preparing: select id, username, password, nickname, real_name, phone, email, union_id, status, created_at, updated_at from sys_user where id = ?
2026-06-11 23:58:15.576 [http-nio-8080-exec-2] [c2e5ca68] [1] DEBUG c.y.m.u.m.SysUserMapper.selectById - ==> Parameters: 1(Long)
2026-06-11 23:58:15.579 [http-nio-8080-exec-2] [c2e5ca68] [1] DEBUG c.y.m.u.m.SysUserMapper.selectById - <==      Total: 1
2026-06-11 23:58:15.580 [http-nio-8080-exec-2] [c2e5ca68] [1] DEBUG c.y.m.u.m.S.selectRoleIdsByUserId - ==>  Preparing: select role_id from sys_user_role where user_id = ? order by role_id asc
2026-06-11 23:58:15.580 [http-nio-8080-exec-2] [c2e5ca68] [1] DEBUG c.y.m.u.m.S.selectRoleIdsByUserId - ==> Parameters: 1(Long)
2026-06-11 23:58:15.580 [http-nio-8080-exec-2] [c2e5ca68] [1] DEBUG c.y.m.u.m.S.selectRoleIdsByUserId - <==      Total: 1
2026-06-11 23:58:15.581 [http-nio-8080-exec-2] [c2e5ca68] [1] DEBUG c.y.m.u.m.SysRoleMapper.selectList - ==>  Preparing: select id, role_code, role_name, description, status, created_at, updated_at from sys_role WHERE id in ( ? )
2026-06-11 23:58:15.581 [http-nio-8080-exec-2] [c2e5ca68] [1] DEBUG c.y.m.u.m.SysRoleMapper.selectList - ==> Parameters: 1(Long)
2026-06-11 23:58:15.582 [http-nio-8080-exec-2] [c2e5ca68] [1] DEBUG c.y.m.u.m.SysRoleMapper.selectList - <==      Total: 1
2026-06-11 23:58:15.583 [http-nio-8080-exec-2] [c2e5ca68] [1] DEBUG c.y.m.u.m.S.selectPermissionIdsByRoleId - ==>  Preparing: select permission_id from sys_role_permission where role_id in ( ? ) order by permission_id asc
2026-06-11 23:58:15.583 [http-nio-8080-exec-2] [c2e5ca68] [1] DEBUG c.y.m.u.m.S.selectPermissionIdsByRoleId - ==> Parameters: 1(Long)
2026-06-11 23:58:15.584 [http-nio-8080-exec-2] [c2e5ca68] [1] DEBUG c.y.m.u.m.S.selectPermissionIdsByRoleId - <==      Total: 4
2026-06-11 23:58:15.585 [http-nio-8080-exec-2] [c2e5ca68] [1] DEBUG c.y.m.u.m.S.selectList - ==>  Preparing: select id, parent_id, permission_code, permission_name, permission_type, api_path, sort_num, description, status, created_at, updated_at from sys_permission WHERE id in ( ? , ? , ? , ? )
2026-06-11 23:58:15.585 [http-nio-8080-exec-2] [c2e5ca68] [1] DEBUG c.y.m.u.m.S.selectList - ==> Parameters: 101(Long), 106(Long), 113(Long), 117(Long)
2026-06-11 23:58:15.586 [http-nio-8080-exec-2] [c2e5ca68] [1] DEBUG c.y.m.u.m.S.selectList - <==      Total: 4
2026-06-11 23:58:15.633 [http-nio-8080-exec-2] [c2e5ca68] [1] INFO  c.y.common.aop.ControllerLogAspect - 接口开始: uri=/yq-admin/api/sysPermission, httpMethod=GET, controller=SysPermissionController#pagePermission, args=[{"name":"req","value":{"pageNum":1,"pageSize":1000}}]
2026-06-11 23:58:15.671 [http-nio-8080-exec-2] [c2e5ca68] [1] DEBUG c.y.m.u.m.S.selectPage_COUNT - ==>  Preparing: SELECT count(0) FROM sys_permission
2026-06-11 23:58:15.672 [http-nio-8080-exec-2] [c2e5ca68] [1] DEBUG c.y.m.u.m.S.selectPage_COUNT - ==> Parameters: 
2026-06-11 23:58:15.674 [http-nio-8080-exec-2] [c2e5ca68] [1] DEBUG c.y.m.u.m.S.selectPage_COUNT - <==      Total: 1
2026-06-11 23:58:15.676 [http-nio-8080-exec-2] [c2e5ca68] [1] DEBUG c.y.m.u.m.S.selectPage - ==>  Preparing: select id, parent_id, permission_code, permission_name, permission_type, api_path, sort_num, description, status, created_at, updated_at from sys_permission order by sort_num asc, id desc LIMIT ?
2026-06-11 23:58:15.677 [http-nio-8080-exec-2] [c2e5ca68] [1] DEBUG c.y.m.u.m.S.selectPage - ==> Parameters: 1000(Integer)
2026-06-11 23:58:15.697 [http-nio-8080-exec-2] [c2e5ca68] [1] DEBUG c.y.m.u.m.S.selectPage - <==      Total: 177
2026-06-11 23:58:15.710 [http-nio-8080-exec-2] [c2e5ca68] [1] INFO  c.y.common.aop.ControllerLogAspect - 接口结束: uri=/yq-admin/api/sysPermission, controller=SysPermissionController#pagePermission, cost=72ms, result={"code":200,"message":"success","data":{"total":177,"pageNum":1,"pageSize":1000,"records":[{"id":287,"parentId":286,"permissionName":"面试复盘上传音频按钮","permissionType":"BUTTON","permissionCode":"button:interview-review:upload","sortNum":1,"status":"1","description":"面试复盘页面的上传音频按钮","createdAt":"Wed May 20 22:13:56 CST 2026"},{"id":272,"parentId":271,"permissionName":"自媒体生成选题按钮","permissionType":"BUTTON","permissionCode":"button:media-agent:generate-topics","sortNum":1,"status":"1","description":"自媒体创作页面的生成选题按钮","createdAt":"Sat May 09 16:32:32 CST 2026"},{"id":268,"parentId":267,"permissionName":"数据分析执行按钮","permissionType":"BUTTON","permissionCode":"button:data-analysis:analyze","sortNum":1,"status":"1","description":"数据分析页面的开始分析按钮","createdAt":"Fri May 08 16:42:19 CST 2026"},{"id":249,"parentId":121,"permissionName":"发布作业按钮","permissionType":"BUTTON","permissionCode":"button:homework:create","sortNum":1,"status":"1","description":"作业管理页面的发布作业按钮","createdAt":"Wed Apr 22 16:21:14 CST 2026"},{"id":247,"parentId":118,"permissionName":"学生绑定权限模板按钮","permissionType":"BUTTON","permissionCode":"button:student:bind-permission-template","sortNum":1,"status":"1","description":"学生管理页面的绑定权限模板按钮","createdAt":"Wed Apr 22 14:20:45 CST 2026"},{"id":243,"parentId":119,"permissionName":"学员权限模板新增按钮","permissionType":"BUTTON","permissionCode":"button:student-permission-template:create","sortNum":1,"status":"1","description":"学员权限模板页面的新增按钮","createdAt":"Mon Apr 20 00:05:46 CST 2026"},{"id":240,"parentId":115,"permissionName":"订单新增按钮","permissionType":"BUTTON","permissionCode":"button:order:create","sortNum":1,"status":"1","description":"订单管理页面的新增按钮","createdAt":"Sun Apr 12 23:10:59 CST 2026"},{"id":237,"parentId":114,"permissionName":"产品新增按钮","permissionType":"BUTTON","permissionCode":"button:product:create","sortNum":1,"status":"1","description":"产品管理页面的新增按钮","createdAt":"Sun Apr 12 14:19:04 CST 2026"},{"id":235,"parentId":112,"permissionName":"值班查看按钮","permissionType":"BUTTON","permissionCode":"button:duty:view","sortNum":1,"status":"1","description":"值班管理页面的查看按钮","createdAt":"Sun Apr 12 13:11:55 CST 2026"},{"id":234,"parentId":111,"permissionName":"老师课表查看按钮","permissionType":"BUTTON","permissionCode":"button:teacher-schedule:view","sortNum":1,"status":"1","description":"老师课表页面的查看按钮","createdAt":"Sun Apr 12 03:21:07 CST 2026"},{"id":231,"parentId":110,"permissionName":"课表查看按钮","permissionType":"BUTTON","permissionCode":"button:schedule:view","sortNum":1,"status":"1","description":"课表管理页面的查看按钮","createdAt":"Sat Apr 11 19:46:45 CST 2026"},{"id":227,"parentId":109,"permissionName":"班级新增按钮","permissionType":"BUTTON","permissionCode":"button:class:create","sortNum":1,"status":"1","description":"班级管理页面的新增按钮","createdAt":"Sat Apr 11 17:05:40 CST 2026"},{"id":218,"parentId":108,"permissionName":"课程新增按钮","permissionType":"BUTTON","permissionCode":"button:course:create","sortNum":1,"status":"1","description":"课程管理页面的新增按钮","createdAt":"Sat Apr 11 16:02:19 CST 2026"},{"id":215,"parentId":107,"permissionName":"校区新增按钮","permissionType":"BUTTON","permissionCode":"button:campus:create","sortNum":1,"status":"1","description":"校区管理页面的新增按钮","createdAt":"Sat Apr 11 15:49:16 CST 2026"},{"id":212,"parentId":105,"permissionName":"系统参数新增按钮","permissionType":"BUTTON","permissionCode":"button:config:create","sortNum":1,"status":"1","description":"系统参数页面的新增配置按钮","createdAt":"Fri Apr 10 20:08:09 CST 2026"},{"id":209,"parentId":104,"permissionName":"权限新增按钮","permissionType":"BUTTON","permissionCode":"button:permission:create","sortNum":1,"status":"1","description":"权限管理页面的新增权限按钮","createdAt":"Thu Apr 09 21:22:28 CST 2026"},{"id":205,"parentId":103,"permissionName":"角色新增按钮","permissionType":"BUTTON","permissionCode":"button:role:create","sortNum":1,"status":"1","description":"角色管理页面的新增角色按钮","createdAt":"Thu Apr 09 21:22:28 CST 2026"},{"id":201,"parentId":102,"permissionName":"用户新增按钮","permissionType":"BUTTON","permissionCode":"button:user:create","sortNum":1,"status":"ACTIVE","desc...(truncated)
2026-06-11 23:58:16.618 [http-nio-8080-exec-3] [a186bd2d] [1] DEBUG c.y.m.u.m.SysUserMapper.selectById - ==>  Preparing: select id, username, password, nickname, real_name, phone, email, union_id, status, created_at, updated_at from sys_user where id = ?
2026-06-11 23:58:16.619 [http-nio-8080-exec-3] [a186bd2d] [1] DEBUG c.y.m.u.m.SysUserMapper.selectById - ==> Parameters: 1(Long)
2026-06-11 23:58:16.620 [http-nio-8080-exec-3] [a186bd2d] [1] DEBUG c.y.m.u.m.SysUserMapper.selectById - <==      Total: 1
2026-06-11 23:58:16.620 [http-nio-8080-exec-3] [a186bd2d] [1] DEBUG c.y.m.u.m.S.selectRoleIdsByUserId - ==>  Preparing: select role_id from sys_user_role where user_id = ? order by role_id asc
2026-06-11 23:58:16.620 [http-nio-8080-exec-3] [a186bd2d] [1] DEBUG c.y.m.u.m.S.selectRoleIdsByUserId - ==> Parameters: 1(Long)
2026-06-11 23:58:16.621 [http-nio-8080-exec-3] [a186bd2d] [1] DEBUG c.y.m.u.m.S.selectRoleIdsByUserId - <==      Total: 1
2026-06-11 23:58:16.622 [http-nio-8080-exec-3] [a186bd2d] [1] DEBUG c.y.m.u.m.SysRoleMapper.selectList - ==>  Preparing: select id, role_code, role_name, description, status, created_at, updated_at from sys_role WHERE id in ( ? )
2026-06-11 23:58:16.622 [http-nio-8080-exec-3] [a186bd2d] [1] DEBUG c.y.m.u.m.SysRoleMapper.selectList - ==> Parameters: 1(Long)
2026-06-11 23:58:16.623 [http-nio-8080-exec-3] [a186bd2d] [1] DEBUG c.y.m.u.m.SysRoleMapper.selectList - <==      Total: 1
2026-06-11 23:58:16.623 [http-nio-8080-exec-3] [a186bd2d] [1] DEBUG c.y.m.u.m.S.selectPermissionIdsByRoleId - ==>  Preparing: select permission_id from sys_role_permission where role_id in ( ? ) order by permission_id asc
2026-06-11 23:58:16.623 [http-nio-8080-exec-3] [a186bd2d] [1] DEBUG c.y.m.u.m.S.selectPermissionIdsByRoleId - ==> Parameters: 1(Long)
2026-06-11 23:58:16.625 [http-nio-8080-exec-3] [a186bd2d] [1] DEBUG c.y.m.u.m.S.selectPermissionIdsByRoleId - <==      Total: 4
2026-06-11 23:58:16.626 [http-nio-8080-exec-3] [a186bd2d] [1] DEBUG c.y.m.u.m.S.selectList - ==>  Preparing: select id, parent_id, permission_code, permission_name, permission_type, api_path, sort_num, description, status, created_at, updated_at from sys_permission WHERE id in ( ? , ? , ? , ? )
2026-06-11 23:58:16.626 [http-nio-8080-exec-3] [a186bd2d] [1] DEBUG c.y.m.u.m.S.selectList - ==> Parameters: 101(Long), 106(Long), 113(Long), 117(Long)
2026-06-11 23:58:16.628 [http-nio-8080-exec-3] [a186bd2d] [1] DEBUG c.y.m.u.m.S.selectList - <==      Total: 4
2026-06-11 23:58:16.631 [http-nio-8080-exec-3] [a186bd2d] [1] INFO  c.y.common.aop.ControllerLogAspect - 接口开始: uri=/yq-admin/api/sysRole, httpMethod=GET, controller=SysRoleController#pageRole, args=[{"name":"req","value":{"pageNum":1,"pageSize":10}}]
2026-06-11 23:58:16.635 [http-nio-8080-exec-3] [a186bd2d] [1] DEBUG c.y.m.u.m.S.selectPage_COUNT - ==>  Preparing: SELECT count(0) FROM sys_role
2026-06-11 23:58:16.635 [http-nio-8080-exec-3] [a186bd2d] [1] DEBUG c.y.m.u.m.S.selectPage_COUNT - ==> Parameters: 
2026-06-11 23:58:16.639 [http-nio-8080-exec-3] [a186bd2d] [1] DEBUG c.y.m.u.m.S.selectPage_COUNT - <==      Total: 1
2026-06-11 23:58:16.639 [http-nio-8080-exec-3] [a186bd2d] [1] DEBUG c.y.m.u.m.SysRoleMapper.selectPage - ==>  Preparing: select id, role_code, role_name, description, status, created_at, updated_at from sys_role order by id desc LIMIT ?
2026-06-11 23:58:16.639 [http-nio-8080-exec-3] [a186bd2d] [1] DEBUG c.y.m.u.m.SysRoleMapper.selectPage - ==> Parameters: 10(Integer)
2026-06-11 23:58:16.640 [http-nio-8080-exec-3] [a186bd2d] [1] DEBUG c.y.m.u.m.SysRoleMapper.selectPage - <==      Total: 3
2026-06-11 23:58:16.641 [http-nio-8080-exec-3] [a186bd2d] [1] INFO  c.y.common.aop.ControllerLogAspect - 接口结束: uri=/yq-admin/api/sysRole, controller=SysRoleController#pageRole, cost=10ms, result={"code":200,"message":"success","data":{"total":3,"pageNum":1,"pageSize":10,"records":[{"id":3,"roleCode":"head_teacher","roleName":"班主任","description":"班主任","status":"ACTIVE","createdAt":"Sat Apr 11 17:06:26 CST 2026"},{"id":2,"roleCode":"teacher","roleName":"讲师","status":"ACTIVE","createdAt":"Thu Apr 09 21:28:05 CST 2026"},{"id":1,"roleCode":"SUPER_ADMIN","roleName":"超级管理员","description":"拥有全部后台权限","status":"ACTIVE","createdAt":"Thu Apr 09 20:50:38 CST 2026"}]}}
2026-06-11 23:58:17.302 [http-nio-8080-exec-4] [f08f7f3b] [1] DEBUG c.y.m.u.m.SysUserMapper.selectById - ==>  Preparing: select id, username, password, nickname, real_name, phone, email, union_id, status, created_at, updated_at from sys_user where id = ?
2026-06-11 23:58:17.302 [http-nio-8080-exec-4] [f08f7f3b] [1] DEBUG c.y.m.u.m.SysUserMapper.selectById - ==> Parameters: 1(Long)
2026-06-11 23:58:17.303 [http-nio-8080-exec-4] [f08f7f3b] [1] DEBUG c.y.m.u.m.SysUserMapper.selectById - <==      Total: 1
2026-06-11 23:58:17.304 [http-nio-8080-exec-4] [f08f7f3b] [1] DEBUG c.y.m.u.m.S.selectRoleIdsByUserId - ==>  Preparing: select role_id from sys_user_role where user_id = ? order by role_id asc
2026-06-11 23:58:17.304 [http-nio-8080-exec-4] [f08f7f3b] [1] DEBUG c.y.m.u.m.S.selectRoleIdsByUserId - ==> Parameters: 1(Long)
2026-06-11 23:58:17.305 [http-nio-8080-exec-4] [f08f7f3b] [1] DEBUG c.y.m.u.m.S.selectRoleIdsByUserId - <==      Total: 1
2026-06-11 23:58:17.305 [http-nio-8080-exec-4] [f08f7f3b] [1] DEBUG c.y.m.u.m.SysRoleMapper.selectList - ==>  Preparing: select id, role_code, role_name, description, status, created_at, updated_at from sys_role WHERE id in ( ? )
2026-06-11 23:58:17.305 [http-nio-8080-exec-4] [f08f7f3b] [1] DEBUG c.y.m.u.m.SysRoleMapper.selectList - ==> Parameters: 1(Long)
2026-06-11 23:58:17.306 [http-nio-8080-exec-4] [f08f7f3b] [1] DEBUG c.y.m.u.m.SysRoleMapper.selectList - <==      Total: 1
2026-06-11 23:58:17.306 [http-nio-8080-exec-4] [f08f7f3b] [1] DEBUG c.y.m.u.m.S.selectPermissionIdsByRoleId - ==>  Preparing: select permission_id from sys_role_permission where role_id in ( ? ) order by permission_id asc
2026-06-11 23:58:17.306 [http-nio-8080-exec-4] [f08f7f3b] [1] DEBUG c.y.m.u.m.S.selectPermissionIdsByRoleId - ==> Parameters: 1(Long)
2026-06-11 23:58:17.307 [http-nio-8080-exec-4] [f08f7f3b] [1] DEBUG c.y.m.u.m.S.selectPermissionIdsByRoleId - <==      Total: 4
2026-06-11 23:58:17.307 [http-nio-8080-exec-4] [f08f7f3b] [1] DEBUG c.y.m.u.m.S.selectList - ==>  Preparing: select id, parent_id, permission_code, permission_name, permission_type, api_path, sort_num, description, status, created_at, updated_at from sys_permission WHERE id in ( ? , ? , ? , ? )
2026-06-11 23:58:17.308 [http-nio-8080-exec-4] [f08f7f3b] [1] DEBUG c.y.m.u.m.S.selectList - ==> Parameters: 101(Long), 106(Long), 113(Long), 117(Long)
2026-06-11 23:58:17.308 [http-nio-8080-exec-4] [f08f7f3b] [1] DEBUG c.y.m.u.m.S.selectList - <==      Total: 4
2026-06-11 23:58:17.311 [http-nio-8080-exec-4] [f08f7f3b] [1] INFO  c.y.common.aop.ControllerLogAspect - 接口开始: uri=/yq-admin/api/sysUser, httpMethod=GET, controller=SysUserController#pageUser, args=[{"name":"req","value":{"pageNum":1,"pageSize":10}}]
2026-06-11 23:58:17.316 [http-nio-8080-exec-4] [f08f7f3b] [1] DEBUG c.y.m.u.m.S.selectPage_COUNT - ==>  Preparing: SELECT count(0) FROM sys_user
2026-06-11 23:58:17.316 [http-nio-8080-exec-4] [f08f7f3b] [1] DEBUG c.y.m.u.m.S.selectPage_COUNT - ==> Parameters: 
2026-06-11 23:58:17.317 [http-nio-8080-exec-4] [f08f7f3b] [1] DEBUG c.y.m.u.m.S.selectPage_COUNT - <==      Total: 1
2026-06-11 23:58:17.317 [http-nio-8080-exec-4] [f08f7f3b] [1] DEBUG c.y.m.u.m.SysUserMapper.selectPage - ==>  Preparing: select id, username, password, nickname, real_name, phone, email, union_id, status, created_at, updated_at from sys_user order by id desc LIMIT ?
2026-06-11 23:58:17.317 [http-nio-8080-exec-4] [f08f7f3b] [1] DEBUG c.y.m.u.m.SysUserMapper.selectPage - ==> Parameters: 10(Integer)
2026-06-11 23:58:17.319 [http-nio-8080-exec-4] [f08f7f3b] [1] DEBUG c.y.m.u.m.SysUserMapper.selectPage - <==      Total: 6
2026-06-11 23:58:17.320 [http-nio-8080-exec-4] [f08f7f3b] [1] INFO  c.y.common.aop.ControllerLogAspect - 接口结束: uri=/yq-admin/api/sysUser, controller=SysUserController#pageUser, cost=9ms, result={"code":200,"message":"success","data":{"total":6,"pageNum":1,"pageSize":10,"records":[{"id":6,"username":"haha","nickname":"哈哈哈","realName":"哈哈","phone":"15118191032","email":"913038933@qq.com","status":"ACTIVE","createdAt":"Fri Apr 17 15:54:46 CST 2026"},{"id":5,"username":"laoshi2","nickname":"老师2","realName":"老师2","phone":"13762922584","status":"ACTIVE","createdAt":"Sun Apr 12 01:48:55 CST 2026"},{"id":4,"username":"laoshi1","nickname":"老师1","realName":"老师1","phone":"13273576020","status":"ACTIVE","createdAt":"Sun Apr 12 01:48:37 CST 2026"},{"id":3,"username":"banzhuren","nickname":"班主任老师","realName":"班主任老师","phone":"15118191032","status":"ACTIVE","createdAt":"Sat Apr 11 17:06:53 CST 2026"},{"id":2,"username":"huangjin","nickname":"黄瑾","realName":"黄瑾","phone":"13273672819","email":"913038933@qq.com","status":"ACTIVE","createdAt":"Thu Apr 09 22:04:43 CST 2026"},{"id":1,"username":"admin","nickname":"系统管理员","realName":"超级管理员","phone":"13800000000","email":"admin@yq.com","status":"ACTIVE","createdAt":"Thu Apr 09 20:50:39 CST 2026"}]}}
2026-06-11 23:58:18.175 [http-nio-8080-exec-5] [3274c3dc] [1] DEBUG c.y.m.u.m.SysUserMapper.selectById - ==>  Preparing: select id, username, password, nickname, real_name, phone, email, union_id, status, created_at, updated_at from sys_user where id = ?
2026-06-11 23:58:18.175 [http-nio-8080-exec-5] [3274c3dc] [1] DEBUG c.y.m.u.m.SysUserMapper.selectById - ==> Parameters: 1(Long)
2026-06-11 23:58:18.176 [http-nio-8080-exec-5] [3274c3dc] [1] DEBUG c.y.m.u.m.SysUserMapper.selectById - <==      Total: 1
2026-06-11 23:58:18.176 [http-nio-8080-exec-5] [3274c3dc] [1] DEBUG c.y.m.u.m.S.selectRoleIdsByUserId - ==>  Preparing: select role_id from sys_user_role where user_id = ? order by role_id asc
2026-06-11 23:58:18.176 [http-nio-8080-exec-5] [3274c3dc] [1] DEBUG c.y.m.u.m.S.selectRoleIdsByUserId - ==> Parameters: 1(Long)
2026-06-11 23:58:18.177 [http-nio-8080-exec-5] [3274c3dc] [1] DEBUG c.y.m.u.m.S.selectRoleIdsByUserId - <==      Total: 1
2026-06-11 23:58:18.177 [http-nio-8080-exec-5] [3274c3dc] [1] DEBUG c.y.m.u.m.SysRoleMapper.selectList - ==>  Preparing: select id, role_code, role_name, description, status, created_at, updated_at from sys_role WHERE id in ( ? )
2026-06-11 23:58:18.177 [http-nio-8080-exec-5] [3274c3dc] [1] DEBUG c.y.m.u.m.SysRoleMapper.selectList - ==> Parameters: 1(Long)
2026-06-11 23:58:18.177 [http-nio-8080-exec-5] [3274c3dc] [1] DEBUG c.y.m.u.m.SysRoleMapper.selectList - <==      Total: 1
2026-06-11 23:58:18.178 [http-nio-8080-exec-5] [3274c3dc] [1] DEBUG c.y.m.u.m.S.selectPermissionIdsByRoleId - ==>  Preparing: select permission_id from sys_role_permission where role_id in ( ? ) order by permission_id asc
2026-06-11 23:58:18.178 [http-nio-8080-exec-5] [3274c3dc] [1] DEBUG c.y.m.u.m.S.selectPermissionIdsByRoleId - ==> Parameters: 1(Long)
2026-06-11 23:58:18.178 [http-nio-8080-exec-5] [3274c3dc] [1] DEBUG c.y.m.u.m.S.selectPermissionIdsByRoleId - <==      Total: 4
2026-06-11 23:58:18.179 [http-nio-8080-exec-5] [3274c3dc] [1] DEBUG c.y.m.u.m.S.selectList - ==>  Preparing: select id, parent_id, permission_code, permission_name, permission_type, api_path, sort_num, description, status, created_at, updated_at from sys_permission WHERE id in ( ? , ? , ? , ? )
2026-06-11 23:58:18.179 [http-nio-8080-exec-5] [3274c3dc] [1] DEBUG c.y.m.u.m.S.selectList - ==> Parameters: 101(Long), 106(Long), 113(Long), 117(Long)
2026-06-11 23:58:18.179 [http-nio-8080-exec-5] [3274c3dc] [1] DEBUG c.y.m.u.m.S.selectList - <==      Total: 4
2026-06-11 23:58:18.179 [http-nio-8080-exec-5] [3274c3dc] [1] INFO  c.y.common.aop.ControllerLogAspect - 接口开始: uri=/yq-admin/api/sysConfig, httpMethod=GET, controller=SysConfigController#listAll, args=[]
2026-06-11 23:58:18.180 [http-nio-8080-exec-5] [3274c3dc] [1] INFO  c.y.common.aop.ControllerLogAspect - 接口结束: uri=/yq-admin/api/sysConfig, controller=SysConfigController#listAll, cost=1ms, result={"code":200,"message":"success","data":[{"id":1,"k":"jwtSecretk","v":"yq-ai-admin-jwt-secret"},{"id":2,"k":"jwtExpireTime","v":"7200"},{"id":3,"k":"signSecretExpireSeconds","v":"7200"},{"id":4,"k":"signTimestampSkewSeconds","v":"300"},{"id":5,"k":"signNonceExpireSeconds","v":"300"},{"id":6,"k":"studentAiSummaryTriggerUncompressedCount","v":"6"},{"id":7,"k":"studentAiSummaryKeepRecentCount","v":"3"}]}
2026-06-11 23:58:24.147 [http-nio-8080-exec-6] [59c8c62b] [1] DEBUG c.y.m.u.m.SysUserMapper.selectById - ==>  Preparing: select id, username, password, nickname, real_name, phone, email, union_id, status, created_at, updated_at from sys_user where id = ?
2026-06-11 23:58:24.147 [http-nio-8080-exec-6] [59c8c62b] [1] DEBUG c.y.m.u.m.SysUserMapper.selectById - ==> Parameters: 1(Long)
2026-06-11 23:58:24.148 [http-nio-8080-exec-6] [59c8c62b] [1] DEBUG c.y.m.u.m.SysUserMapper.selectById - <==      Total: 1
2026-06-11 23:58:24.149 [http-nio-8080-exec-6] [59c8c62b] [1] DEBUG c.y.m.u.m.S.selectRoleIdsByUserId - ==>  Preparing: select role_id from sys_user_role where user_id = ? order by role_id asc
2026-06-11 23:58:24.149 [http-nio-8080-exec-6] [59c8c62b] [1] DEBUG c.y.m.u.m.S.selectRoleIdsByUserId - ==> Parameters: 1(Long)
2026-06-11 23:58:24.149 [http-nio-8080-exec-6] [59c8c62b] [1] DEBUG c.y.m.u.m.S.selectRoleIdsByUserId - <==      Total: 1
2026-06-11 23:58:24.150 [http-nio-8080-exec-6] [59c8c62b] [1] DEBUG c.y.m.u.m.SysRoleMapper.selectList - ==>  Preparing: select id, role_code, role_name, description, status, created_at, updated_at from sys_role WHERE id in ( ? )
2026-06-11 23:58:24.150 [http-nio-8080-exec-6] [59c8c62b] [1] DEBUG c.y.m.u.m.SysRoleMapper.selectList - ==> Parameters: 1(Long)
2026-06-11 23:58:24.151 [http-nio-8080-exec-6] [59c8c62b] [1] DEBUG c.y.m.u.m.SysRoleMapper.selectList - <==      Total: 1
2026-06-11 23:58:24.151 [http-nio-8080-exec-6] [59c8c62b] [1] DEBUG c.y.m.u.m.S.selectPermissionIdsByRoleId - ==>  Preparing: select permission_id from sys_role_permission where role_id in ( ? ) order by permission_id asc
2026-06-11 23:58:24.151 [http-nio-8080-exec-6] [59c8c62b] [1] DEBUG c.y.m.u.m.S.selectPermissionIdsByRoleId - ==> Parameters: 1(Long)
2026-06-11 23:58:24.151 [http-nio-8080-exec-6] [59c8c62b] [1] DEBUG c.y.m.u.m.S.selectPermissionIdsByRoleId - <==      Total: 4
2026-06-11 23:58:24.152 [http-nio-8080-exec-6] [59c8c62b] [1] DEBUG c.y.m.u.m.S.selectList - ==>  Preparing: select id, parent_id, permission_code, permission_name, permission_type, api_path, sort_num, description, status, created_at, updated_at from sys_permission WHERE id in ( ? , ? , ? , ? )
2026-06-11 23:58:24.152 [http-nio-8080-exec-6] [59c8c62b] [1] DEBUG c.y.m.u.m.S.selectList - ==> Parameters: 101(Long), 106(Long), 113(Long), 117(Long)
2026-06-11 23:58:24.153 [http-nio-8080-exec-6] [59c8c62b] [1] DEBUG c.y.m.u.m.S.selectList - <==      Total: 4
2026-06-11 23:58:24.154 [http-nio-8080-exec-6] [59c8c62b] [1] INFO  c.y.common.aop.ControllerLogAspect - 接口开始: uri=/yq-admin/api/sysUser, httpMethod=GET, controller=SysUserController#pageUser, args=[{"name":"req","value":{"pageNum":1,"pageSize":10}}]
2026-06-11 23:58:24.161 [http-nio-8080-exec-6] [59c8c62b] [1] DEBUG c.y.m.u.m.S.selectPage_COUNT - ==>  Preparing: SELECT count(0) FROM sys_user
2026-06-11 23:58:24.162 [http-nio-8080-exec-6] [59c8c62b] [1] DEBUG c.y.m.u.m.S.selectPage_COUNT - ==> Parameters: 
2026-06-11 23:58:24.163 [http-nio-8080-exec-6] [59c8c62b] [1] DEBUG c.y.m.u.m.S.selectPage_COUNT - <==      Total: 1
2026-06-11 23:58:24.164 [http-nio-8080-exec-6] [59c8c62b] [1] DEBUG c.y.m.u.m.SysUserMapper.selectPage - ==>  Preparing: select id, username, password, nickname, real_name, phone, email, union_id, status, created_at, updated_at from sys_user order by id desc LIMIT ?
2026-06-11 23:58:24.164 [http-nio-8080-exec-6] [59c8c62b] [1] DEBUG c.y.m.u.m.SysUserMapper.selectPage - ==> Parameters: 10(Integer)
2026-06-11 23:58:24.167 [http-nio-8080-exec-6] [59c8c62b] [1] DEBUG c.y.m.u.m.SysUserMapper.selectPage - <==      Total: 6
2026-06-11 23:58:24.167 [http-nio-8080-exec-6] [59c8c62b] [1] INFO  c.y.common.aop.ControllerLogAspect - 接口结束: uri=/yq-admin/api/sysUser, controller=SysUserController#pageUser, cost=13ms, result={"code":200,"message":"success","data":{"total":6,"pageNum":1,"pageSize":10,"records":[{"id":6,"username":"haha","nickname":"哈哈哈","realName":"哈哈","phone":"15118191032","email":"913038933@qq.com","status":"ACTIVE","createdAt":"Fri Apr 17 15:54:46 CST 2026"},{"id":5,"username":"laoshi2","nickname":"老师2","realName":"老师2","phone":"13762922584","status":"ACTIVE","createdAt":"Sun Apr 12 01:48:55 CST 2026"},{"id":4,"username":"laoshi1","nickname":"老师1","realName":"老师1","phone":"13273576020","status":"ACTIVE","createdAt":"Sun Apr 12 01:48:37 CST 2026"},{"id":3,"username":"banzhuren","nickname":"班主任老师","realName":"班主任老师","phone":"15118191032","status":"ACTIVE","createdAt":"Sat Apr 11 17:06:53 CST 2026"},{"id":2,"username":"huangjin","nickname":"黄瑾","realName":"黄瑾","phone":"13273672819","email":"913038933@qq.com","status":"ACTIVE","createdAt":"Thu Apr 09 22:04:43 CST 2026"},{"id":1,"username":"admin","nickname":"系统管理员","realName":"超级管理员","phone":"13800000000","email":"admin@yq.com","status":"ACTIVE","createdAt":"Thu Apr 09 20:50:39 CST 2026"}]}}
2026-06-11 23:58:24.777 [http-nio-8080-exec-7] [b7d81510] [1] DEBUG c.y.m.u.m.SysUserMapper.selectById - ==>  Preparing: select id, username, password, nickname, real_name, phone, email, union_id, status, created_at, updated_at from sys_user where id = ?
2026-06-11 23:58:24.778 [http-nio-8080-exec-7] [b7d81510] [1] DEBUG c.y.m.u.m.SysUserMapper.selectById - ==> Parameters: 1(Long)
2026-06-11 23:58:24.778 [http-nio-8080-exec-7] [b7d81510] [1] DEBUG c.y.m.u.m.SysUserMapper.selectById - <==      Total: 1
2026-06-11 23:58:24.779 [http-nio-8080-exec-7] [b7d81510] [1] DEBUG c.y.m.u.m.S.selectRoleIdsByUserId - ==>  Preparing: select role_id from sys_user_role where user_id = ? order by role_id asc
2026-06-11 23:58:24.779 [http-nio-8080-exec-7] [b7d81510] [1] DEBUG c.y.m.u.m.S.selectRoleIdsByUserId - ==> Parameters: 1(Long)
2026-06-11 23:58:24.779 [http-nio-8080-exec-7] [b7d81510] [1] DEBUG c.y.m.u.m.S.selectRoleIdsByUserId - <==      Total: 1
2026-06-11 23:58:24.780 [http-nio-8080-exec-7] [b7d81510] [1] DEBUG c.y.m.u.m.SysRoleMapper.selectList - ==>  Preparing: select id, role_code, role_name, description, status, created_at, updated_at from sys_role WHERE id in ( ? )
2026-06-11 23:58:24.780 [http-nio-8080-exec-7] [b7d81510] [1] DEBUG c.y.m.u.m.SysRoleMapper.selectList - ==> Parameters: 1(Long)
2026-06-11 23:58:24.781 [http-nio-8080-exec-7] [b7d81510] [1] DEBUG c.y.m.u.m.SysRoleMapper.selectList - <==      Total: 1
2026-06-11 23:58:24.781 [http-nio-8080-exec-7] [b7d81510] [1] DEBUG c.y.m.u.m.S.selectPermissionIdsByRoleId - ==>  Preparing: select permission_id from sys_role_permission where role_id in ( ? ) order by permission_id asc
2026-06-11 23:58:24.781 [http-nio-8080-exec-7] [b7d81510] [1] DEBUG c.y.m.u.m.S.selectPermissionIdsByRoleId - ==> Parameters: 1(Long)
2026-06-11 23:58:24.782 [http-nio-8080-exec-7] [b7d81510] [1] DEBUG c.y.m.u.m.S.selectPermissionIdsByRoleId - <==      Total: 4
2026-06-11 23:58:24.782 [http-nio-8080-exec-7] [b7d81510] [1] DEBUG c.y.m.u.m.S.selectList - ==>  Preparing: select id, parent_id, permission_code, permission_name, permission_type, api_path, sort_num, description, status, created_at, updated_at from sys_permission WHERE id in ( ? , ? , ? , ? )
2026-06-11 23:58:24.782 [http-nio-8080-exec-7] [b7d81510] [1] DEBUG c.y.m.u.m.S.selectList - ==> Parameters: 101(Long), 106(Long), 113(Long), 117(Long)
2026-06-11 23:58:24.784 [http-nio-8080-exec-7] [b7d81510] [1] DEBUG c.y.m.u.m.S.selectList - <==      Total: 4
2026-06-11 23:58:24.784 [http-nio-8080-exec-7] [b7d81510] [1] INFO  c.y.common.aop.ControllerLogAspect - 接口开始: uri=/yq-admin/api/sysRole, httpMethod=GET, controller=SysRoleController#pageRole, args=[{"name":"req","value":{"pageNum":1,"pageSize":10}}]
2026-06-11 23:58:24.788 [http-nio-8080-exec-7] [b7d81510] [1] DEBUG c.y.m.u.m.S.selectPage_COUNT - ==>  Preparing: SELECT count(0) FROM sys_role
2026-06-11 23:58:24.788 [http-nio-8080-exec-7] [b7d81510] [1] DEBUG c.y.m.u.m.S.selectPage_COUNT - ==> Parameters: 
2026-06-11 23:58:24.790 [http-nio-8080-exec-7] [b7d81510] [1] DEBUG c.y.m.u.m.S.selectPage_COUNT - <==      Total: 1
2026-06-11 23:58:24.790 [http-nio-8080-exec-7] [b7d81510] [1] DEBUG c.y.m.u.m.SysRoleMapper.selectPage - ==>  Preparing: select id, role_code, role_name, description, status, created_at, updated_at from sys_role order by id desc LIMIT ?
2026-06-11 23:58:24.790 [http-nio-8080-exec-7] [b7d81510] [1] DEBUG c.y.m.u.m.SysRoleMapper.selectPage - ==> Parameters: 10(Integer)
2026-06-11 23:58:24.790 [http-nio-8080-exec-7] [b7d81510] [1] DEBUG c.y.m.u.m.SysRoleMapper.selectPage - <==      Total: 3
2026-06-11 23:58:24.791 [http-nio-8080-exec-7] [b7d81510] [1] INFO  c.y.common.aop.ControllerLogAspect - 接口结束: uri=/yq-admin/api/sysRole, controller=SysRoleController#pageRole, cost=7ms, result={"code":200,"message":"success","data":{"total":3,"pageNum":1,"pageSize":10,"records":[{"id":3,"roleCode":"head_teacher","roleName":"班主任","description":"班主任","status":"ACTIVE","createdAt":"Sat Apr 11 17:06:26 CST 2026"},{"id":2,"roleCode":"teacher","roleName":"讲师","status":"ACTIVE","createdAt":"Thu Apr 09 21:28:05 CST 2026"},{"id":1,"roleCode":"SUPER_ADMIN","roleName":"超级管理员","description":"拥有全部后台权限","status":"ACTIVE","createdAt":"Thu Apr 09 20:50:38 CST 2026"}]}}
2026-06-11 23:58:25.669 [http-nio-8080-exec-8] [7fedc72d] [1] DEBUG c.y.m.u.m.SysUserMapper.selectById - ==>  Preparing: select id, username, password, nickname, real_name, phone, email, union_id, status, created_at, updated_at from sys_user where id = ?
2026-06-11 23:58:25.669 [http-nio-8080-exec-8] [7fedc72d] [1] DEBUG c.y.m.u.m.SysUserMapper.selectById - ==> Parameters: 1(Long)
2026-06-11 23:58:25.670 [http-nio-8080-exec-8] [7fedc72d] [1] DEBUG c.y.m.u.m.SysUserMapper.selectById - <==      Total: 1
2026-06-11 23:58:25.670 [http-nio-8080-exec-8] [7fedc72d] [1] DEBUG c.y.m.u.m.S.selectRoleIdsByUserId - ==>  Preparing: select role_id from sys_user_role where user_id = ? order by role_id asc
2026-06-11 23:58:25.670 [http-nio-8080-exec-8] [7fedc72d] [1] DEBUG c.y.m.u.m.S.selectRoleIdsByUserId - ==> Parameters: 1(Long)
2026-06-11 23:58:25.671 [http-nio-8080-exec-8] [7fedc72d] [1] DEBUG c.y.m.u.m.S.selectRoleIdsByUserId - <==      Total: 1
2026-06-11 23:58:25.672 [http-nio-8080-exec-8] [7fedc72d] [1] DEBUG c.y.m.u.m.SysRoleMapper.selectList - ==>  Preparing: select id, role_code, role_name, description, status, created_at, updated_at from sys_role WHERE id in ( ? )
2026-06-11 23:58:25.672 [http-nio-8080-exec-8] [7fedc72d] [1] DEBUG c.y.m.u.m.SysRoleMapper.selectList - ==> Parameters: 1(Long)
2026-06-11 23:58:25.672 [http-nio-8080-exec-8] [7fedc72d] [1] DEBUG c.y.m.u.m.SysRoleMapper.selectList - <==      Total: 1
2026-06-11 23:58:25.672 [http-nio-8080-exec-8] [7fedc72d] [1] DEBUG c.y.m.u.m.S.selectPermissionIdsByRoleId - ==>  Preparing: select permission_id from sys_role_permission where role_id in ( ? ) order by permission_id asc
2026-06-11 23:58:25.672 [http-nio-8080-exec-8] [7fedc72d] [1] DEBUG c.y.m.u.m.S.selectPermissionIdsByRoleId - ==> Parameters: 1(Long)
2026-06-11 23:58:25.673 [http-nio-8080-exec-8] [7fedc72d] [1] DEBUG c.y.m.u.m.S.selectPermissionIdsByRoleId - <==      Total: 4
2026-06-11 23:58:25.673 [http-nio-8080-exec-8] [7fedc72d] [1] DEBUG c.y.m.u.m.S.selectList - ==>  Preparing: select id, parent_id, permission_code, permission_name, permission_type, api_path, sort_num, description, status, created_at, updated_at from sys_permission WHERE id in ( ? , ? , ? , ? )
2026-06-11 23:58:25.673 [http-nio-8080-exec-8] [7fedc72d] [1] DEBUG c.y.m.u.m.S.selectList - ==> Parameters: 101(Long), 106(Long), 113(Long), 117(Long)
2026-06-11 23:58:25.673 [http-nio-8080-exec-8] [7fedc72d] [1] DEBUG c.y.m.u.m.S.selectList - <==      Total: 4
2026-06-11 23:58:25.674 [http-nio-8080-exec-8] [7fedc72d] [1] INFO  c.y.common.aop.ControllerLogAspect - 接口开始: uri=/yq-admin/api/sysPermission, httpMethod=GET, controller=SysPermissionController#pagePermission, args=[{"name":"req","value":{"pageNum":1,"pageSize":1000}}]
2026-06-11 23:58:25.679 [http-nio-8080-exec-8] [7fedc72d] [1] DEBUG c.y.m.u.m.S.selectPage_COUNT - ==>  Preparing: SELECT count(0) FROM sys_permission
2026-06-11 23:58:25.679 [http-nio-8080-exec-8] [7fedc72d] [1] DEBUG c.y.m.u.m.S.selectPage_COUNT - ==> Parameters: 
2026-06-11 23:58:25.681 [http-nio-8080-exec-8] [7fedc72d] [1] DEBUG c.y.m.u.m.S.selectPage_COUNT - <==      Total: 1
2026-06-11 23:58:25.681 [http-nio-8080-exec-8] [7fedc72d] [1] DEBUG c.y.m.u.m.S.selectPage - ==>  Preparing: select id, parent_id, permission_code, permission_name, permission_type, api_path, sort_num, description, status, created_at, updated_at from sys_permission order by sort_num asc, id desc LIMIT ?
2026-06-11 23:58:25.681 [http-nio-8080-exec-8] [7fedc72d] [1] DEBUG c.y.m.u.m.S.selectPage - ==> Parameters: 1000(Integer)
2026-06-11 23:58:25.684 [http-nio-8080-exec-8] [7fedc72d] [1] DEBUG c.y.m.u.m.S.selectPage - <==      Total: 177
2026-06-11 23:58:25.689 [http-nio-8080-exec-8] [7fedc72d] [1] INFO  c.y.common.aop.ControllerLogAspect - 接口结束: uri=/yq-admin/api/sysPermission, controller=SysPermissionController#pagePermission, cost=13ms, result={"code":200,"message":"success","data":{"total":177,"pageNum":1,"pageSize":1000,"records":[{"id":287,"parentId":286,"permissionName":"面试复盘上传音频按钮","permissionType":"BUTTON","permissionCode":"button:interview-review:upload","sortNum":1,"status":"1","description":"面试复盘页面的上传音频按钮","createdAt":"Wed May 20 22:13:56 CST 2026"},{"id":272,"parentId":271,"permissionName":"自媒体生成选题按钮","permissionType":"BUTTON","permissionCode":"button:media-agent:generate-topics","sortNum":1,"status":"1","description":"自媒体创作页面的生成选题按钮","createdAt":"Sat May 09 16:32:32 CST 2026"},{"id":268,"parentId":267,"permissionName":"数据分析执行按钮","permissionType":"BUTTON","permissionCode":"button:data-analysis:analyze","sortNum":1,"status":"1","description":"数据分析页面的开始分析按钮","createdAt":"Fri May 08 16:42:19 CST 2026"},{"id":249,"parentId":121,"permissionName":"发布作业按钮","permissionType":"BUTTON","permissionCode":"button:homework:create","sortNum":1,"status":"1","description":"作业管理页面的发布作业按钮","createdAt":"Wed Apr 22 16:21:14 CST 2026"},{"id":247,"parentId":118,"permissionName":"学生绑定权限模板按钮","permissionType":"BUTTON","permissionCode":"button:student:bind-permission-template","sortNum":1,"status":"1","description":"学生管理页面的绑定权限模板按钮","createdAt":"Wed Apr 22 14:20:45 CST 2026"},{"id":243,"parentId":119,"permissionName":"学员权限模板新增按钮","permissionType":"BUTTON","permissionCode":"button:student-permission-template:create","sortNum":1,"status":"1","description":"学员权限模板页面的新增按钮","createdAt":"Mon Apr 20 00:05:46 CST 2026"},{"id":240,"parentId":115,"permissionName":"订单新增按钮","permissionType":"BUTTON","permissionCode":"button:order:create","sortNum":1,"status":"1","description":"订单管理页面的新增按钮","createdAt":"Sun Apr 12 23:10:59 CST 2026"},{"id":237,"parentId":114,"permissionName":"产品新增按钮","permissionType":"BUTTON","permissionCode":"button:product:create","sortNum":1,"status":"1","description":"产品管理页面的新增按钮","createdAt":"Sun Apr 12 14:19:04 CST 2026"},{"id":235,"parentId":112,"permissionName":"值班查看按钮","permissionType":"BUTTON","permissionCode":"button:duty:view","sortNum":1,"status":"1","description":"值班管理页面的查看按钮","createdAt":"Sun Apr 12 13:11:55 CST 2026"},{"id":234,"parentId":111,"permissionName":"老师课表查看按钮","permissionType":"BUTTON","permissionCode":"button:teacher-schedule:view","sortNum":1,"status":"1","description":"老师课表页面的查看按钮","createdAt":"Sun Apr 12 03:21:07 CST 2026"},{"id":231,"parentId":110,"permissionName":"课表查看按钮","permissionType":"BUTTON","permissionCode":"button:schedule:view","sortNum":1,"status":"1","description":"课表管理页面的查看按钮","createdAt":"Sat Apr 11 19:46:45 CST 2026"},{"id":227,"parentId":109,"permissionName":"班级新增按钮","permissionType":"BUTTON","permissionCode":"button:class:create","sortNum":1,"status":"1","description":"班级管理页面的新增按钮","createdAt":"Sat Apr 11 17:05:40 CST 2026"},{"id":218,"parentId":108,"permissionName":"课程新增按钮","permissionType":"BUTTON","permissionCode":"button:course:create","sortNum":1,"status":"1","description":"课程管理页面的新增按钮","createdAt":"Sat Apr 11 16:02:19 CST 2026"},{"id":215,"parentId":107,"permissionName":"校区新增按钮","permissionType":"BUTTON","permissionCode":"button:campus:create","sortNum":1,"status":"1","description":"校区管理页面的新增按钮","createdAt":"Sat Apr 11 15:49:16 CST 2026"},{"id":212,"parentId":105,"permissionName":"系统参数新增按钮","permissionType":"BUTTON","permissionCode":"button:config:create","sortNum":1,"status":"1","description":"系统参数页面的新增配置按钮","createdAt":"Fri Apr 10 20:08:09 CST 2026"},{"id":209,"parentId":104,"permissionName":"权限新增按钮","permissionType":"BUTTON","permissionCode":"button:permission:create","sortNum":1,"status":"1","description":"权限管理页面的新增权限按钮","createdAt":"Thu Apr 09 21:22:28 CST 2026"},{"id":205,"parentId":103,"permissionName":"角色新增按钮","permissionType":"BUTTON","permissionCode":"button:role:create","sortNum":1,"status":"1","description":"角色管理页面的新增角色按钮","createdAt":"Thu Apr 09 21:22:28 CST 2026"},{"id":201,"parentId":102,"permissionName":"用户新增按钮","permissionType":"BUTTON","permissionCode":"button:user:create","sortNum":1,"status":"ACTIVE","desc...(truncated)
2026-06-11 23:58:26.506 [http-nio-8080-exec-9] [d7bdb797] [1] DEBUG c.y.m.u.m.SysUserMapper.selectById - ==>  Preparing: select id, username, password, nickname, real_name, phone, email, union_id, status, created_at, updated_at from sys_user where id = ?
2026-06-11 23:58:26.507 [http-nio-8080-exec-9] [d7bdb797] [1] DEBUG c.y.m.u.m.SysUserMapper.selectById - ==> Parameters: 1(Long)
2026-06-11 23:58:26.507 [http-nio-8080-exec-9] [d7bdb797] [1] DEBUG c.y.m.u.m.SysUserMapper.selectById - <==      Total: 1
2026-06-11 23:58:26.507 [http-nio-8080-exec-9] [d7bdb797] [1] DEBUG c.y.m.u.m.S.selectRoleIdsByUserId - ==>  Preparing: select role_id from sys_user_role where user_id = ? order by role_id asc
2026-06-11 23:58:26.507 [http-nio-8080-exec-9] [d7bdb797] [1] DEBUG c.y.m.u.m.S.selectRoleIdsByUserId - ==> Parameters: 1(Long)
2026-06-11 23:58:26.508 [http-nio-8080-exec-9] [d7bdb797] [1] DEBUG c.y.m.u.m.S.selectRoleIdsByUserId - <==      Total: 1
2026-06-11 23:58:26.508 [http-nio-8080-exec-9] [d7bdb797] [1] DEBUG c.y.m.u.m.SysRoleMapper.selectList - ==>  Preparing: select id, role_code, role_name, description, status, created_at, updated_at from sys_role WHERE id in ( ? )
2026-06-11 23:58:26.508 [http-nio-8080-exec-9] [d7bdb797] [1] DEBUG c.y.m.u.m.SysRoleMapper.selectList - ==> Parameters: 1(Long)
2026-06-11 23:58:26.509 [http-nio-8080-exec-9] [d7bdb797] [1] DEBUG c.y.m.u.m.SysRoleMapper.selectList - <==      Total: 1
2026-06-11 23:58:26.509 [http-nio-8080-exec-9] [d7bdb797] [1] DEBUG c.y.m.u.m.S.selectPermissionIdsByRoleId - ==>  Preparing: select permission_id from sys_role_permission where role_id in ( ? ) order by permission_id asc
2026-06-11 23:58:26.509 [http-nio-8080-exec-9] [d7bdb797] [1] DEBUG c.y.m.u.m.S.selectPermissionIdsByRoleId - ==> Parameters: 1(Long)
2026-06-11 23:58:26.509 [http-nio-8080-exec-9] [d7bdb797] [1] DEBUG c.y.m.u.m.S.selectPermissionIdsByRoleId - <==      Total: 4
2026-06-11 23:58:26.510 [http-nio-8080-exec-9] [d7bdb797] [1] DEBUG c.y.m.u.m.S.selectList - ==>  Preparing: select id, parent_id, permission_code, permission_name, permission_type, api_path, sort_num, description, status, created_at, updated_at from sys_permission WHERE id in ( ? , ? , ? , ? )
2026-06-11 23:58:26.510 [http-nio-8080-exec-9] [d7bdb797] [1] DEBUG c.y.m.u.m.S.selectList - ==> Parameters: 101(Long), 106(Long), 113(Long), 117(Long)
2026-06-11 23:58:26.510 [http-nio-8080-exec-9] [d7bdb797] [1] DEBUG c.y.m.u.m.S.selectList - <==      Total: 4
2026-06-11 23:58:26.511 [http-nio-8080-exec-9] [d7bdb797] [1] INFO  c.y.common.aop.ControllerLogAspect - 接口开始: uri=/yq-admin/api/sysConfig, httpMethod=GET, controller=SysConfigController#listAll, args=[]
2026-06-11 23:58:26.513 [http-nio-8080-exec-9] [d7bdb797] [1] INFO  c.y.common.aop.ControllerLogAspect - 接口结束: uri=/yq-admin/api/sysConfig, controller=SysConfigController#listAll, cost=2ms, result={"code":200,"message":"success","data":[{"id":1,"k":"jwtSecretk","v":"yq-ai-admin-jwt-secret"},{"id":2,"k":"jwtExpireTime","v":"7200"},{"id":3,"k":"signSecretExpireSeconds","v":"7200"},{"id":4,"k":"signTimestampSkewSeconds","v":"300"},{"id":5,"k":"signNonceExpireSeconds","v":"300"},{"id":6,"k":"studentAiSummaryTriggerUncompressedCount","v":"6"},{"id":7,"k":"studentAiSummaryKeepRecentCount","v":"3"}]}
2026-06-11 23:59:48.065 [http-nio-8080-exec-10] [08d18b3a] [1] DEBUG c.y.m.u.m.SysUserMapper.selectById - ==>  Preparing: select id, username, password, nickname, real_name, phone, email, union_id, status, created_at, updated_at from sys_user where id = ?
2026-06-11 23:59:48.065 [http-nio-8080-exec-10] [08d18b3a] [1] DEBUG c.y.m.u.m.SysUserMapper.selectById - ==> Parameters: 1(Long)
2026-06-11 23:59:48.067 [http-nio-8080-exec-10] [08d18b3a] [1] DEBUG c.y.m.u.m.SysUserMapper.selectById - <==      Total: 1
2026-06-11 23:59:48.068 [http-nio-8080-exec-10] [08d18b3a] [1] DEBUG c.y.m.u.m.S.selectRoleIdsByUserId - ==>  Preparing: select role_id from sys_user_role where user_id = ? order by role_id asc
2026-06-11 23:59:48.068 [http-nio-8080-exec-10] [08d18b3a] [1] DEBUG c.y.m.u.m.S.selectRoleIdsByUserId - ==> Parameters: 1(Long)
2026-06-11 23:59:48.068 [http-nio-8080-exec-10] [08d18b3a] [1] DEBUG c.y.m.u.m.S.selectRoleIdsByUserId - <==      Total: 1
2026-06-11 23:59:48.069 [http-nio-8080-exec-10] [08d18b3a] [1] DEBUG c.y.m.u.m.SysRoleMapper.selectList - ==>  Preparing: select id, role_code, role_name, description, status, created_at, updated_at from sys_role WHERE id in ( ? )
2026-06-11 23:59:48.069 [http-nio-8080-exec-10] [08d18b3a] [1] DEBUG c.y.m.u.m.SysRoleMapper.selectList - ==> Parameters: 1(Long)
2026-06-11 23:59:48.069 [http-nio-8080-exec-10] [08d18b3a] [1] DEBUG c.y.m.u.m.SysRoleMapper.selectList - <==      Total: 1
2026-06-11 23:59:48.070 [http-nio-8080-exec-10] [08d18b3a] [1] DEBUG c.y.m.u.m.S.selectPermissionIdsByRoleId - ==>  Preparing: select permission_id from sys_role_permission where role_id in ( ? ) order by permission_id asc
2026-06-11 23:59:48.070 [http-nio-8080-exec-10] [08d18b3a] [1] DEBUG c.y.m.u.m.S.selectPermissionIdsByRoleId - ==> Parameters: 1(Long)
2026-06-11 23:59:48.070 [http-nio-8080-exec-10] [08d18b3a] [1] DEBUG c.y.m.u.m.S.selectPermissionIdsByRoleId - <==      Total: 4
2026-06-11 23:59:48.071 [http-nio-8080-exec-10] [08d18b3a] [1] DEBUG c.y.m.u.m.S.selectList - ==>  Preparing: select id, parent_id, permission_code, permission_name, permission_type, api_path, sort_num, description, status, created_at, updated_at from sys_permission WHERE id in ( ? , ? , ? , ? )
2026-06-11 23:59:48.071 [http-nio-8080-exec-10] [08d18b3a] [1] DEBUG c.y.m.u.m.S.selectList - ==> Parameters: 101(Long), 106(Long), 113(Long), 117(Long)
2026-06-11 23:59:48.071 [http-nio-8080-exec-10] [08d18b3a] [1] DEBUG c.y.m.u.m.S.selectList - <==      Total: 4
2026-06-11 23:59:48.072 [http-nio-8080-exec-10] [08d18b3a] [1] INFO  c.y.common.aop.ControllerLogAspect - 接口开始: uri=/yq-admin/api/sysUser, httpMethod=GET, controller=SysUserController#pageUser, args=[{"name":"req","value":{"pageNum":1,"pageSize":10}}]
2026-06-11 23:59:48.078 [http-nio-8080-exec-10] [08d18b3a] [1] DEBUG c.y.m.u.m.S.selectPage_COUNT - ==>  Preparing: SELECT count(0) FROM sys_user
2026-06-11 23:59:48.078 [http-nio-8080-exec-10] [08d18b3a] [1] DEBUG c.y.m.u.m.S.selectPage_COUNT - ==> Parameters: 
2026-06-11 23:59:48.079 [http-nio-8080-exec-10] [08d18b3a] [1] DEBUG c.y.m.u.m.S.selectPage_COUNT - <==      Total: 1
2026-06-11 23:59:48.080 [http-nio-8080-exec-10] [08d18b3a] [1] DEBUG c.y.m.u.m.SysUserMapper.selectPage - ==>  Preparing: select id, username, password, nickname, real_name, phone, email, union_id, status, created_at, updated_at from sys_user order by id desc LIMIT ?
2026-06-11 23:59:48.080 [http-nio-8080-exec-10] [08d18b3a] [1] DEBUG c.y.m.u.m.SysUserMapper.selectPage - ==> Parameters: 10(Integer)
2026-06-11 23:59:48.080 [http-nio-8080-exec-10] [08d18b3a] [1] DEBUG c.y.m.u.m.SysUserMapper.selectPage - <==      Total: 6
2026-06-11 23:59:48.083 [http-nio-8080-exec-10] [08d18b3a] [1] INFO  c.y.common.aop.ControllerLogAspect - 接口结束: uri=/yq-admin/api/sysUser, controller=SysUserController#pageUser, cost=10ms, result={"code":200,"message":"success","data":{"total":6,"pageNum":1,"pageSize":10,"records":[{"id":6,"username":"haha","nickname":"哈哈哈","realName":"哈哈","phone":"15118191032","email":"913038933@qq.com","status":"ACTIVE","createdAt":"Fri Apr 17 15:54:46 CST 2026"},{"id":5,"username":"laoshi2","nickname":"老师2","realName":"老师2","phone":"13762922584","status":"ACTIVE","createdAt":"Sun Apr 12 01:48:55 CST 2026"},{"id":4,"username":"laoshi1","nickname":"老师1","realName":"老师1","phone":"13273576020","status":"ACTIVE","createdAt":"Sun Apr 12 01:48:37 CST 2026"},{"id":3,"username":"banzhuren","nickname":"班主任老师","realName":"班主任老师","phone":"15118191032","status":"ACTIVE","createdAt":"Sat Apr 11 17:06:53 CST 2026"},{"id":2,"username":"huangjin","nickname":"黄瑾","realName":"黄瑾","phone":"13273672819","email":"913038933@qq.com","status":"ACTIVE","createdAt":"Thu Apr 09 22:04:43 CST 2026"},{"id":1,"username":"admin","nickname":"系统管理员","realName":"超级管理员","phone":"13800000000","email":"admin@yq.com","status":"ACTIVE","createdAt":"Thu Apr 09 20:50:39 CST 2026"}]}}
2026-06-11 23:59:48.940 [http-nio-8080-exec-1] [780a0500] [1] DEBUG c.y.m.u.m.SysUserMapper.selectById - ==>  Preparing: select id, username, password, nickname, real_name, phone, email, union_id, status, created_at, updated_at from sys_user where id = ?
2026-06-11 23:59:48.941 [http-nio-8080-exec-1] [780a0500] [1] DEBUG c.y.m.u.m.SysUserMapper.selectById - ==> Parameters: 1(Long)
2026-06-11 23:59:48.941 [http-nio-8080-exec-1] [780a0500] [1] DEBUG c.y.m.u.m.SysUserMapper.selectById - <==      Total: 1
2026-06-11 23:59:48.942 [http-nio-8080-exec-1] [780a0500] [1] DEBUG c.y.m.u.m.S.selectRoleIdsByUserId - ==>  Preparing: select role_id from sys_user_role where user_id = ? order by role_id asc
2026-06-11 23:59:48.942 [http-nio-8080-exec-1] [780a0500] [1] DEBUG c.y.m.u.m.S.selectRoleIdsByUserId - ==> Parameters: 1(Long)
2026-06-11 23:59:48.942 [http-nio-8080-exec-1] [780a0500] [1] DEBUG c.y.m.u.m.S.selectRoleIdsByUserId - <==      Total: 1
2026-06-11 23:59:48.943 [http-nio-8080-exec-1] [780a0500] [1] DEBUG c.y.m.u.m.SysRoleMapper.selectList - ==>  Preparing: select id, role_code, role_name, description, status, created_at, updated_at from sys_role WHERE id in ( ? )
2026-06-11 23:59:48.943 [http-nio-8080-exec-1] [780a0500] [1] DEBUG c.y.m.u.m.SysRoleMapper.selectList - ==> Parameters: 1(Long)
2026-06-11 23:59:48.944 [http-nio-8080-exec-1] [780a0500] [1] DEBUG c.y.m.u.m.SysRoleMapper.selectList - <==      Total: 1
2026-06-11 23:59:48.945 [http-nio-8080-exec-1] [780a0500] [1] DEBUG c.y.m.u.m.S.selectPermissionIdsByRoleId - ==>  Preparing: select permission_id from sys_role_permission where role_id in ( ? ) order by permission_id asc
2026-06-11 23:59:48.945 [http-nio-8080-exec-1] [780a0500] [1] DEBUG c.y.m.u.m.S.selectPermissionIdsByRoleId - ==> Parameters: 1(Long)
2026-06-11 23:59:48.946 [http-nio-8080-exec-1] [780a0500] [1] DEBUG c.y.m.u.m.S.selectPermissionIdsByRoleId - <==      Total: 4
2026-06-11 23:59:48.946 [http-nio-8080-exec-1] [780a0500] [1] DEBUG c.y.m.u.m.S.selectList - ==>  Preparing: select id, parent_id, permission_code, permission_name, permission_type, api_path, sort_num, description, status, created_at, updated_at from sys_permission WHERE id in ( ? , ? , ? , ? )
2026-06-11 23:59:48.946 [http-nio-8080-exec-1] [780a0500] [1] DEBUG c.y.m.u.m.S.selectList - ==> Parameters: 101(Long), 106(Long), 113(Long), 117(Long)
2026-06-11 23:59:48.948 [http-nio-8080-exec-1] [780a0500] [1] DEBUG c.y.m.u.m.S.selectList - <==      Total: 4
2026-06-11 23:59:48.949 [http-nio-8080-exec-1] [780a0500] [1] INFO  c.y.common.aop.ControllerLogAspect - 接口开始: uri=/yq-admin/api/sysRole, httpMethod=GET, controller=SysRoleController#pageRole, args=[{"name":"req","value":{"pageNum":1,"pageSize":10}}]
2026-06-11 23:59:48.952 [http-nio-8080-exec-1] [780a0500] [1] DEBUG c.y.m.u.m.S.selectPage_COUNT - ==>  Preparing: SELECT count(0) FROM sys_role
2026-06-11 23:59:48.953 [http-nio-8080-exec-1] [780a0500] [1] DEBUG c.y.m.u.m.S.selectPage_COUNT - ==> Parameters: 
2026-06-11 23:59:48.953 [http-nio-8080-exec-1] [780a0500] [1] DEBUG c.y.m.u.m.S.selectPage_COUNT - <==      Total: 1
2026-06-11 23:59:48.953 [http-nio-8080-exec-1] [780a0500] [1] DEBUG c.y.m.u.m.SysRoleMapper.selectPage - ==>  Preparing: select id, role_code, role_name, description, status, created_at, updated_at from sys_role order by id desc LIMIT ?
2026-06-11 23:59:48.954 [http-nio-8080-exec-1] [780a0500] [1] DEBUG c.y.m.u.m.SysRoleMapper.selectPage - ==> Parameters: 10(Integer)
2026-06-11 23:59:48.954 [http-nio-8080-exec-1] [780a0500] [1] DEBUG c.y.m.u.m.SysRoleMapper.selectPage - <==      Total: 3
2026-06-11 23:59:48.955 [http-nio-8080-exec-1] [780a0500] [1] INFO  c.y.common.aop.ControllerLogAspect - 接口结束: uri=/yq-admin/api/sysRole, controller=SysRoleController#pageRole, cost=6ms, result={"code":200,"message":"success","data":{"total":3,"pageNum":1,"pageSize":10,"records":[{"id":3,"roleCode":"head_teacher","roleName":"班主任","description":"班主任","status":"ACTIVE","createdAt":"Sat Apr 11 17:06:26 CST 2026"},{"id":2,"roleCode":"teacher","roleName":"讲师","status":"ACTIVE","createdAt":"Thu Apr 09 21:28:05 CST 2026"},{"id":1,"roleCode":"SUPER_ADMIN","roleName":"超级管理员","description":"拥有全部后台权限","status":"ACTIVE","createdAt":"Thu Apr 09 20:50:38 CST 2026"}]}}
2026-06-11 23:59:49.569 [http-nio-8080-exec-2] [75528761] [1] DEBUG c.y.m.u.m.SysUserMapper.selectById - ==>  Preparing: select id, username, password, nickname, real_name, phone, email, union_id, status, created_at, updated_at from sys_user where id = ?
2026-06-11 23:59:49.569 [http-nio-8080-exec-2] [75528761] [1] DEBUG c.y.m.u.m.SysUserMapper.selectById - ==> Parameters: 1(Long)
2026-06-11 23:59:49.570 [http-nio-8080-exec-2] [75528761] [1] DEBUG c.y.m.u.m.SysUserMapper.selectById - <==      Total: 1
2026-06-11 23:59:49.570 [http-nio-8080-exec-2] [75528761] [1] DEBUG c.y.m.u.m.S.selectRoleIdsByUserId - ==>  Preparing: select role_id from sys_user_role where user_id = ? order by role_id asc
2026-06-11 23:59:49.570 [http-nio-8080-exec-2] [75528761] [1] DEBUG c.y.m.u.m.S.selectRoleIdsByUserId - ==> Parameters: 1(Long)
2026-06-11 23:59:49.571 [http-nio-8080-exec-2] [75528761] [1] DEBUG c.y.m.u.m.S.selectRoleIdsByUserId - <==      Total: 1
2026-06-11 23:59:49.571 [http-nio-8080-exec-2] [75528761] [1] DEBUG c.y.m.u.m.SysRoleMapper.selectList - ==>  Preparing: select id, role_code, role_name, description, status, created_at, updated_at from sys_role WHERE id in ( ? )
2026-06-11 23:59:49.571 [http-nio-8080-exec-2] [75528761] [1] DEBUG c.y.m.u.m.SysRoleMapper.selectList - ==> Parameters: 1(Long)
2026-06-11 23:59:49.571 [http-nio-8080-exec-2] [75528761] [1] DEBUG c.y.m.u.m.SysRoleMapper.selectList - <==      Total: 1
2026-06-11 23:59:49.571 [http-nio-8080-exec-2] [75528761] [1] DEBUG c.y.m.u.m.S.selectPermissionIdsByRoleId - ==>  Preparing: select permission_id from sys_role_permission where role_id in ( ? ) order by permission_id asc
2026-06-11 23:59:49.571 [http-nio-8080-exec-2] [75528761] [1] DEBUG c.y.m.u.m.S.selectPermissionIdsByRoleId - ==> Parameters: 1(Long)
2026-06-11 23:59:49.573 [http-nio-8080-exec-2] [75528761] [1] DEBUG c.y.m.u.m.S.selectPermissionIdsByRoleId - <==      Total: 4
2026-06-11 23:59:49.573 [http-nio-8080-exec-2] [75528761] [1] DEBUG c.y.m.u.m.S.selectList - ==>  Preparing: select id, parent_id, permission_code, permission_name, permission_type, api_path, sort_num, description, status, created_at, updated_at from sys_permission WHERE id in ( ? , ? , ? , ? )
2026-06-11 23:59:49.573 [http-nio-8080-exec-2] [75528761] [1] DEBUG c.y.m.u.m.S.selectList - ==> Parameters: 101(Long), 106(Long), 113(Long), 117(Long)
2026-06-11 23:59:49.573 [http-nio-8080-exec-2] [75528761] [1] DEBUG c.y.m.u.m.S.selectList - <==      Total: 4
2026-06-11 23:59:49.574 [http-nio-8080-exec-2] [75528761] [1] INFO  c.y.common.aop.ControllerLogAspect - 接口开始: uri=/yq-admin/api/sysPermission, httpMethod=GET, controller=SysPermissionController#pagePermission, args=[{"name":"req","value":{"pageNum":1,"pageSize":1000}}]
2026-06-11 23:59:49.581 [http-nio-8080-exec-2] [75528761] [1] DEBUG c.y.m.u.m.S.selectPage_COUNT - ==>  Preparing: SELECT count(0) FROM sys_permission
2026-06-11 23:59:49.581 [http-nio-8080-exec-2] [75528761] [1] DEBUG c.y.m.u.m.S.selectPage_COUNT - ==> Parameters: 
2026-06-11 23:59:49.582 [http-nio-8080-exec-2] [75528761] [1] DEBUG c.y.m.u.m.S.selectPage_COUNT - <==      Total: 1
2026-06-11 23:59:49.582 [http-nio-8080-exec-2] [75528761] [1] DEBUG c.y.m.u.m.S.selectPage - ==>  Preparing: select id, parent_id, permission_code, permission_name, permission_type, api_path, sort_num, description, status, created_at, updated_at from sys_permission order by sort_num asc, id desc LIMIT ?
2026-06-11 23:59:49.582 [http-nio-8080-exec-2] [75528761] [1] DEBUG c.y.m.u.m.S.selectPage - ==> Parameters: 1000(Integer)
2026-06-11 23:59:49.585 [http-nio-8080-exec-2] [75528761] [1] DEBUG c.y.m.u.m.S.selectPage - <==      Total: 177
2026-06-11 23:59:49.587 [http-nio-8080-exec-2] [75528761] [1] INFO  c.y.common.aop.ControllerLogAspect - 接口结束: uri=/yq-admin/api/sysPermission, controller=SysPermissionController#pagePermission, cost=12ms, result={"code":200,"message":"success","data":{"total":177,"pageNum":1,"pageSize":1000,"records":[{"id":287,"parentId":286,"permissionName":"面试复盘上传音频按钮","permissionType":"BUTTON","permissionCode":"button:interview-review:upload","sortNum":1,"status":"1","description":"面试复盘页面的上传音频按钮","createdAt":"Wed May 20 22:13:56 CST 2026"},{"id":272,"parentId":271,"permissionName":"自媒体生成选题按钮","permissionType":"BUTTON","permissionCode":"button:media-agent:generate-topics","sortNum":1,"status":"1","description":"自媒体创作页面的生成选题按钮","createdAt":"Sat May 09 16:32:32 CST 2026"},{"id":268,"parentId":267,"permissionName":"数据分析执行按钮","permissionType":"BUTTON","permissionCode":"button:data-analysis:analyze","sortNum":1,"status":"1","description":"数据分析页面的开始分析按钮","createdAt":"Fri May 08 16:42:19 CST 2026"},{"id":249,"parentId":121,"permissionName":"发布作业按钮","permissionType":"BUTTON","permissionCode":"button:homework:create","sortNum":1,"status":"1","description":"作业管理页面的发布作业按钮","createdAt":"Wed Apr 22 16:21:14 CST 2026"},{"id":247,"parentId":118,"permissionName":"学生绑定权限模板按钮","permissionType":"BUTTON","permissionCode":"button:student:bind-permission-template","sortNum":1,"status":"1","description":"学生管理页面的绑定权限模板按钮","createdAt":"Wed Apr 22 14:20:45 CST 2026"},{"id":243,"parentId":119,"permissionName":"学员权限模板新增按钮","permissionType":"BUTTON","permissionCode":"button:student-permission-template:create","sortNum":1,"status":"1","description":"学员权限模板页面的新增按钮","createdAt":"Mon Apr 20 00:05:46 CST 2026"},{"id":240,"parentId":115,"permissionName":"订单新增按钮","permissionType":"BUTTON","permissionCode":"button:order:create","sortNum":1,"status":"1","description":"订单管理页面的新增按钮","createdAt":"Sun Apr 12 23:10:59 CST 2026"},{"id":237,"parentId":114,"permissionName":"产品新增按钮","permissionType":"BUTTON","permissionCode":"button:product:create","sortNum":1,"status":"1","description":"产品管理页面的新增按钮","createdAt":"Sun Apr 12 14:19:04 CST 2026"},{"id":235,"parentId":112,"permissionName":"值班查看按钮","permissionType":"BUTTON","permissionCode":"button:duty:view","sortNum":1,"status":"1","description":"值班管理页面的查看按钮","createdAt":"Sun Apr 12 13:11:55 CST 2026"},{"id":234,"parentId":111,"permissionName":"老师课表查看按钮","permissionType":"BUTTON","permissionCode":"button:teacher-schedule:view","sortNum":1,"status":"1","description":"老师课表页面的查看按钮","createdAt":"Sun Apr 12 03:21:07 CST 2026"},{"id":231,"parentId":110,"permissionName":"课表查看按钮","permissionType":"BUTTON","permissionCode":"button:schedule:view","sortNum":1,"status":"1","description":"课表管理页面的查看按钮","createdAt":"Sat Apr 11 19:46:45 CST 2026"},{"id":227,"parentId":109,"permissionName":"班级新增按钮","permissionType":"BUTTON","permissionCode":"button:class:create","sortNum":1,"status":"1","description":"班级管理页面的新增按钮","createdAt":"Sat Apr 11 17:05:40 CST 2026"},{"id":218,"parentId":108,"permissionName":"课程新增按钮","permissionType":"BUTTON","permissionCode":"button:course:create","sortNum":1,"status":"1","description":"课程管理页面的新增按钮","createdAt":"Sat Apr 11 16:02:19 CST 2026"},{"id":215,"parentId":107,"permissionName":"校区新增按钮","permissionType":"BUTTON","permissionCode":"button:campus:create","sortNum":1,"status":"1","description":"校区管理页面的新增按钮","createdAt":"Sat Apr 11 15:49:16 CST 2026"},{"id":212,"parentId":105,"permissionName":"系统参数新增按钮","permissionType":"BUTTON","permissionCode":"button:config:create","sortNum":1,"status":"1","description":"系统参数页面的新增配置按钮","createdAt":"Fri Apr 10 20:08:09 CST 2026"},{"id":209,"parentId":104,"permissionName":"权限新增按钮","permissionType":"BUTTON","permissionCode":"button:permission:create","sortNum":1,"status":"1","description":"权限管理页面的新增权限按钮","createdAt":"Thu Apr 09 21:22:28 CST 2026"},{"id":205,"parentId":103,"permissionName":"角色新增按钮","permissionType":"BUTTON","permissionCode":"button:role:create","sortNum":1,"status":"1","description":"角色管理页面的新增角色按钮","createdAt":"Thu Apr 09 21:22:28 CST 2026"},{"id":201,"parentId":102,"permissionName":"用户新增按钮","permissionType":"BUTTON","permissionCode":"button:user:create","sortNum":1,"status":"ACTIVE","desc...(truncated)
2026-06-11 23:59:50.303 [http-nio-8080-exec-3] [64489bb6] [1] DEBUG c.y.m.u.m.SysUserMapper.selectById - ==>  Preparing: select id, username, password, nickname, real_name, phone, email, union_id, status, created_at, updated_at from sys_user where id = ?
2026-06-11 23:59:50.303 [http-nio-8080-exec-3] [64489bb6] [1] DEBUG c.y.m.u.m.SysUserMapper.selectById - ==> Parameters: 1(Long)
2026-06-11 23:59:50.304 [http-nio-8080-exec-3] [64489bb6] [1] DEBUG c.y.m.u.m.SysUserMapper.selectById - <==      Total: 1
2026-06-11 23:59:50.304 [http-nio-8080-exec-3] [64489bb6] [1] DEBUG c.y.m.u.m.S.selectRoleIdsByUserId - ==>  Preparing: select role_id from sys_user_role where user_id = ? order by role_id asc
2026-06-11 23:59:50.304 [http-nio-8080-exec-3] [64489bb6] [1] DEBUG c.y.m.u.m.S.selectRoleIdsByUserId - ==> Parameters: 1(Long)
2026-06-11 23:59:50.305 [http-nio-8080-exec-3] [64489bb6] [1] DEBUG c.y.m.u.m.S.selectRoleIdsByUserId - <==      Total: 1
2026-06-11 23:59:50.305 [http-nio-8080-exec-3] [64489bb6] [1] DEBUG c.y.m.u.m.SysRoleMapper.selectList - ==>  Preparing: select id, role_code, role_name, description, status, created_at, updated_at from sys_role WHERE id in ( ? )
2026-06-11 23:59:50.305 [http-nio-8080-exec-3] [64489bb6] [1] DEBUG c.y.m.u.m.SysRoleMapper.selectList - ==> Parameters: 1(Long)
2026-06-11 23:59:50.305 [http-nio-8080-exec-3] [64489bb6] [1] DEBUG c.y.m.u.m.SysRoleMapper.selectList - <==      Total: 1
2026-06-11 23:59:50.305 [http-nio-8080-exec-3] [64489bb6] [1] DEBUG c.y.m.u.m.S.selectPermissionIdsByRoleId - ==>  Preparing: select permission_id from sys_role_permission where role_id in ( ? ) order by permission_id asc
2026-06-11 23:59:50.305 [http-nio-8080-exec-3] [64489bb6] [1] DEBUG c.y.m.u.m.S.selectPermissionIdsByRoleId - ==> Parameters: 1(Long)
2026-06-11 23:59:50.307 [http-nio-8080-exec-3] [64489bb6] [1] DEBUG c.y.m.u.m.S.selectPermissionIdsByRoleId - <==      Total: 4
2026-06-11 23:59:50.307 [http-nio-8080-exec-3] [64489bb6] [1] DEBUG c.y.m.u.m.S.selectList - ==>  Preparing: select id, parent_id, permission_code, permission_name, permission_type, api_path, sort_num, description, status, created_at, updated_at from sys_permission WHERE id in ( ? , ? , ? , ? )
2026-06-11 23:59:50.307 [http-nio-8080-exec-3] [64489bb6] [1] DEBUG c.y.m.u.m.S.selectList - ==> Parameters: 101(Long), 106(Long), 113(Long), 117(Long)
2026-06-11 23:59:50.308 [http-nio-8080-exec-3] [64489bb6] [1] DEBUG c.y.m.u.m.S.selectList - <==      Total: 4
2026-06-11 23:59:50.308 [http-nio-8080-exec-3] [64489bb6] [1] INFO  c.y.common.aop.ControllerLogAspect - 接口开始: uri=/yq-admin/api/sysConfig, httpMethod=GET, controller=SysConfigController#listAll, args=[]
2026-06-11 23:59:50.309 [http-nio-8080-exec-3] [64489bb6] [1] INFO  c.y.common.aop.ControllerLogAspect - 接口结束: uri=/yq-admin/api/sysConfig, controller=SysConfigController#listAll, cost=0ms, result={"code":200,"message":"success","data":[{"id":1,"k":"jwtSecretk","v":"yq-ai-admin-jwt-secret"},{"id":2,"k":"jwtExpireTime","v":"7200"},{"id":3,"k":"signSecretExpireSeconds","v":"7200"},{"id":4,"k":"signTimestampSkewSeconds","v":"300"},{"id":5,"k":"signNonceExpireSeconds","v":"300"},{"id":6,"k":"studentAiSummaryTriggerUncompressedCount","v":"6"},{"id":7,"k":"studentAiSummaryKeepRecentCount","v":"3"}]}
2026-06-11 23:59:52.016 [http-nio-8080-exec-4] [f3d1a221] [1] DEBUG c.y.m.u.m.SysUserMapper.selectById - ==>  Preparing: select id, username, password, nickname, real_name, phone, email, union_id, status, created_at, updated_at from sys_user where id = ?
2026-06-11 23:59:52.016 [http-nio-8080-exec-4] [f3d1a221] [1] DEBUG c.y.m.u.m.SysUserMapper.selectById - ==> Parameters: 1(Long)
2026-06-11 23:59:52.017 [http-nio-8080-exec-4] [f3d1a221] [1] DEBUG c.y.m.u.m.SysUserMapper.selectById - <==      Total: 1
2026-06-11 23:59:52.017 [http-nio-8080-exec-4] [f3d1a221] [1] DEBUG c.y.m.u.m.S.selectRoleIdsByUserId - ==>  Preparing: select role_id from sys_user_role where user_id = ? order by role_id asc
2026-06-11 23:59:52.017 [http-nio-8080-exec-4] [f3d1a221] [1] DEBUG c.y.m.u.m.S.selectRoleIdsByUserId - ==> Parameters: 1(Long)
2026-06-11 23:59:52.017 [http-nio-8080-exec-4] [f3d1a221] [1] DEBUG c.y.m.u.m.S.selectRoleIdsByUserId - <==      Total: 1
2026-06-11 23:59:52.018 [http-nio-8080-exec-4] [f3d1a221] [1] DEBUG c.y.m.u.m.SysRoleMapper.selectList - ==>  Preparing: select id, role_code, role_name, description, status, created_at, updated_at from sys_role WHERE id in ( ? )
2026-06-11 23:59:52.018 [http-nio-8080-exec-4] [f3d1a221] [1] DEBUG c.y.m.u.m.SysRoleMapper.selectList - ==> Parameters: 1(Long)
2026-06-11 23:59:52.018 [http-nio-8080-exec-4] [f3d1a221] [1] DEBUG c.y.m.u.m.SysRoleMapper.selectList - <==      Total: 1
2026-06-11 23:59:52.020 [http-nio-8080-exec-4] [f3d1a221] [1] DEBUG c.y.m.u.m.S.selectPermissionIdsByRoleId - ==>  Preparing: select permission_id from sys_role_permission where role_id in ( ? ) order by permission_id asc
2026-06-11 23:59:52.020 [http-nio-8080-exec-4] [f3d1a221] [1] DEBUG c.y.m.u.m.S.selectPermissionIdsByRoleId - ==> Parameters: 1(Long)
2026-06-11 23:59:52.020 [http-nio-8080-exec-4] [f3d1a221] [1] DEBUG c.y.m.u.m.S.selectPermissionIdsByRoleId - <==      Total: 4
2026-06-11 23:59:52.020 [http-nio-8080-exec-4] [f3d1a221] [1] DEBUG c.y.m.u.m.S.selectList - ==>  Preparing: select id, parent_id, permission_code, permission_name, permission_type, api_path, sort_num, description, status, created_at, updated_at from sys_permission WHERE id in ( ? , ? , ? , ? )
2026-06-11 23:59:52.020 [http-nio-8080-exec-4] [f3d1a221] [1] DEBUG c.y.m.u.m.S.selectList - ==> Parameters: 101(Long), 106(Long), 113(Long), 117(Long)
2026-06-11 23:59:52.021 [http-nio-8080-exec-4] [f3d1a221] [1] DEBUG c.y.m.u.m.S.selectList - <==      Total: 4
2026-06-11 23:59:52.021 [http-nio-8080-exec-4] [f3d1a221] [1] INFO  c.y.common.aop.ControllerLogAspect - 接口开始: uri=/yq-admin/api/sysUser, httpMethod=GET, controller=SysUserController#pageUser, args=[{"name":"req","value":{"pageNum":1,"pageSize":10}}]
2026-06-11 23:59:52.028 [http-nio-8080-exec-4] [f3d1a221] [1] DEBUG c.y.m.u.m.S.selectPage_COUNT - ==>  Preparing: SELECT count(0) FROM sys_user
2026-06-11 23:59:52.028 [http-nio-8080-exec-4] [f3d1a221] [1] DEBUG c.y.m.u.m.S.selectPage_COUNT - ==> Parameters: 
2026-06-11 23:59:52.029 [http-nio-8080-exec-4] [f3d1a221] [1] DEBUG c.y.m.u.m.S.selectPage_COUNT - <==      Total: 1
2026-06-11 23:59:52.029 [http-nio-8080-exec-4] [f3d1a221] [1] DEBUG c.y.m.u.m.SysUserMapper.selectPage - ==>  Preparing: select id, username, password, nickname, real_name, phone, email, union_id, status, created_at, updated_at from sys_user order by id desc LIMIT ?
2026-06-11 23:59:52.030 [http-nio-8080-exec-4] [f3d1a221] [1] DEBUG c.y.m.u.m.SysUserMapper.selectPage - ==> Parameters: 10(Integer)
2026-06-11 23:59:52.030 [http-nio-8080-exec-4] [f3d1a221] [1] DEBUG c.y.m.u.m.SysUserMapper.selectPage - <==      Total: 6
2026-06-11 23:59:52.030 [http-nio-8080-exec-4] [f3d1a221] [1] INFO  c.y.common.aop.ControllerLogAspect - 接口结束: uri=/yq-admin/api/sysUser, controller=SysUserController#pageUser, cost=9ms, result={"code":200,"message":"success","data":{"total":6,"pageNum":1,"pageSize":10,"records":[{"id":6,"username":"haha","nickname":"哈哈哈","realName":"哈哈","phone":"15118191032","email":"913038933@qq.com","status":"ACTIVE","createdAt":"Fri Apr 17 15:54:46 CST 2026"},{"id":5,"username":"laoshi2","nickname":"老师2","realName":"老师2","phone":"13762922584","status":"ACTIVE","createdAt":"Sun Apr 12 01:48:55 CST 2026"},{"id":4,"username":"laoshi1","nickname":"老师1","realName":"老师1","phone":"13273576020","status":"ACTIVE","createdAt":"Sun Apr 12 01:48:37 CST 2026"},{"id":3,"username":"banzhuren","nickname":"班主任老师","realName":"班主任老师","phone":"15118191032","status":"ACTIVE","createdAt":"Sat Apr 11 17:06:53 CST 2026"},{"id":2,"username":"huangjin","nickname":"黄瑾","realName":"黄瑾","phone":"13273672819","email":"913038933@qq.com","status":"ACTIVE","createdAt":"Thu Apr 09 22:04:43 CST 2026"},{"id":1,"username":"admin","nickname":"系统管理员","realName":"超级管理员","phone":"13800000000","email":"admin@yq.com","status":"ACTIVE","createdAt":"Thu Apr 09 20:50:39 CST 2026"}]}}
2026-06-11 23:59:55.993 [http-nio-8080-exec-5] [25e7b267] [1] DEBUG c.y.m.u.m.SysUserMapper.selectById - ==>  Preparing: select id, username, password, nickname, real_name, phone, email, union_id, status, created_at, updated_at from sys_user where id = ?
2026-06-11 23:59:55.993 [http-nio-8080-exec-5] [25e7b267] [1] DEBUG c.y.m.u.m.SysUserMapper.selectById - ==> Parameters: 1(Long)
2026-06-11 23:59:55.994 [http-nio-8080-exec-5] [25e7b267] [1] DEBUG c.y.m.u.m.SysUserMapper.selectById - <==      Total: 1
2026-06-11 23:59:55.994 [http-nio-8080-exec-5] [25e7b267] [1] DEBUG c.y.m.u.m.S.selectRoleIdsByUserId - ==>  Preparing: select role_id from sys_user_role where user_id = ? order by role_id asc
2026-06-11 23:59:55.994 [http-nio-8080-exec-5] [25e7b267] [1] DEBUG c.y.m.u.m.S.selectRoleIdsByUserId - ==> Parameters: 1(Long)
2026-06-11 23:59:55.996 [http-nio-8080-exec-5] [25e7b267] [1] DEBUG c.y.m.u.m.S.selectRoleIdsByUserId - <==      Total: 1
2026-06-11 23:59:55.996 [http-nio-8080-exec-5] [25e7b267] [1] DEBUG c.y.m.u.m.SysRoleMapper.selectList - ==>  Preparing: select id, role_code, role_name, description, status, created_at, updated_at from sys_role WHERE id in ( ? )
2026-06-11 23:59:55.996 [http-nio-8080-exec-5] [25e7b267] [1] DEBUG c.y.m.u.m.SysRoleMapper.selectList - ==> Parameters: 1(Long)
2026-06-11 23:59:55.997 [http-nio-8080-exec-5] [25e7b267] [1] DEBUG c.y.m.u.m.SysRoleMapper.selectList - <==      Total: 1
2026-06-11 23:59:55.997 [http-nio-8080-exec-5] [25e7b267] [1] DEBUG c.y.m.u.m.S.selectPermissionIdsByRoleId - ==>  Preparing: select permission_id from sys_role_permission where role_id in ( ? ) order by permission_id asc
2026-06-11 23:59:55.997 [http-nio-8080-exec-5] [25e7b267] [1] DEBUG c.y.m.u.m.S.selectPermissionIdsByRoleId - ==> Parameters: 1(Long)
2026-06-11 23:59:55.997 [http-nio-8080-exec-5] [25e7b267] [1] DEBUG c.y.m.u.m.S.selectPermissionIdsByRoleId - <==      Total: 4
2026-06-11 23:59:55.998 [http-nio-8080-exec-5] [25e7b267] [1] DEBUG c.y.m.u.m.S.selectList - ==>  Preparing: select id, parent_id, permission_code, permission_name, permission_type, api_path, sort_num, description, status, created_at, updated_at from sys_permission WHERE id in ( ? , ? , ? , ? )
2026-06-11 23:59:55.998 [http-nio-8080-exec-5] [25e7b267] [1] DEBUG c.y.m.u.m.S.selectList - ==> Parameters: 101(Long), 106(Long), 113(Long), 117(Long)
2026-06-11 23:59:55.998 [http-nio-8080-exec-5] [25e7b267] [1] DEBUG c.y.m.u.m.S.selectList - <==      Total: 4
2026-06-11 23:59:56.000 [http-nio-8080-exec-5] [25e7b267] [1] INFO  c.y.common.aop.ControllerLogAspect - 接口开始: uri=/yq-admin/api/sysRole, httpMethod=GET, controller=SysRoleController#pageRole, args=[{"name":"req","value":{"pageNum":1,"pageSize":10}}]
2026-06-11 23:59:56.003 [http-nio-8080-exec-5] [25e7b267] [1] DEBUG c.y.m.u.m.S.selectPage_COUNT - ==>  Preparing: SELECT count(0) FROM sys_role
2026-06-11 23:59:56.003 [http-nio-8080-exec-5] [25e7b267] [1] DEBUG c.y.m.u.m.S.selectPage_COUNT - ==> Parameters: 
2026-06-11 23:59:56.005 [http-nio-8080-exec-5] [25e7b267] [1] DEBUG c.y.m.u.m.S.selectPage_COUNT - <==      Total: 1
2026-06-11 23:59:56.005 [http-nio-8080-exec-5] [25e7b267] [1] DEBUG c.y.m.u.m.SysRoleMapper.selectPage - ==>  Preparing: select id, role_code, role_name, description, status, created_at, updated_at from sys_role order by id desc LIMIT ?
2026-06-11 23:59:56.005 [http-nio-8080-exec-5] [25e7b267] [1] DEBUG c.y.m.u.m.SysRoleMapper.selectPage - ==> Parameters: 10(Integer)
2026-06-11 23:59:56.006 [http-nio-8080-exec-5] [25e7b267] [1] DEBUG c.y.m.u.m.SysRoleMapper.selectPage - <==      Total: 3
2026-06-11 23:59:56.006 [http-nio-8080-exec-5] [25e7b267] [1] INFO  c.y.common.aop.ControllerLogAspect - 接口结束: uri=/yq-admin/api/sysRole, controller=SysRoleController#pageRole, cost=6ms, result={"code":200,"message":"success","data":{"total":3,"pageNum":1,"pageSize":10,"records":[{"id":3,"roleCode":"head_teacher","roleName":"班主任","description":"班主任","status":"ACTIVE","createdAt":"Sat Apr 11 17:06:26 CST 2026"},{"id":2,"roleCode":"teacher","roleName":"讲师","status":"ACTIVE","createdAt":"Thu Apr 09 21:28:05 CST 2026"},{"id":1,"roleCode":"SUPER_ADMIN","roleName":"超级管理员","description":"拥有全部后台权限","status":"ACTIVE","createdAt":"Thu Apr 09 20:50:38 CST 2026"}]}}
2026-06-11 23:59:56.484 [http-nio-8080-exec-6] [d9f6a8d2] [1] DEBUG c.y.m.u.m.SysUserMapper.selectById - ==>  Preparing: select id, username, password, nickname, real_name, phone, email, union_id, status, created_at, updated_at from sys_user where id = ?
2026-06-11 23:59:56.484 [http-nio-8080-exec-6] [d9f6a8d2] [1] DEBUG c.y.m.u.m.SysUserMapper.selectById - ==> Parameters: 1(Long)
2026-06-11 23:59:56.485 [http-nio-8080-exec-6] [d9f6a8d2] [1] DEBUG c.y.m.u.m.SysUserMapper.selectById - <==      Total: 1
2026-06-11 23:59:56.485 [http-nio-8080-exec-6] [d9f6a8d2] [1] DEBUG c.y.m.u.m.S.selectRoleIdsByUserId - ==>  Preparing: select role_id from sys_user_role where user_id = ? order by role_id asc
2026-06-11 23:59:56.485 [http-nio-8080-exec-6] [d9f6a8d2] [1] DEBUG c.y.m.u.m.S.selectRoleIdsByUserId - ==> Parameters: 1(Long)
2026-06-11 23:59:56.486 [http-nio-8080-exec-6] [d9f6a8d2] [1] DEBUG c.y.m.u.m.S.selectRoleIdsByUserId - <==      Total: 1
2026-06-11 23:59:56.486 [http-nio-8080-exec-6] [d9f6a8d2] [1] DEBUG c.y.m.u.m.SysRoleMapper.selectList - ==>  Preparing: select id, role_code, role_name, description, status, created_at, updated_at from sys_role WHERE id in ( ? )
2026-06-11 23:59:56.486 [http-nio-8080-exec-6] [d9f6a8d2] [1] DEBUG c.y.m.u.m.SysRoleMapper.selectList - ==> Parameters: 1(Long)
2026-06-11 23:59:56.487 [http-nio-8080-exec-6] [d9f6a8d2] [1] DEBUG c.y.m.u.m.SysRoleMapper.selectList - <==      Total: 1
2026-06-11 23:59:56.487 [http-nio-8080-exec-6] [d9f6a8d2] [1] DEBUG c.y.m.u.m.S.selectPermissionIdsByRoleId - ==>  Preparing: select permission_id from sys_role_permission where role_id in ( ? ) order by permission_id asc
2026-06-11 23:59:56.487 [http-nio-8080-exec-6] [d9f6a8d2] [1] DEBUG c.y.m.u.m.S.selectPermissionIdsByRoleId - ==> Parameters: 1(Long)
2026-06-11 23:59:56.488 [http-nio-8080-exec-6] [d9f6a8d2] [1] DEBUG c.y.m.u.m.S.selectPermissionIdsByRoleId - <==      Total: 4
2026-06-11 23:59:56.488 [http-nio-8080-exec-6] [d9f6a8d2] [1] DEBUG c.y.m.u.m.S.selectList - ==>  Preparing: select id, parent_id, permission_code, permission_name, permission_type, api_path, sort_num, description, status, created_at, updated_at from sys_permission WHERE id in ( ? , ? , ? , ? )
2026-06-11 23:59:56.488 [http-nio-8080-exec-6] [d9f6a8d2] [1] DEBUG c.y.m.u.m.S.selectList - ==> Parameters: 101(Long), 106(Long), 113(Long), 117(Long)
2026-06-11 23:59:56.488 [http-nio-8080-exec-6] [d9f6a8d2] [1] DEBUG c.y.m.u.m.S.selectList - <==      Total: 4
2026-06-11 23:59:56.489 [http-nio-8080-exec-6] [d9f6a8d2] [1] INFO  c.y.common.aop.ControllerLogAspect - 接口开始: uri=/yq-admin/api/sysPermission, httpMethod=GET, controller=SysPermissionController#pagePermission, args=[{"name":"req","value":{"pageNum":1,"pageSize":1000}}]
2026-06-11 23:59:56.496 [http-nio-8080-exec-6] [d9f6a8d2] [1] DEBUG c.y.m.u.m.S.selectPage_COUNT - ==>  Preparing: SELECT count(0) FROM sys_permission
2026-06-11 23:59:56.496 [http-nio-8080-exec-6] [d9f6a8d2] [1] DEBUG c.y.m.u.m.S.selectPage_COUNT - ==> Parameters: 
2026-06-11 23:59:56.497 [http-nio-8080-exec-6] [d9f6a8d2] [1] DEBUG c.y.m.u.m.S.selectPage_COUNT - <==      Total: 1
2026-06-11 23:59:56.497 [http-nio-8080-exec-6] [d9f6a8d2] [1] DEBUG c.y.m.u.m.S.selectPage - ==>  Preparing: select id, parent_id, permission_code, permission_name, permission_type, api_path, sort_num, description, status, created_at, updated_at from sys_permission order by sort_num asc, id desc LIMIT ?
2026-06-11 23:59:56.497 [http-nio-8080-exec-6] [d9f6a8d2] [1] DEBUG c.y.m.u.m.S.selectPage - ==> Parameters: 1000(Integer)
2026-06-11 23:59:56.501 [http-nio-8080-exec-6] [d9f6a8d2] [1] DEBUG c.y.m.u.m.S.selectPage - <==      Total: 177
2026-06-11 23:59:56.503 [http-nio-8080-exec-6] [d9f6a8d2] [1] INFO  c.y.common.aop.ControllerLogAspect - 接口结束: uri=/yq-admin/api/sysPermission, controller=SysPermissionController#pagePermission, cost=13ms, result={"code":200,"message":"success","data":{"total":177,"pageNum":1,"pageSize":1000,"records":[{"id":287,"parentId":286,"permissionName":"面试复盘上传音频按钮","permissionType":"BUTTON","permissionCode":"button:interview-review:upload","sortNum":1,"status":"1","description":"面试复盘页面的上传音频按钮","createdAt":"Wed May 20 22:13:56 CST 2026"},{"id":272,"parentId":271,"permissionName":"自媒体生成选题按钮","permissionType":"BUTTON","permissionCode":"button:media-agent:generate-topics","sortNum":1,"status":"1","description":"自媒体创作页面的生成选题按钮","createdAt":"Sat May 09 16:32:32 CST 2026"},{"id":268,"parentId":267,"permissionName":"数据分析执行按钮","permissionType":"BUTTON","permissionCode":"button:data-analysis:analyze","sortNum":1,"status":"1","description":"数据分析页面的开始分析按钮","createdAt":"Fri May 08 16:42:19 CST 2026"},{"id":249,"parentId":121,"permissionName":"发布作业按钮","permissionType":"BUTTON","permissionCode":"button:homework:create","sortNum":1,"status":"1","description":"作业管理页面的发布作业按钮","createdAt":"Wed Apr 22 16:21:14 CST 2026"},{"id":247,"parentId":118,"permissionName":"学生绑定权限模板按钮","permissionType":"BUTTON","permissionCode":"button:student:bind-permission-template","sortNum":1,"status":"1","description":"学生管理页面的绑定权限模板按钮","createdAt":"Wed Apr 22 14:20:45 CST 2026"},{"id":243,"parentId":119,"permissionName":"学员权限模板新增按钮","permissionType":"BUTTON","permissionCode":"button:student-permission-template:create","sortNum":1,"status":"1","description":"学员权限模板页面的新增按钮","createdAt":"Mon Apr 20 00:05:46 CST 2026"},{"id":240,"parentId":115,"permissionName":"订单新增按钮","permissionType":"BUTTON","permissionCode":"button:order:create","sortNum":1,"status":"1","description":"订单管理页面的新增按钮","createdAt":"Sun Apr 12 23:10:59 CST 2026"},{"id":237,"parentId":114,"permissionName":"产品新增按钮","permissionType":"BUTTON","permissionCode":"button:product:create","sortNum":1,"status":"1","description":"产品管理页面的新增按钮","createdAt":"Sun Apr 12 14:19:04 CST 2026"},{"id":235,"parentId":112,"permissionName":"值班查看按钮","permissionType":"BUTTON","permissionCode":"button:duty:view","sortNum":1,"status":"1","description":"值班管理页面的查看按钮","createdAt":"Sun Apr 12 13:11:55 CST 2026"},{"id":234,"parentId":111,"permissionName":"老师课表查看按钮","permissionType":"BUTTON","permissionCode":"button:teacher-schedule:view","sortNum":1,"status":"1","description":"老师课表页面的查看按钮","createdAt":"Sun Apr 12 03:21:07 CST 2026"},{"id":231,"parentId":110,"permissionName":"课表查看按钮","permissionType":"BUTTON","permissionCode":"button:schedule:view","sortNum":1,"status":"1","description":"课表管理页面的查看按钮","createdAt":"Sat Apr 11 19:46:45 CST 2026"},{"id":227,"parentId":109,"permissionName":"班级新增按钮","permissionType":"BUTTON","permissionCode":"button:class:create","sortNum":1,"status":"1","description":"班级管理页面的新增按钮","createdAt":"Sat Apr 11 17:05:40 CST 2026"},{"id":218,"parentId":108,"permissionName":"课程新增按钮","permissionType":"BUTTON","permissionCode":"button:course:create","sortNum":1,"status":"1","description":"课程管理页面的新增按钮","createdAt":"Sat Apr 11 16:02:19 CST 2026"},{"id":215,"parentId":107,"permissionName":"校区新增按钮","permissionType":"BUTTON","permissionCode":"button:campus:create","sortNum":1,"status":"1","description":"校区管理页面的新增按钮","createdAt":"Sat Apr 11 15:49:16 CST 2026"},{"id":212,"parentId":105,"permissionName":"系统参数新增按钮","permissionType":"BUTTON","permissionCode":"button:config:create","sortNum":1,"status":"1","description":"系统参数页面的新增配置按钮","createdAt":"Fri Apr 10 20:08:09 CST 2026"},{"id":209,"parentId":104,"permissionName":"权限新增按钮","permissionType":"BUTTON","permissionCode":"button:permission:create","sortNum":1,"status":"1","description":"权限管理页面的新增权限按钮","createdAt":"Thu Apr 09 21:22:28 CST 2026"},{"id":205,"parentId":103,"permissionName":"角色新增按钮","permissionType":"BUTTON","permissionCode":"button:role:create","sortNum":1,"status":"1","description":"角色管理页面的新增角色按钮","createdAt":"Thu Apr 09 21:22:28 CST 2026"},{"id":201,"parentId":102,"permissionName":"用户新增按钮","permissionType":"BUTTON","permissionCode":"button:user:create","sortNum":1,"status":"ACTIVE","desc...(truncated)
2026-06-11 23:59:57.110 [http-nio-8080-exec-7] [05a70e51] [1] DEBUG c.y.m.u.m.SysUserMapper.selectById - ==>  Preparing: select id, username, password, nickname, real_name, phone, email, union_id, status, created_at, updated_at from sys_user where id = ?
2026-06-11 23:59:57.111 [http-nio-8080-exec-7] [05a70e51] [1] DEBUG c.y.m.u.m.SysUserMapper.selectById - ==> Parameters: 1(Long)
2026-06-11 23:59:57.111 [http-nio-8080-exec-7] [05a70e51] [1] DEBUG c.y.m.u.m.SysUserMapper.selectById - <==      Total: 1
2026-06-11 23:59:57.112 [http-nio-8080-exec-7] [05a70e51] [1] DEBUG c.y.m.u.m.S.selectRoleIdsByUserId - ==>  Preparing: select role_id from sys_user_role where user_id = ? order by role_id asc
2026-06-11 23:59:57.112 [http-nio-8080-exec-7] [05a70e51] [1] DEBUG c.y.m.u.m.S.selectRoleIdsByUserId - ==> Parameters: 1(Long)
2026-06-11 23:59:57.112 [http-nio-8080-exec-7] [05a70e51] [1] DEBUG c.y.m.u.m.S.selectRoleIdsByUserId - <==      Total: 1
2026-06-11 23:59:57.113 [http-nio-8080-exec-7] [05a70e51] [1] DEBUG c.y.m.u.m.SysRoleMapper.selectList - ==>  Preparing: select id, role_code, role_name, description, status, created_at, updated_at from sys_role WHERE id in ( ? )
2026-06-11 23:59:57.113 [http-nio-8080-exec-7] [05a70e51] [1] DEBUG c.y.m.u.m.SysRoleMapper.selectList - ==> Parameters: 1(Long)
2026-06-11 23:59:57.113 [http-nio-8080-exec-7] [05a70e51] [1] DEBUG c.y.m.u.m.SysRoleMapper.selectList - <==      Total: 1
2026-06-11 23:59:57.113 [http-nio-8080-exec-7] [05a70e51] [1] DEBUG c.y.m.u.m.S.selectPermissionIdsByRoleId - ==>  Preparing: select permission_id from sys_role_permission where role_id in ( ? ) order by permission_id asc
2026-06-11 23:59:57.114 [http-nio-8080-exec-7] [05a70e51] [1] DEBUG c.y.m.u.m.S.selectPermissionIdsByRoleId - ==> Parameters: 1(Long)
2026-06-11 23:59:57.114 [http-nio-8080-exec-7] [05a70e51] [1] DEBUG c.y.m.u.m.S.selectPermissionIdsByRoleId - <==      Total: 4
2026-06-11 23:59:57.114 [http-nio-8080-exec-7] [05a70e51] [1] DEBUG c.y.m.u.m.S.selectList - ==>  Preparing: select id, parent_id, permission_code, permission_name, permission_type, api_path, sort_num, description, status, created_at, updated_at from sys_permission WHERE id in ( ? , ? , ? , ? )
2026-06-11 23:59:57.115 [http-nio-8080-exec-7] [05a70e51] [1] DEBUG c.y.m.u.m.S.selectList - ==> Parameters: 101(Long), 106(Long), 113(Long), 117(Long)
2026-06-11 23:59:57.115 [http-nio-8080-exec-7] [05a70e51] [1] DEBUG c.y.m.u.m.S.selectList - <==      Total: 4
2026-06-11 23:59:57.115 [http-nio-8080-exec-7] [05a70e51] [1] INFO  c.y.common.aop.ControllerLogAspect - 接口开始: uri=/yq-admin/api/sysConfig, httpMethod=GET, controller=SysConfigController#listAll, args=[]
2026-06-11 23:59:57.116 [http-nio-8080-exec-7] [05a70e51] [1] INFO  c.y.common.aop.ControllerLogAspect - 接口结束: uri=/yq-admin/api/sysConfig, controller=SysConfigController#listAll, cost=1ms, result={"code":200,"message":"success","data":[{"id":1,"k":"jwtSecretk","v":"yq-ai-admin-jwt-secret"},{"id":2,"k":"jwtExpireTime","v":"7200"},{"id":3,"k":"signSecretExpireSeconds","v":"7200"},{"id":4,"k":"signTimestampSkewSeconds","v":"300"},{"id":5,"k":"signNonceExpireSeconds","v":"300"},{"id":6,"k":"studentAiSummaryTriggerUncompressedCount","v":"6"},{"id":7,"k":"studentAiSummaryKeepRecentCount","v":"3"}]}
